/*
Navicat MySQL Data Transfer

Source Server         : 127.0.0.1
Source Server Version : 50516
Source Host           : localhost:3306
Source Database       : mu

Target Server Type    : MYSQL
Target Server Version : 50516
File Encoding         : 65001

Date: 2013-01-30 16:46:45
*/

SET FOREIGN_KEY_CHECKS=0;
-- ----------------------------
-- Table structure for `mu_advertisement`
-- ----------------------------
DROP TABLE IF EXISTS `mu_advertisement`;
CREATE TABLE `mu_advertisement` (
  `ad_id` int(11) NOT NULL AUTO_INCREMENT,
  `ad_user_id` int(11) NOT NULL,
  `ad_title` varchar(128) DEFAULT NULL,
  `ad_type` tinyint(4) NOT NULL COMMENT '视频,图片,flash',
  `ad_no` tinyint(4) NOT NULL COMMENT '''广告编号是用于指明位置''',
  `ad_link` varchar(256) DEFAULT NULL,
  `ad_status` tinyint(4) DEFAULT NULL,
  `ad_click_num` int(11) DEFAULT NULL COMMENT '点击量',
  `ad_start_date` datetime DEFAULT NULL COMMENT '''广告的有效开始时间''',
  `ad_end_date` datetime DEFAULT NULL COMMENT '''广告的有效结束时间''',
  `ad_price` decimal(12,0) DEFAULT NULL COMMENT '广告费用',
  `ad_media_src` varchar(128) DEFAULT NULL COMMENT '广告媒体文件',
  `ad_create_time` datetime DEFAULT NULL,
  PRIMARY KEY (`ad_id`)
) ENGINE=MyISAM AUTO_INCREMENT=2 DEFAULT CHARSET=utf8;

-- ----------------------------
-- Records of mu_advertisement
-- ----------------------------
INSERT INTO mu_advertisement VALUES ('1', '1', '钼铁推广', '9', '11', 'www.baidu.com', '1', '200', '2013-01-24 23:44:05', '2013-12-24 23:44:07', '20000', null, '2013-01-24 23:44:24');

-- ----------------------------
-- Table structure for `mu_article`
-- ----------------------------
DROP TABLE IF EXISTS `mu_article`;
CREATE TABLE `mu_article` (
  `art_id` int(11) NOT NULL AUTO_INCREMENT,
  `art_title` varchar(128) NOT NULL,
  `art_source` char(128) DEFAULT NULL COMMENT '''文章出处''',
  `art_category_id` int(11) NOT NULL COMMENT '文章分类 行情 新闻 ',
  `art_content` text COMMENT '''文章内容''',
  `art_status` int(11) DEFAULT NULL COMMENT '起草 审核中 发布',
  `art_tags` varchar(45) DEFAULT NULL COMMENT '''文章tags''',
  `art_user_id` tinyint(4) NOT NULL COMMENT '文章发表人',
  `art_check_by` varchar(45) DEFAULT NULL COMMENT '''审核人''',
  `art_post_date` datetime DEFAULT NULL COMMENT '''发布时间''',
  `art_modified_date` datetime DEFAULT NULL COMMENT '''修改时间''',
  `art_recommend` tinyint(4) DEFAULT NULL COMMENT '文章推荐',
  PRIMARY KEY (`art_id`)
) ENGINE=MyISAM AUTO_INCREMENT=360 DEFAULT CHARSET=utf8;

-- ----------------------------
-- Records of mu_article
-- ----------------------------
INSERT INTO mu_article VALUES ('1', '1月25日中国钼丝市场价格', '百川资讯', '16', '1月25日中国钼丝市场价格', '1', '1月25日中国钼丝市场价格', '0', '得到', '2013-01-26 23:53:30', '2013-01-26 23:53:32', null);
INSERT INTO mu_article VALUES ('2', '1月25日中国钼杆市场价格', '百川资讯', '16', '1月25日中国钼杆市场价格', '1', '1月25日中国钼杆市场价格', '0', '得到', '2013-01-26 23:53:30', '2013-01-26 23:53:32', null);
INSERT INTO mu_article VALUES ('3', '1月25日中国钼条市场价格', '百川资讯', '16', '1月25日中国钼条市场价格', '1', '1月25日中国钼条市场价格', '0', '得到', '2013-01-26 23:53:30', '2013-01-26 23:53:32', null);
INSERT INTO mu_article VALUES ('6', '钼矿小知识', '百川资讯', '20', '钼矿小知识', '1', '1月25日中国钼丝市场价格', '0', '得到', '2013-01-26 23:53:30', '2013-01-26 23:53:32', null);
INSERT INTO mu_article VALUES ('4', '钼矿小知识', '百川资讯', '20', '钼矿小知识', '1', '1月25日中国钼杆市场价格', '0', '得到', '2013-01-26 23:53:30', '2013-01-26 23:53:32', null);
INSERT INTO mu_article VALUES ('5', '钼矿小知识', '百川资讯', '20', '钼矿小知识', '1', '1月25日中国钼条市场价格', '0', '得到', '2013-01-26 23:53:30', '2013-01-26 23:53:32', null);
INSERT INTO mu_article VALUES ('11', 'Yiic介绍 1', 'lizhili1', '16', '先来一句废话，命令行方式下的app为CConsoleApplication（位于framework\\console下），而不是网页端的CWebApplication，所以一些默认的组件是没有加载，如authManager等，请参考CWebApplication的registerCoreComponents方法。 \n                    CConsoleApplication读取的配置文件为console.php(位与webapp\\protected\\config下)，而不是main.php.其中至关重要的一项配置即为commandPath（默认是webapp\\protected\\commands），即我们的命令放在什么地方，我一般放在webapp\\protected\\commands\\shell下。如果用到model，如某些AR类，也需要导入。我的配置为', '1', '钼', '1', '1', '0000-00-00 00:00:00', '0000-00-00 00:00:00', '0');
INSERT INTO mu_article VALUES ('13', 'Yiic介绍 3', 'lizhili3', '17', '先来一句废话，命令行方式下的app为CConsoleApplication（位于framework\\console下），而不是网页端的CWebApplication，所以一些默认的组件是没有加载，如authManager等，请参考CWebApplication的registerCoreComponents方法。 \n                    CConsoleApplication读取的配置文件为console.php(位与webapp\\protected\\config下)，而不是main.php.其中至关重要的一项配置即为commandPath（默认是webapp\\protected\\commands），即我们的命令放在什么地方，我一般放在webapp\\protected\\commands\\shell下。如果用到model，如某些AR类，也需要导入。我的配置为', '1', '钼', '1', '1', '0000-00-00 00:00:00', '0000-00-00 00:00:00', '0');
INSERT INTO mu_article VALUES ('14', 'Yiic介绍 4', 'lizhili4', '17', '先来一句废话，命令行方式下的app为CConsoleApplication（位于framework\\console下），而不是网页端的CWebApplication，所以一些默认的组件是没有加载，如authManager等，请参考CWebApplication的registerCoreComponents方法。 \n                    CConsoleApplication读取的配置文件为console.php(位与webapp\\protected\\config下)，而不是main.php.其中至关重要的一项配置即为commandPath（默认是webapp\\protected\\commands），即我们的命令放在什么地方，我一般放在webapp\\protected\\commands\\shell下。如果用到model，如某些AR类，也需要导入。我的配置为', '1', '钼', '1', '1', '0000-00-00 00:00:00', '0000-00-00 00:00:00', '1');
INSERT INTO mu_article VALUES ('15', 'Yiic介绍 5', 'lizhili5', '16', '先来一句废话，命令行方式下的app为CConsoleApplication（位于framework\\console下），而不是网页端的CWebApplication，所以一些默认的组件是没有加载，如authManager等，请参考CWebApplication的registerCoreComponents方法。 \n                    CConsoleApplication读取的配置文件为console.php(位与webapp\\protected\\config下)，而不是main.php.其中至关重要的一项配置即为commandPath（默认是webapp\\protected\\commands），即我们的命令放在什么地方，我一般放在webapp\\protected\\commands\\shell下。如果用到model，如某些AR类，也需要导入。我的配置为', '1', '钼', '1', '1', '0000-00-00 00:00:00', '0000-00-00 00:00:00', '1');
INSERT INTO mu_article VALUES ('16', 'Yiic介绍 6', 'lizhili6', '17', '先来一句废话，命令行方式下的app为CConsoleApplication（位于framework\\console下），而不是网页端的CWebApplication，所以一些默认的组件是没有加载，如authManager等，请参考CWebApplication的registerCoreComponents方法。 \n                    CConsoleApplication读取的配置文件为console.php(位与webapp\\protected\\config下)，而不是main.php.其中至关重要的一项配置即为commandPath（默认是webapp\\protected\\commands），即我们的命令放在什么地方，我一般放在webapp\\protected\\commands\\shell下。如果用到model，如某些AR类，也需要导入。我的配置为', '1', '钼', '1', '1', '0000-00-00 00:00:00', '0000-00-00 00:00:00', '0');
INSERT INTO mu_article VALUES ('17', 'Yiic介绍 7', 'lizhili7', '16', '先来一句废话，命令行方式下的app为CConsoleApplication（位于framework\\console下），而不是网页端的CWebApplication，所以一些默认的组件是没有加载，如authManager等，请参考CWebApplication的registerCoreComponents方法。 \n                    CConsoleApplication读取的配置文件为console.php(位与webapp\\protected\\config下)，而不是main.php.其中至关重要的一项配置即为commandPath（默认是webapp\\protected\\commands），即我们的命令放在什么地方，我一般放在webapp\\protected\\commands\\shell下。如果用到model，如某些AR类，也需要导入。我的配置为', '1', '钼', '1', '1', '0000-00-00 00:00:00', '0000-00-00 00:00:00', '0');
INSERT INTO mu_article VALUES ('18', 'Yiic介绍 8', 'lizhili8', '16', '先来一句废话，命令行方式下的app为CConsoleApplication（位于framework\\console下），而不是网页端的CWebApplication，所以一些默认的组件是没有加载，如authManager等，请参考CWebApplication的registerCoreComponents方法。 \n                    CConsoleApplication读取的配置文件为console.php(位与webapp\\protected\\config下)，而不是main.php.其中至关重要的一项配置即为commandPath（默认是webapp\\protected\\commands），即我们的命令放在什么地方，我一般放在webapp\\protected\\commands\\shell下。如果用到model，如某些AR类，也需要导入。我的配置为', '1', '钼', '1', '1', '0000-00-00 00:00:00', '0000-00-00 00:00:00', '0');
INSERT INTO mu_article VALUES ('19', 'Yiic介绍 9', 'lizhili9', '16', '先来一句废话，命令行方式下的app为CConsoleApplication（位于framework\\console下），而不是网页端的CWebApplication，所以一些默认的组件是没有加载，如authManager等，请参考CWebApplication的registerCoreComponents方法。 \n                    CConsoleApplication读取的配置文件为console.php(位与webapp\\protected\\config下)，而不是main.php.其中至关重要的一项配置即为commandPath（默认是webapp\\protected\\commands），即我们的命令放在什么地方，我一般放在webapp\\protected\\commands\\shell下。如果用到model，如某些AR类，也需要导入。我的配置为', '1', '钼', '1', '1', '0000-00-00 00:00:00', '0000-00-00 00:00:00', '0');
INSERT INTO mu_article VALUES ('20', 'Yiic介绍 10', 'lizhili10', '16', '先来一句废话，命令行方式下的app为CConsoleApplication（位于framework\\console下），而不是网页端的CWebApplication，所以一些默认的组件是没有加载，如authManager等，请参考CWebApplication的registerCoreComponents方法。 \n                    CConsoleApplication读取的配置文件为console.php(位与webapp\\protected\\config下)，而不是main.php.其中至关重要的一项配置即为commandPath（默认是webapp\\protected\\commands），即我们的命令放在什么地方，我一般放在webapp\\protected\\commands\\shell下。如果用到model，如某些AR类，也需要导入。我的配置为', '1', '钼', '1', '1', '0000-00-00 00:00:00', '0000-00-00 00:00:00', '1');
INSERT INTO mu_article VALUES ('21', 'Yiic介绍 11', 'lizhili11', '16', '先来一句废话，命令行方式下的app为CConsoleApplication（位于framework\\console下），而不是网页端的CWebApplication，所以一些默认的组件是没有加载，如authManager等，请参考CWebApplication的registerCoreComponents方法。 \n                    CConsoleApplication读取的配置文件为console.php(位与webapp\\protected\\config下)，而不是main.php.其中至关重要的一项配置即为commandPath（默认是webapp\\protected\\commands），即我们的命令放在什么地方，我一般放在webapp\\protected\\commands\\shell下。如果用到model，如某些AR类，也需要导入。我的配置为', '1', '钼', '1', '1', '0000-00-00 00:00:00', '0000-00-00 00:00:00', '0');
INSERT INTO mu_article VALUES ('22', 'Yiic介绍 12', 'lizhili12', '16', '先来一句废话，命令行方式下的app为CConsoleApplication（位于framework\\console下），而不是网页端的CWebApplication，所以一些默认的组件是没有加载，如authManager等，请参考CWebApplication的registerCoreComponents方法。 \n                    CConsoleApplication读取的配置文件为console.php(位与webapp\\protected\\config下)，而不是main.php.其中至关重要的一项配置即为commandPath（默认是webapp\\protected\\commands），即我们的命令放在什么地方，我一般放在webapp\\protected\\commands\\shell下。如果用到model，如某些AR类，也需要导入。我的配置为', '1', '钼', '1', '1', '0000-00-00 00:00:00', '0000-00-00 00:00:00', '0');
INSERT INTO mu_article VALUES ('23', 'Yiic介绍 13', 'lizhili13', '16', '先来一句废话，命令行方式下的app为CConsoleApplication（位于framework\\console下），而不是网页端的CWebApplication，所以一些默认的组件是没有加载，如authManager等，请参考CWebApplication的registerCoreComponents方法。 \n                    CConsoleApplication读取的配置文件为console.php(位与webapp\\protected\\config下)，而不是main.php.其中至关重要的一项配置即为commandPath（默认是webapp\\protected\\commands），即我们的命令放在什么地方，我一般放在webapp\\protected\\commands\\shell下。如果用到model，如某些AR类，也需要导入。我的配置为', '1', '钼', '1', '1', '0000-00-00 00:00:00', '0000-00-00 00:00:00', '1');
INSERT INTO mu_article VALUES ('24', 'Yiic介绍 14', 'lizhili14', '17', '先来一句废话，命令行方式下的app为CConsoleApplication（位于framework\\console下），而不是网页端的CWebApplication，所以一些默认的组件是没有加载，如authManager等，请参考CWebApplication的registerCoreComponents方法。 \n                    CConsoleApplication读取的配置文件为console.php(位与webapp\\protected\\config下)，而不是main.php.其中至关重要的一项配置即为commandPath（默认是webapp\\protected\\commands），即我们的命令放在什么地方，我一般放在webapp\\protected\\commands\\shell下。如果用到model，如某些AR类，也需要导入。我的配置为', '1', '钼', '1', '1', '0000-00-00 00:00:00', '0000-00-00 00:00:00', '0');
INSERT INTO mu_article VALUES ('25', 'Yiic介绍 15', 'lizhili15', '17', '先来一句废话，命令行方式下的app为CConsoleApplication（位于framework\\console下），而不是网页端的CWebApplication，所以一些默认的组件是没有加载，如authManager等，请参考CWebApplication的registerCoreComponents方法。 \n                    CConsoleApplication读取的配置文件为console.php(位与webapp\\protected\\config下)，而不是main.php.其中至关重要的一项配置即为commandPath（默认是webapp\\protected\\commands），即我们的命令放在什么地方，我一般放在webapp\\protected\\commands\\shell下。如果用到model，如某些AR类，也需要导入。我的配置为', '1', '钼', '1', '1', '0000-00-00 00:00:00', '0000-00-00 00:00:00', '0');
INSERT INTO mu_article VALUES ('26', 'Yiic介绍 16', 'lizhili16', '16', '先来一句废话，命令行方式下的app为CConsoleApplication（位于framework\\console下），而不是网页端的CWebApplication，所以一些默认的组件是没有加载，如authManager等，请参考CWebApplication的registerCoreComponents方法。 \n                    CConsoleApplication读取的配置文件为console.php(位与webapp\\protected\\config下)，而不是main.php.其中至关重要的一项配置即为commandPath（默认是webapp\\protected\\commands），即我们的命令放在什么地方，我一般放在webapp\\protected\\commands\\shell下。如果用到model，如某些AR类，也需要导入。我的配置为', '1', '钼', '1', '1', '0000-00-00 00:00:00', '0000-00-00 00:00:00', '1');
INSERT INTO mu_article VALUES ('27', 'Yiic介绍 17', 'lizhili17', '17', '先来一句废话，命令行方式下的app为CConsoleApplication（位于framework\\console下），而不是网页端的CWebApplication，所以一些默认的组件是没有加载，如authManager等，请参考CWebApplication的registerCoreComponents方法。 \n                    CConsoleApplication读取的配置文件为console.php(位与webapp\\protected\\config下)，而不是main.php.其中至关重要的一项配置即为commandPath（默认是webapp\\protected\\commands），即我们的命令放在什么地方，我一般放在webapp\\protected\\commands\\shell下。如果用到model，如某些AR类，也需要导入。我的配置为', '1', '钼', '1', '1', '0000-00-00 00:00:00', '0000-00-00 00:00:00', '0');
INSERT INTO mu_article VALUES ('28', 'Yiic介绍 18', 'lizhili18', '17', '先来一句废话，命令行方式下的app为CConsoleApplication（位于framework\\console下），而不是网页端的CWebApplication，所以一些默认的组件是没有加载，如authManager等，请参考CWebApplication的registerCoreComponents方法。 \n                    CConsoleApplication读取的配置文件为console.php(位与webapp\\protected\\config下)，而不是main.php.其中至关重要的一项配置即为commandPath（默认是webapp\\protected\\commands），即我们的命令放在什么地方，我一般放在webapp\\protected\\commands\\shell下。如果用到model，如某些AR类，也需要导入。我的配置为', '1', '钼', '1', '1', '0000-00-00 00:00:00', '0000-00-00 00:00:00', '1');
INSERT INTO mu_article VALUES ('29', 'Yiic介绍 19', 'lizhili19', '16', '先来一句废话，命令行方式下的app为CConsoleApplication（位于framework\\console下），而不是网页端的CWebApplication，所以一些默认的组件是没有加载，如authManager等，请参考CWebApplication的registerCoreComponents方法。 \n                    CConsoleApplication读取的配置文件为console.php(位与webapp\\protected\\config下)，而不是main.php.其中至关重要的一项配置即为commandPath（默认是webapp\\protected\\commands），即我们的命令放在什么地方，我一般放在webapp\\protected\\commands\\shell下。如果用到model，如某些AR类，也需要导入。我的配置为', '1', '钼', '1', '1', '0000-00-00 00:00:00', '0000-00-00 00:00:00', '1');
INSERT INTO mu_article VALUES ('30', 'Yiic介绍 20', 'lizhili20', '16', '先来一句废话，命令行方式下的app为CConsoleApplication（位于framework\\console下），而不是网页端的CWebApplication，所以一些默认的组件是没有加载，如authManager等，请参考CWebApplication的registerCoreComponents方法。 \n                    CConsoleApplication读取的配置文件为console.php(位与webapp\\protected\\config下)，而不是main.php.其中至关重要的一项配置即为commandPath（默认是webapp\\protected\\commands），即我们的命令放在什么地方，我一般放在webapp\\protected\\commands\\shell下。如果用到model，如某些AR类，也需要导入。我的配置为', '1', '钼', '1', '1', '0000-00-00 00:00:00', '0000-00-00 00:00:00', '0');
INSERT INTO mu_article VALUES ('31', 'Yiic介绍 21', 'lizhili21', '16', '先来一句废话，命令行方式下的app为CConsoleApplication（位于framework\\console下），而不是网页端的CWebApplication，所以一些默认的组件是没有加载，如authManager等，请参考CWebApplication的registerCoreComponents方法。 \n                    CConsoleApplication读取的配置文件为console.php(位与webapp\\protected\\config下)，而不是main.php.其中至关重要的一项配置即为commandPath（默认是webapp\\protected\\commands），即我们的命令放在什么地方，我一般放在webapp\\protected\\commands\\shell下。如果用到model，如某些AR类，也需要导入。我的配置为', '1', '钼', '1', '1', '0000-00-00 00:00:00', '0000-00-00 00:00:00', '1');
INSERT INTO mu_article VALUES ('32', 'Yiic介绍 22', 'lizhili22', '16', '先来一句废话，命令行方式下的app为CConsoleApplication（位于framework\\console下），而不是网页端的CWebApplication，所以一些默认的组件是没有加载，如authManager等，请参考CWebApplication的registerCoreComponents方法。 \n                    CConsoleApplication读取的配置文件为console.php(位与webapp\\protected\\config下)，而不是main.php.其中至关重要的一项配置即为commandPath（默认是webapp\\protected\\commands），即我们的命令放在什么地方，我一般放在webapp\\protected\\commands\\shell下。如果用到model，如某些AR类，也需要导入。我的配置为', '1', '钼', '1', '1', '0000-00-00 00:00:00', '0000-00-00 00:00:00', '1');
INSERT INTO mu_article VALUES ('33', 'Yiic介绍 23', 'lizhili23', '17', '先来一句废话，命令行方式下的app为CConsoleApplication（位于framework\\console下），而不是网页端的CWebApplication，所以一些默认的组件是没有加载，如authManager等，请参考CWebApplication的registerCoreComponents方法。 \n                    CConsoleApplication读取的配置文件为console.php(位与webapp\\protected\\config下)，而不是main.php.其中至关重要的一项配置即为commandPath（默认是webapp\\protected\\commands），即我们的命令放在什么地方，我一般放在webapp\\protected\\commands\\shell下。如果用到model，如某些AR类，也需要导入。我的配置为', '1', '钼', '1', '1', '0000-00-00 00:00:00', '0000-00-00 00:00:00', '1');
INSERT INTO mu_article VALUES ('34', 'Yiic介绍 24', 'lizhili24', '16', '先来一句废话，命令行方式下的app为CConsoleApplication（位于framework\\console下），而不是网页端的CWebApplication，所以一些默认的组件是没有加载，如authManager等，请参考CWebApplication的registerCoreComponents方法。 \n                    CConsoleApplication读取的配置文件为console.php(位与webapp\\protected\\config下)，而不是main.php.其中至关重要的一项配置即为commandPath（默认是webapp\\protected\\commands），即我们的命令放在什么地方，我一般放在webapp\\protected\\commands\\shell下。如果用到model，如某些AR类，也需要导入。我的配置为', '1', '钼', '1', '1', '0000-00-00 00:00:00', '0000-00-00 00:00:00', '0');
INSERT INTO mu_article VALUES ('35', 'Yiic介绍 25', 'lizhili25', '16', '先来一句废话，命令行方式下的app为CConsoleApplication（位于framework\\console下），而不是网页端的CWebApplication，所以一些默认的组件是没有加载，如authManager等，请参考CWebApplication的registerCoreComponents方法。 \n                    CConsoleApplication读取的配置文件为console.php(位与webapp\\protected\\config下)，而不是main.php.其中至关重要的一项配置即为commandPath（默认是webapp\\protected\\commands），即我们的命令放在什么地方，我一般放在webapp\\protected\\commands\\shell下。如果用到model，如某些AR类，也需要导入。我的配置为', '1', '钼', '1', '1', '0000-00-00 00:00:00', '0000-00-00 00:00:00', '0');
INSERT INTO mu_article VALUES ('36', 'Yiic介绍 26', 'lizhili26', '16', '先来一句废话，命令行方式下的app为CConsoleApplication（位于framework\\console下），而不是网页端的CWebApplication，所以一些默认的组件是没有加载，如authManager等，请参考CWebApplication的registerCoreComponents方法。 \n                    CConsoleApplication读取的配置文件为console.php(位与webapp\\protected\\config下)，而不是main.php.其中至关重要的一项配置即为commandPath（默认是webapp\\protected\\commands），即我们的命令放在什么地方，我一般放在webapp\\protected\\commands\\shell下。如果用到model，如某些AR类，也需要导入。我的配置为', '1', '钼', '1', '1', '0000-00-00 00:00:00', '0000-00-00 00:00:00', '0');
INSERT INTO mu_article VALUES ('37', 'Yiic介绍 27', 'lizhili27', '17', '先来一句废话，命令行方式下的app为CConsoleApplication（位于framework\\console下），而不是网页端的CWebApplication，所以一些默认的组件是没有加载，如authManager等，请参考CWebApplication的registerCoreComponents方法。 \n                    CConsoleApplication读取的配置文件为console.php(位与webapp\\protected\\config下)，而不是main.php.其中至关重要的一项配置即为commandPath（默认是webapp\\protected\\commands），即我们的命令放在什么地方，我一般放在webapp\\protected\\commands\\shell下。如果用到model，如某些AR类，也需要导入。我的配置为', '1', '钼', '1', '1', '0000-00-00 00:00:00', '0000-00-00 00:00:00', '0');
INSERT INTO mu_article VALUES ('38', 'Yiic介绍 28', 'lizhili28', '16', '先来一句废话，命令行方式下的app为CConsoleApplication（位于framework\\console下），而不是网页端的CWebApplication，所以一些默认的组件是没有加载，如authManager等，请参考CWebApplication的registerCoreComponents方法。 \n                    CConsoleApplication读取的配置文件为console.php(位与webapp\\protected\\config下)，而不是main.php.其中至关重要的一项配置即为commandPath（默认是webapp\\protected\\commands），即我们的命令放在什么地方，我一般放在webapp\\protected\\commands\\shell下。如果用到model，如某些AR类，也需要导入。我的配置为', '1', '钼', '1', '1', '0000-00-00 00:00:00', '0000-00-00 00:00:00', '1');
INSERT INTO mu_article VALUES ('39', 'Yiic介绍 29', 'lizhili29', '17', '先来一句废话，命令行方式下的app为CConsoleApplication（位于framework\\console下），而不是网页端的CWebApplication，所以一些默认的组件是没有加载，如authManager等，请参考CWebApplication的registerCoreComponents方法。 \n                    CConsoleApplication读取的配置文件为console.php(位与webapp\\protected\\config下)，而不是main.php.其中至关重要的一项配置即为commandPath（默认是webapp\\protected\\commands），即我们的命令放在什么地方，我一般放在webapp\\protected\\commands\\shell下。如果用到model，如某些AR类，也需要导入。我的配置为', '1', '钼', '1', '1', '0000-00-00 00:00:00', '0000-00-00 00:00:00', '0');
INSERT INTO mu_article VALUES ('40', 'Yiic介绍 30', 'lizhili30', '17', '先来一句废话，命令行方式下的app为CConsoleApplication（位于framework\\console下），而不是网页端的CWebApplication，所以一些默认的组件是没有加载，如authManager等，请参考CWebApplication的registerCoreComponents方法。 \n                    CConsoleApplication读取的配置文件为console.php(位与webapp\\protected\\config下)，而不是main.php.其中至关重要的一项配置即为commandPath（默认是webapp\\protected\\commands），即我们的命令放在什么地方，我一般放在webapp\\protected\\commands\\shell下。如果用到model，如某些AR类，也需要导入。我的配置为', '1', '钼', '1', '1', '0000-00-00 00:00:00', '0000-00-00 00:00:00', '1');
INSERT INTO mu_article VALUES ('41', 'Yiic介绍 31', 'lizhili31', '17', '先来一句废话，命令行方式下的app为CConsoleApplication（位于framework\\console下），而不是网页端的CWebApplication，所以一些默认的组件是没有加载，如authManager等，请参考CWebApplication的registerCoreComponents方法。 \n                    CConsoleApplication读取的配置文件为console.php(位与webapp\\protected\\config下)，而不是main.php.其中至关重要的一项配置即为commandPath（默认是webapp\\protected\\commands），即我们的命令放在什么地方，我一般放在webapp\\protected\\commands\\shell下。如果用到model，如某些AR类，也需要导入。我的配置为', '1', '钼', '1', '1', '0000-00-00 00:00:00', '0000-00-00 00:00:00', '0');
INSERT INTO mu_article VALUES ('42', 'Yiic介绍 32', 'lizhili32', '17', '先来一句废话，命令行方式下的app为CConsoleApplication（位于framework\\console下），而不是网页端的CWebApplication，所以一些默认的组件是没有加载，如authManager等，请参考CWebApplication的registerCoreComponents方法。 \n                    CConsoleApplication读取的配置文件为console.php(位与webapp\\protected\\config下)，而不是main.php.其中至关重要的一项配置即为commandPath（默认是webapp\\protected\\commands），即我们的命令放在什么地方，我一般放在webapp\\protected\\commands\\shell下。如果用到model，如某些AR类，也需要导入。我的配置为', '1', '钼', '1', '1', '0000-00-00 00:00:00', '0000-00-00 00:00:00', '1');
INSERT INTO mu_article VALUES ('43', 'Yiic介绍 33', 'lizhili33', '16', '先来一句废话，命令行方式下的app为CConsoleApplication（位于framework\\console下），而不是网页端的CWebApplication，所以一些默认的组件是没有加载，如authManager等，请参考CWebApplication的registerCoreComponents方法。 \n                    CConsoleApplication读取的配置文件为console.php(位与webapp\\protected\\config下)，而不是main.php.其中至关重要的一项配置即为commandPath（默认是webapp\\protected\\commands），即我们的命令放在什么地方，我一般放在webapp\\protected\\commands\\shell下。如果用到model，如某些AR类，也需要导入。我的配置为', '1', '钼', '1', '1', '0000-00-00 00:00:00', '0000-00-00 00:00:00', '1');
INSERT INTO mu_article VALUES ('44', 'Yiic介绍 34', 'lizhili34', '17', '先来一句废话，命令行方式下的app为CConsoleApplication（位于framework\\console下），而不是网页端的CWebApplication，所以一些默认的组件是没有加载，如authManager等，请参考CWebApplication的registerCoreComponents方法。 \n                    CConsoleApplication读取的配置文件为console.php(位与webapp\\protected\\config下)，而不是main.php.其中至关重要的一项配置即为commandPath（默认是webapp\\protected\\commands），即我们的命令放在什么地方，我一般放在webapp\\protected\\commands\\shell下。如果用到model，如某些AR类，也需要导入。我的配置为', '1', '钼', '1', '1', '0000-00-00 00:00:00', '0000-00-00 00:00:00', '1');
INSERT INTO mu_article VALUES ('45', 'Yiic介绍 35', 'lizhili35', '17', '先来一句废话，命令行方式下的app为CConsoleApplication（位于framework\\console下），而不是网页端的CWebApplication，所以一些默认的组件是没有加载，如authManager等，请参考CWebApplication的registerCoreComponents方法。 \n                    CConsoleApplication读取的配置文件为console.php(位与webapp\\protected\\config下)，而不是main.php.其中至关重要的一项配置即为commandPath（默认是webapp\\protected\\commands），即我们的命令放在什么地方，我一般放在webapp\\protected\\commands\\shell下。如果用到model，如某些AR类，也需要导入。我的配置为', '1', '钼', '1', '1', '0000-00-00 00:00:00', '0000-00-00 00:00:00', '0');
INSERT INTO mu_article VALUES ('46', 'Yiic介绍 36', 'lizhili36', '16', '先来一句废话，命令行方式下的app为CConsoleApplication（位于framework\\console下），而不是网页端的CWebApplication，所以一些默认的组件是没有加载，如authManager等，请参考CWebApplication的registerCoreComponents方法。 \n                    CConsoleApplication读取的配置文件为console.php(位与webapp\\protected\\config下)，而不是main.php.其中至关重要的一项配置即为commandPath（默认是webapp\\protected\\commands），即我们的命令放在什么地方，我一般放在webapp\\protected\\commands\\shell下。如果用到model，如某些AR类，也需要导入。我的配置为', '1', '钼', '1', '1', '0000-00-00 00:00:00', '0000-00-00 00:00:00', '1');
INSERT INTO mu_article VALUES ('47', 'Yiic介绍 37', 'lizhili37', '17', '先来一句废话，命令行方式下的app为CConsoleApplication（位于framework\\console下），而不是网页端的CWebApplication，所以一些默认的组件是没有加载，如authManager等，请参考CWebApplication的registerCoreComponents方法。 \n                    CConsoleApplication读取的配置文件为console.php(位与webapp\\protected\\config下)，而不是main.php.其中至关重要的一项配置即为commandPath（默认是webapp\\protected\\commands），即我们的命令放在什么地方，我一般放在webapp\\protected\\commands\\shell下。如果用到model，如某些AR类，也需要导入。我的配置为', '1', '钼', '1', '1', '0000-00-00 00:00:00', '0000-00-00 00:00:00', '1');
INSERT INTO mu_article VALUES ('48', 'Yiic介绍 38', 'lizhili38', '17', '先来一句废话，命令行方式下的app为CConsoleApplication（位于framework\\console下），而不是网页端的CWebApplication，所以一些默认的组件是没有加载，如authManager等，请参考CWebApplication的registerCoreComponents方法。 \n                    CConsoleApplication读取的配置文件为console.php(位与webapp\\protected\\config下)，而不是main.php.其中至关重要的一项配置即为commandPath（默认是webapp\\protected\\commands），即我们的命令放在什么地方，我一般放在webapp\\protected\\commands\\shell下。如果用到model，如某些AR类，也需要导入。我的配置为', '1', '钼', '1', '1', '0000-00-00 00:00:00', '0000-00-00 00:00:00', '1');
INSERT INTO mu_article VALUES ('49', 'Yiic介绍 39', 'lizhili39', '16', '先来一句废话，命令行方式下的app为CConsoleApplication（位于framework\\console下），而不是网页端的CWebApplication，所以一些默认的组件是没有加载，如authManager等，请参考CWebApplication的registerCoreComponents方法。 \n                    CConsoleApplication读取的配置文件为console.php(位与webapp\\protected\\config下)，而不是main.php.其中至关重要的一项配置即为commandPath（默认是webapp\\protected\\commands），即我们的命令放在什么地方，我一般放在webapp\\protected\\commands\\shell下。如果用到model，如某些AR类，也需要导入。我的配置为', '1', '钼', '1', '1', '0000-00-00 00:00:00', '0000-00-00 00:00:00', '1');
INSERT INTO mu_article VALUES ('50', 'Yiic介绍 40', 'lizhili40', '16', '先来一句废话，命令行方式下的app为CConsoleApplication（位于framework\\console下），而不是网页端的CWebApplication，所以一些默认的组件是没有加载，如authManager等，请参考CWebApplication的registerCoreComponents方法。 \n                    CConsoleApplication读取的配置文件为console.php(位与webapp\\protected\\config下)，而不是main.php.其中至关重要的一项配置即为commandPath（默认是webapp\\protected\\commands），即我们的命令放在什么地方，我一般放在webapp\\protected\\commands\\shell下。如果用到model，如某些AR类，也需要导入。我的配置为', '1', '钼', '1', '1', '0000-00-00 00:00:00', '0000-00-00 00:00:00', '0');
INSERT INTO mu_article VALUES ('51', 'Yiic介绍 41', 'lizhili41', '17', '先来一句废话，命令行方式下的app为CConsoleApplication（位于framework\\console下），而不是网页端的CWebApplication，所以一些默认的组件是没有加载，如authManager等，请参考CWebApplication的registerCoreComponents方法。 \n                    CConsoleApplication读取的配置文件为console.php(位与webapp\\protected\\config下)，而不是main.php.其中至关重要的一项配置即为commandPath（默认是webapp\\protected\\commands），即我们的命令放在什么地方，我一般放在webapp\\protected\\commands\\shell下。如果用到model，如某些AR类，也需要导入。我的配置为', '1', '钼', '1', '1', '0000-00-00 00:00:00', '0000-00-00 00:00:00', '0');
INSERT INTO mu_article VALUES ('52', 'Yiic介绍 42', 'lizhili42', '16', '先来一句废话，命令行方式下的app为CConsoleApplication（位于framework\\console下），而不是网页端的CWebApplication，所以一些默认的组件是没有加载，如authManager等，请参考CWebApplication的registerCoreComponents方法。 \n                    CConsoleApplication读取的配置文件为console.php(位与webapp\\protected\\config下)，而不是main.php.其中至关重要的一项配置即为commandPath（默认是webapp\\protected\\commands），即我们的命令放在什么地方，我一般放在webapp\\protected\\commands\\shell下。如果用到model，如某些AR类，也需要导入。我的配置为', '1', '钼', '1', '1', '0000-00-00 00:00:00', '0000-00-00 00:00:00', '0');
INSERT INTO mu_article VALUES ('53', 'Yiic介绍 43', 'lizhili43', '17', '先来一句废话，命令行方式下的app为CConsoleApplication（位于framework\\console下），而不是网页端的CWebApplication，所以一些默认的组件是没有加载，如authManager等，请参考CWebApplication的registerCoreComponents方法。 \n                    CConsoleApplication读取的配置文件为console.php(位与webapp\\protected\\config下)，而不是main.php.其中至关重要的一项配置即为commandPath（默认是webapp\\protected\\commands），即我们的命令放在什么地方，我一般放在webapp\\protected\\commands\\shell下。如果用到model，如某些AR类，也需要导入。我的配置为', '1', '钼', '1', '1', '0000-00-00 00:00:00', '0000-00-00 00:00:00', '0');
INSERT INTO mu_article VALUES ('54', 'Yiic介绍 44', 'lizhili44', '16', '先来一句废话，命令行方式下的app为CConsoleApplication（位于framework\\console下），而不是网页端的CWebApplication，所以一些默认的组件是没有加载，如authManager等，请参考CWebApplication的registerCoreComponents方法。 \n                    CConsoleApplication读取的配置文件为console.php(位与webapp\\protected\\config下)，而不是main.php.其中至关重要的一项配置即为commandPath（默认是webapp\\protected\\commands），即我们的命令放在什么地方，我一般放在webapp\\protected\\commands\\shell下。如果用到model，如某些AR类，也需要导入。我的配置为', '1', '钼', '1', '1', '0000-00-00 00:00:00', '0000-00-00 00:00:00', '1');
INSERT INTO mu_article VALUES ('55', 'Yiic介绍 45', 'lizhili45', '16', '先来一句废话，命令行方式下的app为CConsoleApplication（位于framework\\console下），而不是网页端的CWebApplication，所以一些默认的组件是没有加载，如authManager等，请参考CWebApplication的registerCoreComponents方法。 \n                    CConsoleApplication读取的配置文件为console.php(位与webapp\\protected\\config下)，而不是main.php.其中至关重要的一项配置即为commandPath（默认是webapp\\protected\\commands），即我们的命令放在什么地方，我一般放在webapp\\protected\\commands\\shell下。如果用到model，如某些AR类，也需要导入。我的配置为', '1', '钼', '1', '1', '0000-00-00 00:00:00', '0000-00-00 00:00:00', '0');
INSERT INTO mu_article VALUES ('56', 'Yiic介绍 46', 'lizhili46', '16', '先来一句废话，命令行方式下的app为CConsoleApplication（位于framework\\console下），而不是网页端的CWebApplication，所以一些默认的组件是没有加载，如authManager等，请参考CWebApplication的registerCoreComponents方法。 \n                    CConsoleApplication读取的配置文件为console.php(位与webapp\\protected\\config下)，而不是main.php.其中至关重要的一项配置即为commandPath（默认是webapp\\protected\\commands），即我们的命令放在什么地方，我一般放在webapp\\protected\\commands\\shell下。如果用到model，如某些AR类，也需要导入。我的配置为', '1', '钼', '1', '1', '0000-00-00 00:00:00', '0000-00-00 00:00:00', '1');
INSERT INTO mu_article VALUES ('57', 'Yiic介绍 47', 'lizhili47', '17', '先来一句废话，命令行方式下的app为CConsoleApplication（位于framework\\console下），而不是网页端的CWebApplication，所以一些默认的组件是没有加载，如authManager等，请参考CWebApplication的registerCoreComponents方法。 \n                    CConsoleApplication读取的配置文件为console.php(位与webapp\\protected\\config下)，而不是main.php.其中至关重要的一项配置即为commandPath（默认是webapp\\protected\\commands），即我们的命令放在什么地方，我一般放在webapp\\protected\\commands\\shell下。如果用到model，如某些AR类，也需要导入。我的配置为', '1', '钼', '1', '1', '0000-00-00 00:00:00', '0000-00-00 00:00:00', '1');
INSERT INTO mu_article VALUES ('58', 'Yiic介绍 48', 'lizhili48', '17', '先来一句废话，命令行方式下的app为CConsoleApplication（位于framework\\console下），而不是网页端的CWebApplication，所以一些默认的组件是没有加载，如authManager等，请参考CWebApplication的registerCoreComponents方法。 \n                    CConsoleApplication读取的配置文件为console.php(位与webapp\\protected\\config下)，而不是main.php.其中至关重要的一项配置即为commandPath（默认是webapp\\protected\\commands），即我们的命令放在什么地方，我一般放在webapp\\protected\\commands\\shell下。如果用到model，如某些AR类，也需要导入。我的配置为', '1', '钼', '1', '1', '0000-00-00 00:00:00', '0000-00-00 00:00:00', '1');
INSERT INTO mu_article VALUES ('59', 'Yiic介绍 49', 'lizhili49', '16', '先来一句废话，命令行方式下的app为CConsoleApplication（位于framework\\console下），而不是网页端的CWebApplication，所以一些默认的组件是没有加载，如authManager等，请参考CWebApplication的registerCoreComponents方法。 \n                    CConsoleApplication读取的配置文件为console.php(位与webapp\\protected\\config下)，而不是main.php.其中至关重要的一项配置即为commandPath（默认是webapp\\protected\\commands），即我们的命令放在什么地方，我一般放在webapp\\protected\\commands\\shell下。如果用到model，如某些AR类，也需要导入。我的配置为', '1', '钼', '1', '1', '0000-00-00 00:00:00', '0000-00-00 00:00:00', '0');
INSERT INTO mu_article VALUES ('60', 'Yiic介绍 50', 'lizhili50', '17', '先来一句废话，命令行方式下的app为CConsoleApplication（位于framework\\console下），而不是网页端的CWebApplication，所以一些默认的组件是没有加载，如authManager等，请参考CWebApplication的registerCoreComponents方法。 \n                    CConsoleApplication读取的配置文件为console.php(位与webapp\\protected\\config下)，而不是main.php.其中至关重要的一项配置即为commandPath（默认是webapp\\protected\\commands），即我们的命令放在什么地方，我一般放在webapp\\protected\\commands\\shell下。如果用到model，如某些AR类，也需要导入。我的配置为', '1', '钼', '1', '1', '0000-00-00 00:00:00', '0000-00-00 00:00:00', '0');
INSERT INTO mu_article VALUES ('61', 'Yiic介绍 51', 'lizhili51', '17', '先来一句废话，命令行方式下的app为CConsoleApplication（位于framework\\console下），而不是网页端的CWebApplication，所以一些默认的组件是没有加载，如authManager等，请参考CWebApplication的registerCoreComponents方法。 \n                    CConsoleApplication读取的配置文件为console.php(位与webapp\\protected\\config下)，而不是main.php.其中至关重要的一项配置即为commandPath（默认是webapp\\protected\\commands），即我们的命令放在什么地方，我一般放在webapp\\protected\\commands\\shell下。如果用到model，如某些AR类，也需要导入。我的配置为', '1', '钼', '1', '1', '0000-00-00 00:00:00', '0000-00-00 00:00:00', '0');
INSERT INTO mu_article VALUES ('62', 'Yiic介绍 52', 'lizhili52', '17', '先来一句废话，命令行方式下的app为CConsoleApplication（位于framework\\console下），而不是网页端的CWebApplication，所以一些默认的组件是没有加载，如authManager等，请参考CWebApplication的registerCoreComponents方法。 \n                    CConsoleApplication读取的配置文件为console.php(位与webapp\\protected\\config下)，而不是main.php.其中至关重要的一项配置即为commandPath（默认是webapp\\protected\\commands），即我们的命令放在什么地方，我一般放在webapp\\protected\\commands\\shell下。如果用到model，如某些AR类，也需要导入。我的配置为', '1', '钼', '1', '1', '0000-00-00 00:00:00', '0000-00-00 00:00:00', '1');
INSERT INTO mu_article VALUES ('63', 'Yiic介绍 53', 'lizhili53', '17', '先来一句废话，命令行方式下的app为CConsoleApplication（位于framework\\console下），而不是网页端的CWebApplication，所以一些默认的组件是没有加载，如authManager等，请参考CWebApplication的registerCoreComponents方法。 \n                    CConsoleApplication读取的配置文件为console.php(位与webapp\\protected\\config下)，而不是main.php.其中至关重要的一项配置即为commandPath（默认是webapp\\protected\\commands），即我们的命令放在什么地方，我一般放在webapp\\protected\\commands\\shell下。如果用到model，如某些AR类，也需要导入。我的配置为', '1', '钼', '1', '1', '0000-00-00 00:00:00', '0000-00-00 00:00:00', '1');
INSERT INTO mu_article VALUES ('64', 'Yiic介绍 54', 'lizhili54', '17', '先来一句废话，命令行方式下的app为CConsoleApplication（位于framework\\console下），而不是网页端的CWebApplication，所以一些默认的组件是没有加载，如authManager等，请参考CWebApplication的registerCoreComponents方法。 \n                    CConsoleApplication读取的配置文件为console.php(位与webapp\\protected\\config下)，而不是main.php.其中至关重要的一项配置即为commandPath（默认是webapp\\protected\\commands），即我们的命令放在什么地方，我一般放在webapp\\protected\\commands\\shell下。如果用到model，如某些AR类，也需要导入。我的配置为', '1', '钼', '1', '1', '0000-00-00 00:00:00', '0000-00-00 00:00:00', '0');
INSERT INTO mu_article VALUES ('65', 'Yiic介绍 55', 'lizhili55', '17', '先来一句废话，命令行方式下的app为CConsoleApplication（位于framework\\console下），而不是网页端的CWebApplication，所以一些默认的组件是没有加载，如authManager等，请参考CWebApplication的registerCoreComponents方法。 \n                    CConsoleApplication读取的配置文件为console.php(位与webapp\\protected\\config下)，而不是main.php.其中至关重要的一项配置即为commandPath（默认是webapp\\protected\\commands），即我们的命令放在什么地方，我一般放在webapp\\protected\\commands\\shell下。如果用到model，如某些AR类，也需要导入。我的配置为', '1', '钼', '1', '1', '0000-00-00 00:00:00', '0000-00-00 00:00:00', '1');
INSERT INTO mu_article VALUES ('66', 'Yiic介绍 56', 'lizhili56', '16', '先来一句废话，命令行方式下的app为CConsoleApplication（位于framework\\console下），而不是网页端的CWebApplication，所以一些默认的组件是没有加载，如authManager等，请参考CWebApplication的registerCoreComponents方法。 \n                    CConsoleApplication读取的配置文件为console.php(位与webapp\\protected\\config下)，而不是main.php.其中至关重要的一项配置即为commandPath（默认是webapp\\protected\\commands），即我们的命令放在什么地方，我一般放在webapp\\protected\\commands\\shell下。如果用到model，如某些AR类，也需要导入。我的配置为', '1', '钼', '1', '1', '0000-00-00 00:00:00', '0000-00-00 00:00:00', '1');
INSERT INTO mu_article VALUES ('67', 'Yiic介绍 57', 'lizhili57', '17', '先来一句废话，命令行方式下的app为CConsoleApplication（位于framework\\console下），而不是网页端的CWebApplication，所以一些默认的组件是没有加载，如authManager等，请参考CWebApplication的registerCoreComponents方法。 \n                    CConsoleApplication读取的配置文件为console.php(位与webapp\\protected\\config下)，而不是main.php.其中至关重要的一项配置即为commandPath（默认是webapp\\protected\\commands），即我们的命令放在什么地方，我一般放在webapp\\protected\\commands\\shell下。如果用到model，如某些AR类，也需要导入。我的配置为', '1', '钼', '1', '1', '0000-00-00 00:00:00', '0000-00-00 00:00:00', '0');
INSERT INTO mu_article VALUES ('68', 'Yiic介绍 58', 'lizhili58', '16', '先来一句废话，命令行方式下的app为CConsoleApplication（位于framework\\console下），而不是网页端的CWebApplication，所以一些默认的组件是没有加载，如authManager等，请参考CWebApplication的registerCoreComponents方法。 \n                    CConsoleApplication读取的配置文件为console.php(位与webapp\\protected\\config下)，而不是main.php.其中至关重要的一项配置即为commandPath（默认是webapp\\protected\\commands），即我们的命令放在什么地方，我一般放在webapp\\protected\\commands\\shell下。如果用到model，如某些AR类，也需要导入。我的配置为', '1', '钼', '1', '1', '0000-00-00 00:00:00', '0000-00-00 00:00:00', '0');
INSERT INTO mu_article VALUES ('69', 'Yiic介绍 59', 'lizhili59', '17', '先来一句废话，命令行方式下的app为CConsoleApplication（位于framework\\console下），而不是网页端的CWebApplication，所以一些默认的组件是没有加载，如authManager等，请参考CWebApplication的registerCoreComponents方法。 \n                    CConsoleApplication读取的配置文件为console.php(位与webapp\\protected\\config下)，而不是main.php.其中至关重要的一项配置即为commandPath（默认是webapp\\protected\\commands），即我们的命令放在什么地方，我一般放在webapp\\protected\\commands\\shell下。如果用到model，如某些AR类，也需要导入。我的配置为', '1', '钼', '1', '1', '0000-00-00 00:00:00', '0000-00-00 00:00:00', '1');
INSERT INTO mu_article VALUES ('70', 'Yiic介绍 60', 'lizhili60', '16', '先来一句废话，命令行方式下的app为CConsoleApplication（位于framework\\console下），而不是网页端的CWebApplication，所以一些默认的组件是没有加载，如authManager等，请参考CWebApplication的registerCoreComponents方法。 \n                    CConsoleApplication读取的配置文件为console.php(位与webapp\\protected\\config下)，而不是main.php.其中至关重要的一项配置即为commandPath（默认是webapp\\protected\\commands），即我们的命令放在什么地方，我一般放在webapp\\protected\\commands\\shell下。如果用到model，如某些AR类，也需要导入。我的配置为', '1', '钼', '1', '1', '0000-00-00 00:00:00', '0000-00-00 00:00:00', '0');
INSERT INTO mu_article VALUES ('71', 'Yiic介绍 61', 'lizhili61', '17', '先来一句废话，命令行方式下的app为CConsoleApplication（位于framework\\console下），而不是网页端的CWebApplication，所以一些默认的组件是没有加载，如authManager等，请参考CWebApplication的registerCoreComponents方法。 \n                    CConsoleApplication读取的配置文件为console.php(位与webapp\\protected\\config下)，而不是main.php.其中至关重要的一项配置即为commandPath（默认是webapp\\protected\\commands），即我们的命令放在什么地方，我一般放在webapp\\protected\\commands\\shell下。如果用到model，如某些AR类，也需要导入。我的配置为', '1', '钼', '1', '1', '0000-00-00 00:00:00', '0000-00-00 00:00:00', '1');
INSERT INTO mu_article VALUES ('72', 'Yiic介绍 62', 'lizhili62', '16', '先来一句废话，命令行方式下的app为CConsoleApplication（位于framework\\console下），而不是网页端的CWebApplication，所以一些默认的组件是没有加载，如authManager等，请参考CWebApplication的registerCoreComponents方法。 \n                    CConsoleApplication读取的配置文件为console.php(位与webapp\\protected\\config下)，而不是main.php.其中至关重要的一项配置即为commandPath（默认是webapp\\protected\\commands），即我们的命令放在什么地方，我一般放在webapp\\protected\\commands\\shell下。如果用到model，如某些AR类，也需要导入。我的配置为', '1', '钼', '1', '1', '0000-00-00 00:00:00', '0000-00-00 00:00:00', '1');
INSERT INTO mu_article VALUES ('73', 'Yiic介绍 63', 'lizhili63', '17', '先来一句废话，命令行方式下的app为CConsoleApplication（位于framework\\console下），而不是网页端的CWebApplication，所以一些默认的组件是没有加载，如authManager等，请参考CWebApplication的registerCoreComponents方法。 \n                    CConsoleApplication读取的配置文件为console.php(位与webapp\\protected\\config下)，而不是main.php.其中至关重要的一项配置即为commandPath（默认是webapp\\protected\\commands），即我们的命令放在什么地方，我一般放在webapp\\protected\\commands\\shell下。如果用到model，如某些AR类，也需要导入。我的配置为', '1', '钼', '1', '1', '0000-00-00 00:00:00', '0000-00-00 00:00:00', '0');
INSERT INTO mu_article VALUES ('74', 'Yiic介绍 64', 'lizhili64', '16', '先来一句废话，命令行方式下的app为CConsoleApplication（位于framework\\console下），而不是网页端的CWebApplication，所以一些默认的组件是没有加载，如authManager等，请参考CWebApplication的registerCoreComponents方法。 \n                    CConsoleApplication读取的配置文件为console.php(位与webapp\\protected\\config下)，而不是main.php.其中至关重要的一项配置即为commandPath（默认是webapp\\protected\\commands），即我们的命令放在什么地方，我一般放在webapp\\protected\\commands\\shell下。如果用到model，如某些AR类，也需要导入。我的配置为', '1', '钼', '1', '1', '0000-00-00 00:00:00', '0000-00-00 00:00:00', '0');
INSERT INTO mu_article VALUES ('75', 'Yiic介绍 65', 'lizhili65', '16', '先来一句废话，命令行方式下的app为CConsoleApplication（位于framework\\console下），而不是网页端的CWebApplication，所以一些默认的组件是没有加载，如authManager等，请参考CWebApplication的registerCoreComponents方法。 \n                    CConsoleApplication读取的配置文件为console.php(位与webapp\\protected\\config下)，而不是main.php.其中至关重要的一项配置即为commandPath（默认是webapp\\protected\\commands），即我们的命令放在什么地方，我一般放在webapp\\protected\\commands\\shell下。如果用到model，如某些AR类，也需要导入。我的配置为', '1', '钼', '1', '1', '0000-00-00 00:00:00', '0000-00-00 00:00:00', '1');
INSERT INTO mu_article VALUES ('76', 'Yiic介绍 66', 'lizhili66', '17', '先来一句废话，命令行方式下的app为CConsoleApplication（位于framework\\console下），而不是网页端的CWebApplication，所以一些默认的组件是没有加载，如authManager等，请参考CWebApplication的registerCoreComponents方法。 \n                    CConsoleApplication读取的配置文件为console.php(位与webapp\\protected\\config下)，而不是main.php.其中至关重要的一项配置即为commandPath（默认是webapp\\protected\\commands），即我们的命令放在什么地方，我一般放在webapp\\protected\\commands\\shell下。如果用到model，如某些AR类，也需要导入。我的配置为', '1', '钼', '1', '1', '0000-00-00 00:00:00', '0000-00-00 00:00:00', '0');
INSERT INTO mu_article VALUES ('77', 'Yiic介绍 67', 'lizhili67', '16', '先来一句废话，命令行方式下的app为CConsoleApplication（位于framework\\console下），而不是网页端的CWebApplication，所以一些默认的组件是没有加载，如authManager等，请参考CWebApplication的registerCoreComponents方法。 \n                    CConsoleApplication读取的配置文件为console.php(位与webapp\\protected\\config下)，而不是main.php.其中至关重要的一项配置即为commandPath（默认是webapp\\protected\\commands），即我们的命令放在什么地方，我一般放在webapp\\protected\\commands\\shell下。如果用到model，如某些AR类，也需要导入。我的配置为', '1', '钼', '1', '1', '0000-00-00 00:00:00', '0000-00-00 00:00:00', '0');
INSERT INTO mu_article VALUES ('78', 'Yiic介绍 68', 'lizhili68', '16', '先来一句废话，命令行方式下的app为CConsoleApplication（位于framework\\console下），而不是网页端的CWebApplication，所以一些默认的组件是没有加载，如authManager等，请参考CWebApplication的registerCoreComponents方法。 \n                    CConsoleApplication读取的配置文件为console.php(位与webapp\\protected\\config下)，而不是main.php.其中至关重要的一项配置即为commandPath（默认是webapp\\protected\\commands），即我们的命令放在什么地方，我一般放在webapp\\protected\\commands\\shell下。如果用到model，如某些AR类，也需要导入。我的配置为', '1', '钼', '1', '1', '0000-00-00 00:00:00', '0000-00-00 00:00:00', '0');
INSERT INTO mu_article VALUES ('79', 'Yiic介绍 69', 'lizhili69', '17', '先来一句废话，命令行方式下的app为CConsoleApplication（位于framework\\console下），而不是网页端的CWebApplication，所以一些默认的组件是没有加载，如authManager等，请参考CWebApplication的registerCoreComponents方法。 \n                    CConsoleApplication读取的配置文件为console.php(位与webapp\\protected\\config下)，而不是main.php.其中至关重要的一项配置即为commandPath（默认是webapp\\protected\\commands），即我们的命令放在什么地方，我一般放在webapp\\protected\\commands\\shell下。如果用到model，如某些AR类，也需要导入。我的配置为', '1', '钼', '1', '1', '0000-00-00 00:00:00', '0000-00-00 00:00:00', '0');
INSERT INTO mu_article VALUES ('80', 'Yiic介绍 70', 'lizhili70', '16', '先来一句废话，命令行方式下的app为CConsoleApplication（位于framework\\console下），而不是网页端的CWebApplication，所以一些默认的组件是没有加载，如authManager等，请参考CWebApplication的registerCoreComponents方法。 \n                    CConsoleApplication读取的配置文件为console.php(位与webapp\\protected\\config下)，而不是main.php.其中至关重要的一项配置即为commandPath（默认是webapp\\protected\\commands），即我们的命令放在什么地方，我一般放在webapp\\protected\\commands\\shell下。如果用到model，如某些AR类，也需要导入。我的配置为', '1', '钼', '1', '1', '0000-00-00 00:00:00', '0000-00-00 00:00:00', '0');
INSERT INTO mu_article VALUES ('81', 'Yiic介绍 71', 'lizhili71', '17', '先来一句废话，命令行方式下的app为CConsoleApplication（位于framework\\console下），而不是网页端的CWebApplication，所以一些默认的组件是没有加载，如authManager等，请参考CWebApplication的registerCoreComponents方法。 \n                    CConsoleApplication读取的配置文件为console.php(位与webapp\\protected\\config下)，而不是main.php.其中至关重要的一项配置即为commandPath（默认是webapp\\protected\\commands），即我们的命令放在什么地方，我一般放在webapp\\protected\\commands\\shell下。如果用到model，如某些AR类，也需要导入。我的配置为', '1', '钼', '1', '1', '0000-00-00 00:00:00', '0000-00-00 00:00:00', '1');
INSERT INTO mu_article VALUES ('82', 'Yiic介绍 72', 'lizhili72', '16', '先来一句废话，命令行方式下的app为CConsoleApplication（位于framework\\console下），而不是网页端的CWebApplication，所以一些默认的组件是没有加载，如authManager等，请参考CWebApplication的registerCoreComponents方法。 \n                    CConsoleApplication读取的配置文件为console.php(位与webapp\\protected\\config下)，而不是main.php.其中至关重要的一项配置即为commandPath（默认是webapp\\protected\\commands），即我们的命令放在什么地方，我一般放在webapp\\protected\\commands\\shell下。如果用到model，如某些AR类，也需要导入。我的配置为', '1', '钼', '1', '1', '0000-00-00 00:00:00', '0000-00-00 00:00:00', '1');
INSERT INTO mu_article VALUES ('83', 'Yiic介绍 73', 'lizhili73', '16', '先来一句废话，命令行方式下的app为CConsoleApplication（位于framework\\console下），而不是网页端的CWebApplication，所以一些默认的组件是没有加载，如authManager等，请参考CWebApplication的registerCoreComponents方法。 \n                    CConsoleApplication读取的配置文件为console.php(位与webapp\\protected\\config下)，而不是main.php.其中至关重要的一项配置即为commandPath（默认是webapp\\protected\\commands），即我们的命令放在什么地方，我一般放在webapp\\protected\\commands\\shell下。如果用到model，如某些AR类，也需要导入。我的配置为', '1', '钼', '1', '1', '0000-00-00 00:00:00', '0000-00-00 00:00:00', '0');
INSERT INTO mu_article VALUES ('84', 'Yiic介绍 74', 'lizhili74', '16', '先来一句废话，命令行方式下的app为CConsoleApplication（位于framework\\console下），而不是网页端的CWebApplication，所以一些默认的组件是没有加载，如authManager等，请参考CWebApplication的registerCoreComponents方法。 \n                    CConsoleApplication读取的配置文件为console.php(位与webapp\\protected\\config下)，而不是main.php.其中至关重要的一项配置即为commandPath（默认是webapp\\protected\\commands），即我们的命令放在什么地方，我一般放在webapp\\protected\\commands\\shell下。如果用到model，如某些AR类，也需要导入。我的配置为', '1', '钼', '1', '1', '0000-00-00 00:00:00', '0000-00-00 00:00:00', '0');
INSERT INTO mu_article VALUES ('85', 'Yiic介绍 75', 'lizhili75', '16', '先来一句废话，命令行方式下的app为CConsoleApplication（位于framework\\console下），而不是网页端的CWebApplication，所以一些默认的组件是没有加载，如authManager等，请参考CWebApplication的registerCoreComponents方法。 \n                    CConsoleApplication读取的配置文件为console.php(位与webapp\\protected\\config下)，而不是main.php.其中至关重要的一项配置即为commandPath（默认是webapp\\protected\\commands），即我们的命令放在什么地方，我一般放在webapp\\protected\\commands\\shell下。如果用到model，如某些AR类，也需要导入。我的配置为', '1', '钼', '1', '1', '0000-00-00 00:00:00', '0000-00-00 00:00:00', '0');
INSERT INTO mu_article VALUES ('86', 'Yiic介绍 76', 'lizhili76', '17', '先来一句废话，命令行方式下的app为CConsoleApplication（位于framework\\console下），而不是网页端的CWebApplication，所以一些默认的组件是没有加载，如authManager等，请参考CWebApplication的registerCoreComponents方法。 \n                    CConsoleApplication读取的配置文件为console.php(位与webapp\\protected\\config下)，而不是main.php.其中至关重要的一项配置即为commandPath（默认是webapp\\protected\\commands），即我们的命令放在什么地方，我一般放在webapp\\protected\\commands\\shell下。如果用到model，如某些AR类，也需要导入。我的配置为', '1', '钼', '1', '1', '0000-00-00 00:00:00', '0000-00-00 00:00:00', '0');
INSERT INTO mu_article VALUES ('87', 'Yiic介绍 77', 'lizhili77', '16', '先来一句废话，命令行方式下的app为CConsoleApplication（位于framework\\console下），而不是网页端的CWebApplication，所以一些默认的组件是没有加载，如authManager等，请参考CWebApplication的registerCoreComponents方法。 \n                    CConsoleApplication读取的配置文件为console.php(位与webapp\\protected\\config下)，而不是main.php.其中至关重要的一项配置即为commandPath（默认是webapp\\protected\\commands），即我们的命令放在什么地方，我一般放在webapp\\protected\\commands\\shell下。如果用到model，如某些AR类，也需要导入。我的配置为', '1', '钼', '1', '1', '0000-00-00 00:00:00', '0000-00-00 00:00:00', '1');
INSERT INTO mu_article VALUES ('88', 'Yiic介绍 78', 'lizhili78', '16', '先来一句废话，命令行方式下的app为CConsoleApplication（位于framework\\console下），而不是网页端的CWebApplication，所以一些默认的组件是没有加载，如authManager等，请参考CWebApplication的registerCoreComponents方法。 \n                    CConsoleApplication读取的配置文件为console.php(位与webapp\\protected\\config下)，而不是main.php.其中至关重要的一项配置即为commandPath（默认是webapp\\protected\\commands），即我们的命令放在什么地方，我一般放在webapp\\protected\\commands\\shell下。如果用到model，如某些AR类，也需要导入。我的配置为', '1', '钼', '1', '1', '0000-00-00 00:00:00', '0000-00-00 00:00:00', '1');
INSERT INTO mu_article VALUES ('89', 'Yiic介绍 79', 'lizhili79', '17', '先来一句废话，命令行方式下的app为CConsoleApplication（位于framework\\console下），而不是网页端的CWebApplication，所以一些默认的组件是没有加载，如authManager等，请参考CWebApplication的registerCoreComponents方法。 \n                    CConsoleApplication读取的配置文件为console.php(位与webapp\\protected\\config下)，而不是main.php.其中至关重要的一项配置即为commandPath（默认是webapp\\protected\\commands），即我们的命令放在什么地方，我一般放在webapp\\protected\\commands\\shell下。如果用到model，如某些AR类，也需要导入。我的配置为', '1', '钼', '1', '1', '0000-00-00 00:00:00', '0000-00-00 00:00:00', '0');
INSERT INTO mu_article VALUES ('90', 'Yiic介绍 80', 'lizhili80', '16', '先来一句废话，命令行方式下的app为CConsoleApplication（位于framework\\console下），而不是网页端的CWebApplication，所以一些默认的组件是没有加载，如authManager等，请参考CWebApplication的registerCoreComponents方法。 \n                    CConsoleApplication读取的配置文件为console.php(位与webapp\\protected\\config下)，而不是main.php.其中至关重要的一项配置即为commandPath（默认是webapp\\protected\\commands），即我们的命令放在什么地方，我一般放在webapp\\protected\\commands\\shell下。如果用到model，如某些AR类，也需要导入。我的配置为', '1', '钼', '1', '1', '0000-00-00 00:00:00', '0000-00-00 00:00:00', '1');
INSERT INTO mu_article VALUES ('91', 'Yiic介绍 81', 'lizhili81', '17', '先来一句废话，命令行方式下的app为CConsoleApplication（位于framework\\console下），而不是网页端的CWebApplication，所以一些默认的组件是没有加载，如authManager等，请参考CWebApplication的registerCoreComponents方法。 \n                    CConsoleApplication读取的配置文件为console.php(位与webapp\\protected\\config下)，而不是main.php.其中至关重要的一项配置即为commandPath（默认是webapp\\protected\\commands），即我们的命令放在什么地方，我一般放在webapp\\protected\\commands\\shell下。如果用到model，如某些AR类，也需要导入。我的配置为', '1', '钼', '1', '1', '0000-00-00 00:00:00', '0000-00-00 00:00:00', '0');
INSERT INTO mu_article VALUES ('92', 'Yiic介绍 82', 'lizhili82', '17', '先来一句废话，命令行方式下的app为CConsoleApplication（位于framework\\console下），而不是网页端的CWebApplication，所以一些默认的组件是没有加载，如authManager等，请参考CWebApplication的registerCoreComponents方法。 \n                    CConsoleApplication读取的配置文件为console.php(位与webapp\\protected\\config下)，而不是main.php.其中至关重要的一项配置即为commandPath（默认是webapp\\protected\\commands），即我们的命令放在什么地方，我一般放在webapp\\protected\\commands\\shell下。如果用到model，如某些AR类，也需要导入。我的配置为', '1', '钼', '1', '1', '0000-00-00 00:00:00', '0000-00-00 00:00:00', '0');
INSERT INTO mu_article VALUES ('93', 'Yiic介绍 83', 'lizhili83', '17', '先来一句废话，命令行方式下的app为CConsoleApplication（位于framework\\console下），而不是网页端的CWebApplication，所以一些默认的组件是没有加载，如authManager等，请参考CWebApplication的registerCoreComponents方法。 \n                    CConsoleApplication读取的配置文件为console.php(位与webapp\\protected\\config下)，而不是main.php.其中至关重要的一项配置即为commandPath（默认是webapp\\protected\\commands），即我们的命令放在什么地方，我一般放在webapp\\protected\\commands\\shell下。如果用到model，如某些AR类，也需要导入。我的配置为', '1', '钼', '1', '1', '0000-00-00 00:00:00', '0000-00-00 00:00:00', '1');
INSERT INTO mu_article VALUES ('94', 'Yiic介绍 84', 'lizhili84', '16', '先来一句废话，命令行方式下的app为CConsoleApplication（位于framework\\console下），而不是网页端的CWebApplication，所以一些默认的组件是没有加载，如authManager等，请参考CWebApplication的registerCoreComponents方法。 \n                    CConsoleApplication读取的配置文件为console.php(位与webapp\\protected\\config下)，而不是main.php.其中至关重要的一项配置即为commandPath（默认是webapp\\protected\\commands），即我们的命令放在什么地方，我一般放在webapp\\protected\\commands\\shell下。如果用到model，如某些AR类，也需要导入。我的配置为', '1', '钼', '1', '1', '0000-00-00 00:00:00', '0000-00-00 00:00:00', '0');
INSERT INTO mu_article VALUES ('95', 'Yiic介绍 85', 'lizhili85', '17', '先来一句废话，命令行方式下的app为CConsoleApplication（位于framework\\console下），而不是网页端的CWebApplication，所以一些默认的组件是没有加载，如authManager等，请参考CWebApplication的registerCoreComponents方法。 \n                    CConsoleApplication读取的配置文件为console.php(位与webapp\\protected\\config下)，而不是main.php.其中至关重要的一项配置即为commandPath（默认是webapp\\protected\\commands），即我们的命令放在什么地方，我一般放在webapp\\protected\\commands\\shell下。如果用到model，如某些AR类，也需要导入。我的配置为', '1', '钼', '1', '1', '0000-00-00 00:00:00', '0000-00-00 00:00:00', '1');
INSERT INTO mu_article VALUES ('96', 'Yiic介绍 86', 'lizhili86', '16', '先来一句废话，命令行方式下的app为CConsoleApplication（位于framework\\console下），而不是网页端的CWebApplication，所以一些默认的组件是没有加载，如authManager等，请参考CWebApplication的registerCoreComponents方法。 \n                    CConsoleApplication读取的配置文件为console.php(位与webapp\\protected\\config下)，而不是main.php.其中至关重要的一项配置即为commandPath（默认是webapp\\protected\\commands），即我们的命令放在什么地方，我一般放在webapp\\protected\\commands\\shell下。如果用到model，如某些AR类，也需要导入。我的配置为', '1', '钼', '1', '1', '0000-00-00 00:00:00', '0000-00-00 00:00:00', '0');
INSERT INTO mu_article VALUES ('97', 'Yiic介绍 87', 'lizhili87', '16', '先来一句废话，命令行方式下的app为CConsoleApplication（位于framework\\console下），而不是网页端的CWebApplication，所以一些默认的组件是没有加载，如authManager等，请参考CWebApplication的registerCoreComponents方法。 \n                    CConsoleApplication读取的配置文件为console.php(位与webapp\\protected\\config下)，而不是main.php.其中至关重要的一项配置即为commandPath（默认是webapp\\protected\\commands），即我们的命令放在什么地方，我一般放在webapp\\protected\\commands\\shell下。如果用到model，如某些AR类，也需要导入。我的配置为', '1', '钼', '1', '1', '0000-00-00 00:00:00', '0000-00-00 00:00:00', '0');
INSERT INTO mu_article VALUES ('98', 'Yiic介绍 88', 'lizhili88', '17', '先来一句废话，命令行方式下的app为CConsoleApplication（位于framework\\console下），而不是网页端的CWebApplication，所以一些默认的组件是没有加载，如authManager等，请参考CWebApplication的registerCoreComponents方法。 \n                    CConsoleApplication读取的配置文件为console.php(位与webapp\\protected\\config下)，而不是main.php.其中至关重要的一项配置即为commandPath（默认是webapp\\protected\\commands），即我们的命令放在什么地方，我一般放在webapp\\protected\\commands\\shell下。如果用到model，如某些AR类，也需要导入。我的配置为', '1', '钼', '1', '1', '0000-00-00 00:00:00', '0000-00-00 00:00:00', '0');
INSERT INTO mu_article VALUES ('99', 'Yiic介绍 89', 'lizhili89', '16', '先来一句废话，命令行方式下的app为CConsoleApplication（位于framework\\console下），而不是网页端的CWebApplication，所以一些默认的组件是没有加载，如authManager等，请参考CWebApplication的registerCoreComponents方法。 \n                    CConsoleApplication读取的配置文件为console.php(位与webapp\\protected\\config下)，而不是main.php.其中至关重要的一项配置即为commandPath（默认是webapp\\protected\\commands），即我们的命令放在什么地方，我一般放在webapp\\protected\\commands\\shell下。如果用到model，如某些AR类，也需要导入。我的配置为', '1', '钼', '1', '1', '0000-00-00 00:00:00', '0000-00-00 00:00:00', '1');
INSERT INTO mu_article VALUES ('100', 'Yiic介绍 90', 'lizhili90', '16', '先来一句废话，命令行方式下的app为CConsoleApplication（位于framework\\console下），而不是网页端的CWebApplication，所以一些默认的组件是没有加载，如authManager等，请参考CWebApplication的registerCoreComponents方法。 \n                    CConsoleApplication读取的配置文件为console.php(位与webapp\\protected\\config下)，而不是main.php.其中至关重要的一项配置即为commandPath（默认是webapp\\protected\\commands），即我们的命令放在什么地方，我一般放在webapp\\protected\\commands\\shell下。如果用到model，如某些AR类，也需要导入。我的配置为', '1', '钼', '1', '1', '0000-00-00 00:00:00', '0000-00-00 00:00:00', '0');
INSERT INTO mu_article VALUES ('101', 'Yiic介绍 91', 'lizhili91', '16', '先来一句废话，命令行方式下的app为CConsoleApplication（位于framework\\console下），而不是网页端的CWebApplication，所以一些默认的组件是没有加载，如authManager等，请参考CWebApplication的registerCoreComponents方法。 \n                    CConsoleApplication读取的配置文件为console.php(位与webapp\\protected\\config下)，而不是main.php.其中至关重要的一项配置即为commandPath（默认是webapp\\protected\\commands），即我们的命令放在什么地方，我一般放在webapp\\protected\\commands\\shell下。如果用到model，如某些AR类，也需要导入。我的配置为', '1', '钼', '1', '1', '0000-00-00 00:00:00', '0000-00-00 00:00:00', '1');
INSERT INTO mu_article VALUES ('102', 'Yiic介绍 92', 'lizhili92', '16', '先来一句废话，命令行方式下的app为CConsoleApplication（位于framework\\console下），而不是网页端的CWebApplication，所以一些默认的组件是没有加载，如authManager等，请参考CWebApplication的registerCoreComponents方法。 \n                    CConsoleApplication读取的配置文件为console.php(位与webapp\\protected\\config下)，而不是main.php.其中至关重要的一项配置即为commandPath（默认是webapp\\protected\\commands），即我们的命令放在什么地方，我一般放在webapp\\protected\\commands\\shell下。如果用到model，如某些AR类，也需要导入。我的配置为', '1', '钼', '1', '1', '0000-00-00 00:00:00', '0000-00-00 00:00:00', '0');
INSERT INTO mu_article VALUES ('103', 'Yiic介绍 93', 'lizhili93', '17', '先来一句废话，命令行方式下的app为CConsoleApplication（位于framework\\console下），而不是网页端的CWebApplication，所以一些默认的组件是没有加载，如authManager等，请参考CWebApplication的registerCoreComponents方法。 \n                    CConsoleApplication读取的配置文件为console.php(位与webapp\\protected\\config下)，而不是main.php.其中至关重要的一项配置即为commandPath（默认是webapp\\protected\\commands），即我们的命令放在什么地方，我一般放在webapp\\protected\\commands\\shell下。如果用到model，如某些AR类，也需要导入。我的配置为', '1', '钼', '1', '1', '0000-00-00 00:00:00', '0000-00-00 00:00:00', '1');
INSERT INTO mu_article VALUES ('104', 'Yiic介绍 94', 'lizhili94', '17', '先来一句废话，命令行方式下的app为CConsoleApplication（位于framework\\console下），而不是网页端的CWebApplication，所以一些默认的组件是没有加载，如authManager等，请参考CWebApplication的registerCoreComponents方法。 \n                    CConsoleApplication读取的配置文件为console.php(位与webapp\\protected\\config下)，而不是main.php.其中至关重要的一项配置即为commandPath（默认是webapp\\protected\\commands），即我们的命令放在什么地方，我一般放在webapp\\protected\\commands\\shell下。如果用到model，如某些AR类，也需要导入。我的配置为', '1', '钼', '1', '1', '0000-00-00 00:00:00', '0000-00-00 00:00:00', '1');
INSERT INTO mu_article VALUES ('105', 'Yiic介绍 95', 'lizhili95', '16', '先来一句废话，命令行方式下的app为CConsoleApplication（位于framework\\console下），而不是网页端的CWebApplication，所以一些默认的组件是没有加载，如authManager等，请参考CWebApplication的registerCoreComponents方法。 \n                    CConsoleApplication读取的配置文件为console.php(位与webapp\\protected\\config下)，而不是main.php.其中至关重要的一项配置即为commandPath（默认是webapp\\protected\\commands），即我们的命令放在什么地方，我一般放在webapp\\protected\\commands\\shell下。如果用到model，如某些AR类，也需要导入。我的配置为', '1', '钼', '1', '1', '0000-00-00 00:00:00', '0000-00-00 00:00:00', '1');
INSERT INTO mu_article VALUES ('106', 'Yiic介绍 96', 'lizhili96', '16', '先来一句废话，命令行方式下的app为CConsoleApplication（位于framework\\console下），而不是网页端的CWebApplication，所以一些默认的组件是没有加载，如authManager等，请参考CWebApplication的registerCoreComponents方法。 \n                    CConsoleApplication读取的配置文件为console.php(位与webapp\\protected\\config下)，而不是main.php.其中至关重要的一项配置即为commandPath（默认是webapp\\protected\\commands），即我们的命令放在什么地方，我一般放在webapp\\protected\\commands\\shell下。如果用到model，如某些AR类，也需要导入。我的配置为', '1', '钼', '1', '1', '0000-00-00 00:00:00', '0000-00-00 00:00:00', '0');
INSERT INTO mu_article VALUES ('107', 'Yiic介绍 97', 'lizhili97', '17', '先来一句废话，命令行方式下的app为CConsoleApplication（位于framework\\console下），而不是网页端的CWebApplication，所以一些默认的组件是没有加载，如authManager等，请参考CWebApplication的registerCoreComponents方法。 \n                    CConsoleApplication读取的配置文件为console.php(位与webapp\\protected\\config下)，而不是main.php.其中至关重要的一项配置即为commandPath（默认是webapp\\protected\\commands），即我们的命令放在什么地方，我一般放在webapp\\protected\\commands\\shell下。如果用到model，如某些AR类，也需要导入。我的配置为', '1', '钼', '1', '1', '0000-00-00 00:00:00', '0000-00-00 00:00:00', '0');
INSERT INTO mu_article VALUES ('108', 'Yiic介绍 98', 'lizhili98', '16', '先来一句废话，命令行方式下的app为CConsoleApplication（位于framework\\console下），而不是网页端的CWebApplication，所以一些默认的组件是没有加载，如authManager等，请参考CWebApplication的registerCoreComponents方法。 \n                    CConsoleApplication读取的配置文件为console.php(位与webapp\\protected\\config下)，而不是main.php.其中至关重要的一项配置即为commandPath（默认是webapp\\protected\\commands），即我们的命令放在什么地方，我一般放在webapp\\protected\\commands\\shell下。如果用到model，如某些AR类，也需要导入。我的配置为', '1', '钼', '1', '1', '0000-00-00 00:00:00', '0000-00-00 00:00:00', '1');
INSERT INTO mu_article VALUES ('109', 'Yiic介绍 99', 'lizhili99', '17', '先来一句废话，命令行方式下的app为CConsoleApplication（位于framework\\console下），而不是网页端的CWebApplication，所以一些默认的组件是没有加载，如authManager等，请参考CWebApplication的registerCoreComponents方法。 \n                    CConsoleApplication读取的配置文件为console.php(位与webapp\\protected\\config下)，而不是main.php.其中至关重要的一项配置即为commandPath（默认是webapp\\protected\\commands），即我们的命令放在什么地方，我一般放在webapp\\protected\\commands\\shell下。如果用到model，如某些AR类，也需要导入。我的配置为', '1', '钼', '1', '1', '0000-00-00 00:00:00', '0000-00-00 00:00:00', '0');
INSERT INTO mu_article VALUES ('110', 'Yiic介绍 100', 'lizhili100', '17', '先来一句废话，命令行方式下的app为CConsoleApplication（位于framework\\console下），而不是网页端的CWebApplication，所以一些默认的组件是没有加载，如authManager等，请参考CWebApplication的registerCoreComponents方法。 \n                    CConsoleApplication读取的配置文件为console.php(位与webapp\\protected\\config下)，而不是main.php.其中至关重要的一项配置即为commandPath（默认是webapp\\protected\\commands），即我们的命令放在什么地方，我一般放在webapp\\protected\\commands\\shell下。如果用到model，如某些AR类，也需要导入。我的配置为', '1', '钼', '1', '1', '0000-00-00 00:00:00', '0000-00-00 00:00:00', '0');
INSERT INTO mu_article VALUES ('111', 'Yiic介绍 101', 'lizhili101', '17', '先来一句废话，命令行方式下的app为CConsoleApplication（位于framework\\console下），而不是网页端的CWebApplication，所以一些默认的组件是没有加载，如authManager等，请参考CWebApplication的registerCoreComponents方法。 \n                    CConsoleApplication读取的配置文件为console.php(位与webapp\\protected\\config下)，而不是main.php.其中至关重要的一项配置即为commandPath（默认是webapp\\protected\\commands），即我们的命令放在什么地方，我一般放在webapp\\protected\\commands\\shell下。如果用到model，如某些AR类，也需要导入。我的配置为', '1', '钼', '1', '1', '0000-00-00 00:00:00', '0000-00-00 00:00:00', '0');
INSERT INTO mu_article VALUES ('112', 'Yiic介绍 102', 'lizhili102', '17', '先来一句废话，命令行方式下的app为CConsoleApplication（位于framework\\console下），而不是网页端的CWebApplication，所以一些默认的组件是没有加载，如authManager等，请参考CWebApplication的registerCoreComponents方法。 \n                    CConsoleApplication读取的配置文件为console.php(位与webapp\\protected\\config下)，而不是main.php.其中至关重要的一项配置即为commandPath（默认是webapp\\protected\\commands），即我们的命令放在什么地方，我一般放在webapp\\protected\\commands\\shell下。如果用到model，如某些AR类，也需要导入。我的配置为', '1', '钼', '1', '1', '0000-00-00 00:00:00', '0000-00-00 00:00:00', '1');
INSERT INTO mu_article VALUES ('113', 'Yiic介绍 103', 'lizhili103', '17', '先来一句废话，命令行方式下的app为CConsoleApplication（位于framework\\console下），而不是网页端的CWebApplication，所以一些默认的组件是没有加载，如authManager等，请参考CWebApplication的registerCoreComponents方法。 \n                    CConsoleApplication读取的配置文件为console.php(位与webapp\\protected\\config下)，而不是main.php.其中至关重要的一项配置即为commandPath（默认是webapp\\protected\\commands），即我们的命令放在什么地方，我一般放在webapp\\protected\\commands\\shell下。如果用到model，如某些AR类，也需要导入。我的配置为', '1', '钼', '1', '1', '0000-00-00 00:00:00', '0000-00-00 00:00:00', '0');
INSERT INTO mu_article VALUES ('114', 'Yiic介绍 104', 'lizhili104', '16', '先来一句废话，命令行方式下的app为CConsoleApplication（位于framework\\console下），而不是网页端的CWebApplication，所以一些默认的组件是没有加载，如authManager等，请参考CWebApplication的registerCoreComponents方法。 \n                    CConsoleApplication读取的配置文件为console.php(位与webapp\\protected\\config下)，而不是main.php.其中至关重要的一项配置即为commandPath（默认是webapp\\protected\\commands），即我们的命令放在什么地方，我一般放在webapp\\protected\\commands\\shell下。如果用到model，如某些AR类，也需要导入。我的配置为', '1', '钼', '1', '1', '0000-00-00 00:00:00', '0000-00-00 00:00:00', '0');
INSERT INTO mu_article VALUES ('115', 'Yiic介绍 105', 'lizhili105', '16', '先来一句废话，命令行方式下的app为CConsoleApplication（位于framework\\console下），而不是网页端的CWebApplication，所以一些默认的组件是没有加载，如authManager等，请参考CWebApplication的registerCoreComponents方法。 \n                    CConsoleApplication读取的配置文件为console.php(位与webapp\\protected\\config下)，而不是main.php.其中至关重要的一项配置即为commandPath（默认是webapp\\protected\\commands），即我们的命令放在什么地方，我一般放在webapp\\protected\\commands\\shell下。如果用到model，如某些AR类，也需要导入。我的配置为', '1', '钼', '1', '1', '0000-00-00 00:00:00', '0000-00-00 00:00:00', '0');
INSERT INTO mu_article VALUES ('116', 'Yiic介绍 106', 'lizhili106', '16', '先来一句废话，命令行方式下的app为CConsoleApplication（位于framework\\console下），而不是网页端的CWebApplication，所以一些默认的组件是没有加载，如authManager等，请参考CWebApplication的registerCoreComponents方法。 \n                    CConsoleApplication读取的配置文件为console.php(位与webapp\\protected\\config下)，而不是main.php.其中至关重要的一项配置即为commandPath（默认是webapp\\protected\\commands），即我们的命令放在什么地方，我一般放在webapp\\protected\\commands\\shell下。如果用到model，如某些AR类，也需要导入。我的配置为', '1', '钼', '1', '1', '0000-00-00 00:00:00', '0000-00-00 00:00:00', '0');
INSERT INTO mu_article VALUES ('117', 'Yiic介绍 107', 'lizhili107', '17', '先来一句废话，命令行方式下的app为CConsoleApplication（位于framework\\console下），而不是网页端的CWebApplication，所以一些默认的组件是没有加载，如authManager等，请参考CWebApplication的registerCoreComponents方法。 \n                    CConsoleApplication读取的配置文件为console.php(位与webapp\\protected\\config下)，而不是main.php.其中至关重要的一项配置即为commandPath（默认是webapp\\protected\\commands），即我们的命令放在什么地方，我一般放在webapp\\protected\\commands\\shell下。如果用到model，如某些AR类，也需要导入。我的配置为', '1', '钼', '1', '1', '0000-00-00 00:00:00', '0000-00-00 00:00:00', '0');
INSERT INTO mu_article VALUES ('118', 'Yiic介绍 108', 'lizhili108', '16', '先来一句废话，命令行方式下的app为CConsoleApplication（位于framework\\console下），而不是网页端的CWebApplication，所以一些默认的组件是没有加载，如authManager等，请参考CWebApplication的registerCoreComponents方法。 \n                    CConsoleApplication读取的配置文件为console.php(位与webapp\\protected\\config下)，而不是main.php.其中至关重要的一项配置即为commandPath（默认是webapp\\protected\\commands），即我们的命令放在什么地方，我一般放在webapp\\protected\\commands\\shell下。如果用到model，如某些AR类，也需要导入。我的配置为', '1', '钼', '1', '1', '0000-00-00 00:00:00', '0000-00-00 00:00:00', '0');
INSERT INTO mu_article VALUES ('119', 'Yiic介绍 109', 'lizhili109', '16', '先来一句废话，命令行方式下的app为CConsoleApplication（位于framework\\console下），而不是网页端的CWebApplication，所以一些默认的组件是没有加载，如authManager等，请参考CWebApplication的registerCoreComponents方法。 \n                    CConsoleApplication读取的配置文件为console.php(位与webapp\\protected\\config下)，而不是main.php.其中至关重要的一项配置即为commandPath（默认是webapp\\protected\\commands），即我们的命令放在什么地方，我一般放在webapp\\protected\\commands\\shell下。如果用到model，如某些AR类，也需要导入。我的配置为', '1', '钼', '1', '1', '0000-00-00 00:00:00', '0000-00-00 00:00:00', '0');
INSERT INTO mu_article VALUES ('120', 'Yiic介绍 110', 'lizhili110', '17', '先来一句废话，命令行方式下的app为CConsoleApplication（位于framework\\console下），而不是网页端的CWebApplication，所以一些默认的组件是没有加载，如authManager等，请参考CWebApplication的registerCoreComponents方法。 \n                    CConsoleApplication读取的配置文件为console.php(位与webapp\\protected\\config下)，而不是main.php.其中至关重要的一项配置即为commandPath（默认是webapp\\protected\\commands），即我们的命令放在什么地方，我一般放在webapp\\protected\\commands\\shell下。如果用到model，如某些AR类，也需要导入。我的配置为', '1', '钼', '1', '1', '0000-00-00 00:00:00', '0000-00-00 00:00:00', '0');
INSERT INTO mu_article VALUES ('121', 'Yiic介绍 111', 'lizhili111', '16', '先来一句废话，命令行方式下的app为CConsoleApplication（位于framework\\console下），而不是网页端的CWebApplication，所以一些默认的组件是没有加载，如authManager等，请参考CWebApplication的registerCoreComponents方法。 \n                    CConsoleApplication读取的配置文件为console.php(位与webapp\\protected\\config下)，而不是main.php.其中至关重要的一项配置即为commandPath（默认是webapp\\protected\\commands），即我们的命令放在什么地方，我一般放在webapp\\protected\\commands\\shell下。如果用到model，如某些AR类，也需要导入。我的配置为', '1', '钼', '1', '1', '0000-00-00 00:00:00', '0000-00-00 00:00:00', '1');
INSERT INTO mu_article VALUES ('122', 'Yiic介绍 112', 'lizhili112', '17', '先来一句废话，命令行方式下的app为CConsoleApplication（位于framework\\console下），而不是网页端的CWebApplication，所以一些默认的组件是没有加载，如authManager等，请参考CWebApplication的registerCoreComponents方法。 \n                    CConsoleApplication读取的配置文件为console.php(位与webapp\\protected\\config下)，而不是main.php.其中至关重要的一项配置即为commandPath（默认是webapp\\protected\\commands），即我们的命令放在什么地方，我一般放在webapp\\protected\\commands\\shell下。如果用到model，如某些AR类，也需要导入。我的配置为', '1', '钼', '1', '1', '0000-00-00 00:00:00', '0000-00-00 00:00:00', '1');
INSERT INTO mu_article VALUES ('123', 'Yiic介绍 113', 'lizhili113', '16', '先来一句废话，命令行方式下的app为CConsoleApplication（位于framework\\console下），而不是网页端的CWebApplication，所以一些默认的组件是没有加载，如authManager等，请参考CWebApplication的registerCoreComponents方法。 \n                    CConsoleApplication读取的配置文件为console.php(位与webapp\\protected\\config下)，而不是main.php.其中至关重要的一项配置即为commandPath（默认是webapp\\protected\\commands），即我们的命令放在什么地方，我一般放在webapp\\protected\\commands\\shell下。如果用到model，如某些AR类，也需要导入。我的配置为', '1', '钼', '1', '1', '0000-00-00 00:00:00', '0000-00-00 00:00:00', '0');
INSERT INTO mu_article VALUES ('124', 'Yiic介绍 114', 'lizhili114', '17', '先来一句废话，命令行方式下的app为CConsoleApplication（位于framework\\console下），而不是网页端的CWebApplication，所以一些默认的组件是没有加载，如authManager等，请参考CWebApplication的registerCoreComponents方法。 \n                    CConsoleApplication读取的配置文件为console.php(位与webapp\\protected\\config下)，而不是main.php.其中至关重要的一项配置即为commandPath（默认是webapp\\protected\\commands），即我们的命令放在什么地方，我一般放在webapp\\protected\\commands\\shell下。如果用到model，如某些AR类，也需要导入。我的配置为', '1', '钼', '1', '1', '0000-00-00 00:00:00', '0000-00-00 00:00:00', '1');
INSERT INTO mu_article VALUES ('125', 'Yiic介绍 115', 'lizhili115', '16', '先来一句废话，命令行方式下的app为CConsoleApplication（位于framework\\console下），而不是网页端的CWebApplication，所以一些默认的组件是没有加载，如authManager等，请参考CWebApplication的registerCoreComponents方法。 \n                    CConsoleApplication读取的配置文件为console.php(位与webapp\\protected\\config下)，而不是main.php.其中至关重要的一项配置即为commandPath（默认是webapp\\protected\\commands），即我们的命令放在什么地方，我一般放在webapp\\protected\\commands\\shell下。如果用到model，如某些AR类，也需要导入。我的配置为', '1', '钼', '1', '1', '0000-00-00 00:00:00', '0000-00-00 00:00:00', '0');
INSERT INTO mu_article VALUES ('126', 'Yiic介绍 116', 'lizhili116', '17', '先来一句废话，命令行方式下的app为CConsoleApplication（位于framework\\console下），而不是网页端的CWebApplication，所以一些默认的组件是没有加载，如authManager等，请参考CWebApplication的registerCoreComponents方法。 \n                    CConsoleApplication读取的配置文件为console.php(位与webapp\\protected\\config下)，而不是main.php.其中至关重要的一项配置即为commandPath（默认是webapp\\protected\\commands），即我们的命令放在什么地方，我一般放在webapp\\protected\\commands\\shell下。如果用到model，如某些AR类，也需要导入。我的配置为', '1', '钼', '1', '1', '0000-00-00 00:00:00', '0000-00-00 00:00:00', '1');
INSERT INTO mu_article VALUES ('127', 'Yiic介绍 117', 'lizhili117', '16', '先来一句废话，命令行方式下的app为CConsoleApplication（位于framework\\console下），而不是网页端的CWebApplication，所以一些默认的组件是没有加载，如authManager等，请参考CWebApplication的registerCoreComponents方法。 \n                    CConsoleApplication读取的配置文件为console.php(位与webapp\\protected\\config下)，而不是main.php.其中至关重要的一项配置即为commandPath（默认是webapp\\protected\\commands），即我们的命令放在什么地方，我一般放在webapp\\protected\\commands\\shell下。如果用到model，如某些AR类，也需要导入。我的配置为', '1', '钼', '1', '1', '0000-00-00 00:00:00', '0000-00-00 00:00:00', '0');
INSERT INTO mu_article VALUES ('128', 'Yiic介绍 118', 'lizhili118', '16', '先来一句废话，命令行方式下的app为CConsoleApplication（位于framework\\console下），而不是网页端的CWebApplication，所以一些默认的组件是没有加载，如authManager等，请参考CWebApplication的registerCoreComponents方法。 \n                    CConsoleApplication读取的配置文件为console.php(位与webapp\\protected\\config下)，而不是main.php.其中至关重要的一项配置即为commandPath（默认是webapp\\protected\\commands），即我们的命令放在什么地方，我一般放在webapp\\protected\\commands\\shell下。如果用到model，如某些AR类，也需要导入。我的配置为', '1', '钼', '1', '1', '0000-00-00 00:00:00', '0000-00-00 00:00:00', '0');
INSERT INTO mu_article VALUES ('129', 'Yiic介绍 119', 'lizhili119', '17', '先来一句废话，命令行方式下的app为CConsoleApplication（位于framework\\console下），而不是网页端的CWebApplication，所以一些默认的组件是没有加载，如authManager等，请参考CWebApplication的registerCoreComponents方法。 \n                    CConsoleApplication读取的配置文件为console.php(位与webapp\\protected\\config下)，而不是main.php.其中至关重要的一项配置即为commandPath（默认是webapp\\protected\\commands），即我们的命令放在什么地方，我一般放在webapp\\protected\\commands\\shell下。如果用到model，如某些AR类，也需要导入。我的配置为', '1', '钼', '1', '1', '0000-00-00 00:00:00', '0000-00-00 00:00:00', '0');
INSERT INTO mu_article VALUES ('130', 'Yiic介绍 120', 'lizhili120', '17', '先来一句废话，命令行方式下的app为CConsoleApplication（位于framework\\console下），而不是网页端的CWebApplication，所以一些默认的组件是没有加载，如authManager等，请参考CWebApplication的registerCoreComponents方法。 \n                    CConsoleApplication读取的配置文件为console.php(位与webapp\\protected\\config下)，而不是main.php.其中至关重要的一项配置即为commandPath（默认是webapp\\protected\\commands），即我们的命令放在什么地方，我一般放在webapp\\protected\\commands\\shell下。如果用到model，如某些AR类，也需要导入。我的配置为', '1', '钼', '1', '1', '0000-00-00 00:00:00', '0000-00-00 00:00:00', '1');
INSERT INTO mu_article VALUES ('131', 'Yiic介绍 121', 'lizhili121', '17', '先来一句废话，命令行方式下的app为CConsoleApplication（位于framework\\console下），而不是网页端的CWebApplication，所以一些默认的组件是没有加载，如authManager等，请参考CWebApplication的registerCoreComponents方法。 \n                    CConsoleApplication读取的配置文件为console.php(位与webapp\\protected\\config下)，而不是main.php.其中至关重要的一项配置即为commandPath（默认是webapp\\protected\\commands），即我们的命令放在什么地方，我一般放在webapp\\protected\\commands\\shell下。如果用到model，如某些AR类，也需要导入。我的配置为', '1', '钼', '1', '1', '0000-00-00 00:00:00', '0000-00-00 00:00:00', '1');
INSERT INTO mu_article VALUES ('132', 'Yiic介绍 122', 'lizhili122', '17', '先来一句废话，命令行方式下的app为CConsoleApplication（位于framework\\console下），而不是网页端的CWebApplication，所以一些默认的组件是没有加载，如authManager等，请参考CWebApplication的registerCoreComponents方法。 \n                    CConsoleApplication读取的配置文件为console.php(位与webapp\\protected\\config下)，而不是main.php.其中至关重要的一项配置即为commandPath（默认是webapp\\protected\\commands），即我们的命令放在什么地方，我一般放在webapp\\protected\\commands\\shell下。如果用到model，如某些AR类，也需要导入。我的配置为', '1', '钼', '1', '1', '0000-00-00 00:00:00', '0000-00-00 00:00:00', '1');
INSERT INTO mu_article VALUES ('133', 'Yiic介绍 123', 'lizhili123', '16', '先来一句废话，命令行方式下的app为CConsoleApplication（位于framework\\console下），而不是网页端的CWebApplication，所以一些默认的组件是没有加载，如authManager等，请参考CWebApplication的registerCoreComponents方法。 \n                    CConsoleApplication读取的配置文件为console.php(位与webapp\\protected\\config下)，而不是main.php.其中至关重要的一项配置即为commandPath（默认是webapp\\protected\\commands），即我们的命令放在什么地方，我一般放在webapp\\protected\\commands\\shell下。如果用到model，如某些AR类，也需要导入。我的配置为', '1', '钼', '1', '1', '0000-00-00 00:00:00', '0000-00-00 00:00:00', '0');
INSERT INTO mu_article VALUES ('134', 'Yiic介绍 124', 'lizhili124', '16', '先来一句废话，命令行方式下的app为CConsoleApplication（位于framework\\console下），而不是网页端的CWebApplication，所以一些默认的组件是没有加载，如authManager等，请参考CWebApplication的registerCoreComponents方法。 \n                    CConsoleApplication读取的配置文件为console.php(位与webapp\\protected\\config下)，而不是main.php.其中至关重要的一项配置即为commandPath（默认是webapp\\protected\\commands），即我们的命令放在什么地方，我一般放在webapp\\protected\\commands\\shell下。如果用到model，如某些AR类，也需要导入。我的配置为', '1', '钼', '1', '1', '0000-00-00 00:00:00', '0000-00-00 00:00:00', '1');
INSERT INTO mu_article VALUES ('135', 'Yiic介绍 125', 'lizhili125', '17', '先来一句废话，命令行方式下的app为CConsoleApplication（位于framework\\console下），而不是网页端的CWebApplication，所以一些默认的组件是没有加载，如authManager等，请参考CWebApplication的registerCoreComponents方法。 \n                    CConsoleApplication读取的配置文件为console.php(位与webapp\\protected\\config下)，而不是main.php.其中至关重要的一项配置即为commandPath（默认是webapp\\protected\\commands），即我们的命令放在什么地方，我一般放在webapp\\protected\\commands\\shell下。如果用到model，如某些AR类，也需要导入。我的配置为', '1', '钼', '1', '1', '0000-00-00 00:00:00', '0000-00-00 00:00:00', '0');
INSERT INTO mu_article VALUES ('136', 'Yiic介绍 126', 'lizhili126', '16', '先来一句废话，命令行方式下的app为CConsoleApplication（位于framework\\console下），而不是网页端的CWebApplication，所以一些默认的组件是没有加载，如authManager等，请参考CWebApplication的registerCoreComponents方法。 \n                    CConsoleApplication读取的配置文件为console.php(位与webapp\\protected\\config下)，而不是main.php.其中至关重要的一项配置即为commandPath（默认是webapp\\protected\\commands），即我们的命令放在什么地方，我一般放在webapp\\protected\\commands\\shell下。如果用到model，如某些AR类，也需要导入。我的配置为', '1', '钼', '1', '1', '0000-00-00 00:00:00', '0000-00-00 00:00:00', '1');
INSERT INTO mu_article VALUES ('137', 'Yiic介绍 127', 'lizhili127', '16', '先来一句废话，命令行方式下的app为CConsoleApplication（位于framework\\console下），而不是网页端的CWebApplication，所以一些默认的组件是没有加载，如authManager等，请参考CWebApplication的registerCoreComponents方法。 \n                    CConsoleApplication读取的配置文件为console.php(位与webapp\\protected\\config下)，而不是main.php.其中至关重要的一项配置即为commandPath（默认是webapp\\protected\\commands），即我们的命令放在什么地方，我一般放在webapp\\protected\\commands\\shell下。如果用到model，如某些AR类，也需要导入。我的配置为', '1', '钼', '1', '1', '0000-00-00 00:00:00', '0000-00-00 00:00:00', '1');
INSERT INTO mu_article VALUES ('138', 'Yiic介绍 128', 'lizhili128', '17', '先来一句废话，命令行方式下的app为CConsoleApplication（位于framework\\console下），而不是网页端的CWebApplication，所以一些默认的组件是没有加载，如authManager等，请参考CWebApplication的registerCoreComponents方法。 \n                    CConsoleApplication读取的配置文件为console.php(位与webapp\\protected\\config下)，而不是main.php.其中至关重要的一项配置即为commandPath（默认是webapp\\protected\\commands），即我们的命令放在什么地方，我一般放在webapp\\protected\\commands\\shell下。如果用到model，如某些AR类，也需要导入。我的配置为', '1', '钼', '1', '1', '0000-00-00 00:00:00', '0000-00-00 00:00:00', '1');
INSERT INTO mu_article VALUES ('139', 'Yiic介绍 129', 'lizhili129', '17', '先来一句废话，命令行方式下的app为CConsoleApplication（位于framework\\console下），而不是网页端的CWebApplication，所以一些默认的组件是没有加载，如authManager等，请参考CWebApplication的registerCoreComponents方法。 \n                    CConsoleApplication读取的配置文件为console.php(位与webapp\\protected\\config下)，而不是main.php.其中至关重要的一项配置即为commandPath（默认是webapp\\protected\\commands），即我们的命令放在什么地方，我一般放在webapp\\protected\\commands\\shell下。如果用到model，如某些AR类，也需要导入。我的配置为', '1', '钼', '1', '1', '0000-00-00 00:00:00', '0000-00-00 00:00:00', '0');
INSERT INTO mu_article VALUES ('140', 'Yiic介绍 130', 'lizhili130', '16', '先来一句废话，命令行方式下的app为CConsoleApplication（位于framework\\console下），而不是网页端的CWebApplication，所以一些默认的组件是没有加载，如authManager等，请参考CWebApplication的registerCoreComponents方法。 \n                    CConsoleApplication读取的配置文件为console.php(位与webapp\\protected\\config下)，而不是main.php.其中至关重要的一项配置即为commandPath（默认是webapp\\protected\\commands），即我们的命令放在什么地方，我一般放在webapp\\protected\\commands\\shell下。如果用到model，如某些AR类，也需要导入。我的配置为', '1', '钼', '1', '1', '0000-00-00 00:00:00', '0000-00-00 00:00:00', '0');
INSERT INTO mu_article VALUES ('141', 'Yiic介绍 131', 'lizhili131', '16', '先来一句废话，命令行方式下的app为CConsoleApplication（位于framework\\console下），而不是网页端的CWebApplication，所以一些默认的组件是没有加载，如authManager等，请参考CWebApplication的registerCoreComponents方法。 \n                    CConsoleApplication读取的配置文件为console.php(位与webapp\\protected\\config下)，而不是main.php.其中至关重要的一项配置即为commandPath（默认是webapp\\protected\\commands），即我们的命令放在什么地方，我一般放在webapp\\protected\\commands\\shell下。如果用到model，如某些AR类，也需要导入。我的配置为', '1', '钼', '1', '1', '0000-00-00 00:00:00', '0000-00-00 00:00:00', '1');
INSERT INTO mu_article VALUES ('142', 'Yiic介绍 132', 'lizhili132', '16', '先来一句废话，命令行方式下的app为CConsoleApplication（位于framework\\console下），而不是网页端的CWebApplication，所以一些默认的组件是没有加载，如authManager等，请参考CWebApplication的registerCoreComponents方法。 \n                    CConsoleApplication读取的配置文件为console.php(位与webapp\\protected\\config下)，而不是main.php.其中至关重要的一项配置即为commandPath（默认是webapp\\protected\\commands），即我们的命令放在什么地方，我一般放在webapp\\protected\\commands\\shell下。如果用到model，如某些AR类，也需要导入。我的配置为', '1', '钼', '1', '1', '0000-00-00 00:00:00', '0000-00-00 00:00:00', '1');
INSERT INTO mu_article VALUES ('143', 'Yiic介绍 133', 'lizhili133', '17', '先来一句废话，命令行方式下的app为CConsoleApplication（位于framework\\console下），而不是网页端的CWebApplication，所以一些默认的组件是没有加载，如authManager等，请参考CWebApplication的registerCoreComponents方法。 \n                    CConsoleApplication读取的配置文件为console.php(位与webapp\\protected\\config下)，而不是main.php.其中至关重要的一项配置即为commandPath（默认是webapp\\protected\\commands），即我们的命令放在什么地方，我一般放在webapp\\protected\\commands\\shell下。如果用到model，如某些AR类，也需要导入。我的配置为', '1', '钼', '1', '1', '0000-00-00 00:00:00', '0000-00-00 00:00:00', '0');
INSERT INTO mu_article VALUES ('144', 'Yiic介绍 134', 'lizhili134', '16', '先来一句废话，命令行方式下的app为CConsoleApplication（位于framework\\console下），而不是网页端的CWebApplication，所以一些默认的组件是没有加载，如authManager等，请参考CWebApplication的registerCoreComponents方法。 \n                    CConsoleApplication读取的配置文件为console.php(位与webapp\\protected\\config下)，而不是main.php.其中至关重要的一项配置即为commandPath（默认是webapp\\protected\\commands），即我们的命令放在什么地方，我一般放在webapp\\protected\\commands\\shell下。如果用到model，如某些AR类，也需要导入。我的配置为', '1', '钼', '1', '1', '0000-00-00 00:00:00', '0000-00-00 00:00:00', '1');
INSERT INTO mu_article VALUES ('145', 'Yiic介绍 135', 'lizhili135', '16', '先来一句废话，命令行方式下的app为CConsoleApplication（位于framework\\console下），而不是网页端的CWebApplication，所以一些默认的组件是没有加载，如authManager等，请参考CWebApplication的registerCoreComponents方法。 \n                    CConsoleApplication读取的配置文件为console.php(位与webapp\\protected\\config下)，而不是main.php.其中至关重要的一项配置即为commandPath（默认是webapp\\protected\\commands），即我们的命令放在什么地方，我一般放在webapp\\protected\\commands\\shell下。如果用到model，如某些AR类，也需要导入。我的配置为', '1', '钼', '1', '1', '0000-00-00 00:00:00', '0000-00-00 00:00:00', '1');
INSERT INTO mu_article VALUES ('146', 'Yiic介绍 136', 'lizhili136', '16', '先来一句废话，命令行方式下的app为CConsoleApplication（位于framework\\console下），而不是网页端的CWebApplication，所以一些默认的组件是没有加载，如authManager等，请参考CWebApplication的registerCoreComponents方法。 \n                    CConsoleApplication读取的配置文件为console.php(位与webapp\\protected\\config下)，而不是main.php.其中至关重要的一项配置即为commandPath（默认是webapp\\protected\\commands），即我们的命令放在什么地方，我一般放在webapp\\protected\\commands\\shell下。如果用到model，如某些AR类，也需要导入。我的配置为', '1', '钼', '1', '1', '0000-00-00 00:00:00', '0000-00-00 00:00:00', '1');
INSERT INTO mu_article VALUES ('147', 'Yiic介绍 137', 'lizhili137', '17', '先来一句废话，命令行方式下的app为CConsoleApplication（位于framework\\console下），而不是网页端的CWebApplication，所以一些默认的组件是没有加载，如authManager等，请参考CWebApplication的registerCoreComponents方法。 \n                    CConsoleApplication读取的配置文件为console.php(位与webapp\\protected\\config下)，而不是main.php.其中至关重要的一项配置即为commandPath（默认是webapp\\protected\\commands），即我们的命令放在什么地方，我一般放在webapp\\protected\\commands\\shell下。如果用到model，如某些AR类，也需要导入。我的配置为', '1', '钼', '1', '1', '0000-00-00 00:00:00', '0000-00-00 00:00:00', '0');
INSERT INTO mu_article VALUES ('148', 'Yiic介绍 138', 'lizhili138', '17', '先来一句废话，命令行方式下的app为CConsoleApplication（位于framework\\console下），而不是网页端的CWebApplication，所以一些默认的组件是没有加载，如authManager等，请参考CWebApplication的registerCoreComponents方法。 \n                    CConsoleApplication读取的配置文件为console.php(位与webapp\\protected\\config下)，而不是main.php.其中至关重要的一项配置即为commandPath（默认是webapp\\protected\\commands），即我们的命令放在什么地方，我一般放在webapp\\protected\\commands\\shell下。如果用到model，如某些AR类，也需要导入。我的配置为', '1', '钼', '1', '1', '0000-00-00 00:00:00', '0000-00-00 00:00:00', '0');
INSERT INTO mu_article VALUES ('149', 'Yiic介绍 139', 'lizhili139', '16', '先来一句废话，命令行方式下的app为CConsoleApplication（位于framework\\console下），而不是网页端的CWebApplication，所以一些默认的组件是没有加载，如authManager等，请参考CWebApplication的registerCoreComponents方法。 \n                    CConsoleApplication读取的配置文件为console.php(位与webapp\\protected\\config下)，而不是main.php.其中至关重要的一项配置即为commandPath（默认是webapp\\protected\\commands），即我们的命令放在什么地方，我一般放在webapp\\protected\\commands\\shell下。如果用到model，如某些AR类，也需要导入。我的配置为', '1', '钼', '1', '1', '0000-00-00 00:00:00', '0000-00-00 00:00:00', '0');
INSERT INTO mu_article VALUES ('150', 'Yiic介绍 140', 'lizhili140', '17', '先来一句废话，命令行方式下的app为CConsoleApplication（位于framework\\console下），而不是网页端的CWebApplication，所以一些默认的组件是没有加载，如authManager等，请参考CWebApplication的registerCoreComponents方法。 \n                    CConsoleApplication读取的配置文件为console.php(位与webapp\\protected\\config下)，而不是main.php.其中至关重要的一项配置即为commandPath（默认是webapp\\protected\\commands），即我们的命令放在什么地方，我一般放在webapp\\protected\\commands\\shell下。如果用到model，如某些AR类，也需要导入。我的配置为', '1', '钼', '1', '1', '0000-00-00 00:00:00', '0000-00-00 00:00:00', '0');
INSERT INTO mu_article VALUES ('151', 'Yiic介绍 141', 'lizhili141', '17', '先来一句废话，命令行方式下的app为CConsoleApplication（位于framework\\console下），而不是网页端的CWebApplication，所以一些默认的组件是没有加载，如authManager等，请参考CWebApplication的registerCoreComponents方法。 \n                    CConsoleApplication读取的配置文件为console.php(位与webapp\\protected\\config下)，而不是main.php.其中至关重要的一项配置即为commandPath（默认是webapp\\protected\\commands），即我们的命令放在什么地方，我一般放在webapp\\protected\\commands\\shell下。如果用到model，如某些AR类，也需要导入。我的配置为', '1', '钼', '1', '1', '0000-00-00 00:00:00', '0000-00-00 00:00:00', '1');
INSERT INTO mu_article VALUES ('152', 'Yiic介绍 142', 'lizhili142', '17', '先来一句废话，命令行方式下的app为CConsoleApplication（位于framework\\console下），而不是网页端的CWebApplication，所以一些默认的组件是没有加载，如authManager等，请参考CWebApplication的registerCoreComponents方法。 \n                    CConsoleApplication读取的配置文件为console.php(位与webapp\\protected\\config下)，而不是main.php.其中至关重要的一项配置即为commandPath（默认是webapp\\protected\\commands），即我们的命令放在什么地方，我一般放在webapp\\protected\\commands\\shell下。如果用到model，如某些AR类，也需要导入。我的配置为', '1', '钼', '1', '1', '0000-00-00 00:00:00', '0000-00-00 00:00:00', '0');
INSERT INTO mu_article VALUES ('153', 'Yiic介绍 143', 'lizhili143', '16', '先来一句废话，命令行方式下的app为CConsoleApplication（位于framework\\console下），而不是网页端的CWebApplication，所以一些默认的组件是没有加载，如authManager等，请参考CWebApplication的registerCoreComponents方法。 \n                    CConsoleApplication读取的配置文件为console.php(位与webapp\\protected\\config下)，而不是main.php.其中至关重要的一项配置即为commandPath（默认是webapp\\protected\\commands），即我们的命令放在什么地方，我一般放在webapp\\protected\\commands\\shell下。如果用到model，如某些AR类，也需要导入。我的配置为', '1', '钼', '1', '1', '0000-00-00 00:00:00', '0000-00-00 00:00:00', '0');
INSERT INTO mu_article VALUES ('154', 'Yiic介绍 144', 'lizhili144', '17', '先来一句废话，命令行方式下的app为CConsoleApplication（位于framework\\console下），而不是网页端的CWebApplication，所以一些默认的组件是没有加载，如authManager等，请参考CWebApplication的registerCoreComponents方法。 \n                    CConsoleApplication读取的配置文件为console.php(位与webapp\\protected\\config下)，而不是main.php.其中至关重要的一项配置即为commandPath（默认是webapp\\protected\\commands），即我们的命令放在什么地方，我一般放在webapp\\protected\\commands\\shell下。如果用到model，如某些AR类，也需要导入。我的配置为', '1', '钼', '1', '1', '0000-00-00 00:00:00', '0000-00-00 00:00:00', '1');
INSERT INTO mu_article VALUES ('155', 'Yiic介绍 145', 'lizhili145', '17', '先来一句废话，命令行方式下的app为CConsoleApplication（位于framework\\console下），而不是网页端的CWebApplication，所以一些默认的组件是没有加载，如authManager等，请参考CWebApplication的registerCoreComponents方法。 \n                    CConsoleApplication读取的配置文件为console.php(位与webapp\\protected\\config下)，而不是main.php.其中至关重要的一项配置即为commandPath（默认是webapp\\protected\\commands），即我们的命令放在什么地方，我一般放在webapp\\protected\\commands\\shell下。如果用到model，如某些AR类，也需要导入。我的配置为', '1', '钼', '1', '1', '0000-00-00 00:00:00', '0000-00-00 00:00:00', '0');
INSERT INTO mu_article VALUES ('156', 'Yiic介绍 146', 'lizhili146', '17', '先来一句废话，命令行方式下的app为CConsoleApplication（位于framework\\console下），而不是网页端的CWebApplication，所以一些默认的组件是没有加载，如authManager等，请参考CWebApplication的registerCoreComponents方法。 \n                    CConsoleApplication读取的配置文件为console.php(位与webapp\\protected\\config下)，而不是main.php.其中至关重要的一项配置即为commandPath（默认是webapp\\protected\\commands），即我们的命令放在什么地方，我一般放在webapp\\protected\\commands\\shell下。如果用到model，如某些AR类，也需要导入。我的配置为', '1', '钼', '1', '1', '0000-00-00 00:00:00', '0000-00-00 00:00:00', '1');
INSERT INTO mu_article VALUES ('157', 'Yiic介绍 147', 'lizhili147', '16', '先来一句废话，命令行方式下的app为CConsoleApplication（位于framework\\console下），而不是网页端的CWebApplication，所以一些默认的组件是没有加载，如authManager等，请参考CWebApplication的registerCoreComponents方法。 \n                    CConsoleApplication读取的配置文件为console.php(位与webapp\\protected\\config下)，而不是main.php.其中至关重要的一项配置即为commandPath（默认是webapp\\protected\\commands），即我们的命令放在什么地方，我一般放在webapp\\protected\\commands\\shell下。如果用到model，如某些AR类，也需要导入。我的配置为', '1', '钼', '1', '1', '0000-00-00 00:00:00', '0000-00-00 00:00:00', '0');
INSERT INTO mu_article VALUES ('158', 'Yiic介绍 148', 'lizhili148', '17', '先来一句废话，命令行方式下的app为CConsoleApplication（位于framework\\console下），而不是网页端的CWebApplication，所以一些默认的组件是没有加载，如authManager等，请参考CWebApplication的registerCoreComponents方法。 \n                    CConsoleApplication读取的配置文件为console.php(位与webapp\\protected\\config下)，而不是main.php.其中至关重要的一项配置即为commandPath（默认是webapp\\protected\\commands），即我们的命令放在什么地方，我一般放在webapp\\protected\\commands\\shell下。如果用到model，如某些AR类，也需要导入。我的配置为', '1', '钼', '1', '1', '0000-00-00 00:00:00', '0000-00-00 00:00:00', '0');
INSERT INTO mu_article VALUES ('159', 'Yiic介绍 149', 'lizhili149', '17', '先来一句废话，命令行方式下的app为CConsoleApplication（位于framework\\console下），而不是网页端的CWebApplication，所以一些默认的组件是没有加载，如authManager等，请参考CWebApplication的registerCoreComponents方法。 \n                    CConsoleApplication读取的配置文件为console.php(位与webapp\\protected\\config下)，而不是main.php.其中至关重要的一项配置即为commandPath（默认是webapp\\protected\\commands），即我们的命令放在什么地方，我一般放在webapp\\protected\\commands\\shell下。如果用到model，如某些AR类，也需要导入。我的配置为', '1', '钼', '1', '1', '0000-00-00 00:00:00', '0000-00-00 00:00:00', '0');
INSERT INTO mu_article VALUES ('160', 'Yiic介绍 150', 'lizhili150', '17', '先来一句废话，命令行方式下的app为CConsoleApplication（位于framework\\console下），而不是网页端的CWebApplication，所以一些默认的组件是没有加载，如authManager等，请参考CWebApplication的registerCoreComponents方法。 \n                    CConsoleApplication读取的配置文件为console.php(位与webapp\\protected\\config下)，而不是main.php.其中至关重要的一项配置即为commandPath（默认是webapp\\protected\\commands），即我们的命令放在什么地方，我一般放在webapp\\protected\\commands\\shell下。如果用到model，如某些AR类，也需要导入。我的配置为', '1', '钼', '1', '1', '0000-00-00 00:00:00', '0000-00-00 00:00:00', '0');
INSERT INTO mu_article VALUES ('161', 'Yiic介绍 151', 'lizhili151', '16', '先来一句废话，命令行方式下的app为CConsoleApplication（位于framework\\console下），而不是网页端的CWebApplication，所以一些默认的组件是没有加载，如authManager等，请参考CWebApplication的registerCoreComponents方法。 \n                    CConsoleApplication读取的配置文件为console.php(位与webapp\\protected\\config下)，而不是main.php.其中至关重要的一项配置即为commandPath（默认是webapp\\protected\\commands），即我们的命令放在什么地方，我一般放在webapp\\protected\\commands\\shell下。如果用到model，如某些AR类，也需要导入。我的配置为', '1', '钼', '1', '1', '0000-00-00 00:00:00', '0000-00-00 00:00:00', '0');
INSERT INTO mu_article VALUES ('162', 'Yiic介绍 152', 'lizhili152', '16', '先来一句废话，命令行方式下的app为CConsoleApplication（位于framework\\console下），而不是网页端的CWebApplication，所以一些默认的组件是没有加载，如authManager等，请参考CWebApplication的registerCoreComponents方法。 \n                    CConsoleApplication读取的配置文件为console.php(位与webapp\\protected\\config下)，而不是main.php.其中至关重要的一项配置即为commandPath（默认是webapp\\protected\\commands），即我们的命令放在什么地方，我一般放在webapp\\protected\\commands\\shell下。如果用到model，如某些AR类，也需要导入。我的配置为', '1', '钼', '1', '1', '0000-00-00 00:00:00', '0000-00-00 00:00:00', '1');
INSERT INTO mu_article VALUES ('163', 'Yiic介绍 153', 'lizhili153', '17', '先来一句废话，命令行方式下的app为CConsoleApplication（位于framework\\console下），而不是网页端的CWebApplication，所以一些默认的组件是没有加载，如authManager等，请参考CWebApplication的registerCoreComponents方法。 \n                    CConsoleApplication读取的配置文件为console.php(位与webapp\\protected\\config下)，而不是main.php.其中至关重要的一项配置即为commandPath（默认是webapp\\protected\\commands），即我们的命令放在什么地方，我一般放在webapp\\protected\\commands\\shell下。如果用到model，如某些AR类，也需要导入。我的配置为', '1', '钼', '1', '1', '0000-00-00 00:00:00', '0000-00-00 00:00:00', '0');
INSERT INTO mu_article VALUES ('164', 'Yiic介绍 154', 'lizhili154', '17', '先来一句废话，命令行方式下的app为CConsoleApplication（位于framework\\console下），而不是网页端的CWebApplication，所以一些默认的组件是没有加载，如authManager等，请参考CWebApplication的registerCoreComponents方法。 \n                    CConsoleApplication读取的配置文件为console.php(位与webapp\\protected\\config下)，而不是main.php.其中至关重要的一项配置即为commandPath（默认是webapp\\protected\\commands），即我们的命令放在什么地方，我一般放在webapp\\protected\\commands\\shell下。如果用到model，如某些AR类，也需要导入。我的配置为', '1', '钼', '1', '1', '0000-00-00 00:00:00', '0000-00-00 00:00:00', '0');
INSERT INTO mu_article VALUES ('165', 'Yiic介绍 155', 'lizhili155', '17', '先来一句废话，命令行方式下的app为CConsoleApplication（位于framework\\console下），而不是网页端的CWebApplication，所以一些默认的组件是没有加载，如authManager等，请参考CWebApplication的registerCoreComponents方法。 \n                    CConsoleApplication读取的配置文件为console.php(位与webapp\\protected\\config下)，而不是main.php.其中至关重要的一项配置即为commandPath（默认是webapp\\protected\\commands），即我们的命令放在什么地方，我一般放在webapp\\protected\\commands\\shell下。如果用到model，如某些AR类，也需要导入。我的配置为', '1', '钼', '1', '1', '0000-00-00 00:00:00', '0000-00-00 00:00:00', '0');
INSERT INTO mu_article VALUES ('166', 'Yiic介绍 156', 'lizhili156', '16', '先来一句废话，命令行方式下的app为CConsoleApplication（位于framework\\console下），而不是网页端的CWebApplication，所以一些默认的组件是没有加载，如authManager等，请参考CWebApplication的registerCoreComponents方法。 \n                    CConsoleApplication读取的配置文件为console.php(位与webapp\\protected\\config下)，而不是main.php.其中至关重要的一项配置即为commandPath（默认是webapp\\protected\\commands），即我们的命令放在什么地方，我一般放在webapp\\protected\\commands\\shell下。如果用到model，如某些AR类，也需要导入。我的配置为', '1', '钼', '1', '1', '0000-00-00 00:00:00', '0000-00-00 00:00:00', '1');
INSERT INTO mu_article VALUES ('167', 'Yiic介绍 157', 'lizhili157', '17', '先来一句废话，命令行方式下的app为CConsoleApplication（位于framework\\console下），而不是网页端的CWebApplication，所以一些默认的组件是没有加载，如authManager等，请参考CWebApplication的registerCoreComponents方法。 \n                    CConsoleApplication读取的配置文件为console.php(位与webapp\\protected\\config下)，而不是main.php.其中至关重要的一项配置即为commandPath（默认是webapp\\protected\\commands），即我们的命令放在什么地方，我一般放在webapp\\protected\\commands\\shell下。如果用到model，如某些AR类，也需要导入。我的配置为', '1', '钼', '1', '1', '0000-00-00 00:00:00', '0000-00-00 00:00:00', '0');
INSERT INTO mu_article VALUES ('168', 'Yiic介绍 158', 'lizhili158', '17', '先来一句废话，命令行方式下的app为CConsoleApplication（位于framework\\console下），而不是网页端的CWebApplication，所以一些默认的组件是没有加载，如authManager等，请参考CWebApplication的registerCoreComponents方法。 \n                    CConsoleApplication读取的配置文件为console.php(位与webapp\\protected\\config下)，而不是main.php.其中至关重要的一项配置即为commandPath（默认是webapp\\protected\\commands），即我们的命令放在什么地方，我一般放在webapp\\protected\\commands\\shell下。如果用到model，如某些AR类，也需要导入。我的配置为', '1', '钼', '1', '1', '0000-00-00 00:00:00', '0000-00-00 00:00:00', '1');
INSERT INTO mu_article VALUES ('169', 'Yiic介绍 159', 'lizhili159', '16', '先来一句废话，命令行方式下的app为CConsoleApplication（位于framework\\console下），而不是网页端的CWebApplication，所以一些默认的组件是没有加载，如authManager等，请参考CWebApplication的registerCoreComponents方法。 \n                    CConsoleApplication读取的配置文件为console.php(位与webapp\\protected\\config下)，而不是main.php.其中至关重要的一项配置即为commandPath（默认是webapp\\protected\\commands），即我们的命令放在什么地方，我一般放在webapp\\protected\\commands\\shell下。如果用到model，如某些AR类，也需要导入。我的配置为', '1', '钼', '1', '1', '0000-00-00 00:00:00', '0000-00-00 00:00:00', '0');
INSERT INTO mu_article VALUES ('170', 'Yiic介绍 160', 'lizhili160', '16', '先来一句废话，命令行方式下的app为CConsoleApplication（位于framework\\console下），而不是网页端的CWebApplication，所以一些默认的组件是没有加载，如authManager等，请参考CWebApplication的registerCoreComponents方法。 \n                    CConsoleApplication读取的配置文件为console.php(位与webapp\\protected\\config下)，而不是main.php.其中至关重要的一项配置即为commandPath（默认是webapp\\protected\\commands），即我们的命令放在什么地方，我一般放在webapp\\protected\\commands\\shell下。如果用到model，如某些AR类，也需要导入。我的配置为', '1', '钼', '1', '1', '0000-00-00 00:00:00', '0000-00-00 00:00:00', '1');
INSERT INTO mu_article VALUES ('171', 'Yiic介绍 161', 'lizhili161', '16', '先来一句废话，命令行方式下的app为CConsoleApplication（位于framework\\console下），而不是网页端的CWebApplication，所以一些默认的组件是没有加载，如authManager等，请参考CWebApplication的registerCoreComponents方法。 \n                    CConsoleApplication读取的配置文件为console.php(位与webapp\\protected\\config下)，而不是main.php.其中至关重要的一项配置即为commandPath（默认是webapp\\protected\\commands），即我们的命令放在什么地方，我一般放在webapp\\protected\\commands\\shell下。如果用到model，如某些AR类，也需要导入。我的配置为', '1', '钼', '1', '1', '0000-00-00 00:00:00', '0000-00-00 00:00:00', '1');
INSERT INTO mu_article VALUES ('172', 'Yiic介绍 162', 'lizhili162', '17', '先来一句废话，命令行方式下的app为CConsoleApplication（位于framework\\console下），而不是网页端的CWebApplication，所以一些默认的组件是没有加载，如authManager等，请参考CWebApplication的registerCoreComponents方法。 \n                    CConsoleApplication读取的配置文件为console.php(位与webapp\\protected\\config下)，而不是main.php.其中至关重要的一项配置即为commandPath（默认是webapp\\protected\\commands），即我们的命令放在什么地方，我一般放在webapp\\protected\\commands\\shell下。如果用到model，如某些AR类，也需要导入。我的配置为', '1', '钼', '1', '1', '0000-00-00 00:00:00', '0000-00-00 00:00:00', '1');
INSERT INTO mu_article VALUES ('173', 'Yiic介绍 163', 'lizhili163', '16', '先来一句废话，命令行方式下的app为CConsoleApplication（位于framework\\console下），而不是网页端的CWebApplication，所以一些默认的组件是没有加载，如authManager等，请参考CWebApplication的registerCoreComponents方法。 \n                    CConsoleApplication读取的配置文件为console.php(位与webapp\\protected\\config下)，而不是main.php.其中至关重要的一项配置即为commandPath（默认是webapp\\protected\\commands），即我们的命令放在什么地方，我一般放在webapp\\protected\\commands\\shell下。如果用到model，如某些AR类，也需要导入。我的配置为', '1', '钼', '1', '1', '0000-00-00 00:00:00', '0000-00-00 00:00:00', '1');
INSERT INTO mu_article VALUES ('174', 'Yiic介绍 164', 'lizhili164', '17', '先来一句废话，命令行方式下的app为CConsoleApplication（位于framework\\console下），而不是网页端的CWebApplication，所以一些默认的组件是没有加载，如authManager等，请参考CWebApplication的registerCoreComponents方法。 \n                    CConsoleApplication读取的配置文件为console.php(位与webapp\\protected\\config下)，而不是main.php.其中至关重要的一项配置即为commandPath（默认是webapp\\protected\\commands），即我们的命令放在什么地方，我一般放在webapp\\protected\\commands\\shell下。如果用到model，如某些AR类，也需要导入。我的配置为', '1', '钼', '1', '1', '0000-00-00 00:00:00', '0000-00-00 00:00:00', '0');
INSERT INTO mu_article VALUES ('175', 'Yiic介绍 165', 'lizhili165', '17', '先来一句废话，命令行方式下的app为CConsoleApplication（位于framework\\console下），而不是网页端的CWebApplication，所以一些默认的组件是没有加载，如authManager等，请参考CWebApplication的registerCoreComponents方法。 \n                    CConsoleApplication读取的配置文件为console.php(位与webapp\\protected\\config下)，而不是main.php.其中至关重要的一项配置即为commandPath（默认是webapp\\protected\\commands），即我们的命令放在什么地方，我一般放在webapp\\protected\\commands\\shell下。如果用到model，如某些AR类，也需要导入。我的配置为', '1', '钼', '1', '1', '0000-00-00 00:00:00', '0000-00-00 00:00:00', '0');
INSERT INTO mu_article VALUES ('176', 'Yiic介绍 166', 'lizhili166', '16', '先来一句废话，命令行方式下的app为CConsoleApplication（位于framework\\console下），而不是网页端的CWebApplication，所以一些默认的组件是没有加载，如authManager等，请参考CWebApplication的registerCoreComponents方法。 \n                    CConsoleApplication读取的配置文件为console.php(位与webapp\\protected\\config下)，而不是main.php.其中至关重要的一项配置即为commandPath（默认是webapp\\protected\\commands），即我们的命令放在什么地方，我一般放在webapp\\protected\\commands\\shell下。如果用到model，如某些AR类，也需要导入。我的配置为', '1', '钼', '1', '1', '0000-00-00 00:00:00', '0000-00-00 00:00:00', '1');
INSERT INTO mu_article VALUES ('177', 'Yiic介绍 167', 'lizhili167', '16', '先来一句废话，命令行方式下的app为CConsoleApplication（位于framework\\console下），而不是网页端的CWebApplication，所以一些默认的组件是没有加载，如authManager等，请参考CWebApplication的registerCoreComponents方法。 \n                    CConsoleApplication读取的配置文件为console.php(位与webapp\\protected\\config下)，而不是main.php.其中至关重要的一项配置即为commandPath（默认是webapp\\protected\\commands），即我们的命令放在什么地方，我一般放在webapp\\protected\\commands\\shell下。如果用到model，如某些AR类，也需要导入。我的配置为', '1', '钼', '1', '1', '0000-00-00 00:00:00', '0000-00-00 00:00:00', '0');
INSERT INTO mu_article VALUES ('178', 'Yiic介绍 168', 'lizhili168', '16', '先来一句废话，命令行方式下的app为CConsoleApplication（位于framework\\console下），而不是网页端的CWebApplication，所以一些默认的组件是没有加载，如authManager等，请参考CWebApplication的registerCoreComponents方法。 \n                    CConsoleApplication读取的配置文件为console.php(位与webapp\\protected\\config下)，而不是main.php.其中至关重要的一项配置即为commandPath（默认是webapp\\protected\\commands），即我们的命令放在什么地方，我一般放在webapp\\protected\\commands\\shell下。如果用到model，如某些AR类，也需要导入。我的配置为', '1', '钼', '1', '1', '0000-00-00 00:00:00', '0000-00-00 00:00:00', '1');
INSERT INTO mu_article VALUES ('179', 'Yiic介绍 169', 'lizhili169', '16', '先来一句废话，命令行方式下的app为CConsoleApplication（位于framework\\console下），而不是网页端的CWebApplication，所以一些默认的组件是没有加载，如authManager等，请参考CWebApplication的registerCoreComponents方法。 \n                    CConsoleApplication读取的配置文件为console.php(位与webapp\\protected\\config下)，而不是main.php.其中至关重要的一项配置即为commandPath（默认是webapp\\protected\\commands），即我们的命令放在什么地方，我一般放在webapp\\protected\\commands\\shell下。如果用到model，如某些AR类，也需要导入。我的配置为', '1', '钼', '1', '1', '0000-00-00 00:00:00', '0000-00-00 00:00:00', '1');
INSERT INTO mu_article VALUES ('180', 'Yiic介绍 170', 'lizhili170', '17', '先来一句废话，命令行方式下的app为CConsoleApplication（位于framework\\console下），而不是网页端的CWebApplication，所以一些默认的组件是没有加载，如authManager等，请参考CWebApplication的registerCoreComponents方法。 \n                    CConsoleApplication读取的配置文件为console.php(位与webapp\\protected\\config下)，而不是main.php.其中至关重要的一项配置即为commandPath（默认是webapp\\protected\\commands），即我们的命令放在什么地方，我一般放在webapp\\protected\\commands\\shell下。如果用到model，如某些AR类，也需要导入。我的配置为', '1', '钼', '1', '1', '0000-00-00 00:00:00', '0000-00-00 00:00:00', '1');
INSERT INTO mu_article VALUES ('181', 'Yiic介绍 171', 'lizhili171', '16', '先来一句废话，命令行方式下的app为CConsoleApplication（位于framework\\console下），而不是网页端的CWebApplication，所以一些默认的组件是没有加载，如authManager等，请参考CWebApplication的registerCoreComponents方法。 \n                    CConsoleApplication读取的配置文件为console.php(位与webapp\\protected\\config下)，而不是main.php.其中至关重要的一项配置即为commandPath（默认是webapp\\protected\\commands），即我们的命令放在什么地方，我一般放在webapp\\protected\\commands\\shell下。如果用到model，如某些AR类，也需要导入。我的配置为', '1', '钼', '1', '1', '0000-00-00 00:00:00', '0000-00-00 00:00:00', '0');
INSERT INTO mu_article VALUES ('182', 'Yiic介绍 172', 'lizhili172', '17', '先来一句废话，命令行方式下的app为CConsoleApplication（位于framework\\console下），而不是网页端的CWebApplication，所以一些默认的组件是没有加载，如authManager等，请参考CWebApplication的registerCoreComponents方法。 \n                    CConsoleApplication读取的配置文件为console.php(位与webapp\\protected\\config下)，而不是main.php.其中至关重要的一项配置即为commandPath（默认是webapp\\protected\\commands），即我们的命令放在什么地方，我一般放在webapp\\protected\\commands\\shell下。如果用到model，如某些AR类，也需要导入。我的配置为', '1', '钼', '1', '1', '0000-00-00 00:00:00', '0000-00-00 00:00:00', '0');
INSERT INTO mu_article VALUES ('183', 'Yiic介绍 173', 'lizhili173', '17', '先来一句废话，命令行方式下的app为CConsoleApplication（位于framework\\console下），而不是网页端的CWebApplication，所以一些默认的组件是没有加载，如authManager等，请参考CWebApplication的registerCoreComponents方法。 \n                    CConsoleApplication读取的配置文件为console.php(位与webapp\\protected\\config下)，而不是main.php.其中至关重要的一项配置即为commandPath（默认是webapp\\protected\\commands），即我们的命令放在什么地方，我一般放在webapp\\protected\\commands\\shell下。如果用到model，如某些AR类，也需要导入。我的配置为', '1', '钼', '1', '1', '0000-00-00 00:00:00', '0000-00-00 00:00:00', '0');
INSERT INTO mu_article VALUES ('184', 'Yiic介绍 174', 'lizhili174', '16', '先来一句废话，命令行方式下的app为CConsoleApplication（位于framework\\console下），而不是网页端的CWebApplication，所以一些默认的组件是没有加载，如authManager等，请参考CWebApplication的registerCoreComponents方法。 \n                    CConsoleApplication读取的配置文件为console.php(位与webapp\\protected\\config下)，而不是main.php.其中至关重要的一项配置即为commandPath（默认是webapp\\protected\\commands），即我们的命令放在什么地方，我一般放在webapp\\protected\\commands\\shell下。如果用到model，如某些AR类，也需要导入。我的配置为', '1', '钼', '1', '1', '0000-00-00 00:00:00', '0000-00-00 00:00:00', '1');
INSERT INTO mu_article VALUES ('185', 'Yiic介绍 175', 'lizhili175', '17', '先来一句废话，命令行方式下的app为CConsoleApplication（位于framework\\console下），而不是网页端的CWebApplication，所以一些默认的组件是没有加载，如authManager等，请参考CWebApplication的registerCoreComponents方法。 \n                    CConsoleApplication读取的配置文件为console.php(位与webapp\\protected\\config下)，而不是main.php.其中至关重要的一项配置即为commandPath（默认是webapp\\protected\\commands），即我们的命令放在什么地方，我一般放在webapp\\protected\\commands\\shell下。如果用到model，如某些AR类，也需要导入。我的配置为', '1', '钼', '1', '1', '0000-00-00 00:00:00', '0000-00-00 00:00:00', '1');
INSERT INTO mu_article VALUES ('186', 'Yiic介绍 176', 'lizhili176', '16', '先来一句废话，命令行方式下的app为CConsoleApplication（位于framework\\console下），而不是网页端的CWebApplication，所以一些默认的组件是没有加载，如authManager等，请参考CWebApplication的registerCoreComponents方法。 \n                    CConsoleApplication读取的配置文件为console.php(位与webapp\\protected\\config下)，而不是main.php.其中至关重要的一项配置即为commandPath（默认是webapp\\protected\\commands），即我们的命令放在什么地方，我一般放在webapp\\protected\\commands\\shell下。如果用到model，如某些AR类，也需要导入。我的配置为', '1', '钼', '1', '1', '0000-00-00 00:00:00', '0000-00-00 00:00:00', '1');
INSERT INTO mu_article VALUES ('187', 'Yiic介绍 177', 'lizhili177', '16', '先来一句废话，命令行方式下的app为CConsoleApplication（位于framework\\console下），而不是网页端的CWebApplication，所以一些默认的组件是没有加载，如authManager等，请参考CWebApplication的registerCoreComponents方法。 \n                    CConsoleApplication读取的配置文件为console.php(位与webapp\\protected\\config下)，而不是main.php.其中至关重要的一项配置即为commandPath（默认是webapp\\protected\\commands），即我们的命令放在什么地方，我一般放在webapp\\protected\\commands\\shell下。如果用到model，如某些AR类，也需要导入。我的配置为', '1', '钼', '1', '1', '0000-00-00 00:00:00', '0000-00-00 00:00:00', '0');
INSERT INTO mu_article VALUES ('188', 'Yiic介绍 178', 'lizhili178', '17', '先来一句废话，命令行方式下的app为CConsoleApplication（位于framework\\console下），而不是网页端的CWebApplication，所以一些默认的组件是没有加载，如authManager等，请参考CWebApplication的registerCoreComponents方法。 \n                    CConsoleApplication读取的配置文件为console.php(位与webapp\\protected\\config下)，而不是main.php.其中至关重要的一项配置即为commandPath（默认是webapp\\protected\\commands），即我们的命令放在什么地方，我一般放在webapp\\protected\\commands\\shell下。如果用到model，如某些AR类，也需要导入。我的配置为', '1', '钼', '1', '1', '0000-00-00 00:00:00', '0000-00-00 00:00:00', '0');
INSERT INTO mu_article VALUES ('189', 'Yiic介绍 179', 'lizhili179', '16', '先来一句废话，命令行方式下的app为CConsoleApplication（位于framework\\console下），而不是网页端的CWebApplication，所以一些默认的组件是没有加载，如authManager等，请参考CWebApplication的registerCoreComponents方法。 \n                    CConsoleApplication读取的配置文件为console.php(位与webapp\\protected\\config下)，而不是main.php.其中至关重要的一项配置即为commandPath（默认是webapp\\protected\\commands），即我们的命令放在什么地方，我一般放在webapp\\protected\\commands\\shell下。如果用到model，如某些AR类，也需要导入。我的配置为', '1', '钼', '1', '1', '0000-00-00 00:00:00', '0000-00-00 00:00:00', '1');
INSERT INTO mu_article VALUES ('190', 'Yiic介绍 180', 'lizhili180', '17', '先来一句废话，命令行方式下的app为CConsoleApplication（位于framework\\console下），而不是网页端的CWebApplication，所以一些默认的组件是没有加载，如authManager等，请参考CWebApplication的registerCoreComponents方法。 \n                    CConsoleApplication读取的配置文件为console.php(位与webapp\\protected\\config下)，而不是main.php.其中至关重要的一项配置即为commandPath（默认是webapp\\protected\\commands），即我们的命令放在什么地方，我一般放在webapp\\protected\\commands\\shell下。如果用到model，如某些AR类，也需要导入。我的配置为', '1', '钼', '1', '1', '0000-00-00 00:00:00', '0000-00-00 00:00:00', '1');
INSERT INTO mu_article VALUES ('191', 'Yiic介绍 181', 'lizhili181', '16', '先来一句废话，命令行方式下的app为CConsoleApplication（位于framework\\console下），而不是网页端的CWebApplication，所以一些默认的组件是没有加载，如authManager等，请参考CWebApplication的registerCoreComponents方法。 \n                    CConsoleApplication读取的配置文件为console.php(位与webapp\\protected\\config下)，而不是main.php.其中至关重要的一项配置即为commandPath（默认是webapp\\protected\\commands），即我们的命令放在什么地方，我一般放在webapp\\protected\\commands\\shell下。如果用到model，如某些AR类，也需要导入。我的配置为', '1', '钼', '1', '1', '0000-00-00 00:00:00', '0000-00-00 00:00:00', '0');
INSERT INTO mu_article VALUES ('192', 'Yiic介绍 182', 'lizhili182', '17', '先来一句废话，命令行方式下的app为CConsoleApplication（位于framework\\console下），而不是网页端的CWebApplication，所以一些默认的组件是没有加载，如authManager等，请参考CWebApplication的registerCoreComponents方法。 \n                    CConsoleApplication读取的配置文件为console.php(位与webapp\\protected\\config下)，而不是main.php.其中至关重要的一项配置即为commandPath（默认是webapp\\protected\\commands），即我们的命令放在什么地方，我一般放在webapp\\protected\\commands\\shell下。如果用到model，如某些AR类，也需要导入。我的配置为', '1', '钼', '1', '1', '0000-00-00 00:00:00', '0000-00-00 00:00:00', '1');
INSERT INTO mu_article VALUES ('193', 'Yiic介绍 183', 'lizhili183', '17', '先来一句废话，命令行方式下的app为CConsoleApplication（位于framework\\console下），而不是网页端的CWebApplication，所以一些默认的组件是没有加载，如authManager等，请参考CWebApplication的registerCoreComponents方法。 \n                    CConsoleApplication读取的配置文件为console.php(位与webapp\\protected\\config下)，而不是main.php.其中至关重要的一项配置即为commandPath（默认是webapp\\protected\\commands），即我们的命令放在什么地方，我一般放在webapp\\protected\\commands\\shell下。如果用到model，如某些AR类，也需要导入。我的配置为', '1', '钼', '1', '1', '0000-00-00 00:00:00', '0000-00-00 00:00:00', '0');
INSERT INTO mu_article VALUES ('194', 'Yiic介绍 184', 'lizhili184', '16', '先来一句废话，命令行方式下的app为CConsoleApplication（位于framework\\console下），而不是网页端的CWebApplication，所以一些默认的组件是没有加载，如authManager等，请参考CWebApplication的registerCoreComponents方法。 \n                    CConsoleApplication读取的配置文件为console.php(位与webapp\\protected\\config下)，而不是main.php.其中至关重要的一项配置即为commandPath（默认是webapp\\protected\\commands），即我们的命令放在什么地方，我一般放在webapp\\protected\\commands\\shell下。如果用到model，如某些AR类，也需要导入。我的配置为', '1', '钼', '1', '1', '0000-00-00 00:00:00', '0000-00-00 00:00:00', '0');
INSERT INTO mu_article VALUES ('195', 'Yiic介绍 185', 'lizhili185', '16', '先来一句废话，命令行方式下的app为CConsoleApplication（位于framework\\console下），而不是网页端的CWebApplication，所以一些默认的组件是没有加载，如authManager等，请参考CWebApplication的registerCoreComponents方法。 \n                    CConsoleApplication读取的配置文件为console.php(位与webapp\\protected\\config下)，而不是main.php.其中至关重要的一项配置即为commandPath（默认是webapp\\protected\\commands），即我们的命令放在什么地方，我一般放在webapp\\protected\\commands\\shell下。如果用到model，如某些AR类，也需要导入。我的配置为', '1', '钼', '1', '1', '0000-00-00 00:00:00', '0000-00-00 00:00:00', '1');
INSERT INTO mu_article VALUES ('196', 'Yiic介绍 186', 'lizhili186', '16', '先来一句废话，命令行方式下的app为CConsoleApplication（位于framework\\console下），而不是网页端的CWebApplication，所以一些默认的组件是没有加载，如authManager等，请参考CWebApplication的registerCoreComponents方法。 \n                    CConsoleApplication读取的配置文件为console.php(位与webapp\\protected\\config下)，而不是main.php.其中至关重要的一项配置即为commandPath（默认是webapp\\protected\\commands），即我们的命令放在什么地方，我一般放在webapp\\protected\\commands\\shell下。如果用到model，如某些AR类，也需要导入。我的配置为', '1', '钼', '1', '1', '0000-00-00 00:00:00', '0000-00-00 00:00:00', '1');
INSERT INTO mu_article VALUES ('197', 'Yiic介绍 187', 'lizhili187', '17', '先来一句废话，命令行方式下的app为CConsoleApplication（位于framework\\console下），而不是网页端的CWebApplication，所以一些默认的组件是没有加载，如authManager等，请参考CWebApplication的registerCoreComponents方法。 \n                    CConsoleApplication读取的配置文件为console.php(位与webapp\\protected\\config下)，而不是main.php.其中至关重要的一项配置即为commandPath（默认是webapp\\protected\\commands），即我们的命令放在什么地方，我一般放在webapp\\protected\\commands\\shell下。如果用到model，如某些AR类，也需要导入。我的配置为', '1', '钼', '1', '1', '0000-00-00 00:00:00', '0000-00-00 00:00:00', '1');
INSERT INTO mu_article VALUES ('198', 'Yiic介绍 188', 'lizhili188', '17', '先来一句废话，命令行方式下的app为CConsoleApplication（位于framework\\console下），而不是网页端的CWebApplication，所以一些默认的组件是没有加载，如authManager等，请参考CWebApplication的registerCoreComponents方法。 \n                    CConsoleApplication读取的配置文件为console.php(位与webapp\\protected\\config下)，而不是main.php.其中至关重要的一项配置即为commandPath（默认是webapp\\protected\\commands），即我们的命令放在什么地方，我一般放在webapp\\protected\\commands\\shell下。如果用到model，如某些AR类，也需要导入。我的配置为', '1', '钼', '1', '1', '0000-00-00 00:00:00', '0000-00-00 00:00:00', '0');
INSERT INTO mu_article VALUES ('199', 'Yiic介绍 189', 'lizhili189', '17', '先来一句废话，命令行方式下的app为CConsoleApplication（位于framework\\console下），而不是网页端的CWebApplication，所以一些默认的组件是没有加载，如authManager等，请参考CWebApplication的registerCoreComponents方法。 \n                    CConsoleApplication读取的配置文件为console.php(位与webapp\\protected\\config下)，而不是main.php.其中至关重要的一项配置即为commandPath（默认是webapp\\protected\\commands），即我们的命令放在什么地方，我一般放在webapp\\protected\\commands\\shell下。如果用到model，如某些AR类，也需要导入。我的配置为', '1', '钼', '1', '1', '0000-00-00 00:00:00', '0000-00-00 00:00:00', '0');
INSERT INTO mu_article VALUES ('200', 'Yiic介绍 190', 'lizhili190', '16', '先来一句废话，命令行方式下的app为CConsoleApplication（位于framework\\console下），而不是网页端的CWebApplication，所以一些默认的组件是没有加载，如authManager等，请参考CWebApplication的registerCoreComponents方法。 \n                    CConsoleApplication读取的配置文件为console.php(位与webapp\\protected\\config下)，而不是main.php.其中至关重要的一项配置即为commandPath（默认是webapp\\protected\\commands），即我们的命令放在什么地方，我一般放在webapp\\protected\\commands\\shell下。如果用到model，如某些AR类，也需要导入。我的配置为', '1', '钼', '1', '1', '0000-00-00 00:00:00', '0000-00-00 00:00:00', '0');
INSERT INTO mu_article VALUES ('201', 'Yiic介绍 191', 'lizhili191', '16', '先来一句废话，命令行方式下的app为CConsoleApplication（位于framework\\console下），而不是网页端的CWebApplication，所以一些默认的组件是没有加载，如authManager等，请参考CWebApplication的registerCoreComponents方法。 \n                    CConsoleApplication读取的配置文件为console.php(位与webapp\\protected\\config下)，而不是main.php.其中至关重要的一项配置即为commandPath（默认是webapp\\protected\\commands），即我们的命令放在什么地方，我一般放在webapp\\protected\\commands\\shell下。如果用到model，如某些AR类，也需要导入。我的配置为', '1', '钼', '1', '1', '0000-00-00 00:00:00', '0000-00-00 00:00:00', '1');
INSERT INTO mu_article VALUES ('202', 'Yiic介绍 192', 'lizhili192', '17', '先来一句废话，命令行方式下的app为CConsoleApplication（位于framework\\console下），而不是网页端的CWebApplication，所以一些默认的组件是没有加载，如authManager等，请参考CWebApplication的registerCoreComponents方法。 \n                    CConsoleApplication读取的配置文件为console.php(位与webapp\\protected\\config下)，而不是main.php.其中至关重要的一项配置即为commandPath（默认是webapp\\protected\\commands），即我们的命令放在什么地方，我一般放在webapp\\protected\\commands\\shell下。如果用到model，如某些AR类，也需要导入。我的配置为', '1', '钼', '1', '1', '0000-00-00 00:00:00', '0000-00-00 00:00:00', '0');
INSERT INTO mu_article VALUES ('203', 'Yiic介绍 193', 'lizhili193', '16', '先来一句废话，命令行方式下的app为CConsoleApplication（位于framework\\console下），而不是网页端的CWebApplication，所以一些默认的组件是没有加载，如authManager等，请参考CWebApplication的registerCoreComponents方法。 \n                    CConsoleApplication读取的配置文件为console.php(位与webapp\\protected\\config下)，而不是main.php.其中至关重要的一项配置即为commandPath（默认是webapp\\protected\\commands），即我们的命令放在什么地方，我一般放在webapp\\protected\\commands\\shell下。如果用到model，如某些AR类，也需要导入。我的配置为', '1', '钼', '1', '1', '0000-00-00 00:00:00', '0000-00-00 00:00:00', '1');
INSERT INTO mu_article VALUES ('204', 'Yiic介绍 194', 'lizhili194', '17', '先来一句废话，命令行方式下的app为CConsoleApplication（位于framework\\console下），而不是网页端的CWebApplication，所以一些默认的组件是没有加载，如authManager等，请参考CWebApplication的registerCoreComponents方法。 \n                    CConsoleApplication读取的配置文件为console.php(位与webapp\\protected\\config下)，而不是main.php.其中至关重要的一项配置即为commandPath（默认是webapp\\protected\\commands），即我们的命令放在什么地方，我一般放在webapp\\protected\\commands\\shell下。如果用到model，如某些AR类，也需要导入。我的配置为', '1', '钼', '1', '1', '0000-00-00 00:00:00', '0000-00-00 00:00:00', '0');
INSERT INTO mu_article VALUES ('205', 'Yiic介绍 195', 'lizhili195', '16', '先来一句废话，命令行方式下的app为CConsoleApplication（位于framework\\console下），而不是网页端的CWebApplication，所以一些默认的组件是没有加载，如authManager等，请参考CWebApplication的registerCoreComponents方法。 \n                    CConsoleApplication读取的配置文件为console.php(位与webapp\\protected\\config下)，而不是main.php.其中至关重要的一项配置即为commandPath（默认是webapp\\protected\\commands），即我们的命令放在什么地方，我一般放在webapp\\protected\\commands\\shell下。如果用到model，如某些AR类，也需要导入。我的配置为', '1', '钼', '1', '1', '0000-00-00 00:00:00', '0000-00-00 00:00:00', '0');
INSERT INTO mu_article VALUES ('206', 'Yiic介绍 196', 'lizhili196', '17', '先来一句废话，命令行方式下的app为CConsoleApplication（位于framework\\console下），而不是网页端的CWebApplication，所以一些默认的组件是没有加载，如authManager等，请参考CWebApplication的registerCoreComponents方法。 \n                    CConsoleApplication读取的配置文件为console.php(位与webapp\\protected\\config下)，而不是main.php.其中至关重要的一项配置即为commandPath（默认是webapp\\protected\\commands），即我们的命令放在什么地方，我一般放在webapp\\protected\\commands\\shell下。如果用到model，如某些AR类，也需要导入。我的配置为', '1', '钼', '1', '1', '0000-00-00 00:00:00', '0000-00-00 00:00:00', '1');
INSERT INTO mu_article VALUES ('207', 'Yiic介绍 197', 'lizhili197', '17', '先来一句废话，命令行方式下的app为CConsoleApplication（位于framework\\console下），而不是网页端的CWebApplication，所以一些默认的组件是没有加载，如authManager等，请参考CWebApplication的registerCoreComponents方法。 \n                    CConsoleApplication读取的配置文件为console.php(位与webapp\\protected\\config下)，而不是main.php.其中至关重要的一项配置即为commandPath（默认是webapp\\protected\\commands），即我们的命令放在什么地方，我一般放在webapp\\protected\\commands\\shell下。如果用到model，如某些AR类，也需要导入。我的配置为', '1', '钼', '1', '1', '0000-00-00 00:00:00', '0000-00-00 00:00:00', '1');
INSERT INTO mu_article VALUES ('208', 'Yiic介绍 198', 'lizhili198', '16', '先来一句废话，命令行方式下的app为CConsoleApplication（位于framework\\console下），而不是网页端的CWebApplication，所以一些默认的组件是没有加载，如authManager等，请参考CWebApplication的registerCoreComponents方法。 \n                    CConsoleApplication读取的配置文件为console.php(位与webapp\\protected\\config下)，而不是main.php.其中至关重要的一项配置即为commandPath（默认是webapp\\protected\\commands），即我们的命令放在什么地方，我一般放在webapp\\protected\\commands\\shell下。如果用到model，如某些AR类，也需要导入。我的配置为', '1', '钼', '1', '1', '0000-00-00 00:00:00', '0000-00-00 00:00:00', '1');
INSERT INTO mu_article VALUES ('209', 'Yiic介绍 199', 'lizhili199', '17', '先来一句废话，命令行方式下的app为CConsoleApplication（位于framework\\console下），而不是网页端的CWebApplication，所以一些默认的组件是没有加载，如authManager等，请参考CWebApplication的registerCoreComponents方法。 \n                    CConsoleApplication读取的配置文件为console.php(位与webapp\\protected\\config下)，而不是main.php.其中至关重要的一项配置即为commandPath（默认是webapp\\protected\\commands），即我们的命令放在什么地方，我一般放在webapp\\protected\\commands\\shell下。如果用到model，如某些AR类，也需要导入。我的配置为', '1', '钼', '1', '1', '0000-00-00 00:00:00', '0000-00-00 00:00:00', '0');
INSERT INTO mu_article VALUES ('310', 'Yiic介绍 300', 'lizhili300', '21', '先来一句废话，命令行方式下的app为CConsoleApplication（位于framework\\console下），而不是网页端的CWebApplication，所以一些默认的组件是没有加载，如authManager等，请参考CWebApplication的registerCoreComponents方法。 \n                    CConsoleApplication读取的配置文件为console.php(位与webapp\\protected\\config下)，而不是main.php.其中至关重要的一项配置即为commandPath（默认是webapp\\protected\\commands），即我们的命令放在什么地方，我一般放在webapp\\protected\\commands\\shell下。如果用到model，如某些AR类，也需要导入。我的配置为', '1', '钼', '1', 'lizhili300', '0000-00-00 00:00:00', '0000-00-00 00:00:00', '1');
INSERT INTO mu_article VALUES ('311', 'Yiic介绍 301', 'lizhili301', '21', '先来一句废话，命令行方式下的app为CConsoleApplication（位于framework\\console下），而不是网页端的CWebApplication，所以一些默认的组件是没有加载，如authManager等，请参考CWebApplication的registerCoreComponents方法。 \n                    CConsoleApplication读取的配置文件为console.php(位与webapp\\protected\\config下)，而不是main.php.其中至关重要的一项配置即为commandPath（默认是webapp\\protected\\commands），即我们的命令放在什么地方，我一般放在webapp\\protected\\commands\\shell下。如果用到model，如某些AR类，也需要导入。我的配置为', '1', '钼', '1', 'lizhili301', '0000-00-00 00:00:00', '0000-00-00 00:00:00', '0');
INSERT INTO mu_article VALUES ('312', 'Yiic介绍 302', 'lizhili302', '20', '先来一句废话，命令行方式下的app为CConsoleApplication（位于framework\\console下），而不是网页端的CWebApplication，所以一些默认的组件是没有加载，如authManager等，请参考CWebApplication的registerCoreComponents方法。 \n                    CConsoleApplication读取的配置文件为console.php(位与webapp\\protected\\config下)，而不是main.php.其中至关重要的一项配置即为commandPath（默认是webapp\\protected\\commands），即我们的命令放在什么地方，我一般放在webapp\\protected\\commands\\shell下。如果用到model，如某些AR类，也需要导入。我的配置为', '1', '钼', '1', 'lizhili302', '0000-00-00 00:00:00', '0000-00-00 00:00:00', '0');
INSERT INTO mu_article VALUES ('313', 'Yiic介绍 303', 'lizhili303', '21', '先来一句废话，命令行方式下的app为CConsoleApplication（位于framework\\console下），而不是网页端的CWebApplication，所以一些默认的组件是没有加载，如authManager等，请参考CWebApplication的registerCoreComponents方法。 \n                    CConsoleApplication读取的配置文件为console.php(位与webapp\\protected\\config下)，而不是main.php.其中至关重要的一项配置即为commandPath（默认是webapp\\protected\\commands），即我们的命令放在什么地方，我一般放在webapp\\protected\\commands\\shell下。如果用到model，如某些AR类，也需要导入。我的配置为', '1', '钼', '1', 'lizhili303', '0000-00-00 00:00:00', '0000-00-00 00:00:00', '1');
INSERT INTO mu_article VALUES ('314', 'Yiic介绍 304', 'lizhili304', '21', '先来一句废话，命令行方式下的app为CConsoleApplication（位于framework\\console下），而不是网页端的CWebApplication，所以一些默认的组件是没有加载，如authManager等，请参考CWebApplication的registerCoreComponents方法。 \n                    CConsoleApplication读取的配置文件为console.php(位与webapp\\protected\\config下)，而不是main.php.其中至关重要的一项配置即为commandPath（默认是webapp\\protected\\commands），即我们的命令放在什么地方，我一般放在webapp\\protected\\commands\\shell下。如果用到model，如某些AR类，也需要导入。我的配置为', '1', '钼', '1', 'lizhili304', '0000-00-00 00:00:00', '0000-00-00 00:00:00', '1');
INSERT INTO mu_article VALUES ('315', 'Yiic介绍 305', 'lizhili305', '20', '先来一句废话，命令行方式下的app为CConsoleApplication（位于framework\\console下），而不是网页端的CWebApplication，所以一些默认的组件是没有加载，如authManager等，请参考CWebApplication的registerCoreComponents方法。 \n                    CConsoleApplication读取的配置文件为console.php(位与webapp\\protected\\config下)，而不是main.php.其中至关重要的一项配置即为commandPath（默认是webapp\\protected\\commands），即我们的命令放在什么地方，我一般放在webapp\\protected\\commands\\shell下。如果用到model，如某些AR类，也需要导入。我的配置为', '1', '钼', '1', 'lizhili305', '0000-00-00 00:00:00', '0000-00-00 00:00:00', '1');
INSERT INTO mu_article VALUES ('316', 'Yiic介绍 306', 'lizhili306', '20', '先来一句废话，命令行方式下的app为CConsoleApplication（位于framework\\console下），而不是网页端的CWebApplication，所以一些默认的组件是没有加载，如authManager等，请参考CWebApplication的registerCoreComponents方法。 \n                    CConsoleApplication读取的配置文件为console.php(位与webapp\\protected\\config下)，而不是main.php.其中至关重要的一项配置即为commandPath（默认是webapp\\protected\\commands），即我们的命令放在什么地方，我一般放在webapp\\protected\\commands\\shell下。如果用到model，如某些AR类，也需要导入。我的配置为', '1', '钼', '1', 'lizhili306', '0000-00-00 00:00:00', '0000-00-00 00:00:00', '1');
INSERT INTO mu_article VALUES ('317', 'Yiic介绍 307', 'lizhili307', '21', '先来一句废话，命令行方式下的app为CConsoleApplication（位于framework\\console下），而不是网页端的CWebApplication，所以一些默认的组件是没有加载，如authManager等，请参考CWebApplication的registerCoreComponents方法。 \n                    CConsoleApplication读取的配置文件为console.php(位与webapp\\protected\\config下)，而不是main.php.其中至关重要的一项配置即为commandPath（默认是webapp\\protected\\commands），即我们的命令放在什么地方，我一般放在webapp\\protected\\commands\\shell下。如果用到model，如某些AR类，也需要导入。我的配置为', '1', '钼', '1', 'lizhili307', '0000-00-00 00:00:00', '0000-00-00 00:00:00', '1');
INSERT INTO mu_article VALUES ('318', 'Yiic介绍 308', 'lizhili308', '21', '先来一句废话，命令行方式下的app为CConsoleApplication（位于framework\\console下），而不是网页端的CWebApplication，所以一些默认的组件是没有加载，如authManager等，请参考CWebApplication的registerCoreComponents方法。 \n                    CConsoleApplication读取的配置文件为console.php(位与webapp\\protected\\config下)，而不是main.php.其中至关重要的一项配置即为commandPath（默认是webapp\\protected\\commands），即我们的命令放在什么地方，我一般放在webapp\\protected\\commands\\shell下。如果用到model，如某些AR类，也需要导入。我的配置为', '1', '钼', '1', 'lizhili308', '0000-00-00 00:00:00', '0000-00-00 00:00:00', '0');
INSERT INTO mu_article VALUES ('319', 'Yiic介绍 309', 'lizhili309', '21', '先来一句废话，命令行方式下的app为CConsoleApplication（位于framework\\console下），而不是网页端的CWebApplication，所以一些默认的组件是没有加载，如authManager等，请参考CWebApplication的registerCoreComponents方法。 \n                    CConsoleApplication读取的配置文件为console.php(位与webapp\\protected\\config下)，而不是main.php.其中至关重要的一项配置即为commandPath（默认是webapp\\protected\\commands），即我们的命令放在什么地方，我一般放在webapp\\protected\\commands\\shell下。如果用到model，如某些AR类，也需要导入。我的配置为', '1', '钼', '1', 'lizhili309', '0000-00-00 00:00:00', '0000-00-00 00:00:00', '1');
INSERT INTO mu_article VALUES ('320', 'Yiic介绍 310', 'lizhili310', '20', '先来一句废话，命令行方式下的app为CConsoleApplication（位于framework\\console下），而不是网页端的CWebApplication，所以一些默认的组件是没有加载，如authManager等，请参考CWebApplication的registerCoreComponents方法。 \n                    CConsoleApplication读取的配置文件为console.php(位与webapp\\protected\\config下)，而不是main.php.其中至关重要的一项配置即为commandPath（默认是webapp\\protected\\commands），即我们的命令放在什么地方，我一般放在webapp\\protected\\commands\\shell下。如果用到model，如某些AR类，也需要导入。我的配置为', '1', '钼', '1', 'lizhili310', '0000-00-00 00:00:00', '0000-00-00 00:00:00', '1');
INSERT INTO mu_article VALUES ('321', 'Yiic介绍 311', 'lizhili311', '21', '先来一句废话，命令行方式下的app为CConsoleApplication（位于framework\\console下），而不是网页端的CWebApplication，所以一些默认的组件是没有加载，如authManager等，请参考CWebApplication的registerCoreComponents方法。 \n                    CConsoleApplication读取的配置文件为console.php(位与webapp\\protected\\config下)，而不是main.php.其中至关重要的一项配置即为commandPath（默认是webapp\\protected\\commands），即我们的命令放在什么地方，我一般放在webapp\\protected\\commands\\shell下。如果用到model，如某些AR类，也需要导入。我的配置为', '1', '钼', '1', 'lizhili311', '0000-00-00 00:00:00', '0000-00-00 00:00:00', '1');
INSERT INTO mu_article VALUES ('322', 'Yiic介绍 312', 'lizhili312', '21', '先来一句废话，命令行方式下的app为CConsoleApplication（位于framework\\console下），而不是网页端的CWebApplication，所以一些默认的组件是没有加载，如authManager等，请参考CWebApplication的registerCoreComponents方法。 \n                    CConsoleApplication读取的配置文件为console.php(位与webapp\\protected\\config下)，而不是main.php.其中至关重要的一项配置即为commandPath（默认是webapp\\protected\\commands），即我们的命令放在什么地方，我一般放在webapp\\protected\\commands\\shell下。如果用到model，如某些AR类，也需要导入。我的配置为', '1', '钼', '1', 'lizhili312', '0000-00-00 00:00:00', '0000-00-00 00:00:00', '0');
INSERT INTO mu_article VALUES ('323', 'Yiic介绍 313', 'lizhili313', '21', '先来一句废话，命令行方式下的app为CConsoleApplication（位于framework\\console下），而不是网页端的CWebApplication，所以一些默认的组件是没有加载，如authManager等，请参考CWebApplication的registerCoreComponents方法。 \n                    CConsoleApplication读取的配置文件为console.php(位与webapp\\protected\\config下)，而不是main.php.其中至关重要的一项配置即为commandPath（默认是webapp\\protected\\commands），即我们的命令放在什么地方，我一般放在webapp\\protected\\commands\\shell下。如果用到model，如某些AR类，也需要导入。我的配置为', '1', '钼', '1', 'lizhili313', '0000-00-00 00:00:00', '0000-00-00 00:00:00', '0');
INSERT INTO mu_article VALUES ('324', 'Yiic介绍 314', 'lizhili314', '21', '先来一句废话，命令行方式下的app为CConsoleApplication（位于framework\\console下），而不是网页端的CWebApplication，所以一些默认的组件是没有加载，如authManager等，请参考CWebApplication的registerCoreComponents方法。 \n                    CConsoleApplication读取的配置文件为console.php(位与webapp\\protected\\config下)，而不是main.php.其中至关重要的一项配置即为commandPath（默认是webapp\\protected\\commands），即我们的命令放在什么地方，我一般放在webapp\\protected\\commands\\shell下。如果用到model，如某些AR类，也需要导入。我的配置为', '1', '钼', '1', 'lizhili314', '0000-00-00 00:00:00', '0000-00-00 00:00:00', '0');
INSERT INTO mu_article VALUES ('325', 'Yiic介绍 315', 'lizhili315', '20', '先来一句废话，命令行方式下的app为CConsoleApplication（位于framework\\console下），而不是网页端的CWebApplication，所以一些默认的组件是没有加载，如authManager等，请参考CWebApplication的registerCoreComponents方法。 \n                    CConsoleApplication读取的配置文件为console.php(位与webapp\\protected\\config下)，而不是main.php.其中至关重要的一项配置即为commandPath（默认是webapp\\protected\\commands），即我们的命令放在什么地方，我一般放在webapp\\protected\\commands\\shell下。如果用到model，如某些AR类，也需要导入。我的配置为', '1', '钼', '1', 'lizhili315', '0000-00-00 00:00:00', '0000-00-00 00:00:00', '0');
INSERT INTO mu_article VALUES ('326', 'Yiic介绍 316', 'lizhili316', '20', '先来一句废话，命令行方式下的app为CConsoleApplication（位于framework\\console下），而不是网页端的CWebApplication，所以一些默认的组件是没有加载，如authManager等，请参考CWebApplication的registerCoreComponents方法。 \n                    CConsoleApplication读取的配置文件为console.php(位与webapp\\protected\\config下)，而不是main.php.其中至关重要的一项配置即为commandPath（默认是webapp\\protected\\commands），即我们的命令放在什么地方，我一般放在webapp\\protected\\commands\\shell下。如果用到model，如某些AR类，也需要导入。我的配置为', '1', '钼', '1', 'lizhili316', '0000-00-00 00:00:00', '0000-00-00 00:00:00', '1');
INSERT INTO mu_article VALUES ('327', 'Yiic介绍 317', 'lizhili317', '21', '先来一句废话，命令行方式下的app为CConsoleApplication（位于framework\\console下），而不是网页端的CWebApplication，所以一些默认的组件是没有加载，如authManager等，请参考CWebApplication的registerCoreComponents方法。 \n                    CConsoleApplication读取的配置文件为console.php(位与webapp\\protected\\config下)，而不是main.php.其中至关重要的一项配置即为commandPath（默认是webapp\\protected\\commands），即我们的命令放在什么地方，我一般放在webapp\\protected\\commands\\shell下。如果用到model，如某些AR类，也需要导入。我的配置为', '1', '钼', '1', 'lizhili317', '0000-00-00 00:00:00', '0000-00-00 00:00:00', '0');
INSERT INTO mu_article VALUES ('328', 'Yiic介绍 318', 'lizhili318', '21', '先来一句废话，命令行方式下的app为CConsoleApplication（位于framework\\console下），而不是网页端的CWebApplication，所以一些默认的组件是没有加载，如authManager等，请参考CWebApplication的registerCoreComponents方法。 \n                    CConsoleApplication读取的配置文件为console.php(位与webapp\\protected\\config下)，而不是main.php.其中至关重要的一项配置即为commandPath（默认是webapp\\protected\\commands），即我们的命令放在什么地方，我一般放在webapp\\protected\\commands\\shell下。如果用到model，如某些AR类，也需要导入。我的配置为', '1', '钼', '1', 'lizhili318', '0000-00-00 00:00:00', '0000-00-00 00:00:00', '1');
INSERT INTO mu_article VALUES ('329', 'Yiic介绍 319', 'lizhili319', '21', '先来一句废话，命令行方式下的app为CConsoleApplication（位于framework\\console下），而不是网页端的CWebApplication，所以一些默认的组件是没有加载，如authManager等，请参考CWebApplication的registerCoreComponents方法。 \n                    CConsoleApplication读取的配置文件为console.php(位与webapp\\protected\\config下)，而不是main.php.其中至关重要的一项配置即为commandPath（默认是webapp\\protected\\commands），即我们的命令放在什么地方，我一般放在webapp\\protected\\commands\\shell下。如果用到model，如某些AR类，也需要导入。我的配置为', '1', '钼', '1', 'lizhili319', '0000-00-00 00:00:00', '0000-00-00 00:00:00', '1');
INSERT INTO mu_article VALUES ('330', 'Yiic介绍 320', 'lizhili320', '20', '先来一句废话，命令行方式下的app为CConsoleApplication（位于framework\\console下），而不是网页端的CWebApplication，所以一些默认的组件是没有加载，如authManager等，请参考CWebApplication的registerCoreComponents方法。 \n                    CConsoleApplication读取的配置文件为console.php(位与webapp\\protected\\config下)，而不是main.php.其中至关重要的一项配置即为commandPath（默认是webapp\\protected\\commands），即我们的命令放在什么地方，我一般放在webapp\\protected\\commands\\shell下。如果用到model，如某些AR类，也需要导入。我的配置为', '1', '钼', '1', 'lizhili320', '0000-00-00 00:00:00', '0000-00-00 00:00:00', '0');
INSERT INTO mu_article VALUES ('331', 'Yiic介绍 321', 'lizhili321', '21', '先来一句废话，命令行方式下的app为CConsoleApplication（位于framework\\console下），而不是网页端的CWebApplication，所以一些默认的组件是没有加载，如authManager等，请参考CWebApplication的registerCoreComponents方法。 \n                    CConsoleApplication读取的配置文件为console.php(位与webapp\\protected\\config下)，而不是main.php.其中至关重要的一项配置即为commandPath（默认是webapp\\protected\\commands），即我们的命令放在什么地方，我一般放在webapp\\protected\\commands\\shell下。如果用到model，如某些AR类，也需要导入。我的配置为', '1', '钼', '1', 'lizhili321', '0000-00-00 00:00:00', '0000-00-00 00:00:00', '0');
INSERT INTO mu_article VALUES ('332', 'Yiic介绍 322', 'lizhili322', '20', '先来一句废话，命令行方式下的app为CConsoleApplication（位于framework\\console下），而不是网页端的CWebApplication，所以一些默认的组件是没有加载，如authManager等，请参考CWebApplication的registerCoreComponents方法。 \n                    CConsoleApplication读取的配置文件为console.php(位与webapp\\protected\\config下)，而不是main.php.其中至关重要的一项配置即为commandPath（默认是webapp\\protected\\commands），即我们的命令放在什么地方，我一般放在webapp\\protected\\commands\\shell下。如果用到model，如某些AR类，也需要导入。我的配置为', '1', '钼', '1', 'lizhili322', '0000-00-00 00:00:00', '0000-00-00 00:00:00', '1');
INSERT INTO mu_article VALUES ('333', 'Yiic介绍 323', 'lizhili323', '20', '先来一句废话，命令行方式下的app为CConsoleApplication（位于framework\\console下），而不是网页端的CWebApplication，所以一些默认的组件是没有加载，如authManager等，请参考CWebApplication的registerCoreComponents方法。 \n                    CConsoleApplication读取的配置文件为console.php(位与webapp\\protected\\config下)，而不是main.php.其中至关重要的一项配置即为commandPath（默认是webapp\\protected\\commands），即我们的命令放在什么地方，我一般放在webapp\\protected\\commands\\shell下。如果用到model，如某些AR类，也需要导入。我的配置为', '1', '钼', '1', 'lizhili323', '0000-00-00 00:00:00', '0000-00-00 00:00:00', '1');
INSERT INTO mu_article VALUES ('334', 'Yiic介绍 324', 'lizhili324', '20', '先来一句废话，命令行方式下的app为CConsoleApplication（位于framework\\console下），而不是网页端的CWebApplication，所以一些默认的组件是没有加载，如authManager等，请参考CWebApplication的registerCoreComponents方法。 \n                    CConsoleApplication读取的配置文件为console.php(位与webapp\\protected\\config下)，而不是main.php.其中至关重要的一项配置即为commandPath（默认是webapp\\protected\\commands），即我们的命令放在什么地方，我一般放在webapp\\protected\\commands\\shell下。如果用到model，如某些AR类，也需要导入。我的配置为', '1', '钼', '1', 'lizhili324', '0000-00-00 00:00:00', '0000-00-00 00:00:00', '0');
INSERT INTO mu_article VALUES ('335', 'Yiic介绍 325', 'lizhili325', '21', '先来一句废话，命令行方式下的app为CConsoleApplication（位于framework\\console下），而不是网页端的CWebApplication，所以一些默认的组件是没有加载，如authManager等，请参考CWebApplication的registerCoreComponents方法。 \n                    CConsoleApplication读取的配置文件为console.php(位与webapp\\protected\\config下)，而不是main.php.其中至关重要的一项配置即为commandPath（默认是webapp\\protected\\commands），即我们的命令放在什么地方，我一般放在webapp\\protected\\commands\\shell下。如果用到model，如某些AR类，也需要导入。我的配置为', '1', '钼', '1', 'lizhili325', '0000-00-00 00:00:00', '0000-00-00 00:00:00', '1');
INSERT INTO mu_article VALUES ('336', 'Yiic介绍 326', 'lizhili326', '21', '先来一句废话，命令行方式下的app为CConsoleApplication（位于framework\\console下），而不是网页端的CWebApplication，所以一些默认的组件是没有加载，如authManager等，请参考CWebApplication的registerCoreComponents方法。 \n                    CConsoleApplication读取的配置文件为console.php(位与webapp\\protected\\config下)，而不是main.php.其中至关重要的一项配置即为commandPath（默认是webapp\\protected\\commands），即我们的命令放在什么地方，我一般放在webapp\\protected\\commands\\shell下。如果用到model，如某些AR类，也需要导入。我的配置为', '1', '钼', '1', 'lizhili326', '0000-00-00 00:00:00', '0000-00-00 00:00:00', '0');
INSERT INTO mu_article VALUES ('337', 'Yiic介绍 327', 'lizhili327', '20', '先来一句废话，命令行方式下的app为CConsoleApplication（位于framework\\console下），而不是网页端的CWebApplication，所以一些默认的组件是没有加载，如authManager等，请参考CWebApplication的registerCoreComponents方法。 \n                    CConsoleApplication读取的配置文件为console.php(位与webapp\\protected\\config下)，而不是main.php.其中至关重要的一项配置即为commandPath（默认是webapp\\protected\\commands），即我们的命令放在什么地方，我一般放在webapp\\protected\\commands\\shell下。如果用到model，如某些AR类，也需要导入。我的配置为', '1', '钼', '1', 'lizhili327', '0000-00-00 00:00:00', '0000-00-00 00:00:00', '0');
INSERT INTO mu_article VALUES ('338', 'Yiic介绍 328', 'lizhili328', '21', '先来一句废话，命令行方式下的app为CConsoleApplication（位于framework\\console下），而不是网页端的CWebApplication，所以一些默认的组件是没有加载，如authManager等，请参考CWebApplication的registerCoreComponents方法。 \n                    CConsoleApplication读取的配置文件为console.php(位与webapp\\protected\\config下)，而不是main.php.其中至关重要的一项配置即为commandPath（默认是webapp\\protected\\commands），即我们的命令放在什么地方，我一般放在webapp\\protected\\commands\\shell下。如果用到model，如某些AR类，也需要导入。我的配置为', '1', '钼', '1', 'lizhili328', '0000-00-00 00:00:00', '0000-00-00 00:00:00', '0');
INSERT INTO mu_article VALUES ('339', 'Yiic介绍 329', 'lizhili329', '21', '先来一句废话，命令行方式下的app为CConsoleApplication（位于framework\\console下），而不是网页端的CWebApplication，所以一些默认的组件是没有加载，如authManager等，请参考CWebApplication的registerCoreComponents方法。 \n                    CConsoleApplication读取的配置文件为console.php(位与webapp\\protected\\config下)，而不是main.php.其中至关重要的一项配置即为commandPath（默认是webapp\\protected\\commands），即我们的命令放在什么地方，我一般放在webapp\\protected\\commands\\shell下。如果用到model，如某些AR类，也需要导入。我的配置为', '1', '钼', '1', 'lizhili329', '0000-00-00 00:00:00', '0000-00-00 00:00:00', '1');
INSERT INTO mu_article VALUES ('340', 'Yiic介绍 330', 'lizhili330', '21', '先来一句废话，命令行方式下的app为CConsoleApplication（位于framework\\console下），而不是网页端的CWebApplication，所以一些默认的组件是没有加载，如authManager等，请参考CWebApplication的registerCoreComponents方法。 \n                    CConsoleApplication读取的配置文件为console.php(位与webapp\\protected\\config下)，而不是main.php.其中至关重要的一项配置即为commandPath（默认是webapp\\protected\\commands），即我们的命令放在什么地方，我一般放在webapp\\protected\\commands\\shell下。如果用到model，如某些AR类，也需要导入。我的配置为', '1', '钼', '1', 'lizhili330', '0000-00-00 00:00:00', '0000-00-00 00:00:00', '1');
INSERT INTO mu_article VALUES ('341', 'Yiic介绍 331', 'lizhili331', '20', '先来一句废话，命令行方式下的app为CConsoleApplication（位于framework\\console下），而不是网页端的CWebApplication，所以一些默认的组件是没有加载，如authManager等，请参考CWebApplication的registerCoreComponents方法。 \n                    CConsoleApplication读取的配置文件为console.php(位与webapp\\protected\\config下)，而不是main.php.其中至关重要的一项配置即为commandPath（默认是webapp\\protected\\commands），即我们的命令放在什么地方，我一般放在webapp\\protected\\commands\\shell下。如果用到model，如某些AR类，也需要导入。我的配置为', '1', '钼', '1', 'lizhili331', '0000-00-00 00:00:00', '0000-00-00 00:00:00', '1');
INSERT INTO mu_article VALUES ('342', 'Yiic介绍 332', 'lizhili332', '20', '先来一句废话，命令行方式下的app为CConsoleApplication（位于framework\\console下），而不是网页端的CWebApplication，所以一些默认的组件是没有加载，如authManager等，请参考CWebApplication的registerCoreComponents方法。 \n                    CConsoleApplication读取的配置文件为console.php(位与webapp\\protected\\config下)，而不是main.php.其中至关重要的一项配置即为commandPath（默认是webapp\\protected\\commands），即我们的命令放在什么地方，我一般放在webapp\\protected\\commands\\shell下。如果用到model，如某些AR类，也需要导入。我的配置为', '1', '钼', '1', 'lizhili332', '0000-00-00 00:00:00', '0000-00-00 00:00:00', '1');
INSERT INTO mu_article VALUES ('343', 'Yiic介绍 333', 'lizhili333', '20', '先来一句废话，命令行方式下的app为CConsoleApplication（位于framework\\console下），而不是网页端的CWebApplication，所以一些默认的组件是没有加载，如authManager等，请参考CWebApplication的registerCoreComponents方法。 \n                    CConsoleApplication读取的配置文件为console.php(位与webapp\\protected\\config下)，而不是main.php.其中至关重要的一项配置即为commandPath（默认是webapp\\protected\\commands），即我们的命令放在什么地方，我一般放在webapp\\protected\\commands\\shell下。如果用到model，如某些AR类，也需要导入。我的配置为', '1', '钼', '1', 'lizhili333', '0000-00-00 00:00:00', '0000-00-00 00:00:00', '1');
INSERT INTO mu_article VALUES ('344', 'Yiic介绍 334', 'lizhili334', '21', '先来一句废话，命令行方式下的app为CConsoleApplication（位于framework\\console下），而不是网页端的CWebApplication，所以一些默认的组件是没有加载，如authManager等，请参考CWebApplication的registerCoreComponents方法。 \n                    CConsoleApplication读取的配置文件为console.php(位与webapp\\protected\\config下)，而不是main.php.其中至关重要的一项配置即为commandPath（默认是webapp\\protected\\commands），即我们的命令放在什么地方，我一般放在webapp\\protected\\commands\\shell下。如果用到model，如某些AR类，也需要导入。我的配置为', '1', '钼', '1', 'lizhili334', '0000-00-00 00:00:00', '0000-00-00 00:00:00', '0');
INSERT INTO mu_article VALUES ('345', 'Yiic介绍 335', 'lizhili335', '20', '先来一句废话，命令行方式下的app为CConsoleApplication（位于framework\\console下），而不是网页端的CWebApplication，所以一些默认的组件是没有加载，如authManager等，请参考CWebApplication的registerCoreComponents方法。 \n                    CConsoleApplication读取的配置文件为console.php(位与webapp\\protected\\config下)，而不是main.php.其中至关重要的一项配置即为commandPath（默认是webapp\\protected\\commands），即我们的命令放在什么地方，我一般放在webapp\\protected\\commands\\shell下。如果用到model，如某些AR类，也需要导入。我的配置为', '1', '钼', '1', 'lizhili335', '0000-00-00 00:00:00', '0000-00-00 00:00:00', '0');
INSERT INTO mu_article VALUES ('346', 'Yiic介绍 336', 'lizhili336', '21', '先来一句废话，命令行方式下的app为CConsoleApplication（位于framework\\console下），而不是网页端的CWebApplication，所以一些默认的组件是没有加载，如authManager等，请参考CWebApplication的registerCoreComponents方法。 \n                    CConsoleApplication读取的配置文件为console.php(位与webapp\\protected\\config下)，而不是main.php.其中至关重要的一项配置即为commandPath（默认是webapp\\protected\\commands），即我们的命令放在什么地方，我一般放在webapp\\protected\\commands\\shell下。如果用到model，如某些AR类，也需要导入。我的配置为', '1', '钼', '1', 'lizhili336', '0000-00-00 00:00:00', '0000-00-00 00:00:00', '1');
INSERT INTO mu_article VALUES ('347', 'Yiic介绍 337', 'lizhili337', '21', '先来一句废话，命令行方式下的app为CConsoleApplication（位于framework\\console下），而不是网页端的CWebApplication，所以一些默认的组件是没有加载，如authManager等，请参考CWebApplication的registerCoreComponents方法。 \n                    CConsoleApplication读取的配置文件为console.php(位与webapp\\protected\\config下)，而不是main.php.其中至关重要的一项配置即为commandPath（默认是webapp\\protected\\commands），即我们的命令放在什么地方，我一般放在webapp\\protected\\commands\\shell下。如果用到model，如某些AR类，也需要导入。我的配置为', '1', '钼', '1', 'lizhili337', '0000-00-00 00:00:00', '0000-00-00 00:00:00', '1');
INSERT INTO mu_article VALUES ('348', 'Yiic介绍 338', 'lizhili338', '21', '先来一句废话，命令行方式下的app为CConsoleApplication（位于framework\\console下），而不是网页端的CWebApplication，所以一些默认的组件是没有加载，如authManager等，请参考CWebApplication的registerCoreComponents方法。 \n                    CConsoleApplication读取的配置文件为console.php(位与webapp\\protected\\config下)，而不是main.php.其中至关重要的一项配置即为commandPath（默认是webapp\\protected\\commands），即我们的命令放在什么地方，我一般放在webapp\\protected\\commands\\shell下。如果用到model，如某些AR类，也需要导入。我的配置为', '1', '钼', '1', 'lizhili338', '0000-00-00 00:00:00', '0000-00-00 00:00:00', '1');
INSERT INTO mu_article VALUES ('349', 'Yiic介绍 339', 'lizhili339', '21', '先来一句废话，命令行方式下的app为CConsoleApplication（位于framework\\console下），而不是网页端的CWebApplication，所以一些默认的组件是没有加载，如authManager等，请参考CWebApplication的registerCoreComponents方法。 \n                    CConsoleApplication读取的配置文件为console.php(位与webapp\\protected\\config下)，而不是main.php.其中至关重要的一项配置即为commandPath（默认是webapp\\protected\\commands），即我们的命令放在什么地方，我一般放在webapp\\protected\\commands\\shell下。如果用到model，如某些AR类，也需要导入。我的配置为', '1', '钼', '1', 'lizhili339', '0000-00-00 00:00:00', '0000-00-00 00:00:00', '0');
INSERT INTO mu_article VALUES ('350', 'Yiic介绍 340', 'lizhili340', '21', '先来一句废话，命令行方式下的app为CConsoleApplication（位于framework\\console下），而不是网页端的CWebApplication，所以一些默认的组件是没有加载，如authManager等，请参考CWebApplication的registerCoreComponents方法。 \n                    CConsoleApplication读取的配置文件为console.php(位与webapp\\protected\\config下)，而不是main.php.其中至关重要的一项配置即为commandPath（默认是webapp\\protected\\commands），即我们的命令放在什么地方，我一般放在webapp\\protected\\commands\\shell下。如果用到model，如某些AR类，也需要导入。我的配置为', '1', '钼', '1', 'lizhili340', '0000-00-00 00:00:00', '0000-00-00 00:00:00', '1');
INSERT INTO mu_article VALUES ('351', 'Yiic介绍 341', 'lizhili341', '20', '先来一句废话，命令行方式下的app为CConsoleApplication（位于framework\\console下），而不是网页端的CWebApplication，所以一些默认的组件是没有加载，如authManager等，请参考CWebApplication的registerCoreComponents方法。 \n                    CConsoleApplication读取的配置文件为console.php(位与webapp\\protected\\config下)，而不是main.php.其中至关重要的一项配置即为commandPath（默认是webapp\\protected\\commands），即我们的命令放在什么地方，我一般放在webapp\\protected\\commands\\shell下。如果用到model，如某些AR类，也需要导入。我的配置为', '1', '钼', '1', 'lizhili341', '0000-00-00 00:00:00', '0000-00-00 00:00:00', '0');
INSERT INTO mu_article VALUES ('352', 'Yiic介绍 342', 'lizhili342', '21', '先来一句废话，命令行方式下的app为CConsoleApplication（位于framework\\console下），而不是网页端的CWebApplication，所以一些默认的组件是没有加载，如authManager等，请参考CWebApplication的registerCoreComponents方法。 \n                    CConsoleApplication读取的配置文件为console.php(位与webapp\\protected\\config下)，而不是main.php.其中至关重要的一项配置即为commandPath（默认是webapp\\protected\\commands），即我们的命令放在什么地方，我一般放在webapp\\protected\\commands\\shell下。如果用到model，如某些AR类，也需要导入。我的配置为', '1', '钼', '1', 'lizhili342', '0000-00-00 00:00:00', '0000-00-00 00:00:00', '1');
INSERT INTO mu_article VALUES ('353', 'Yiic介绍 343', 'lizhili343', '20', '先来一句废话，命令行方式下的app为CConsoleApplication（位于framework\\console下），而不是网页端的CWebApplication，所以一些默认的组件是没有加载，如authManager等，请参考CWebApplication的registerCoreComponents方法。 \n                    CConsoleApplication读取的配置文件为console.php(位与webapp\\protected\\config下)，而不是main.php.其中至关重要的一项配置即为commandPath（默认是webapp\\protected\\commands），即我们的命令放在什么地方，我一般放在webapp\\protected\\commands\\shell下。如果用到model，如某些AR类，也需要导入。我的配置为', '1', '钼', '1', 'lizhili343', '0000-00-00 00:00:00', '0000-00-00 00:00:00', '1');
INSERT INTO mu_article VALUES ('354', 'Yiic介绍 344', 'lizhili344', '20', '先来一句废话，命令行方式下的app为CConsoleApplication（位于framework\\console下），而不是网页端的CWebApplication，所以一些默认的组件是没有加载，如authManager等，请参考CWebApplication的registerCoreComponents方法。 \n                    CConsoleApplication读取的配置文件为console.php(位与webapp\\protected\\config下)，而不是main.php.其中至关重要的一项配置即为commandPath（默认是webapp\\protected\\commands），即我们的命令放在什么地方，我一般放在webapp\\protected\\commands\\shell下。如果用到model，如某些AR类，也需要导入。我的配置为', '1', '钼', '1', 'lizhili344', '0000-00-00 00:00:00', '0000-00-00 00:00:00', '0');
INSERT INTO mu_article VALUES ('355', 'Yiic介绍 345', 'lizhili345', '20', '先来一句废话，命令行方式下的app为CConsoleApplication（位于framework\\console下），而不是网页端的CWebApplication，所以一些默认的组件是没有加载，如authManager等，请参考CWebApplication的registerCoreComponents方法。 \n                    CConsoleApplication读取的配置文件为console.php(位与webapp\\protected\\config下)，而不是main.php.其中至关重要的一项配置即为commandPath（默认是webapp\\protected\\commands），即我们的命令放在什么地方，我一般放在webapp\\protected\\commands\\shell下。如果用到model，如某些AR类，也需要导入。我的配置为', '1', '钼', '1', 'lizhili345', '0000-00-00 00:00:00', '0000-00-00 00:00:00', '0');
INSERT INTO mu_article VALUES ('356', 'Yiic介绍 346', 'lizhili346', '21', '先来一句废话，命令行方式下的app为CConsoleApplication（位于framework\\console下），而不是网页端的CWebApplication，所以一些默认的组件是没有加载，如authManager等，请参考CWebApplication的registerCoreComponents方法。 \n                    CConsoleApplication读取的配置文件为console.php(位与webapp\\protected\\config下)，而不是main.php.其中至关重要的一项配置即为commandPath（默认是webapp\\protected\\commands），即我们的命令放在什么地方，我一般放在webapp\\protected\\commands\\shell下。如果用到model，如某些AR类，也需要导入。我的配置为', '1', '钼', '1', 'lizhili346', '0000-00-00 00:00:00', '0000-00-00 00:00:00', '1');
INSERT INTO mu_article VALUES ('357', 'Yiic介绍 347', 'lizhili347', '21', '先来一句废话，命令行方式下的app为CConsoleApplication（位于framework\\console下），而不是网页端的CWebApplication，所以一些默认的组件是没有加载，如authManager等，请参考CWebApplication的registerCoreComponents方法。 \n                    CConsoleApplication读取的配置文件为console.php(位与webapp\\protected\\config下)，而不是main.php.其中至关重要的一项配置即为commandPath（默认是webapp\\protected\\commands），即我们的命令放在什么地方，我一般放在webapp\\protected\\commands\\shell下。如果用到model，如某些AR类，也需要导入。我的配置为', '1', '钼', '1', 'lizhili347', '0000-00-00 00:00:00', '0000-00-00 00:00:00', '0');
INSERT INTO mu_article VALUES ('358', 'Yiic介绍 348', 'lizhili348', '20', '先来一句废话，命令行方式下的app为CConsoleApplication（位于framework\\console下），而不是网页端的CWebApplication，所以一些默认的组件是没有加载，如authManager等，请参考CWebApplication的registerCoreComponents方法。 \n                    CConsoleApplication读取的配置文件为console.php(位与webapp\\protected\\config下)，而不是main.php.其中至关重要的一项配置即为commandPath（默认是webapp\\protected\\commands），即我们的命令放在什么地方，我一般放在webapp\\protected\\commands\\shell下。如果用到model，如某些AR类，也需要导入。我的配置为', '1', '钼', '1', 'lizhili348', '0000-00-00 00:00:00', '0000-00-00 00:00:00', '1');
INSERT INTO mu_article VALUES ('359', 'Yiic介绍 349', 'lizhili349', '21', '先来一句废话，命令行方式下的app为CConsoleApplication（位于framework\\console下），而不是网页端的CWebApplication，所以一些默认的组件是没有加载，如authManager等，请参考CWebApplication的registerCoreComponents方法。 \n                    CConsoleApplication读取的配置文件为console.php(位与webapp\\protected\\config下)，而不是main.php.其中至关重要的一项配置即为commandPath（默认是webapp\\protected\\commands），即我们的命令放在什么地方，我一般放在webapp\\protected\\commands\\shell下。如果用到model，如某些AR类，也需要导入。我的配置为', '1', '钼', '1', 'lizhili349', '0000-00-00 00:00:00', '0000-00-00 00:00:00', '0');

-- ----------------------------
-- Table structure for `mu_city`
-- ----------------------------
DROP TABLE IF EXISTS `mu_city`;
CREATE TABLE `mu_city` (
  `city_id` int(11) NOT NULL AUTO_INCREMENT,
  `city_name` varchar(128) NOT NULL,
  `city_parent` int(11) NOT NULL,
  `city_level` tinyint(4) DEFAULT NULL,
  `city_order` tinyint(4) DEFAULT NULL,
  `city_open` varchar(45) DEFAULT NULL,
  PRIMARY KEY (`city_id`)
) ENGINE=MyISAM AUTO_INCREMENT=5 DEFAULT CHARSET=utf8 COMMENT='省市联动表';

-- ----------------------------
-- Records of mu_city
-- ----------------------------
INSERT INTO mu_city VALUES ('1', '西南', '0', '1', '1', null);
INSERT INTO mu_city VALUES ('2', '重庆', '1', '2', '1', null);
INSERT INTO mu_city VALUES ('3', '大足', '2', '3', '1', null);
INSERT INTO mu_city VALUES ('4', '渝中区', '2', '3', '2', null);

-- ----------------------------
-- Table structure for `mu_favorite`
-- ----------------------------
DROP TABLE IF EXISTS `mu_favorite`;
CREATE TABLE `mu_favorite` (
  `favorite_id` bigint(20) NOT NULL AUTO_INCREMENT,
  `favorited_object_id` bigint(20) NOT NULL COMMENT '供求ID 现货ID',
  `favorited_object_type` tinyint(4) NOT NULL COMMENT '1 供求 2现货 ',
  `favorit_user_id` int(11) DEFAULT NULL COMMENT '收藏人',
  `favorite_time` datetime DEFAULT NULL COMMENT '''添加时间''',
  PRIMARY KEY (`favorite_id`)
) ENGINE=MyISAM DEFAULT CHARSET=utf8;

-- ----------------------------
-- Records of mu_favorite
-- ----------------------------

-- ----------------------------
-- Table structure for `mu_find_passwd`
-- ----------------------------
DROP TABLE IF EXISTS `mu_find_passwd`;
CREATE TABLE `mu_find_passwd` (
  `find_id` bigint(20) NOT NULL,
  `find_user_id` int(11) NOT NULL,
  `find_new_passwd` varchar(45) DEFAULT NULL,
  `find_status` tinyint(4) DEFAULT NULL,
  `find_mobile_no` varchar(45) DEFAULT NULL,
  `find_date` tinyint(4) DEFAULT NULL,
  PRIMARY KEY (`find_id`)
) ENGINE=MyISAM DEFAULT CHARSET=utf8 COMMENT='找回密码功能';

-- ----------------------------
-- Records of mu_find_passwd
-- ----------------------------

-- ----------------------------
-- Table structure for `mu_friend_link`
-- ----------------------------
DROP TABLE IF EXISTS `mu_friend_link`;
CREATE TABLE `mu_friend_link` (
  `flink_id` int(11) NOT NULL,
  `flink_name` varchar(128) NOT NULL,
  `flink_url` varchar(512) DEFAULT NULL,
  `flink_status` tinyint(4) DEFAULT NULL,
  `flink_create_date` datetime DEFAULT NULL,
  PRIMARY KEY (`flink_id`)
) ENGINE=MyISAM DEFAULT CHARSET=utf8 COMMENT='友情链接';

-- ----------------------------
-- Records of mu_friend_link
-- ----------------------------

-- ----------------------------
-- Table structure for `mu_func`
-- ----------------------------
DROP TABLE IF EXISTS `mu_func`;
CREATE TABLE `mu_func` (
  `func_id` int(11) NOT NULL,
  `func_name` varchar(128) NOT NULL,
  `func_action` varchar(1024) DEFAULT NULL,
  PRIMARY KEY (`func_id`)
) ENGINE=MyISAM DEFAULT CHARSET=utf8;

-- ----------------------------
-- Records of mu_func
-- ----------------------------

-- ----------------------------
-- Table structure for `mu_point_rule`
-- ----------------------------
DROP TABLE IF EXISTS `mu_point_rule`;
CREATE TABLE `mu_point_rule` (
  `rule_id` int(11) NOT NULL,
  `func_id` tinyint(4) NOT NULL,
  `action_point` tinyint(4) NOT NULL DEFAULT '0',
  PRIMARY KEY (`rule_id`)
) ENGINE=MyISAM DEFAULT CHARSET=utf8;

-- ----------------------------
-- Records of mu_point_rule
-- ----------------------------

-- ----------------------------
-- Table structure for `mu_product`
-- ----------------------------
DROP TABLE IF EXISTS `mu_product`;
CREATE TABLE `mu_product` (
  `product_id` bigint(20) NOT NULL,
  `product_user_id` int(11) NOT NULL COMMENT '用户ID',
  `product_keyword` varchar(128) DEFAULT NULL COMMENT '用户ID',
  `product_name` varchar(45) NOT NULL,
  `product_quanity` int(11) DEFAULT NULL COMMENT '数量',
  `product_unit` varchar(11) DEFAULT NULL COMMENT '数量单位:吨,公斤等',
  `product_type_id` tinyint(4) DEFAULT NULL COMMENT '产品分类',
  `product_price` decimal(10,0) DEFAULT NULL COMMENT '0表示电议',
  `product_status` tinyint(4) DEFAULT NULL COMMENT '在售',
  `product_city_id` tinyint(4) DEFAULT NULL COMMENT '在售',
  `product_location` varchar(100) DEFAULT NULL COMMENT '''存货地''',
  `product_special` tinyint(1) DEFAULT NULL COMMENT '是否特价',
  `product_join_date` datetime DEFAULT NULL,
  `product_image_src` varchar(128) DEFAULT NULL,
  PRIMARY KEY (`product_id`),
  KEY `product_user_id` (`product_user_id`)
) ENGINE=MyISAM DEFAULT CHARSET=utf8 COMMENT='现货';

-- ----------------------------
-- Records of mu_product
-- ----------------------------
INSERT INTO mu_product VALUES ('1', '1', null, '特价钼铁', '2000', '9', '1', '23435', '1', null, '1', '0', '2013-01-21 22:05:09', null);
INSERT INTO mu_product VALUES ('2', '1', '钼铁，钼矿', '钼精矿2', '525', '11', '10', '99', '1', '8', '深圳龙华大浪石光工业区', '1', '0000-00-00 00:00:00', 'http://www.zhuzao.com/UploadFile/Baikeuppic/1230873708.jpg');
INSERT INTO mu_product VALUES ('3', '1', '钼铁，钼矿', '钼精矿3', '868', '11', '4', '467', '1', '17', '深圳龙华大浪石光工业区', '1', '0000-00-00 00:00:00', 'http://www.zhuzao.com/UploadFile/Baikeuppic/1230873708.jpg');
INSERT INTO mu_product VALUES ('4', '1', '钼铁，钼矿', '钼精矿4', '453', '11', '4', '922', '1', '14', '深圳龙华大浪石光工业区', '1', '0000-00-00 00:00:00', 'http://www.zhuzao.com/UploadFile/Baikeuppic/1230873708.jpg');
INSERT INTO mu_product VALUES ('5', '1', '钼铁，钼矿', '钼精矿5', '419', '11', '5', '459', '1', '4', '深圳龙华大浪石光工业区', '1', '0000-00-00 00:00:00', 'http://www.zhuzao.com/UploadFile/Baikeuppic/1230873708.jpg');
INSERT INTO mu_product VALUES ('6', '1', '钼铁，钼矿', '钼精矿6', '868', '11', '6', '263', '1', '8', '深圳龙华大浪石光工业区', '1', '0000-00-00 00:00:00', 'http://www.zhuzao.com/UploadFile/Baikeuppic/1230873708.jpg');
INSERT INTO mu_product VALUES ('7', '1', '钼铁，钼矿', '钼精矿7', '845', '11', '4', '279', '1', '19', '深圳龙华大浪石光工业区', '1', '0000-00-00 00:00:00', 'http://www.zhuzao.com/UploadFile/Baikeuppic/1230873708.jpg');
INSERT INTO mu_product VALUES ('8', '1', '钼铁，钼矿', '钼精矿8', '654', '11', '4', '85', '1', '6', '深圳龙华大浪石光工业区', '1', '0000-00-00 00:00:00', 'http://www.zhuzao.com/UploadFile/Baikeuppic/1230873708.jpg');
INSERT INTO mu_product VALUES ('9', '1', '钼铁，钼矿', '钼精矿9', '765', '11', '1', '730', '1', '7', '深圳龙华大浪石光工业区', '1', '0000-00-00 00:00:00', 'http://www.zhuzao.com/UploadFile/Baikeuppic/1230873708.jpg');
INSERT INTO mu_product VALUES ('10', '1', '钼铁，钼矿', '钼精矿10', '132', '11', '8', '711', '1', '15', '深圳龙华大浪石光工业区', '1', '0000-00-00 00:00:00', 'http://www.zhuzao.com/UploadFile/Baikeuppic/1230873708.jpg');
INSERT INTO mu_product VALUES ('11', '1', '钼铁，钼矿', '钼精矿11', '793', '11', '6', '600', '1', '2', '深圳龙华大浪石光工业区', '1', '0000-00-00 00:00:00', 'http://www.zhuzao.com/UploadFile/Baikeuppic/1230873708.jpg');
INSERT INTO mu_product VALUES ('12', '1', '钼铁，钼矿', '钼精矿12', '833', '11', '3', '571', '1', '6', '深圳龙华大浪石光工业区', '1', '0000-00-00 00:00:00', 'http://www.zhuzao.com/UploadFile/Baikeuppic/1230873708.jpg');
INSERT INTO mu_product VALUES ('13', '1', '钼铁，钼矿', '钼精矿13', '616', '11', '8', '380', '1', '4', '深圳龙华大浪石光工业区', '1', '0000-00-00 00:00:00', 'http://www.zhuzao.com/UploadFile/Baikeuppic/1230873708.jpg');
INSERT INTO mu_product VALUES ('14', '1', '钼铁，钼矿', '钼精矿14', '767', '11', '1', '917', '1', '9', '深圳龙华大浪石光工业区', '1', '0000-00-00 00:00:00', 'http://www.zhuzao.com/UploadFile/Baikeuppic/1230873708.jpg');
INSERT INTO mu_product VALUES ('15', '1', '钼铁，钼矿', '钼精矿15', '570', '11', '1', '36', '1', '17', '深圳龙华大浪石光工业区', '1', '0000-00-00 00:00:00', 'http://www.zhuzao.com/UploadFile/Baikeuppic/1230873708.jpg');
INSERT INTO mu_product VALUES ('16', '1', '钼铁，钼矿', '钼精矿16', '510', '11', '5', '614', '1', '11', '深圳龙华大浪石光工业区', '1', '0000-00-00 00:00:00', 'http://www.zhuzao.com/UploadFile/Baikeuppic/1230873708.jpg');
INSERT INTO mu_product VALUES ('17', '1', '钼铁，钼矿', '钼精矿17', '509', '11', '4', '740', '1', '3', '深圳龙华大浪石光工业区', '1', '0000-00-00 00:00:00', 'http://www.zhuzao.com/UploadFile/Baikeuppic/1230873708.jpg');
INSERT INTO mu_product VALUES ('18', '1', '钼铁，钼矿', '钼精矿18', '268', '11', '8', '850', '1', '4', '深圳龙华大浪石光工业区', '1', '0000-00-00 00:00:00', 'http://www.zhuzao.com/UploadFile/Baikeuppic/1230873708.jpg');
INSERT INTO mu_product VALUES ('19', '1', '钼铁，钼矿', '钼精矿19', '486', '11', '7', '662', '1', '12', '深圳龙华大浪石光工业区', '1', '0000-00-00 00:00:00', 'http://www.zhuzao.com/UploadFile/Baikeuppic/1230873708.jpg');
INSERT INTO mu_product VALUES ('20', '1', '钼铁，钼矿', '钼精矿20', '558', '11', '8', '925', '1', '7', '深圳龙华大浪石光工业区', '1', '0000-00-00 00:00:00', 'http://www.zhuzao.com/UploadFile/Baikeuppic/1230873708.jpg');
INSERT INTO mu_product VALUES ('21', '1', '钼铁，钼矿', '钼精矿21', '526', '11', '6', '665', '1', '4', '深圳龙华大浪石光工业区', '1', '0000-00-00 00:00:00', 'http://www.zhuzao.com/UploadFile/Baikeuppic/1230873708.jpg');
INSERT INTO mu_product VALUES ('22', '1', '钼铁，钼矿', '钼精矿22', '181', '11', '2', '975', '1', '19', '深圳龙华大浪石光工业区', '1', '0000-00-00 00:00:00', 'http://www.zhuzao.com/UploadFile/Baikeuppic/1230873708.jpg');
INSERT INTO mu_product VALUES ('23', '1', '钼铁，钼矿', '钼精矿23', '400', '11', '6', '95', '1', '19', '深圳龙华大浪石光工业区', '1', '0000-00-00 00:00:00', 'http://www.zhuzao.com/UploadFile/Baikeuppic/1230873708.jpg');
INSERT INTO mu_product VALUES ('24', '1', '钼铁，钼矿', '钼精矿24', '499', '11', '6', '731', '1', '12', '深圳龙华大浪石光工业区', '1', '0000-00-00 00:00:00', 'http://www.zhuzao.com/UploadFile/Baikeuppic/1230873708.jpg');
INSERT INTO mu_product VALUES ('25', '1', '钼铁，钼矿', '钼精矿25', '302', '11', '3', '495', '1', '16', '深圳龙华大浪石光工业区', '1', '0000-00-00 00:00:00', 'http://www.zhuzao.com/UploadFile/Baikeuppic/1230873708.jpg');
INSERT INTO mu_product VALUES ('26', '1', '钼铁，钼矿', '钼精矿26', '705', '11', '7', '269', '1', '8', '深圳龙华大浪石光工业区', '1', '0000-00-00 00:00:00', 'http://www.zhuzao.com/UploadFile/Baikeuppic/1230873708.jpg');
INSERT INTO mu_product VALUES ('27', '1', '钼铁，钼矿', '钼精矿27', '622', '11', '5', '408', '1', '4', '深圳龙华大浪石光工业区', '1', '0000-00-00 00:00:00', 'http://www.zhuzao.com/UploadFile/Baikeuppic/1230873708.jpg');
INSERT INTO mu_product VALUES ('28', '1', '钼铁，钼矿', '钼精矿28', '304', '11', '7', '745', '1', '13', '深圳龙华大浪石光工业区', '1', '0000-00-00 00:00:00', 'http://www.zhuzao.com/UploadFile/Baikeuppic/1230873708.jpg');
INSERT INTO mu_product VALUES ('29', '1', '钼铁，钼矿', '钼精矿29', '822', '11', '9', '76', '1', '19', '深圳龙华大浪石光工业区', '1', '0000-00-00 00:00:00', 'http://www.zhuzao.com/UploadFile/Baikeuppic/1230873708.jpg');
INSERT INTO mu_product VALUES ('30', '1', '钼铁，钼矿', '钼精矿30', '686', '11', '6', '189', '1', '12', '深圳龙华大浪石光工业区', '1', '0000-00-00 00:00:00', 'http://www.zhuzao.com/UploadFile/Baikeuppic/1230873708.jpg');
INSERT INTO mu_product VALUES ('31', '1', '钼铁，钼矿', '钼精矿31', '110', '11', '7', '208', '1', '20', '深圳龙华大浪石光工业区', '1', '0000-00-00 00:00:00', 'http://www.zhuzao.com/UploadFile/Baikeuppic/1230873708.jpg');
INSERT INTO mu_product VALUES ('32', '1', '钼铁，钼矿', '钼精矿32', '397', '11', '5', '191', '1', '6', '深圳龙华大浪石光工业区', '1', '0000-00-00 00:00:00', 'http://www.zhuzao.com/UploadFile/Baikeuppic/1230873708.jpg');
INSERT INTO mu_product VALUES ('33', '1', '钼铁，钼矿', '钼精矿33', '820', '11', '4', '738', '1', '3', '深圳龙华大浪石光工业区', '1', '0000-00-00 00:00:00', 'http://www.zhuzao.com/UploadFile/Baikeuppic/1230873708.jpg');
INSERT INTO mu_product VALUES ('34', '1', '钼铁，钼矿', '钼精矿34', '320', '11', '3', '702', '1', '4', '深圳龙华大浪石光工业区', '1', '0000-00-00 00:00:00', 'http://www.zhuzao.com/UploadFile/Baikeuppic/1230873708.jpg');
INSERT INTO mu_product VALUES ('35', '1', '钼铁，钼矿', '钼精矿35', '976', '11', '8', '579', '1', '13', '深圳龙华大浪石光工业区', '1', '0000-00-00 00:00:00', 'http://www.zhuzao.com/UploadFile/Baikeuppic/1230873708.jpg');
INSERT INTO mu_product VALUES ('36', '1', '钼铁，钼矿', '钼精矿36', '748', '11', '7', '774', '1', '18', '深圳龙华大浪石光工业区', '1', '0000-00-00 00:00:00', 'http://www.zhuzao.com/UploadFile/Baikeuppic/1230873708.jpg');
INSERT INTO mu_product VALUES ('37', '1', '钼铁，钼矿', '钼精矿37', '379', '11', '3', '345', '1', '5', '深圳龙华大浪石光工业区', '1', '0000-00-00 00:00:00', 'http://www.zhuzao.com/UploadFile/Baikeuppic/1230873708.jpg');
INSERT INTO mu_product VALUES ('38', '1', '钼铁，钼矿', '钼精矿38', '255', '11', '1', '293', '1', '5', '深圳龙华大浪石光工业区', '1', '0000-00-00 00:00:00', 'http://www.zhuzao.com/UploadFile/Baikeuppic/1230873708.jpg');
INSERT INTO mu_product VALUES ('39', '1', '钼铁，钼矿', '钼精矿39', '376', '11', '1', '127', '1', '15', '深圳龙华大浪石光工业区', '1', '0000-00-00 00:00:00', 'http://www.zhuzao.com/UploadFile/Baikeuppic/1230873708.jpg');
INSERT INTO mu_product VALUES ('40', '1', '钼铁，钼矿', '钼精矿40', '879', '11', '8', '727', '1', '8', '深圳龙华大浪石光工业区', '1', '0000-00-00 00:00:00', 'http://www.zhuzao.com/UploadFile/Baikeuppic/1230873708.jpg');
INSERT INTO mu_product VALUES ('41', '1', '钼铁，钼矿', '钼精矿41', '936', '11', '6', '230', '1', '16', '深圳龙华大浪石光工业区', '1', '0000-00-00 00:00:00', 'http://www.zhuzao.com/UploadFile/Baikeuppic/1230873708.jpg');
INSERT INTO mu_product VALUES ('42', '1', '钼铁，钼矿', '钼精矿42', '687', '11', '3', '911', '1', '6', '深圳龙华大浪石光工业区', '1', '0000-00-00 00:00:00', 'http://www.zhuzao.com/UploadFile/Baikeuppic/1230873708.jpg');
INSERT INTO mu_product VALUES ('43', '1', '钼铁，钼矿', '钼精矿43', '422', '11', '3', '928', '1', '13', '深圳龙华大浪石光工业区', '1', '0000-00-00 00:00:00', 'http://www.zhuzao.com/UploadFile/Baikeuppic/1230873708.jpg');
INSERT INTO mu_product VALUES ('44', '1', '钼铁，钼矿', '钼精矿44', '762', '11', '6', '764', '1', '19', '深圳龙华大浪石光工业区', '1', '0000-00-00 00:00:00', 'http://www.zhuzao.com/UploadFile/Baikeuppic/1230873708.jpg');
INSERT INTO mu_product VALUES ('45', '1', '钼铁，钼矿', '钼精矿45', '774', '11', '7', '236', '1', '16', '深圳龙华大浪石光工业区', '1', '0000-00-00 00:00:00', 'http://www.zhuzao.com/UploadFile/Baikeuppic/1230873708.jpg');
INSERT INTO mu_product VALUES ('46', '1', '钼铁，钼矿', '钼精矿46', '464', '11', '4', '49', '1', '10', '深圳龙华大浪石光工业区', '1', '0000-00-00 00:00:00', 'http://www.zhuzao.com/UploadFile/Baikeuppic/1230873708.jpg');
INSERT INTO mu_product VALUES ('47', '1', '钼铁，钼矿', '钼精矿47', '974', '11', '6', '596', '1', '19', '深圳龙华大浪石光工业区', '1', '0000-00-00 00:00:00', 'http://www.zhuzao.com/UploadFile/Baikeuppic/1230873708.jpg');
INSERT INTO mu_product VALUES ('48', '1', '钼铁，钼矿', '钼精矿48', '819', '11', '4', '109', '1', '11', '深圳龙华大浪石光工业区', '1', '0000-00-00 00:00:00', 'http://www.zhuzao.com/UploadFile/Baikeuppic/1230873708.jpg');
INSERT INTO mu_product VALUES ('49', '1', '钼铁，钼矿', '钼精矿49', '427', '11', '5', '704', '1', '14', '深圳龙华大浪石光工业区', '1', '0000-00-00 00:00:00', 'http://www.zhuzao.com/UploadFile/Baikeuppic/1230873708.jpg');
INSERT INTO mu_product VALUES ('50', '1', '钼铁，钼矿', '钼精矿50', '682', '11', '5', '648', '1', '9', '深圳龙华大浪石光工业区', '1', '0000-00-00 00:00:00', 'http://www.zhuzao.com/UploadFile/Baikeuppic/1230873708.jpg');
INSERT INTO mu_product VALUES ('51', '1', '钼铁，钼矿', '钼精矿51', '538', '11', '8', '216', '1', '20', '深圳龙华大浪石光工业区', '1', '0000-00-00 00:00:00', 'http://www.zhuzao.com/UploadFile/Baikeuppic/1230873708.jpg');
INSERT INTO mu_product VALUES ('52', '1', '钼铁，钼矿', '钼精矿52', '121', '11', '1', '467', '1', '10', '深圳龙华大浪石光工业区', '1', '0000-00-00 00:00:00', 'http://www.zhuzao.com/UploadFile/Baikeuppic/1230873708.jpg');
INSERT INTO mu_product VALUES ('53', '1', '钼铁，钼矿', '钼精矿53', '880', '11', '6', '490', '1', '8', '深圳龙华大浪石光工业区', '1', '0000-00-00 00:00:00', 'http://www.zhuzao.com/UploadFile/Baikeuppic/1230873708.jpg');
INSERT INTO mu_product VALUES ('54', '1', '钼铁，钼矿', '钼精矿54', '187', '11', '2', '199', '1', '4', '深圳龙华大浪石光工业区', '1', '0000-00-00 00:00:00', 'http://www.zhuzao.com/UploadFile/Baikeuppic/1230873708.jpg');
INSERT INTO mu_product VALUES ('55', '1', '钼铁，钼矿', '钼精矿55', '775', '11', '10', '376', '1', '9', '深圳龙华大浪石光工业区', '1', '0000-00-00 00:00:00', 'http://www.zhuzao.com/UploadFile/Baikeuppic/1230873708.jpg');
INSERT INTO mu_product VALUES ('56', '1', '钼铁，钼矿', '钼精矿56', '892', '11', '10', '72', '1', '12', '深圳龙华大浪石光工业区', '1', '0000-00-00 00:00:00', 'http://www.zhuzao.com/UploadFile/Baikeuppic/1230873708.jpg');
INSERT INTO mu_product VALUES ('57', '1', '钼铁，钼矿', '钼精矿57', '867', '11', '10', '924', '1', '9', '深圳龙华大浪石光工业区', '1', '0000-00-00 00:00:00', 'http://www.zhuzao.com/UploadFile/Baikeuppic/1230873708.jpg');
INSERT INTO mu_product VALUES ('58', '1', '钼铁，钼矿', '钼精矿58', '979', '11', '6', '655', '1', '8', '深圳龙华大浪石光工业区', '1', '0000-00-00 00:00:00', 'http://www.zhuzao.com/UploadFile/Baikeuppic/1230873708.jpg');
INSERT INTO mu_product VALUES ('59', '1', '钼铁，钼矿', '钼精矿59', '195', '11', '9', '178', '1', '9', '深圳龙华大浪石光工业区', '1', '0000-00-00 00:00:00', 'http://www.zhuzao.com/UploadFile/Baikeuppic/1230873708.jpg');
INSERT INTO mu_product VALUES ('60', '1', '钼铁，钼矿', '钼精矿60', '402', '11', '9', '628', '1', '6', '深圳龙华大浪石光工业区', '1', '0000-00-00 00:00:00', 'http://www.zhuzao.com/UploadFile/Baikeuppic/1230873708.jpg');
INSERT INTO mu_product VALUES ('61', '1', '钼铁，钼矿', '钼精矿61', '473', '11', '10', '860', '1', '15', '深圳龙华大浪石光工业区', '1', '0000-00-00 00:00:00', 'http://www.zhuzao.com/UploadFile/Baikeuppic/1230873708.jpg');
INSERT INTO mu_product VALUES ('62', '1', '钼铁，钼矿', '钼精矿62', '101', '11', '3', '497', '1', '2', '深圳龙华大浪石光工业区', '1', '0000-00-00 00:00:00', 'http://www.zhuzao.com/UploadFile/Baikeuppic/1230873708.jpg');
INSERT INTO mu_product VALUES ('63', '1', '钼铁，钼矿', '钼精矿63', '458', '11', '9', '210', '1', '16', '深圳龙华大浪石光工业区', '1', '0000-00-00 00:00:00', 'http://www.zhuzao.com/UploadFile/Baikeuppic/1230873708.jpg');
INSERT INTO mu_product VALUES ('64', '1', '钼铁，钼矿', '钼精矿64', '874', '11', '3', '368', '1', '6', '深圳龙华大浪石光工业区', '1', '0000-00-00 00:00:00', 'http://www.zhuzao.com/UploadFile/Baikeuppic/1230873708.jpg');
INSERT INTO mu_product VALUES ('65', '1', '钼铁，钼矿', '钼精矿65', '231', '11', '7', '640', '1', '17', '深圳龙华大浪石光工业区', '1', '0000-00-00 00:00:00', 'http://www.zhuzao.com/UploadFile/Baikeuppic/1230873708.jpg');
INSERT INTO mu_product VALUES ('66', '1', '钼铁，钼矿', '钼精矿66', '453', '11', '4', '686', '1', '17', '深圳龙华大浪石光工业区', '1', '0000-00-00 00:00:00', 'http://www.zhuzao.com/UploadFile/Baikeuppic/1230873708.jpg');
INSERT INTO mu_product VALUES ('67', '1', '钼铁，钼矿', '钼精矿67', '972', '11', '6', '566', '1', '15', '深圳龙华大浪石光工业区', '1', '0000-00-00 00:00:00', 'http://www.zhuzao.com/UploadFile/Baikeuppic/1230873708.jpg');
INSERT INTO mu_product VALUES ('68', '1', '钼铁，钼矿', '钼精矿68', '479', '11', '9', '997', '1', '20', '深圳龙华大浪石光工业区', '1', '0000-00-00 00:00:00', 'http://www.zhuzao.com/UploadFile/Baikeuppic/1230873708.jpg');
INSERT INTO mu_product VALUES ('69', '1', '钼铁，钼矿', '钼精矿69', '227', '11', '5', '108', '1', '13', '深圳龙华大浪石光工业区', '1', '0000-00-00 00:00:00', 'http://www.zhuzao.com/UploadFile/Baikeuppic/1230873708.jpg');
INSERT INTO mu_product VALUES ('70', '1', '钼铁，钼矿', '钼精矿70', '880', '11', '5', '694', '1', '17', '深圳龙华大浪石光工业区', '1', '0000-00-00 00:00:00', 'http://www.zhuzao.com/UploadFile/Baikeuppic/1230873708.jpg');
INSERT INTO mu_product VALUES ('71', '1', '钼铁，钼矿', '钼精矿71', '696', '11', '2', '842', '1', '18', '深圳龙华大浪石光工业区', '1', '0000-00-00 00:00:00', 'http://www.zhuzao.com/UploadFile/Baikeuppic/1230873708.jpg');
INSERT INTO mu_product VALUES ('72', '1', '钼铁，钼矿', '钼精矿72', '540', '11', '1', '749', '1', '7', '深圳龙华大浪石光工业区', '1', '0000-00-00 00:00:00', 'http://www.zhuzao.com/UploadFile/Baikeuppic/1230873708.jpg');
INSERT INTO mu_product VALUES ('73', '1', '钼铁，钼矿', '钼精矿73', '995', '11', '5', '596', '1', '13', '深圳龙华大浪石光工业区', '1', '0000-00-00 00:00:00', 'http://www.zhuzao.com/UploadFile/Baikeuppic/1230873708.jpg');
INSERT INTO mu_product VALUES ('74', '1', '钼铁，钼矿', '钼精矿74', '680', '11', '6', '492', '1', '14', '深圳龙华大浪石光工业区', '1', '0000-00-00 00:00:00', 'http://www.zhuzao.com/UploadFile/Baikeuppic/1230873708.jpg');
INSERT INTO mu_product VALUES ('75', '1', '钼铁，钼矿', '钼精矿75', '840', '11', '4', '141', '1', '12', '深圳龙华大浪石光工业区', '1', '0000-00-00 00:00:00', 'http://www.zhuzao.com/UploadFile/Baikeuppic/1230873708.jpg');
INSERT INTO mu_product VALUES ('76', '1', '钼铁，钼矿', '钼精矿76', '127', '11', '7', '337', '1', '11', '深圳龙华大浪石光工业区', '1', '0000-00-00 00:00:00', 'http://www.zhuzao.com/UploadFile/Baikeuppic/1230873708.jpg');
INSERT INTO mu_product VALUES ('77', '1', '钼铁，钼矿', '钼精矿77', '819', '11', '9', '959', '1', '16', '深圳龙华大浪石光工业区', '1', '0000-00-00 00:00:00', 'http://www.zhuzao.com/UploadFile/Baikeuppic/1230873708.jpg');
INSERT INTO mu_product VALUES ('78', '1', '钼铁，钼矿', '钼精矿78', '498', '11', '5', '543', '1', '8', '深圳龙华大浪石光工业区', '1', '0000-00-00 00:00:00', 'http://www.zhuzao.com/UploadFile/Baikeuppic/1230873708.jpg');
INSERT INTO mu_product VALUES ('79', '1', '钼铁，钼矿', '钼精矿79', '364', '11', '5', '42', '1', '10', '深圳龙华大浪石光工业区', '1', '0000-00-00 00:00:00', 'http://www.zhuzao.com/UploadFile/Baikeuppic/1230873708.jpg');
INSERT INTO mu_product VALUES ('80', '1', '钼铁，钼矿', '钼精矿80', '564', '11', '1', '968', '1', '10', '深圳龙华大浪石光工业区', '1', '0000-00-00 00:00:00', 'http://www.zhuzao.com/UploadFile/Baikeuppic/1230873708.jpg');
INSERT INTO mu_product VALUES ('81', '1', '钼铁，钼矿', '钼精矿81', '232', '11', '10', '545', '1', '13', '深圳龙华大浪石光工业区', '1', '0000-00-00 00:00:00', 'http://www.zhuzao.com/UploadFile/Baikeuppic/1230873708.jpg');
INSERT INTO mu_product VALUES ('82', '1', '钼铁，钼矿', '钼精矿82', '533', '11', '10', '817', '1', '11', '深圳龙华大浪石光工业区', '1', '0000-00-00 00:00:00', 'http://www.zhuzao.com/UploadFile/Baikeuppic/1230873708.jpg');
INSERT INTO mu_product VALUES ('83', '1', '钼铁，钼矿', '钼精矿83', '477', '11', '2', '637', '1', '16', '深圳龙华大浪石光工业区', '1', '0000-00-00 00:00:00', 'http://www.zhuzao.com/UploadFile/Baikeuppic/1230873708.jpg');
INSERT INTO mu_product VALUES ('84', '1', '钼铁，钼矿', '钼精矿84', '922', '11', '2', '381', '1', '11', '深圳龙华大浪石光工业区', '1', '0000-00-00 00:00:00', 'http://www.zhuzao.com/UploadFile/Baikeuppic/1230873708.jpg');
INSERT INTO mu_product VALUES ('85', '1', '钼铁，钼矿', '钼精矿85', '221', '11', '10', '191', '1', '20', '深圳龙华大浪石光工业区', '1', '0000-00-00 00:00:00', 'http://www.zhuzao.com/UploadFile/Baikeuppic/1230873708.jpg');
INSERT INTO mu_product VALUES ('86', '1', '钼铁，钼矿', '钼精矿86', '531', '11', '10', '787', '1', '6', '深圳龙华大浪石光工业区', '1', '0000-00-00 00:00:00', 'http://www.zhuzao.com/UploadFile/Baikeuppic/1230873708.jpg');
INSERT INTO mu_product VALUES ('87', '1', '钼铁，钼矿', '钼精矿87', '138', '11', '7', '534', '1', '6', '深圳龙华大浪石光工业区', '1', '0000-00-00 00:00:00', 'http://www.zhuzao.com/UploadFile/Baikeuppic/1230873708.jpg');
INSERT INTO mu_product VALUES ('88', '1', '钼铁，钼矿', '钼精矿88', '722', '11', '2', '776', '1', '10', '深圳龙华大浪石光工业区', '1', '0000-00-00 00:00:00', 'http://www.zhuzao.com/UploadFile/Baikeuppic/1230873708.jpg');
INSERT INTO mu_product VALUES ('89', '1', '钼铁，钼矿', '钼精矿89', '419', '11', '10', '238', '1', '10', '深圳龙华大浪石光工业区', '1', '0000-00-00 00:00:00', 'http://www.zhuzao.com/UploadFile/Baikeuppic/1230873708.jpg');
INSERT INTO mu_product VALUES ('90', '1', '钼铁，钼矿', '钼精矿90', '690', '11', '4', '422', '1', '5', '深圳龙华大浪石光工业区', '1', '0000-00-00 00:00:00', 'http://www.zhuzao.com/UploadFile/Baikeuppic/1230873708.jpg');
INSERT INTO mu_product VALUES ('91', '1', '钼铁，钼矿', '钼精矿91', '557', '11', '7', '816', '1', '3', '深圳龙华大浪石光工业区', '1', '0000-00-00 00:00:00', 'http://www.zhuzao.com/UploadFile/Baikeuppic/1230873708.jpg');
INSERT INTO mu_product VALUES ('92', '1', '钼铁，钼矿', '钼精矿92', '838', '11', '10', '882', '1', '15', '深圳龙华大浪石光工业区', '1', '0000-00-00 00:00:00', 'http://www.zhuzao.com/UploadFile/Baikeuppic/1230873708.jpg');
INSERT INTO mu_product VALUES ('93', '1', '钼铁，钼矿', '钼精矿93', '912', '11', '5', '530', '1', '19', '深圳龙华大浪石光工业区', '1', '0000-00-00 00:00:00', 'http://www.zhuzao.com/UploadFile/Baikeuppic/1230873708.jpg');
INSERT INTO mu_product VALUES ('94', '1', '钼铁，钼矿', '钼精矿94', '755', '11', '8', '187', '1', '8', '深圳龙华大浪石光工业区', '1', '0000-00-00 00:00:00', 'http://www.zhuzao.com/UploadFile/Baikeuppic/1230873708.jpg');
INSERT INTO mu_product VALUES ('95', '1', '钼铁，钼矿', '钼精矿95', '693', '11', '5', '89', '1', '20', '深圳龙华大浪石光工业区', '1', '0000-00-00 00:00:00', 'http://www.zhuzao.com/UploadFile/Baikeuppic/1230873708.jpg');
INSERT INTO mu_product VALUES ('96', '1', '钼铁，钼矿', '钼精矿96', '789', '11', '10', '917', '1', '3', '深圳龙华大浪石光工业区', '1', '0000-00-00 00:00:00', 'http://www.zhuzao.com/UploadFile/Baikeuppic/1230873708.jpg');
INSERT INTO mu_product VALUES ('97', '1', '钼铁，钼矿', '钼精矿97', '431', '11', '3', '418', '1', '19', '深圳龙华大浪石光工业区', '1', '0000-00-00 00:00:00', 'http://www.zhuzao.com/UploadFile/Baikeuppic/1230873708.jpg');
INSERT INTO mu_product VALUES ('98', '1', '钼铁，钼矿', '钼精矿98', '923', '11', '4', '50', '1', '9', '深圳龙华大浪石光工业区', '1', '0000-00-00 00:00:00', 'http://www.zhuzao.com/UploadFile/Baikeuppic/1230873708.jpg');
INSERT INTO mu_product VALUES ('99', '1', '钼铁，钼矿', '钼精矿99', '855', '11', '7', '430', '1', '5', '深圳龙华大浪石光工业区', '1', '0000-00-00 00:00:00', 'http://www.zhuzao.com/UploadFile/Baikeuppic/1230873708.jpg');
INSERT INTO mu_product VALUES ('100', '1', '钼铁，钼矿', '钼精矿100', '549', '11', '9', '601', '1', '19', '深圳龙华大浪石光工业区', '1', '0000-00-00 00:00:00', 'http://www.zhuzao.com/UploadFile/Baikeuppic/1230873708.jpg');
INSERT INTO mu_product VALUES ('101', '1', '钼铁，钼矿', '钼精矿101', '863', '11', '1', '738', '1', '9', '深圳龙华大浪石光工业区', '1', '0000-00-00 00:00:00', 'http://www.zhuzao.com/UploadFile/Baikeuppic/1230873708.jpg');
INSERT INTO mu_product VALUES ('102', '1', '钼铁，钼矿', '钼精矿102', '943', '11', '7', '477', '1', '9', '深圳龙华大浪石光工业区', '1', '0000-00-00 00:00:00', 'http://www.zhuzao.com/UploadFile/Baikeuppic/1230873708.jpg');
INSERT INTO mu_product VALUES ('103', '1', '钼铁，钼矿', '钼精矿103', '903', '11', '6', '442', '1', '10', '深圳龙华大浪石光工业区', '1', '0000-00-00 00:00:00', 'http://www.zhuzao.com/UploadFile/Baikeuppic/1230873708.jpg');
INSERT INTO mu_product VALUES ('104', '1', '钼铁，钼矿', '钼精矿104', '539', '11', '2', '152', '1', '3', '深圳龙华大浪石光工业区', '1', '0000-00-00 00:00:00', 'http://www.zhuzao.com/UploadFile/Baikeuppic/1230873708.jpg');
INSERT INTO mu_product VALUES ('105', '1', '钼铁，钼矿', '钼精矿105', '942', '11', '7', '839', '1', '17', '深圳龙华大浪石光工业区', '1', '0000-00-00 00:00:00', 'http://www.zhuzao.com/UploadFile/Baikeuppic/1230873708.jpg');
INSERT INTO mu_product VALUES ('106', '1', '钼铁，钼矿', '钼精矿106', '108', '11', '9', '445', '1', '19', '深圳龙华大浪石光工业区', '1', '0000-00-00 00:00:00', 'http://www.zhuzao.com/UploadFile/Baikeuppic/1230873708.jpg');
INSERT INTO mu_product VALUES ('107', '1', '钼铁，钼矿', '钼精矿107', '245', '11', '9', '221', '1', '19', '深圳龙华大浪石光工业区', '1', '0000-00-00 00:00:00', 'http://www.zhuzao.com/UploadFile/Baikeuppic/1230873708.jpg');
INSERT INTO mu_product VALUES ('108', '1', '钼铁，钼矿', '钼精矿108', '732', '11', '7', '282', '1', '19', '深圳龙华大浪石光工业区', '1', '0000-00-00 00:00:00', 'http://www.zhuzao.com/UploadFile/Baikeuppic/1230873708.jpg');
INSERT INTO mu_product VALUES ('109', '1', '钼铁，钼矿', '钼精矿109', '751', '11', '6', '567', '1', '5', '深圳龙华大浪石光工业区', '1', '0000-00-00 00:00:00', 'http://www.zhuzao.com/UploadFile/Baikeuppic/1230873708.jpg');
INSERT INTO mu_product VALUES ('110', '1', '钼铁，钼矿', '钼精矿110', '870', '11', '4', '418', '1', '3', '深圳龙华大浪石光工业区', '1', '0000-00-00 00:00:00', 'http://www.zhuzao.com/UploadFile/Baikeuppic/1230873708.jpg');
INSERT INTO mu_product VALUES ('111', '1', '钼铁，钼矿', '钼精矿111', '542', '11', '8', '354', '1', '8', '深圳龙华大浪石光工业区', '1', '0000-00-00 00:00:00', 'http://www.zhuzao.com/UploadFile/Baikeuppic/1230873708.jpg');
INSERT INTO mu_product VALUES ('112', '1', '钼铁，钼矿', '钼精矿112', '648', '11', '8', '216', '1', '6', '深圳龙华大浪石光工业区', '1', '0000-00-00 00:00:00', 'http://www.zhuzao.com/UploadFile/Baikeuppic/1230873708.jpg');
INSERT INTO mu_product VALUES ('113', '1', '钼铁，钼矿', '钼精矿113', '826', '11', '8', '261', '1', '18', '深圳龙华大浪石光工业区', '1', '0000-00-00 00:00:00', 'http://www.zhuzao.com/UploadFile/Baikeuppic/1230873708.jpg');
INSERT INTO mu_product VALUES ('114', '1', '钼铁，钼矿', '钼精矿114', '722', '11', '5', '367', '1', '11', '深圳龙华大浪石光工业区', '1', '0000-00-00 00:00:00', 'http://www.zhuzao.com/UploadFile/Baikeuppic/1230873708.jpg');
INSERT INTO mu_product VALUES ('115', '1', '钼铁，钼矿', '钼精矿115', '303', '11', '10', '934', '1', '20', '深圳龙华大浪石光工业区', '1', '0000-00-00 00:00:00', 'http://www.zhuzao.com/UploadFile/Baikeuppic/1230873708.jpg');
INSERT INTO mu_product VALUES ('116', '1', '钼铁，钼矿', '钼精矿116', '260', '11', '2', '667', '1', '9', '深圳龙华大浪石光工业区', '1', '0000-00-00 00:00:00', 'http://www.zhuzao.com/UploadFile/Baikeuppic/1230873708.jpg');
INSERT INTO mu_product VALUES ('117', '1', '钼铁，钼矿', '钼精矿117', '351', '11', '8', '759', '1', '20', '深圳龙华大浪石光工业区', '1', '0000-00-00 00:00:00', 'http://www.zhuzao.com/UploadFile/Baikeuppic/1230873708.jpg');
INSERT INTO mu_product VALUES ('118', '1', '钼铁，钼矿', '钼精矿118', '312', '11', '7', '755', '1', '6', '深圳龙华大浪石光工业区', '1', '0000-00-00 00:00:00', 'http://www.zhuzao.com/UploadFile/Baikeuppic/1230873708.jpg');
INSERT INTO mu_product VALUES ('119', '1', '钼铁，钼矿', '钼精矿119', '288', '11', '8', '568', '1', '10', '深圳龙华大浪石光工业区', '1', '0000-00-00 00:00:00', 'http://www.zhuzao.com/UploadFile/Baikeuppic/1230873708.jpg');
INSERT INTO mu_product VALUES ('120', '1', '钼铁，钼矿', '钼精矿120', '891', '11', '3', '860', '1', '6', '深圳龙华大浪石光工业区', '1', '0000-00-00 00:00:00', 'http://www.zhuzao.com/UploadFile/Baikeuppic/1230873708.jpg');
INSERT INTO mu_product VALUES ('121', '1', '钼铁，钼矿', '钼精矿121', '760', '11', '4', '419', '1', '17', '深圳龙华大浪石光工业区', '1', '0000-00-00 00:00:00', 'http://www.zhuzao.com/UploadFile/Baikeuppic/1230873708.jpg');
INSERT INTO mu_product VALUES ('122', '1', '钼铁，钼矿', '钼精矿122', '738', '11', '1', '560', '1', '19', '深圳龙华大浪石光工业区', '1', '0000-00-00 00:00:00', 'http://www.zhuzao.com/UploadFile/Baikeuppic/1230873708.jpg');
INSERT INTO mu_product VALUES ('123', '1', '钼铁，钼矿', '钼精矿123', '806', '11', '9', '339', '1', '3', '深圳龙华大浪石光工业区', '1', '0000-00-00 00:00:00', 'http://www.zhuzao.com/UploadFile/Baikeuppic/1230873708.jpg');
INSERT INTO mu_product VALUES ('124', '1', '钼铁，钼矿', '钼精矿124', '710', '11', '9', '517', '1', '3', '深圳龙华大浪石光工业区', '1', '0000-00-00 00:00:00', 'http://www.zhuzao.com/UploadFile/Baikeuppic/1230873708.jpg');
INSERT INTO mu_product VALUES ('125', '1', '钼铁，钼矿', '钼精矿125', '337', '11', '3', '76', '1', '11', '深圳龙华大浪石光工业区', '1', '0000-00-00 00:00:00', 'http://www.zhuzao.com/UploadFile/Baikeuppic/1230873708.jpg');
INSERT INTO mu_product VALUES ('126', '1', '钼铁，钼矿', '钼精矿126', '845', '11', '2', '248', '1', '12', '深圳龙华大浪石光工业区', '1', '0000-00-00 00:00:00', 'http://www.zhuzao.com/UploadFile/Baikeuppic/1230873708.jpg');
INSERT INTO mu_product VALUES ('127', '1', '钼铁，钼矿', '钼精矿127', '815', '11', '5', '836', '1', '12', '深圳龙华大浪石光工业区', '1', '0000-00-00 00:00:00', 'http://www.zhuzao.com/UploadFile/Baikeuppic/1230873708.jpg');
INSERT INTO mu_product VALUES ('128', '1', '钼铁，钼矿', '钼精矿128', '141', '11', '5', '846', '1', '17', '深圳龙华大浪石光工业区', '1', '0000-00-00 00:00:00', 'http://www.zhuzao.com/UploadFile/Baikeuppic/1230873708.jpg');
INSERT INTO mu_product VALUES ('129', '1', '钼铁，钼矿', '钼精矿129', '518', '11', '4', '73', '1', '10', '深圳龙华大浪石光工业区', '1', '0000-00-00 00:00:00', 'http://www.zhuzao.com/UploadFile/Baikeuppic/1230873708.jpg');
INSERT INTO mu_product VALUES ('130', '1', '钼铁，钼矿', '钼精矿130', '831', '11', '3', '777', '1', '17', '深圳龙华大浪石光工业区', '1', '0000-00-00 00:00:00', 'http://www.zhuzao.com/UploadFile/Baikeuppic/1230873708.jpg');
INSERT INTO mu_product VALUES ('131', '1', '钼铁，钼矿', '钼精矿131', '625', '11', '2', '169', '1', '3', '深圳龙华大浪石光工业区', '1', '0000-00-00 00:00:00', 'http://www.zhuzao.com/UploadFile/Baikeuppic/1230873708.jpg');
INSERT INTO mu_product VALUES ('132', '1', '钼铁，钼矿', '钼精矿132', '956', '11', '9', '577', '1', '16', '深圳龙华大浪石光工业区', '1', '0000-00-00 00:00:00', 'http://www.zhuzao.com/UploadFile/Baikeuppic/1230873708.jpg');
INSERT INTO mu_product VALUES ('133', '1', '钼铁，钼矿', '钼精矿133', '486', '11', '10', '253', '1', '13', '深圳龙华大浪石光工业区', '1', '0000-00-00 00:00:00', 'http://www.zhuzao.com/UploadFile/Baikeuppic/1230873708.jpg');
INSERT INTO mu_product VALUES ('134', '1', '钼铁，钼矿', '钼精矿134', '442', '11', '9', '631', '1', '17', '深圳龙华大浪石光工业区', '1', '0000-00-00 00:00:00', 'http://www.zhuzao.com/UploadFile/Baikeuppic/1230873708.jpg');
INSERT INTO mu_product VALUES ('135', '1', '钼铁，钼矿', '钼精矿135', '997', '11', '4', '910', '1', '8', '深圳龙华大浪石光工业区', '1', '0000-00-00 00:00:00', 'http://www.zhuzao.com/UploadFile/Baikeuppic/1230873708.jpg');
INSERT INTO mu_product VALUES ('136', '1', '钼铁，钼矿', '钼精矿136', '876', '11', '3', '918', '1', '17', '深圳龙华大浪石光工业区', '1', '0000-00-00 00:00:00', 'http://www.zhuzao.com/UploadFile/Baikeuppic/1230873708.jpg');
INSERT INTO mu_product VALUES ('137', '1', '钼铁，钼矿', '钼精矿137', '775', '11', '3', '958', '1', '10', '深圳龙华大浪石光工业区', '1', '0000-00-00 00:00:00', 'http://www.zhuzao.com/UploadFile/Baikeuppic/1230873708.jpg');
INSERT INTO mu_product VALUES ('138', '1', '钼铁，钼矿', '钼精矿138', '776', '11', '10', '769', '1', '3', '深圳龙华大浪石光工业区', '1', '0000-00-00 00:00:00', 'http://www.zhuzao.com/UploadFile/Baikeuppic/1230873708.jpg');
INSERT INTO mu_product VALUES ('139', '1', '钼铁，钼矿', '钼精矿139', '437', '11', '7', '178', '1', '13', '深圳龙华大浪石光工业区', '1', '0000-00-00 00:00:00', 'http://www.zhuzao.com/UploadFile/Baikeuppic/1230873708.jpg');
INSERT INTO mu_product VALUES ('140', '1', '钼铁，钼矿', '钼精矿140', '773', '11', '6', '598', '1', '6', '深圳龙华大浪石光工业区', '1', '0000-00-00 00:00:00', 'http://www.zhuzao.com/UploadFile/Baikeuppic/1230873708.jpg');
INSERT INTO mu_product VALUES ('141', '1', '钼铁，钼矿', '钼精矿141', '571', '11', '6', '51', '1', '19', '深圳龙华大浪石光工业区', '1', '0000-00-00 00:00:00', 'http://www.zhuzao.com/UploadFile/Baikeuppic/1230873708.jpg');
INSERT INTO mu_product VALUES ('142', '1', '钼铁，钼矿', '钼精矿142', '679', '11', '3', '665', '1', '16', '深圳龙华大浪石光工业区', '1', '0000-00-00 00:00:00', 'http://www.zhuzao.com/UploadFile/Baikeuppic/1230873708.jpg');
INSERT INTO mu_product VALUES ('143', '1', '钼铁，钼矿', '钼精矿143', '608', '11', '4', '543', '1', '13', '深圳龙华大浪石光工业区', '1', '0000-00-00 00:00:00', 'http://www.zhuzao.com/UploadFile/Baikeuppic/1230873708.jpg');
INSERT INTO mu_product VALUES ('144', '1', '钼铁，钼矿', '钼精矿144', '168', '11', '3', '826', '1', '18', '深圳龙华大浪石光工业区', '1', '0000-00-00 00:00:00', 'http://www.zhuzao.com/UploadFile/Baikeuppic/1230873708.jpg');
INSERT INTO mu_product VALUES ('145', '1', '钼铁，钼矿', '钼精矿145', '406', '11', '10', '845', '1', '12', '深圳龙华大浪石光工业区', '1', '0000-00-00 00:00:00', 'http://www.zhuzao.com/UploadFile/Baikeuppic/1230873708.jpg');
INSERT INTO mu_product VALUES ('146', '1', '钼铁，钼矿', '钼精矿146', '348', '11', '8', '289', '1', '9', '深圳龙华大浪石光工业区', '1', '0000-00-00 00:00:00', 'http://www.zhuzao.com/UploadFile/Baikeuppic/1230873708.jpg');
INSERT INTO mu_product VALUES ('147', '1', '钼铁，钼矿', '钼精矿147', '919', '11', '2', '116', '1', '11', '深圳龙华大浪石光工业区', '1', '0000-00-00 00:00:00', 'http://www.zhuzao.com/UploadFile/Baikeuppic/1230873708.jpg');
INSERT INTO mu_product VALUES ('148', '1', '钼铁，钼矿', '钼精矿148', '836', '11', '10', '333', '1', '4', '深圳龙华大浪石光工业区', '1', '0000-00-00 00:00:00', 'http://www.zhuzao.com/UploadFile/Baikeuppic/1230873708.jpg');
INSERT INTO mu_product VALUES ('149', '1', '钼铁，钼矿', '钼精矿149', '367', '11', '9', '212', '1', '7', '深圳龙华大浪石光工业区', '1', '0000-00-00 00:00:00', 'http://www.zhuzao.com/UploadFile/Baikeuppic/1230873708.jpg');
INSERT INTO mu_product VALUES ('150', '1', '钼铁，钼矿', '钼精矿150', '431', '11', '3', '104', '1', '3', '深圳龙华大浪石光工业区', '1', '0000-00-00 00:00:00', 'http://www.zhuzao.com/UploadFile/Baikeuppic/1230873708.jpg');
INSERT INTO mu_product VALUES ('151', '1', '钼铁，钼矿', '钼精矿151', '326', '11', '3', '478', '1', '3', '深圳龙华大浪石光工业区', '1', '0000-00-00 00:00:00', 'http://www.zhuzao.com/UploadFile/Baikeuppic/1230873708.jpg');
INSERT INTO mu_product VALUES ('152', '1', '钼铁，钼矿', '钼精矿152', '495', '11', '2', '325', '1', '18', '深圳龙华大浪石光工业区', '1', '0000-00-00 00:00:00', 'http://www.zhuzao.com/UploadFile/Baikeuppic/1230873708.jpg');
INSERT INTO mu_product VALUES ('153', '1', '钼铁，钼矿', '钼精矿153', '988', '11', '2', '476', '1', '13', '深圳龙华大浪石光工业区', '1', '0000-00-00 00:00:00', 'http://www.zhuzao.com/UploadFile/Baikeuppic/1230873708.jpg');
INSERT INTO mu_product VALUES ('154', '1', '钼铁，钼矿', '钼精矿154', '223', '11', '6', '79', '1', '11', '深圳龙华大浪石光工业区', '1', '0000-00-00 00:00:00', 'http://www.zhuzao.com/UploadFile/Baikeuppic/1230873708.jpg');
INSERT INTO mu_product VALUES ('155', '1', '钼铁，钼矿', '钼精矿155', '942', '11', '4', '729', '1', '11', '深圳龙华大浪石光工业区', '1', '0000-00-00 00:00:00', 'http://www.zhuzao.com/UploadFile/Baikeuppic/1230873708.jpg');
INSERT INTO mu_product VALUES ('156', '1', '钼铁，钼矿', '钼精矿156', '920', '11', '8', '524', '1', '8', '深圳龙华大浪石光工业区', '1', '0000-00-00 00:00:00', 'http://www.zhuzao.com/UploadFile/Baikeuppic/1230873708.jpg');
INSERT INTO mu_product VALUES ('157', '1', '钼铁，钼矿', '钼精矿157', '551', '11', '5', '490', '1', '10', '深圳龙华大浪石光工业区', '1', '0000-00-00 00:00:00', 'http://www.zhuzao.com/UploadFile/Baikeuppic/1230873708.jpg');
INSERT INTO mu_product VALUES ('158', '1', '钼铁，钼矿', '钼精矿158', '373', '11', '5', '680', '1', '14', '深圳龙华大浪石光工业区', '1', '0000-00-00 00:00:00', 'http://www.zhuzao.com/UploadFile/Baikeuppic/1230873708.jpg');
INSERT INTO mu_product VALUES ('159', '1', '钼铁，钼矿', '钼精矿159', '824', '11', '8', '467', '1', '11', '深圳龙华大浪石光工业区', '1', '0000-00-00 00:00:00', 'http://www.zhuzao.com/UploadFile/Baikeuppic/1230873708.jpg');
INSERT INTO mu_product VALUES ('160', '1', '钼铁，钼矿', '钼精矿160', '731', '11', '10', '156', '1', '10', '深圳龙华大浪石光工业区', '1', '0000-00-00 00:00:00', 'http://www.zhuzao.com/UploadFile/Baikeuppic/1230873708.jpg');
INSERT INTO mu_product VALUES ('161', '1', '钼铁，钼矿', '钼精矿161', '492', '11', '7', '595', '1', '7', '深圳龙华大浪石光工业区', '1', '0000-00-00 00:00:00', 'http://www.zhuzao.com/UploadFile/Baikeuppic/1230873708.jpg');
INSERT INTO mu_product VALUES ('162', '1', '钼铁，钼矿', '钼精矿162', '176', '11', '1', '884', '1', '4', '深圳龙华大浪石光工业区', '1', '0000-00-00 00:00:00', 'http://www.zhuzao.com/UploadFile/Baikeuppic/1230873708.jpg');
INSERT INTO mu_product VALUES ('163', '1', '钼铁，钼矿', '钼精矿163', '283', '11', '1', '776', '1', '7', '深圳龙华大浪石光工业区', '1', '0000-00-00 00:00:00', 'http://www.zhuzao.com/UploadFile/Baikeuppic/1230873708.jpg');
INSERT INTO mu_product VALUES ('164', '1', '钼铁，钼矿', '钼精矿164', '800', '11', '6', '925', '1', '11', '深圳龙华大浪石光工业区', '1', '0000-00-00 00:00:00', 'http://www.zhuzao.com/UploadFile/Baikeuppic/1230873708.jpg');
INSERT INTO mu_product VALUES ('165', '1', '钼铁，钼矿', '钼精矿165', '896', '11', '3', '636', '1', '4', '深圳龙华大浪石光工业区', '1', '0000-00-00 00:00:00', 'http://www.zhuzao.com/UploadFile/Baikeuppic/1230873708.jpg');
INSERT INTO mu_product VALUES ('166', '1', '钼铁，钼矿', '钼精矿166', '279', '11', '9', '165', '1', '4', '深圳龙华大浪石光工业区', '1', '0000-00-00 00:00:00', 'http://www.zhuzao.com/UploadFile/Baikeuppic/1230873708.jpg');
INSERT INTO mu_product VALUES ('167', '1', '钼铁，钼矿', '钼精矿167', '978', '11', '6', '262', '1', '13', '深圳龙华大浪石光工业区', '1', '0000-00-00 00:00:00', 'http://www.zhuzao.com/UploadFile/Baikeuppic/1230873708.jpg');
INSERT INTO mu_product VALUES ('168', '1', '钼铁，钼矿', '钼精矿168', '650', '11', '2', '73', '1', '9', '深圳龙华大浪石光工业区', '1', '0000-00-00 00:00:00', 'http://www.zhuzao.com/UploadFile/Baikeuppic/1230873708.jpg');
INSERT INTO mu_product VALUES ('169', '1', '钼铁，钼矿', '钼精矿169', '496', '11', '3', '953', '1', '9', '深圳龙华大浪石光工业区', '1', '0000-00-00 00:00:00', 'http://www.zhuzao.com/UploadFile/Baikeuppic/1230873708.jpg');
INSERT INTO mu_product VALUES ('170', '1', '钼铁，钼矿', '钼精矿170', '881', '11', '10', '474', '1', '4', '深圳龙华大浪石光工业区', '1', '0000-00-00 00:00:00', 'http://www.zhuzao.com/UploadFile/Baikeuppic/1230873708.jpg');
INSERT INTO mu_product VALUES ('171', '1', '钼铁，钼矿', '钼精矿171', '518', '11', '10', '10', '1', '15', '深圳龙华大浪石光工业区', '1', '0000-00-00 00:00:00', 'http://www.zhuzao.com/UploadFile/Baikeuppic/1230873708.jpg');
INSERT INTO mu_product VALUES ('172', '1', '钼铁，钼矿', '钼精矿172', '251', '11', '4', '295', '1', '9', '深圳龙华大浪石光工业区', '1', '0000-00-00 00:00:00', 'http://www.zhuzao.com/UploadFile/Baikeuppic/1230873708.jpg');
INSERT INTO mu_product VALUES ('173', '1', '钼铁，钼矿', '钼精矿173', '278', '11', '10', '402', '1', '3', '深圳龙华大浪石光工业区', '1', '0000-00-00 00:00:00', 'http://www.zhuzao.com/UploadFile/Baikeuppic/1230873708.jpg');
INSERT INTO mu_product VALUES ('174', '1', '钼铁，钼矿', '钼精矿174', '826', '11', '10', '293', '1', '6', '深圳龙华大浪石光工业区', '1', '0000-00-00 00:00:00', 'http://www.zhuzao.com/UploadFile/Baikeuppic/1230873708.jpg');
INSERT INTO mu_product VALUES ('175', '1', '钼铁，钼矿', '钼精矿175', '562', '11', '5', '608', '1', '6', '深圳龙华大浪石光工业区', '1', '0000-00-00 00:00:00', 'http://www.zhuzao.com/UploadFile/Baikeuppic/1230873708.jpg');
INSERT INTO mu_product VALUES ('176', '1', '钼铁，钼矿', '钼精矿176', '928', '11', '6', '818', '1', '10', '深圳龙华大浪石光工业区', '1', '0000-00-00 00:00:00', 'http://www.zhuzao.com/UploadFile/Baikeuppic/1230873708.jpg');
INSERT INTO mu_product VALUES ('177', '1', '钼铁，钼矿', '钼精矿177', '775', '11', '6', '313', '1', '14', '深圳龙华大浪石光工业区', '1', '0000-00-00 00:00:00', 'http://www.zhuzao.com/UploadFile/Baikeuppic/1230873708.jpg');
INSERT INTO mu_product VALUES ('178', '1', '钼铁，钼矿', '钼精矿178', '312', '11', '10', '582', '1', '4', '深圳龙华大浪石光工业区', '1', '0000-00-00 00:00:00', 'http://www.zhuzao.com/UploadFile/Baikeuppic/1230873708.jpg');
INSERT INTO mu_product VALUES ('179', '1', '钼铁，钼矿', '钼精矿179', '520', '11', '8', '166', '1', '10', '深圳龙华大浪石光工业区', '1', '0000-00-00 00:00:00', 'http://www.zhuzao.com/UploadFile/Baikeuppic/1230873708.jpg');
INSERT INTO mu_product VALUES ('180', '1', '钼铁，钼矿', '钼精矿180', '849', '11', '7', '371', '1', '17', '深圳龙华大浪石光工业区', '1', '0000-00-00 00:00:00', 'http://www.zhuzao.com/UploadFile/Baikeuppic/1230873708.jpg');
INSERT INTO mu_product VALUES ('181', '1', '钼铁，钼矿', '钼精矿181', '271', '11', '4', '533', '1', '2', '深圳龙华大浪石光工业区', '1', '0000-00-00 00:00:00', 'http://www.zhuzao.com/UploadFile/Baikeuppic/1230873708.jpg');
INSERT INTO mu_product VALUES ('182', '1', '钼铁，钼矿', '钼精矿182', '888', '11', '7', '815', '1', '17', '深圳龙华大浪石光工业区', '1', '0000-00-00 00:00:00', 'http://www.zhuzao.com/UploadFile/Baikeuppic/1230873708.jpg');
INSERT INTO mu_product VALUES ('183', '1', '钼铁，钼矿', '钼精矿183', '251', '11', '2', '264', '1', '2', '深圳龙华大浪石光工业区', '1', '0000-00-00 00:00:00', 'http://www.zhuzao.com/UploadFile/Baikeuppic/1230873708.jpg');
INSERT INTO mu_product VALUES ('184', '1', '钼铁，钼矿', '钼精矿184', '438', '11', '1', '161', '1', '8', '深圳龙华大浪石光工业区', '1', '0000-00-00 00:00:00', 'http://www.zhuzao.com/UploadFile/Baikeuppic/1230873708.jpg');
INSERT INTO mu_product VALUES ('185', '1', '钼铁，钼矿', '钼精矿185', '202', '11', '4', '409', '1', '16', '深圳龙华大浪石光工业区', '1', '0000-00-00 00:00:00', 'http://www.zhuzao.com/UploadFile/Baikeuppic/1230873708.jpg');
INSERT INTO mu_product VALUES ('186', '1', '钼铁，钼矿', '钼精矿186', '947', '11', '10', '961', '1', '20', '深圳龙华大浪石光工业区', '1', '0000-00-00 00:00:00', 'http://www.zhuzao.com/UploadFile/Baikeuppic/1230873708.jpg');
INSERT INTO mu_product VALUES ('187', '1', '钼铁，钼矿', '钼精矿187', '966', '11', '3', '995', '1', '6', '深圳龙华大浪石光工业区', '1', '0000-00-00 00:00:00', 'http://www.zhuzao.com/UploadFile/Baikeuppic/1230873708.jpg');
INSERT INTO mu_product VALUES ('188', '1', '钼铁，钼矿', '钼精矿188', '567', '11', '5', '903', '1', '10', '深圳龙华大浪石光工业区', '1', '0000-00-00 00:00:00', 'http://www.zhuzao.com/UploadFile/Baikeuppic/1230873708.jpg');
INSERT INTO mu_product VALUES ('189', '1', '钼铁，钼矿', '钼精矿189', '652', '11', '1', '779', '1', '17', '深圳龙华大浪石光工业区', '1', '0000-00-00 00:00:00', 'http://www.zhuzao.com/UploadFile/Baikeuppic/1230873708.jpg');
INSERT INTO mu_product VALUES ('190', '1', '钼铁，钼矿', '钼精矿190', '238', '11', '7', '493', '1', '13', '深圳龙华大浪石光工业区', '1', '0000-00-00 00:00:00', 'http://www.zhuzao.com/UploadFile/Baikeuppic/1230873708.jpg');
INSERT INTO mu_product VALUES ('191', '1', '钼铁，钼矿', '钼精矿191', '722', '11', '5', '965', '1', '17', '深圳龙华大浪石光工业区', '1', '0000-00-00 00:00:00', 'http://www.zhuzao.com/UploadFile/Baikeuppic/1230873708.jpg');
INSERT INTO mu_product VALUES ('192', '1', '钼铁，钼矿', '钼精矿192', '758', '11', '3', '829', '1', '19', '深圳龙华大浪石光工业区', '1', '0000-00-00 00:00:00', 'http://www.zhuzao.com/UploadFile/Baikeuppic/1230873708.jpg');
INSERT INTO mu_product VALUES ('193', '1', '钼铁，钼矿', '钼精矿193', '354', '11', '5', '992', '1', '12', '深圳龙华大浪石光工业区', '1', '0000-00-00 00:00:00', 'http://www.zhuzao.com/UploadFile/Baikeuppic/1230873708.jpg');
INSERT INTO mu_product VALUES ('194', '1', '钼铁，钼矿', '钼精矿194', '759', '11', '7', '372', '1', '8', '深圳龙华大浪石光工业区', '1', '0000-00-00 00:00:00', 'http://www.zhuzao.com/UploadFile/Baikeuppic/1230873708.jpg');
INSERT INTO mu_product VALUES ('195', '1', '钼铁，钼矿', '钼精矿195', '729', '11', '4', '268', '1', '19', '深圳龙华大浪石光工业区', '1', '0000-00-00 00:00:00', 'http://www.zhuzao.com/UploadFile/Baikeuppic/1230873708.jpg');
INSERT INTO mu_product VALUES ('196', '1', '钼铁，钼矿', '钼精矿196', '983', '11', '3', '653', '1', '3', '深圳龙华大浪石光工业区', '1', '0000-00-00 00:00:00', 'http://www.zhuzao.com/UploadFile/Baikeuppic/1230873708.jpg');
INSERT INTO mu_product VALUES ('197', '1', '钼铁，钼矿', '钼精矿197', '294', '11', '10', '894', '1', '3', '深圳龙华大浪石光工业区', '1', '0000-00-00 00:00:00', 'http://www.zhuzao.com/UploadFile/Baikeuppic/1230873708.jpg');
INSERT INTO mu_product VALUES ('198', '1', '钼铁，钼矿', '钼精矿198', '454', '11', '7', '71', '1', '7', '深圳龙华大浪石光工业区', '1', '0000-00-00 00:00:00', 'http://www.zhuzao.com/UploadFile/Baikeuppic/1230873708.jpg');
INSERT INTO mu_product VALUES ('199', '1', '钼铁，钼矿', '钼精矿199', '847', '11', '1', '482', '1', '7', '深圳龙华大浪石光工业区', '1', '0000-00-00 00:00:00', 'http://www.zhuzao.com/UploadFile/Baikeuppic/1230873708.jpg');

-- ----------------------------
-- Table structure for `mu_recommend`
-- ----------------------------
DROP TABLE IF EXISTS `mu_recommend`;
CREATE TABLE `mu_recommend` (
  `recommend_id` int(11) NOT NULL,
  `recommend_object_id` bigint(20) NOT NULL COMMENT '用户,文章,供求等',
  `recommend_type` tinyint(11) NOT NULL,
  `recommend_position` tinyint(11) NOT NULL,
  `recommend_status` tinyint(4) DEFAULT NULL,
  `recommend_time` datetime DEFAULT NULL,
  PRIMARY KEY (`recommend_id`)
) ENGINE=MyISAM DEFAULT CHARSET=utf8;

-- ----------------------------
-- Records of mu_recommend
-- ----------------------------

-- ----------------------------
-- Table structure for `mu_right_assignment`
-- ----------------------------
DROP TABLE IF EXISTS `mu_right_assignment`;
CREATE TABLE `mu_right_assignment` (
  `itemname` varchar(64) NOT NULL,
  `userid` int(11) NOT NULL,
  `bizrule` varchar(1024) DEFAULT NULL,
  `data` varchar(1024) DEFAULT NULL,
  PRIMARY KEY (`userid`,`itemname`)
) ENGINE=MyISAM DEFAULT CHARSET=utf8;

-- ----------------------------
-- Records of mu_right_assignment
-- ----------------------------

-- ----------------------------
-- Table structure for `mu_right_item`
-- ----------------------------
DROP TABLE IF EXISTS `mu_right_item`;
CREATE TABLE `mu_right_item` (
  `name` varchar(64) NOT NULL,
  `type` int(11) NOT NULL,
  `description` varchar(1024) CHARACTER SET gbk DEFAULT NULL,
  `bizrule` varchar(1024) CHARACTER SET gbk DEFAULT NULL COMMENT 'php script for eval',
  `data` varchar(1024) CHARACTER SET gbk DEFAULT NULL,
  PRIMARY KEY (`name`)
) ENGINE=MyISAM DEFAULT CHARSET=utf8;

-- ----------------------------
-- Records of mu_right_item
-- ----------------------------
INSERT INTO mu_right_item VALUES ('admin-UserAdmin', '0', null, null, 'N;');
INSERT INTO mu_right_item VALUES ('admin-UserAutoAddNew', '0', null, null, 'N;');
INSERT INTO mu_right_item VALUES ('admin-UserAutoAll', '0', null, null, 'N;');
INSERT INTO mu_right_item VALUES ('admin-UserAutoNew', '0', null, null, 'N;');
INSERT INTO mu_right_item VALUES ('admin-UserCreate', '0', null, null, 'N;');
INSERT INTO mu_right_item VALUES ('admin-UserDelete', '0', null, null, 'N;');
INSERT INTO mu_right_item VALUES ('admin-UserIndex', '0', null, null, 'N;');
INSERT INTO mu_right_item VALUES ('admin-UserScan', '0', null, null, 'N;');
INSERT INTO mu_right_item VALUES ('admin-UserUpdate', '0', null, null, 'N;');
INSERT INTO mu_right_item VALUES ('admin-UserView', '0', null, null, 'N;');
INSERT INTO mu_right_item VALUES ('admin-UserViewOperas', '0', null, null, 'N;');
INSERT INTO mu_right_item VALUES ('admin-UserViewRoles', '0', null, null, 'N;');
INSERT INTO mu_right_item VALUES ('admin-UserViewTasks', '0', null, null, 'N;');
INSERT INTO mu_right_item VALUES ('srbac-AuthitemAdministrating', '1', null, null, 'N;');
INSERT INTO mu_right_item VALUES ('srbac-AuthitemAssign', '0', null, null, 'N;');
INSERT INTO mu_right_item VALUES ('srbac-AuthitemAssignments', '0', null, null, 'N;');
INSERT INTO mu_right_item VALUES ('srbac-AuthitemAuto', '0', null, null, 'N;');
INSERT INTO mu_right_item VALUES ('srbac-AuthitemAutocomplete', '0', null, null, 'N;');
INSERT INTO mu_right_item VALUES ('srbac-AuthitemAutoCreateItems', '0', null, null, 'N;');
INSERT INTO mu_right_item VALUES ('srbac-AuthitemAutoDeleteItems', '0', null, null, 'N;');
INSERT INTO mu_right_item VALUES ('srbac-AuthitemClearObsolete', '0', null, null, 'N;');
INSERT INTO mu_right_item VALUES ('srbac-AuthitemConfirm', '0', null, null, 'N;');
INSERT INTO mu_right_item VALUES ('srbac-AuthitemCreate', '0', null, null, 'N;');
INSERT INTO mu_right_item VALUES ('srbac-AuthitemDelete', '0', null, null, 'N;');
INSERT INTO mu_right_item VALUES ('srbac-AuthitemDeleteObsolete', '0', null, null, 'N;');
INSERT INTO mu_right_item VALUES ('srbac-AuthitemEditAllowed', '0', null, null, 'N;');
INSERT INTO mu_right_item VALUES ('srbac-AuthitemFrontPage', '0', null, null, 'N;');
INSERT INTO mu_right_item VALUES ('srbac-AuthitemGetCleverOpers', '0', null, null, 'N;');
INSERT INTO mu_right_item VALUES ('srbac-AuthitemGetOpers', '0', null, null, 'N;');
INSERT INTO mu_right_item VALUES ('srbac-AuthitemGetRoles', '0', null, null, 'N;');
INSERT INTO mu_right_item VALUES ('srbac-AuthitemGetTasks', '0', null, null, 'N;');
INSERT INTO mu_right_item VALUES ('srbac-AuthitemGetUsers', '0', null, null, 'N;');
INSERT INTO mu_right_item VALUES ('srbac-AuthitemInstall', '0', null, null, 'N;');
INSERT INTO mu_right_item VALUES ('srbac-AuthitemList', '0', null, null, 'N;');
INSERT INTO mu_right_item VALUES ('srbac-AuthitemManage', '0', null, null, 'N;');
INSERT INTO mu_right_item VALUES ('srbac-AuthitemSaveAllowed', '0', null, null, 'N;');
INSERT INTO mu_right_item VALUES ('srbac-AuthitemScan', '0', null, null, 'N;');
INSERT INTO mu_right_item VALUES ('srbac-AuthitemShow', '0', null, null, 'N;');
INSERT INTO mu_right_item VALUES ('srbac-AuthitemShowAssignments', '0', null, null, 'N;');
INSERT INTO mu_right_item VALUES ('srbac-AuthitemUpdate', '0', null, null, 'N;');
INSERT INTO mu_right_item VALUES ('srbac-AuthitemViewing', '1', null, null, 'N;');
INSERT INTO mu_right_item VALUES ('UserAdmin', '0', null, null, 'N;');
INSERT INTO mu_right_item VALUES ('UserCreate', '0', null, null, 'N;');
INSERT INTO mu_right_item VALUES ('UserDelete', '0', null, null, 'N;');
INSERT INTO mu_right_item VALUES ('UserIndex', '0', null, null, 'N;');
INSERT INTO mu_right_item VALUES ('UserUpdate', '0', null, null, 'N;');
INSERT INTO mu_right_item VALUES ('UserView', '0', null, null, 'N;');
INSERT INTO mu_right_item VALUES ('超级管理员', '2', null, null, null);

-- ----------------------------
-- Table structure for `mu_right_itemchildren`
-- ----------------------------
DROP TABLE IF EXISTS `mu_right_itemchildren`;
CREATE TABLE `mu_right_itemchildren` (
  `parent` varchar(64) NOT NULL,
  `child` varchar(64) NOT NULL,
  PRIMARY KEY (`parent`,`child`)
) ENGINE=MyISAM DEFAULT CHARSET=utf8;

-- ----------------------------
-- Records of mu_right_itemchildren
-- ----------------------------
INSERT INTO mu_right_itemchildren VALUES ('srbac-AuthitemAdministrating', 'admin-UserAdmin');
INSERT INTO mu_right_itemchildren VALUES ('srbac-AuthitemAdministrating', 'admin-UserAutoAddNew');
INSERT INTO mu_right_itemchildren VALUES ('srbac-AuthitemAdministrating', 'admin-UserAutoAll');
INSERT INTO mu_right_itemchildren VALUES ('srbac-AuthitemAdministrating', 'admin-UserAutoNew');

-- ----------------------------
-- Table structure for `mu_sms_code`
-- ----------------------------
DROP TABLE IF EXISTS `mu_sms_code`;
CREATE TABLE `mu_sms_code` (
  `sms_id` bigint(20) NOT NULL,
  `mobile_no` varchar(45) DEFAULT NULL,
  `sms_code` varchar(45) DEFAULT NULL,
  `sms_status` tinyint(4) DEFAULT NULL COMMENT '是否验证成功',
  `sms_send_date` datetime DEFAULT NULL,
  PRIMARY KEY (`sms_id`)
) ENGINE=MyISAM DEFAULT CHARSET=utf8 COMMENT='手机验证码';

-- ----------------------------
-- Records of mu_sms_code
-- ----------------------------

-- ----------------------------
-- Table structure for `mu_success_case`
-- ----------------------------
DROP TABLE IF EXISTS `mu_success_case`;
CREATE TABLE `mu_success_case` (
  `case_id` int(11) NOT NULL AUTO_INCREMENT,
  `supply_id` int(11) NOT NULL,
  `supply_user_id` int(11) NOT NULL,
  `purchase_user_id` int(11) NOT NULL,
  `purchase_amount` varchar(32) DEFAULT NULL,
  `create_time` datetime DEFAULT NULL,
  `case_status` int(11) DEFAULT NULL,
  PRIMARY KEY (`case_id`)
) ENGINE=InnoDB AUTO_INCREMENT=101 DEFAULT CHARSET=utf8;

-- ----------------------------
-- Records of mu_success_case
-- ----------------------------
INSERT INTO mu_success_case VALUES ('1', '56', '1', '1', '0', '0000-00-00 00:00:00', '1');
INSERT INTO mu_success_case VALUES ('2', '69', '1', '1', '100', '0000-00-00 00:00:00', '1');
INSERT INTO mu_success_case VALUES ('3', '94', '1', '1', '200', '0000-00-00 00:00:00', '1');
INSERT INTO mu_success_case VALUES ('4', '78', '1', '1', '300', '0000-00-00 00:00:00', '1');
INSERT INTO mu_success_case VALUES ('5', '82', '1', '1', '400', '0000-00-00 00:00:00', '1');
INSERT INTO mu_success_case VALUES ('6', '36', '1', '1', '500', '0000-00-00 00:00:00', '1');
INSERT INTO mu_success_case VALUES ('7', '70', '1', '1', '600', '0000-00-00 00:00:00', '1');
INSERT INTO mu_success_case VALUES ('8', '49', '1', '1', '700', '0000-00-00 00:00:00', '1');
INSERT INTO mu_success_case VALUES ('9', '65', '1', '1', '800', '0000-00-00 00:00:00', '1');
INSERT INTO mu_success_case VALUES ('10', '98', '1', '1', '900', '0000-00-00 00:00:00', '1');
INSERT INTO mu_success_case VALUES ('11', '12', '1', '1', '1000', '0000-00-00 00:00:00', '1');
INSERT INTO mu_success_case VALUES ('12', '7', '1', '1', '1100', '0000-00-00 00:00:00', '1');
INSERT INTO mu_success_case VALUES ('13', '64', '1', '1', '1200', '0000-00-00 00:00:00', '1');
INSERT INTO mu_success_case VALUES ('14', '26', '1', '1', '1300', '0000-00-00 00:00:00', '1');
INSERT INTO mu_success_case VALUES ('15', '58', '1', '1', '1400', '0000-00-00 00:00:00', '1');
INSERT INTO mu_success_case VALUES ('16', '100', '1', '1', '1500', '0000-00-00 00:00:00', '1');
INSERT INTO mu_success_case VALUES ('17', '89', '1', '1', '1600', '0000-00-00 00:00:00', '1');
INSERT INTO mu_success_case VALUES ('18', '44', '1', '1', '1700', '0000-00-00 00:00:00', '1');
INSERT INTO mu_success_case VALUES ('19', '89', '1', '1', '1800', '0000-00-00 00:00:00', '1');
INSERT INTO mu_success_case VALUES ('20', '23', '1', '1', '1900', '0000-00-00 00:00:00', '1');
INSERT INTO mu_success_case VALUES ('21', '98', '1', '1', '2000', '0000-00-00 00:00:00', '1');
INSERT INTO mu_success_case VALUES ('22', '22', '1', '1', '2100', '0000-00-00 00:00:00', '1');
INSERT INTO mu_success_case VALUES ('23', '42', '1', '1', '2200', '0000-00-00 00:00:00', '1');
INSERT INTO mu_success_case VALUES ('24', '24', '1', '1', '2300', '0000-00-00 00:00:00', '1');
INSERT INTO mu_success_case VALUES ('25', '2', '1', '1', '2400', '0000-00-00 00:00:00', '1');
INSERT INTO mu_success_case VALUES ('26', '83', '1', '1', '2500', '0000-00-00 00:00:00', '1');
INSERT INTO mu_success_case VALUES ('27', '99', '1', '1', '2600', '0000-00-00 00:00:00', '1');
INSERT INTO mu_success_case VALUES ('28', '1', '1', '1', '2700', '0000-00-00 00:00:00', '1');
INSERT INTO mu_success_case VALUES ('29', '60', '1', '1', '2800', '0000-00-00 00:00:00', '1');
INSERT INTO mu_success_case VALUES ('30', '99', '1', '1', '2900', '0000-00-00 00:00:00', '1');
INSERT INTO mu_success_case VALUES ('31', '97', '1', '1', '3000', '0000-00-00 00:00:00', '1');
INSERT INTO mu_success_case VALUES ('32', '98', '1', '1', '3100', '0000-00-00 00:00:00', '1');
INSERT INTO mu_success_case VALUES ('33', '81', '1', '1', '3200', '0000-00-00 00:00:00', '1');
INSERT INTO mu_success_case VALUES ('34', '91', '1', '1', '3300', '0000-00-00 00:00:00', '1');
INSERT INTO mu_success_case VALUES ('35', '18', '1', '1', '3400', '0000-00-00 00:00:00', '1');
INSERT INTO mu_success_case VALUES ('36', '15', '1', '1', '3500', '0000-00-00 00:00:00', '1');
INSERT INTO mu_success_case VALUES ('37', '24', '1', '1', '3600', '0000-00-00 00:00:00', '1');
INSERT INTO mu_success_case VALUES ('38', '31', '1', '1', '3700', '0000-00-00 00:00:00', '1');
INSERT INTO mu_success_case VALUES ('39', '98', '1', '1', '3800', '0000-00-00 00:00:00', '1');
INSERT INTO mu_success_case VALUES ('40', '97', '1', '1', '3900', '0000-00-00 00:00:00', '1');
INSERT INTO mu_success_case VALUES ('41', '99', '1', '1', '4000', '0000-00-00 00:00:00', '1');
INSERT INTO mu_success_case VALUES ('42', '41', '1', '1', '4100', '0000-00-00 00:00:00', '1');
INSERT INTO mu_success_case VALUES ('43', '21', '1', '1', '4200', '0000-00-00 00:00:00', '1');
INSERT INTO mu_success_case VALUES ('44', '41', '1', '1', '4300', '0000-00-00 00:00:00', '1');
INSERT INTO mu_success_case VALUES ('45', '65', '1', '1', '4400', '0000-00-00 00:00:00', '1');
INSERT INTO mu_success_case VALUES ('46', '93', '1', '1', '4500', '0000-00-00 00:00:00', '1');
INSERT INTO mu_success_case VALUES ('47', '20', '1', '1', '4600', '0000-00-00 00:00:00', '1');
INSERT INTO mu_success_case VALUES ('48', '94', '1', '1', '4700', '0000-00-00 00:00:00', '1');
INSERT INTO mu_success_case VALUES ('49', '32', '1', '1', '4800', '0000-00-00 00:00:00', '1');
INSERT INTO mu_success_case VALUES ('50', '10', '1', '1', '4900', '0000-00-00 00:00:00', '1');
INSERT INTO mu_success_case VALUES ('51', '82', '1', '1', '5000', '0000-00-00 00:00:00', '1');
INSERT INTO mu_success_case VALUES ('52', '53', '1', '1', '5100', '0000-00-00 00:00:00', '1');
INSERT INTO mu_success_case VALUES ('53', '59', '1', '1', '5200', '0000-00-00 00:00:00', '1');
INSERT INTO mu_success_case VALUES ('54', '61', '1', '1', '5300', '0000-00-00 00:00:00', '1');
INSERT INTO mu_success_case VALUES ('55', '39', '1', '1', '5400', '0000-00-00 00:00:00', '1');
INSERT INTO mu_success_case VALUES ('56', '66', '1', '1', '5500', '0000-00-00 00:00:00', '1');
INSERT INTO mu_success_case VALUES ('57', '55', '1', '1', '5600', '0000-00-00 00:00:00', '1');
INSERT INTO mu_success_case VALUES ('58', '71', '1', '1', '5700', '0000-00-00 00:00:00', '1');
INSERT INTO mu_success_case VALUES ('59', '76', '1', '1', '5800', '0000-00-00 00:00:00', '1');
INSERT INTO mu_success_case VALUES ('60', '28', '1', '1', '5900', '0000-00-00 00:00:00', '1');
INSERT INTO mu_success_case VALUES ('61', '80', '1', '1', '6000', '0000-00-00 00:00:00', '1');
INSERT INTO mu_success_case VALUES ('62', '10', '1', '1', '6100', '0000-00-00 00:00:00', '1');
INSERT INTO mu_success_case VALUES ('63', '28', '1', '1', '6200', '0000-00-00 00:00:00', '1');
INSERT INTO mu_success_case VALUES ('64', '87', '1', '1', '6300', '0000-00-00 00:00:00', '1');
INSERT INTO mu_success_case VALUES ('65', '43', '1', '1', '6400', '0000-00-00 00:00:00', '1');
INSERT INTO mu_success_case VALUES ('66', '100', '1', '1', '6500', '0000-00-00 00:00:00', '1');
INSERT INTO mu_success_case VALUES ('67', '79', '1', '1', '6600', '0000-00-00 00:00:00', '1');
INSERT INTO mu_success_case VALUES ('68', '39', '1', '1', '6700', '0000-00-00 00:00:00', '1');
INSERT INTO mu_success_case VALUES ('69', '3', '1', '1', '6800', '0000-00-00 00:00:00', '1');
INSERT INTO mu_success_case VALUES ('70', '14', '1', '1', '6900', '0000-00-00 00:00:00', '1');
INSERT INTO mu_success_case VALUES ('71', '64', '1', '1', '7000', '0000-00-00 00:00:00', '1');
INSERT INTO mu_success_case VALUES ('72', '32', '1', '1', '7100', '0000-00-00 00:00:00', '1');
INSERT INTO mu_success_case VALUES ('73', '70', '1', '1', '7200', '0000-00-00 00:00:00', '1');
INSERT INTO mu_success_case VALUES ('74', '72', '1', '1', '7300', '0000-00-00 00:00:00', '1');
INSERT INTO mu_success_case VALUES ('75', '66', '1', '1', '7400', '0000-00-00 00:00:00', '1');
INSERT INTO mu_success_case VALUES ('76', '62', '1', '1', '7500', '0000-00-00 00:00:00', '1');
INSERT INTO mu_success_case VALUES ('77', '4', '1', '1', '7600', '0000-00-00 00:00:00', '1');
INSERT INTO mu_success_case VALUES ('78', '48', '1', '1', '7700', '0000-00-00 00:00:00', '1');
INSERT INTO mu_success_case VALUES ('79', '21', '1', '1', '7800', '0000-00-00 00:00:00', '1');
INSERT INTO mu_success_case VALUES ('80', '76', '1', '1', '7900', '0000-00-00 00:00:00', '1');
INSERT INTO mu_success_case VALUES ('81', '13', '1', '1', '8000', '0000-00-00 00:00:00', '1');
INSERT INTO mu_success_case VALUES ('82', '63', '1', '1', '8100', '0000-00-00 00:00:00', '1');
INSERT INTO mu_success_case VALUES ('83', '12', '1', '1', '8200', '0000-00-00 00:00:00', '1');
INSERT INTO mu_success_case VALUES ('84', '71', '1', '1', '8300', '0000-00-00 00:00:00', '1');
INSERT INTO mu_success_case VALUES ('85', '57', '1', '1', '8400', '0000-00-00 00:00:00', '1');
INSERT INTO mu_success_case VALUES ('86', '88', '1', '1', '8500', '0000-00-00 00:00:00', '1');
INSERT INTO mu_success_case VALUES ('87', '73', '1', '1', '8600', '0000-00-00 00:00:00', '1');
INSERT INTO mu_success_case VALUES ('88', '95', '1', '1', '8700', '0000-00-00 00:00:00', '1');
INSERT INTO mu_success_case VALUES ('89', '45', '1', '1', '8800', '0000-00-00 00:00:00', '1');
INSERT INTO mu_success_case VALUES ('90', '46', '1', '1', '8900', '0000-00-00 00:00:00', '1');
INSERT INTO mu_success_case VALUES ('91', '91', '1', '1', '9000', '0000-00-00 00:00:00', '1');
INSERT INTO mu_success_case VALUES ('92', '43', '1', '1', '9100', '0000-00-00 00:00:00', '1');
INSERT INTO mu_success_case VALUES ('93', '37', '1', '1', '9200', '0000-00-00 00:00:00', '1');
INSERT INTO mu_success_case VALUES ('94', '8', '1', '1', '9300', '0000-00-00 00:00:00', '1');
INSERT INTO mu_success_case VALUES ('95', '97', '1', '1', '9400', '0000-00-00 00:00:00', '1');
INSERT INTO mu_success_case VALUES ('96', '62', '1', '1', '9500', '0000-00-00 00:00:00', '1');
INSERT INTO mu_success_case VALUES ('97', '42', '1', '1', '9600', '0000-00-00 00:00:00', '1');
INSERT INTO mu_success_case VALUES ('98', '97', '1', '1', '9700', '0000-00-00 00:00:00', '1');
INSERT INTO mu_success_case VALUES ('99', '78', '1', '1', '9800', '0000-00-00 00:00:00', '1');
INSERT INTO mu_success_case VALUES ('100', '51', '1', '1', '9900', '0000-00-00 00:00:00', '1');

-- ----------------------------
-- Table structure for `mu_supply`
-- ----------------------------
DROP TABLE IF EXISTS `mu_supply`;
CREATE TABLE `mu_supply` (
  `supply_id` int(11) NOT NULL AUTO_INCREMENT,
  `supply_user_id` int(11) NOT NULL,
  `supply_type` int(11) NOT NULL COMMENT '供求类型',
  `supply_keyword` varchar(128) DEFAULT NULL COMMENT '供求类型',
  `supply_category_id` tinyint(4) NOT NULL COMMENT '供应产品的品类',
  `supply_contractor` varchar(32) DEFAULT NULL COMMENT '''发布者''',
  `supply_content` varchar(128) DEFAULT NULL COMMENT '''发布内容''',
  `supply_address` varchar(100) DEFAULT NULL COMMENT '供货地址',
  `supply_city_id` tinyint(4) DEFAULT NULL COMMENT '供货地址',
  `supply_status` int(11) DEFAULT NULL COMMENT '起草 待审核 已发布',
  `supply_phone` char(32) DEFAULT NULL COMMENT '''联系电话''',
  `supply_price` decimal(8,0) DEFAULT NULL COMMENT '价钱',
  `supply_valid_date` datetime DEFAULT NULL COMMENT '''0表示长期有效''',
  `supply_check_by` int(11) DEFAULT NULL COMMENT '审核人',
  `supply_recommend` tinyint(4) DEFAULT NULL COMMENT '是否推荐',
  `supply_image_src` varchar(218) DEFAULT NULL COMMENT '是否推荐',
  `supply_join_date` datetime DEFAULT NULL COMMENT '''发表日期''',
  PRIMARY KEY (`supply_id`),
  KEY `supply_user_id` (`supply_user_id`)
) ENGINE=MyISAM AUTO_INCREMENT=201 DEFAULT CHARSET=utf8;

-- ----------------------------
-- Records of mu_supply
-- ----------------------------
INSERT INTO mu_supply VALUES ('31', '1', '1', '钼铁，钼矿', '14', '李先生', '求购钼矿石', '深圳龙华大浪石光工业区', '12', '1', '18666666', '834', '0000-00-00 00:00:00', '1', '1', null, null);
INSERT INTO mu_supply VALUES ('32', '1', '1', '钼铁，钼矿', '17', '李先生', '求购钼矿石', '深圳龙华大浪石光工业区', '4', '1', '18666666', '291', '0000-00-00 00:00:00', '1', '1', null, null);
INSERT INTO mu_supply VALUES ('33', '1', '0', '钼铁，钼矿', '21', '李先生', '求购钼矿石', '深圳龙华大浪石光工业区', '3', '1', '18666666', '257', '0000-00-00 00:00:00', '1', '1', null, null);
INSERT INTO mu_supply VALUES ('34', '1', '0', '钼铁，钼矿', '1', '李先生', '求购钼矿石', '深圳龙华大浪石光工业区', '20', '1', '18666666', '454', '0000-00-00 00:00:00', '1', '1', null, null);
INSERT INTO mu_supply VALUES ('35', '1', '0', '钼铁，钼矿', '12', '李先生', '求购钼矿石', '深圳龙华大浪石光工业区', '20', '1', '18666666', '106', '0000-00-00 00:00:00', '1', '1', null, null);
INSERT INTO mu_supply VALUES ('36', '1', '1', '钼铁，钼矿', '9', '李先生', '求购钼矿石', '深圳龙华大浪石光工业区', '13', '1', '18666666', '918', '0000-00-00 00:00:00', '1', '1', null, null);
INSERT INTO mu_supply VALUES ('37', '1', '0', '钼铁，钼矿', '3', '李先生', '求购钼矿石', '深圳龙华大浪石光工业区', '2', '1', '18666666', '133', '0000-00-00 00:00:00', '1', '1', null, null);
INSERT INTO mu_supply VALUES ('38', '1', '0', '钼铁，钼矿', '13', '李先生', '求购钼矿石', '深圳龙华大浪石光工业区', '16', '1', '18666666', '445', '0000-00-00 00:00:00', '1', '1', null, null);
INSERT INTO mu_supply VALUES ('39', '1', '0', '钼铁，钼矿', '9', '李先生', '求购钼矿石', '深圳龙华大浪石光工业区', '20', '1', '18666666', '90', '0000-00-00 00:00:00', '1', '1', null, null);
INSERT INTO mu_supply VALUES ('40', '1', '0', '钼铁，钼矿', '10', '李先生', '求购钼矿石', '深圳龙华大浪石光工业区', '5', '1', '18666666', '770', '0000-00-00 00:00:00', '1', '1', null, null);
INSERT INTO mu_supply VALUES ('41', '1', '0', '钼铁，钼矿', '5', '李先生', '求购钼矿石', '深圳龙华大浪石光工业区', '12', '1', '18666666', '721', '0000-00-00 00:00:00', '1', '1', null, null);
INSERT INTO mu_supply VALUES ('42', '1', '1', '钼铁，钼矿', '14', '李先生', '求购钼矿石', '深圳龙华大浪石光工业区', '14', '1', '18666666', '654', '0000-00-00 00:00:00', '1', '1', null, null);
INSERT INTO mu_supply VALUES ('43', '1', '1', '钼铁，钼矿', '6', '李先生', '求购钼矿石', '深圳龙华大浪石光工业区', '12', '1', '18666666', '786', '0000-00-00 00:00:00', '1', '1', null, null);
INSERT INTO mu_supply VALUES ('44', '1', '0', '钼铁，钼矿', '21', '李先生', '求购钼矿石', '深圳龙华大浪石光工业区', '18', '1', '18666666', '840', '0000-00-00 00:00:00', '1', '1', null, null);
INSERT INTO mu_supply VALUES ('45', '1', '0', '钼铁，钼矿', '7', '李先生', '求购钼矿石', '深圳龙华大浪石光工业区', '15', '1', '18666666', '39', '0000-00-00 00:00:00', '1', '1', null, null);
INSERT INTO mu_supply VALUES ('46', '1', '0', '钼铁，钼矿', '4', '李先生', '求购钼矿石', '深圳龙华大浪石光工业区', '13', '1', '18666666', '88', '0000-00-00 00:00:00', '1', '1', null, null);
INSERT INTO mu_supply VALUES ('47', '1', '1', '钼铁，钼矿', '2', '李先生', '求购钼矿石', '深圳龙华大浪石光工业区', '16', '1', '18666666', '213', '0000-00-00 00:00:00', '1', '1', null, null);
INSERT INTO mu_supply VALUES ('48', '1', '0', '钼铁，钼矿', '21', '李先生', '求购钼矿石', '深圳龙华大浪石光工业区', '14', '1', '18666666', '135', '0000-00-00 00:00:00', '1', '1', null, null);
INSERT INTO mu_supply VALUES ('49', '1', '1', '钼铁，钼矿', '8', '李先生', '求购钼矿石', '深圳龙华大浪石光工业区', '10', '1', '18666666', '70', '0000-00-00 00:00:00', '1', '1', null, null);
INSERT INTO mu_supply VALUES ('50', '1', '1', '钼铁，钼矿', '4', '李先生', '求购钼矿石', '深圳龙华大浪石光工业区', '15', '1', '18666666', '730', '0000-00-00 00:00:00', '1', '1', null, null);
INSERT INTO mu_supply VALUES ('51', '1', '1', '钼铁，钼矿', '19', '李先生', '求购钼矿石', '深圳龙华大浪石光工业区', '11', '1', '18666666', '352', '0000-00-00 00:00:00', '1', '1', null, null);
INSERT INTO mu_supply VALUES ('52', '1', '1', '钼铁，钼矿', '10', '李先生', '求购钼矿石', '深圳龙华大浪石光工业区', '11', '1', '18666666', '637', '0000-00-00 00:00:00', '1', '1', null, null);
INSERT INTO mu_supply VALUES ('53', '1', '0', '钼铁，钼矿', '8', '李先生', '求购钼矿石', '深圳龙华大浪石光工业区', '16', '1', '18666666', '812', '0000-00-00 00:00:00', '1', '1', null, null);
INSERT INTO mu_supply VALUES ('54', '1', '1', '钼铁，钼矿', '13', '李先生', '求购钼矿石', '深圳龙华大浪石光工业区', '18', '1', '18666666', '598', '0000-00-00 00:00:00', '1', '1', null, null);
INSERT INTO mu_supply VALUES ('55', '1', '0', '钼铁，钼矿', '13', '李先生', '求购钼矿石', '深圳龙华大浪石光工业区', '18', '1', '18666666', '212', '0000-00-00 00:00:00', '1', '1', null, null);
INSERT INTO mu_supply VALUES ('56', '1', '1', '钼铁，钼矿', '8', '李先生', '求购钼矿石', '深圳龙华大浪石光工业区', '10', '1', '18666666', '366', '0000-00-00 00:00:00', '1', '1', null, null);
INSERT INTO mu_supply VALUES ('57', '1', '1', '钼铁，钼矿', '8', '李先生', '求购钼矿石', '深圳龙华大浪石光工业区', '14', '1', '18666666', '285', '0000-00-00 00:00:00', '1', '1', null, null);
INSERT INTO mu_supply VALUES ('58', '1', '0', '钼铁，钼矿', '11', '李先生', '求购钼矿石', '深圳龙华大浪石光工业区', '4', '1', '18666666', '683', '0000-00-00 00:00:00', '1', '1', null, null);
INSERT INTO mu_supply VALUES ('59', '1', '1', '钼铁，钼矿', '8', '李先生', '求购钼矿石', '深圳龙华大浪石光工业区', '18', '1', '18666666', '785', '0000-00-00 00:00:00', '1', '1', null, null);
INSERT INTO mu_supply VALUES ('60', '1', '0', '钼铁，钼矿', '17', '李先生', '求购钼矿石', '深圳龙华大浪石光工业区', '11', '1', '18666666', '311', '0000-00-00 00:00:00', '1', '1', null, null);
INSERT INTO mu_supply VALUES ('61', '1', '0', '钼铁，钼矿', '7', '李先生', '求购钼矿石', '深圳龙华大浪石光工业区', '5', '1', '18666666', '471', '0000-00-00 00:00:00', '1', '1', null, null);
INSERT INTO mu_supply VALUES ('62', '1', '1', '钼铁，钼矿', '19', '李先生', '求购钼矿石', '深圳龙华大浪石光工业区', '10', '1', '18666666', '985', '0000-00-00 00:00:00', '1', '1', null, null);
INSERT INTO mu_supply VALUES ('63', '1', '0', '钼铁，钼矿', '1', '李先生', '求购钼矿石', '深圳龙华大浪石光工业区', '9', '1', '18666666', '87', '0000-00-00 00:00:00', '1', '1', null, null);
INSERT INTO mu_supply VALUES ('64', '1', '1', '钼铁，钼矿', '14', '李先生', '求购钼矿石', '深圳龙华大浪石光工业区', '14', '1', '18666666', '473', '0000-00-00 00:00:00', '1', '1', null, null);
INSERT INTO mu_supply VALUES ('65', '1', '0', '钼铁，钼矿', '5', '李先生', '求购钼矿石', '深圳龙华大浪石光工业区', '7', '1', '18666666', '377', '0000-00-00 00:00:00', '1', '1', null, null);
INSERT INTO mu_supply VALUES ('66', '1', '1', '钼铁，钼矿', '16', '李先生', '求购钼矿石', '深圳龙华大浪石光工业区', '19', '1', '18666666', '512', '0000-00-00 00:00:00', '1', '1', null, null);
INSERT INTO mu_supply VALUES ('67', '1', '1', '钼铁，钼矿', '15', '李先生', '求购钼矿石', '深圳龙华大浪石光工业区', '12', '1', '18666666', '102', '0000-00-00 00:00:00', '1', '1', null, null);
INSERT INTO mu_supply VALUES ('68', '1', '1', '钼铁，钼矿', '21', '李先生', '求购钼矿石', '深圳龙华大浪石光工业区', '19', '1', '18666666', '852', '0000-00-00 00:00:00', '1', '1', null, null);
INSERT INTO mu_supply VALUES ('69', '1', '0', '钼铁，钼矿', '3', '李先生', '求购钼矿石', '深圳龙华大浪石光工业区', '20', '1', '18666666', '996', '0000-00-00 00:00:00', '1', '1', null, null);
INSERT INTO mu_supply VALUES ('70', '1', '1', '钼铁，钼矿', '2', '李先生', '求购钼矿石', '深圳龙华大浪石光工业区', '10', '1', '18666666', '256', '0000-00-00 00:00:00', '1', '1', null, null);
INSERT INTO mu_supply VALUES ('71', '1', '1', '钼铁，钼矿', '7', '李先生', '求购钼矿石', '深圳龙华大浪石光工业区', '8', '1', '18666666', '830', '0000-00-00 00:00:00', '1', '1', null, null);
INSERT INTO mu_supply VALUES ('72', '1', '1', '钼铁，钼矿', '17', '李先生', '求购钼矿石', '深圳龙华大浪石光工业区', '6', '1', '18666666', '457', '0000-00-00 00:00:00', '1', '1', null, null);
INSERT INTO mu_supply VALUES ('73', '1', '1', '钼铁，钼矿', '21', '李先生', '求购钼矿石', '深圳龙华大浪石光工业区', '7', '1', '18666666', '345', '0000-00-00 00:00:00', '1', '1', null, null);
INSERT INTO mu_supply VALUES ('74', '1', '1', '钼铁，钼矿', '19', '李先生', '求购钼矿石', '深圳龙华大浪石光工业区', '3', '1', '18666666', '217', '0000-00-00 00:00:00', '1', '1', null, null);
INSERT INTO mu_supply VALUES ('75', '1', '1', '钼铁，钼矿', '20', '李先生', '求购钼矿石', '深圳龙华大浪石光工业区', '14', '1', '18666666', '287', '0000-00-00 00:00:00', '1', '1', null, null);
INSERT INTO mu_supply VALUES ('76', '1', '0', '钼铁，钼矿', '2', '李先生', '求购钼矿石', '深圳龙华大浪石光工业区', '14', '1', '18666666', '278', '0000-00-00 00:00:00', '1', '1', null, null);
INSERT INTO mu_supply VALUES ('77', '1', '0', '钼铁，钼矿', '18', '李先生', '求购钼矿石', '深圳龙华大浪石光工业区', '5', '1', '18666666', '407', '0000-00-00 00:00:00', '1', '1', null, null);
INSERT INTO mu_supply VALUES ('78', '1', '1', '钼铁，钼矿', '3', '李先生', '求购钼矿石', '深圳龙华大浪石光工业区', '17', '1', '18666666', '394', '0000-00-00 00:00:00', '1', '1', null, null);
INSERT INTO mu_supply VALUES ('79', '1', '0', '钼铁，钼矿', '11', '李先生', '求购钼矿石', '深圳龙华大浪石光工业区', '13', '1', '18666666', '457', '0000-00-00 00:00:00', '1', '1', null, null);
INSERT INTO mu_supply VALUES ('80', '1', '0', '钼铁，钼矿', '18', '李先生', '求购钼矿石', '深圳龙华大浪石光工业区', '5', '1', '18666666', '316', '0000-00-00 00:00:00', '1', '1', null, null);
INSERT INTO mu_supply VALUES ('81', '1', '1', '钼铁，钼矿', '14', '李先生', '求购钼矿石', '深圳龙华大浪石光工业区', '14', '1', '18666666', '190', '0000-00-00 00:00:00', '1', '1', null, null);
INSERT INTO mu_supply VALUES ('82', '1', '0', '钼铁，钼矿', '19', '李先生', '求购钼矿石', '深圳龙华大浪石光工业区', '13', '1', '18666666', '789', '0000-00-00 00:00:00', '1', '1', null, null);
INSERT INTO mu_supply VALUES ('83', '1', '1', '钼铁，钼矿', '1', '李先生', '求购钼矿石', '深圳龙华大浪石光工业区', '4', '1', '18666666', '348', '0000-00-00 00:00:00', '1', '1', null, null);
INSERT INTO mu_supply VALUES ('84', '1', '1', '钼铁，钼矿', '1', '李先生', '求购钼矿石', '深圳龙华大浪石光工业区', '17', '1', '18666666', '572', '0000-00-00 00:00:00', '1', '1', null, null);
INSERT INTO mu_supply VALUES ('85', '1', '0', '钼铁，钼矿', '9', '李先生', '求购钼矿石', '深圳龙华大浪石光工业区', '16', '1', '18666666', '685', '0000-00-00 00:00:00', '1', '1', null, null);
INSERT INTO mu_supply VALUES ('86', '1', '1', '钼铁，钼矿', '2', '李先生', '求购钼矿石', '深圳龙华大浪石光工业区', '11', '1', '18666666', '409', '0000-00-00 00:00:00', '1', '1', null, null);
INSERT INTO mu_supply VALUES ('87', '1', '0', '钼铁，钼矿', '11', '李先生', '求购钼矿石', '深圳龙华大浪石光工业区', '6', '1', '18666666', '951', '0000-00-00 00:00:00', '1', '1', null, null);
INSERT INTO mu_supply VALUES ('88', '1', '0', '钼铁，钼矿', '16', '李先生', '求购钼矿石', '深圳龙华大浪石光工业区', '11', '1', '18666666', '52', '0000-00-00 00:00:00', '1', '1', null, null);
INSERT INTO mu_supply VALUES ('89', '1', '0', '钼铁，钼矿', '3', '李先生', '求购钼矿石', '深圳龙华大浪石光工业区', '9', '1', '18666666', '901', '0000-00-00 00:00:00', '1', '1', null, null);
INSERT INTO mu_supply VALUES ('90', '1', '1', '钼铁，钼矿', '16', '李先生', '求购钼矿石', '深圳龙华大浪石光工业区', '12', '1', '18666666', '246', '0000-00-00 00:00:00', '1', '1', null, null);
INSERT INTO mu_supply VALUES ('91', '1', '1', '钼铁，钼矿', '21', '李先生', '求购钼矿石', '深圳龙华大浪石光工业区', '20', '1', '18666666', '285', '0000-00-00 00:00:00', '1', '1', null, null);
INSERT INTO mu_supply VALUES ('92', '1', '0', '钼铁，钼矿', '19', '李先生', '求购钼矿石', '深圳龙华大浪石光工业区', '8', '1', '18666666', '741', '0000-00-00 00:00:00', '1', '1', null, null);
INSERT INTO mu_supply VALUES ('93', '1', '0', '钼铁，钼矿', '18', '李先生', '求购钼矿石', '深圳龙华大浪石光工业区', '14', '1', '18666666', '838', '0000-00-00 00:00:00', '1', '1', null, null);
INSERT INTO mu_supply VALUES ('94', '1', '0', '钼铁，钼矿', '19', '李先生', '求购钼矿石', '深圳龙华大浪石光工业区', '13', '1', '18666666', '299', '0000-00-00 00:00:00', '1', '1', null, null);
INSERT INTO mu_supply VALUES ('95', '1', '1', '钼铁，钼矿', '10', '李先生', '求购钼矿石', '深圳龙华大浪石光工业区', '7', '1', '18666666', '331', '0000-00-00 00:00:00', '1', '1', null, null);
INSERT INTO mu_supply VALUES ('96', '1', '0', '钼铁，钼矿', '11', '李先生', '求购钼矿石', '深圳龙华大浪石光工业区', '6', '1', '18666666', '655', '0000-00-00 00:00:00', '1', '1', null, null);
INSERT INTO mu_supply VALUES ('97', '1', '0', '钼铁，钼矿', '11', '李先生', '求购钼矿石', '深圳龙华大浪石光工业区', '12', '1', '18666666', '497', '0000-00-00 00:00:00', '1', '1', null, null);
INSERT INTO mu_supply VALUES ('98', '1', '1', '钼铁，钼矿', '10', '李先生', '求购钼矿石', '深圳龙华大浪石光工业区', '17', '1', '18666666', '570', '0000-00-00 00:00:00', '1', '1', null, null);
INSERT INTO mu_supply VALUES ('99', '1', '1', '钼铁，钼矿', '18', '李先生', '求购钼矿石', '深圳龙华大浪石光工业区', '5', '1', '18666666', '98', '0000-00-00 00:00:00', '1', '1', null, null);
INSERT INTO mu_supply VALUES ('100', '1', '0', '钼铁，钼矿', '13', '李先生', '求购钼矿石', '深圳龙华大浪石光工业区', '5', '1', '18666666', '786', '0000-00-00 00:00:00', '1', '1', null, null);
INSERT INTO mu_supply VALUES ('101', '1', '1', '钼铁，钼矿', '4', '李先生', '求购钼矿石', '深圳龙华大浪石光工业区', '20', '1', '18666666', '868', '0000-00-00 00:00:00', '1', '1', null, null);
INSERT INTO mu_supply VALUES ('102', '1', '1', '钼铁，钼矿', '12', '李先生', '求购钼矿石', '深圳龙华大浪石光工业区', '4', '1', '18666666', '66', '0000-00-00 00:00:00', '1', '1', null, null);
INSERT INTO mu_supply VALUES ('103', '1', '1', '钼铁，钼矿', '5', '李先生', '求购钼矿石', '深圳龙华大浪石光工业区', '14', '1', '18666666', '578', '0000-00-00 00:00:00', '1', '1', null, null);
INSERT INTO mu_supply VALUES ('104', '1', '0', '钼铁，钼矿', '3', '李先生', '求购钼矿石', '深圳龙华大浪石光工业区', '7', '1', '18666666', '143', '0000-00-00 00:00:00', '1', '1', null, null);
INSERT INTO mu_supply VALUES ('105', '1', '0', '钼铁，钼矿', '17', '李先生', '求购钼矿石', '深圳龙华大浪石光工业区', '2', '1', '18666666', '961', '0000-00-00 00:00:00', '1', '1', null, null);
INSERT INTO mu_supply VALUES ('106', '1', '0', '钼铁，钼矿', '2', '李先生', '求购钼矿石', '深圳龙华大浪石光工业区', '11', '1', '18666666', '770', '0000-00-00 00:00:00', '1', '1', null, null);
INSERT INTO mu_supply VALUES ('107', '1', '0', '钼铁，钼矿', '12', '李先生', '求购钼矿石', '深圳龙华大浪石光工业区', '16', '1', '18666666', '779', '0000-00-00 00:00:00', '1', '1', null, null);
INSERT INTO mu_supply VALUES ('108', '1', '0', '钼铁，钼矿', '4', '李先生', '求购钼矿石', '深圳龙华大浪石光工业区', '10', '1', '18666666', '708', '0000-00-00 00:00:00', '1', '1', null, null);
INSERT INTO mu_supply VALUES ('109', '1', '1', '钼铁，钼矿', '8', '李先生', '求购钼矿石', '深圳龙华大浪石光工业区', '14', '1', '18666666', '775', '0000-00-00 00:00:00', '1', '1', null, null);
INSERT INTO mu_supply VALUES ('110', '1', '0', '钼铁，钼矿', '3', '李先生', '求购钼矿石', '深圳龙华大浪石光工业区', '20', '1', '18666666', '700', '0000-00-00 00:00:00', '1', '1', null, null);
INSERT INTO mu_supply VALUES ('111', '1', '1', '钼铁，钼矿', '19', '李先生', '求购钼矿石', '深圳龙华大浪石光工业区', '10', '1', '18666666', '701', '0000-00-00 00:00:00', '1', '1', null, null);
INSERT INTO mu_supply VALUES ('112', '1', '0', '钼铁，钼矿', '14', '李先生', '求购钼矿石', '深圳龙华大浪石光工业区', '15', '1', '18666666', '498', '0000-00-00 00:00:00', '1', '1', null, null);
INSERT INTO mu_supply VALUES ('113', '1', '1', '钼铁，钼矿', '19', '李先生', '求购钼矿石', '深圳龙华大浪石光工业区', '18', '1', '18666666', '310', '0000-00-00 00:00:00', '1', '1', null, null);
INSERT INTO mu_supply VALUES ('114', '1', '0', '钼铁，钼矿', '13', '李先生', '求购钼矿石', '深圳龙华大浪石光工业区', '12', '1', '18666666', '847', '0000-00-00 00:00:00', '1', '1', null, null);
INSERT INTO mu_supply VALUES ('115', '1', '0', '钼铁，钼矿', '4', '李先生', '求购钼矿石', '深圳龙华大浪石光工业区', '15', '1', '18666666', '344', '0000-00-00 00:00:00', '1', '1', null, null);
INSERT INTO mu_supply VALUES ('116', '1', '0', '钼铁，钼矿', '14', '李先生', '求购钼矿石', '深圳龙华大浪石光工业区', '3', '1', '18666666', '506', '0000-00-00 00:00:00', '1', '1', null, null);
INSERT INTO mu_supply VALUES ('117', '1', '1', '钼铁，钼矿', '9', '李先生', '求购钼矿石', '深圳龙华大浪石光工业区', '15', '1', '18666666', '557', '0000-00-00 00:00:00', '1', '1', null, null);
INSERT INTO mu_supply VALUES ('118', '1', '1', '钼铁，钼矿', '12', '李先生', '求购钼矿石', '深圳龙华大浪石光工业区', '5', '1', '18666666', '219', '0000-00-00 00:00:00', '1', '1', null, null);
INSERT INTO mu_supply VALUES ('119', '1', '1', '钼铁，钼矿', '9', '李先生', '求购钼矿石', '深圳龙华大浪石光工业区', '13', '1', '18666666', '700', '0000-00-00 00:00:00', '1', '1', null, null);
INSERT INTO mu_supply VALUES ('120', '1', '1', '钼铁，钼矿', '2', '李先生', '求购钼矿石', '深圳龙华大浪石光工业区', '12', '1', '18666666', '730', '0000-00-00 00:00:00', '1', '1', null, null);
INSERT INTO mu_supply VALUES ('121', '1', '1', '钼铁，钼矿', '20', '李先生', '求购钼矿石', '深圳龙华大浪石光工业区', '4', '1', '18666666', '525', '0000-00-00 00:00:00', '1', '1', null, null);
INSERT INTO mu_supply VALUES ('122', '1', '0', '钼铁，钼矿', '20', '李先生', '求购钼矿石', '深圳龙华大浪石光工业区', '19', '1', '18666666', '799', '0000-00-00 00:00:00', '1', '1', null, null);
INSERT INTO mu_supply VALUES ('123', '1', '1', '钼铁，钼矿', '14', '李先生', '求购钼矿石', '深圳龙华大浪石光工业区', '3', '1', '18666666', '777', '0000-00-00 00:00:00', '1', '1', null, null);
INSERT INTO mu_supply VALUES ('124', '1', '0', '钼铁，钼矿', '21', '李先生', '求购钼矿石', '深圳龙华大浪石光工业区', '4', '1', '18666666', '180', '0000-00-00 00:00:00', '1', '1', null, null);
INSERT INTO mu_supply VALUES ('125', '1', '1', '钼铁，钼矿', '8', '李先生', '求购钼矿石', '深圳龙华大浪石光工业区', '4', '1', '18666666', '215', '0000-00-00 00:00:00', '1', '1', null, null);
INSERT INTO mu_supply VALUES ('126', '1', '1', '钼铁，钼矿', '18', '李先生', '求购钼矿石', '深圳龙华大浪石光工业区', '17', '1', '18666666', '605', '0000-00-00 00:00:00', '1', '1', null, null);
INSERT INTO mu_supply VALUES ('127', '1', '1', '钼铁，钼矿', '18', '李先生', '求购钼矿石', '深圳龙华大浪石光工业区', '4', '1', '18666666', '575', '0000-00-00 00:00:00', '1', '1', null, null);
INSERT INTO mu_supply VALUES ('128', '1', '0', '钼铁，钼矿', '7', '李先生', '求购钼矿石', '深圳龙华大浪石光工业区', '16', '1', '18666666', '837', '0000-00-00 00:00:00', '1', '1', null, null);
INSERT INTO mu_supply VALUES ('129', '1', '0', '钼铁，钼矿', '17', '李先生', '求购钼矿石', '深圳龙华大浪石光工业区', '16', '1', '18666666', '617', '0000-00-00 00:00:00', '1', '1', null, null);
INSERT INTO mu_supply VALUES ('130', '1', '0', '钼铁，钼矿', '4', '李先生', '求购钼矿石', '深圳龙华大浪石光工业区', '16', '1', '18666666', '628', '0000-00-00 00:00:00', '1', '1', null, null);
INSERT INTO mu_supply VALUES ('131', '1', '0', '钼铁，钼矿', '21', '李先生', '求购钼矿石', '深圳龙华大浪石光工业区', '16', '1', '18666666', '95', '0000-00-00 00:00:00', '1', '1', null, null);
INSERT INTO mu_supply VALUES ('132', '1', '1', '钼铁，钼矿', '4', '李先生', '求购钼矿石', '深圳龙华大浪石光工业区', '11', '1', '18666666', '721', '0000-00-00 00:00:00', '1', '1', null, null);
INSERT INTO mu_supply VALUES ('133', '1', '1', '钼铁，钼矿', '4', '李先生', '求购钼矿石', '深圳龙华大浪石光工业区', '20', '1', '18666666', '741', '0000-00-00 00:00:00', '1', '1', null, null);
INSERT INTO mu_supply VALUES ('134', '1', '1', '钼铁，钼矿', '1', '李先生', '求购钼矿石', '深圳龙华大浪石光工业区', '16', '1', '18666666', '867', '0000-00-00 00:00:00', '1', '1', null, null);
INSERT INTO mu_supply VALUES ('135', '1', '1', '钼铁，钼矿', '3', '李先生', '求购钼矿石', '深圳龙华大浪石光工业区', '2', '1', '18666666', '326', '0000-00-00 00:00:00', '1', '1', null, null);
INSERT INTO mu_supply VALUES ('136', '1', '0', '钼铁，钼矿', '10', '李先生', '求购钼矿石', '深圳龙华大浪石光工业区', '8', '1', '18666666', '821', '0000-00-00 00:00:00', '1', '1', null, null);
INSERT INTO mu_supply VALUES ('137', '1', '1', '钼铁，钼矿', '12', '李先生', '求购钼矿石', '深圳龙华大浪石光工业区', '16', '1', '18666666', '585', '0000-00-00 00:00:00', '1', '1', null, null);
INSERT INTO mu_supply VALUES ('138', '1', '0', '钼铁，钼矿', '7', '李先生', '求购钼矿石', '深圳龙华大浪石光工业区', '19', '1', '18666666', '333', '0000-00-00 00:00:00', '1', '1', null, null);
INSERT INTO mu_supply VALUES ('139', '1', '0', '钼铁，钼矿', '5', '李先生', '求购钼矿石', '深圳龙华大浪石光工业区', '18', '1', '18666666', '279', '0000-00-00 00:00:00', '1', '1', null, null);
INSERT INTO mu_supply VALUES ('140', '1', '1', '钼铁，钼矿', '6', '李先生', '求购钼矿石', '深圳龙华大浪石光工业区', '6', '1', '18666666', '147', '0000-00-00 00:00:00', '1', '1', null, null);
INSERT INTO mu_supply VALUES ('141', '1', '1', '钼铁，钼矿', '19', '李先生', '求购钼矿石', '深圳龙华大浪石光工业区', '4', '1', '18666666', '151', '0000-00-00 00:00:00', '1', '1', null, null);
INSERT INTO mu_supply VALUES ('142', '1', '1', '钼铁，钼矿', '2', '李先生', '求购钼矿石', '深圳龙华大浪石光工业区', '4', '1', '18666666', '15', '0000-00-00 00:00:00', '1', '1', null, null);
INSERT INTO mu_supply VALUES ('143', '1', '1', '钼铁，钼矿', '6', '李先生', '求购钼矿石', '深圳龙华大浪石光工业区', '7', '1', '18666666', '945', '0000-00-00 00:00:00', '1', '1', null, null);
INSERT INTO mu_supply VALUES ('144', '1', '1', '钼铁，钼矿', '11', '李先生', '求购钼矿石', '深圳龙华大浪石光工业区', '7', '1', '18666666', '680', '0000-00-00 00:00:00', '1', '1', null, null);
INSERT INTO mu_supply VALUES ('145', '1', '1', '钼铁，钼矿', '4', '李先生', '求购钼矿石', '深圳龙华大浪石光工业区', '4', '1', '18666666', '430', '0000-00-00 00:00:00', '1', '1', null, null);
INSERT INTO mu_supply VALUES ('146', '1', '0', '钼铁，钼矿', '7', '李先生', '求购钼矿石', '深圳龙华大浪石光工业区', '10', '1', '18666666', '905', '0000-00-00 00:00:00', '1', '1', null, null);
INSERT INTO mu_supply VALUES ('147', '1', '1', '钼铁，钼矿', '7', '李先生', '求购钼矿石', '深圳龙华大浪石光工业区', '8', '1', '18666666', '340', '0000-00-00 00:00:00', '1', '1', null, null);
INSERT INTO mu_supply VALUES ('148', '1', '1', '钼铁，钼矿', '5', '李先生', '求购钼矿石', '深圳龙华大浪石光工业区', '9', '1', '18666666', '440', '0000-00-00 00:00:00', '1', '1', null, null);
INSERT INTO mu_supply VALUES ('149', '1', '1', '钼铁，钼矿', '10', '李先生', '求购钼矿石', '深圳龙华大浪石光工业区', '15', '1', '18666666', '429', '0000-00-00 00:00:00', '1', '1', null, null);
INSERT INTO mu_supply VALUES ('150', '1', '1', '钼铁，钼矿', '21', '李先生', '求购钼矿石', '深圳龙华大浪石光工业区', '18', '1', '18666666', '29', '0000-00-00 00:00:00', '1', '1', null, null);
INSERT INTO mu_supply VALUES ('151', '1', '1', '钼铁，钼矿', '7', '李先生', '求购钼矿石', '深圳龙华大浪石光工业区', '20', '1', '18666666', '448', '0000-00-00 00:00:00', '1', '1', null, null);
INSERT INTO mu_supply VALUES ('152', '1', '1', '钼铁，钼矿', '9', '李先生', '求购钼矿石', '深圳龙华大浪石光工业区', '13', '1', '18666666', '416', '0000-00-00 00:00:00', '1', '1', null, null);
INSERT INTO mu_supply VALUES ('153', '1', '0', '钼铁，钼矿', '15', '李先生', '求购钼矿石', '深圳龙华大浪石光工业区', '18', '1', '18666666', '150', '0000-00-00 00:00:00', '1', '1', null, null);
INSERT INTO mu_supply VALUES ('154', '1', '0', '钼铁，钼矿', '4', '李先生', '求购钼矿石', '深圳龙华大浪石光工业区', '8', '1', '18666666', '362', '0000-00-00 00:00:00', '1', '1', null, null);
INSERT INTO mu_supply VALUES ('155', '1', '1', '钼铁，钼矿', '7', '李先生', '求购钼矿石', '深圳龙华大浪石光工业区', '5', '1', '18666666', '277', '0000-00-00 00:00:00', '1', '1', null, null);
INSERT INTO mu_supply VALUES ('156', '1', '0', '钼铁，钼矿', '1', '李先生', '求购钼矿石', '深圳龙华大浪石光工业区', '19', '1', '18666666', '609', '0000-00-00 00:00:00', '1', '1', null, null);
INSERT INTO mu_supply VALUES ('157', '1', '1', '钼铁，钼矿', '19', '李先生', '求购钼矿石', '深圳龙华大浪石光工业区', '14', '1', '18666666', '583', '0000-00-00 00:00:00', '1', '1', null, null);
INSERT INTO mu_supply VALUES ('158', '1', '0', '钼铁，钼矿', '17', '李先生', '求购钼矿石', '深圳龙华大浪石光工业区', '20', '1', '18666666', '911', '0000-00-00 00:00:00', '1', '1', null, null);
INSERT INTO mu_supply VALUES ('159', '1', '0', '钼铁，钼矿', '5', '李先生', '求购钼矿石', '深圳龙华大浪石光工业区', '20', '1', '18666666', '819', '0000-00-00 00:00:00', '1', '1', null, null);
INSERT INTO mu_supply VALUES ('160', '1', '0', '钼铁，钼矿', '4', '李先生', '求购钼矿石', '深圳龙华大浪石光工业区', '7', '1', '18666666', '28', '0000-00-00 00:00:00', '1', '1', null, null);
INSERT INTO mu_supply VALUES ('161', '1', '0', '钼铁，钼矿', '2', '李先生', '求购钼矿石', '深圳龙华大浪石光工业区', '20', '1', '18666666', '737', '0000-00-00 00:00:00', '1', '1', null, null);
INSERT INTO mu_supply VALUES ('162', '1', '0', '钼铁，钼矿', '19', '李先生', '求购钼矿石', '深圳龙华大浪石光工业区', '14', '1', '18666666', '686', '0000-00-00 00:00:00', '1', '1', null, null);
INSERT INTO mu_supply VALUES ('163', '1', '1', '钼铁，钼矿', '4', '李先生', '求购钼矿石', '深圳龙华大浪石光工业区', '9', '1', '18666666', '91', '0000-00-00 00:00:00', '1', '1', null, null);
INSERT INTO mu_supply VALUES ('164', '1', '0', '钼铁，钼矿', '16', '李先生', '求购钼矿石', '深圳龙华大浪石光工业区', '16', '1', '18666666', '655', '0000-00-00 00:00:00', '1', '1', null, null);
INSERT INTO mu_supply VALUES ('165', '1', '0', '钼铁，钼矿', '5', '李先生', '求购钼矿石', '深圳龙华大浪石光工业区', '19', '1', '18666666', '613', '0000-00-00 00:00:00', '1', '1', null, null);
INSERT INTO mu_supply VALUES ('166', '1', '1', '钼铁，钼矿', '11', '李先生', '求购钼矿石', '深圳龙华大浪石光工业区', '10', '1', '18666666', '678', '0000-00-00 00:00:00', '1', '1', null, null);
INSERT INTO mu_supply VALUES ('167', '1', '0', '钼铁，钼矿', '1', '李先生', '求购钼矿石', '深圳龙华大浪石光工业区', '9', '1', '18666666', '75', '0000-00-00 00:00:00', '1', '1', null, null);
INSERT INTO mu_supply VALUES ('168', '1', '1', '钼铁，钼矿', '18', '李先生', '求购钼矿石', '深圳龙华大浪石光工业区', '9', '1', '18666666', '507', '0000-00-00 00:00:00', '1', '1', null, null);
INSERT INTO mu_supply VALUES ('169', '1', '0', '钼铁，钼矿', '7', '李先生', '求购钼矿石', '深圳龙华大浪石光工业区', '11', '1', '18666666', '210', '0000-00-00 00:00:00', '1', '1', null, null);
INSERT INTO mu_supply VALUES ('170', '1', '1', '钼铁，钼矿', '11', '李先生', '求购钼矿石', '深圳龙华大浪石光工业区', '8', '1', '18666666', '886', '0000-00-00 00:00:00', '1', '1', null, null);
INSERT INTO mu_supply VALUES ('171', '1', '0', '钼铁，钼矿', '19', '李先生', '求购钼矿石', '深圳龙华大浪石光工业区', '20', '1', '18666666', '771', '0000-00-00 00:00:00', '1', '1', null, null);
INSERT INTO mu_supply VALUES ('172', '1', '1', '钼铁，钼矿', '8', '李先生', '求购钼矿石', '深圳龙华大浪石光工业区', '2', '1', '18666666', '576', '0000-00-00 00:00:00', '1', '1', null, null);
INSERT INTO mu_supply VALUES ('173', '1', '0', '钼铁，钼矿', '9', '李先生', '求购钼矿石', '深圳龙华大浪石光工业区', '13', '1', '18666666', '519', '0000-00-00 00:00:00', '1', '1', null, null);
INSERT INTO mu_supply VALUES ('174', '1', '0', '钼铁，钼矿', '1', '李先生', '求购钼矿石', '深圳龙华大浪石光工业区', '7', '1', '18666666', '321', '0000-00-00 00:00:00', '1', '1', null, null);
INSERT INTO mu_supply VALUES ('175', '1', '0', '钼铁，钼矿', '15', '李先生', '求购钼矿石', '深圳龙华大浪石光工业区', '5', '1', '18666666', '198', '0000-00-00 00:00:00', '1', '1', null, null);
INSERT INTO mu_supply VALUES ('176', '1', '1', '钼铁，钼矿', '8', '李先生', '求购钼矿石', '深圳龙华大浪石光工业区', '17', '1', '18666666', '862', '0000-00-00 00:00:00', '1', '1', null, null);
INSERT INTO mu_supply VALUES ('177', '1', '1', '钼铁，钼矿', '10', '李先生', '求购钼矿石', '深圳龙华大浪石光工业区', '8', '1', '18666666', '550', '0000-00-00 00:00:00', '1', '1', null, null);
INSERT INTO mu_supply VALUES ('178', '1', '1', '钼铁，钼矿', '1', '李先生', '求购钼矿石', '深圳龙华大浪石光工业区', '8', '1', '18666666', '963', '0000-00-00 00:00:00', '1', '1', null, null);
INSERT INTO mu_supply VALUES ('179', '1', '0', '钼铁，钼矿', '10', '李先生', '求购钼矿石', '深圳龙华大浪石光工业区', '19', '1', '18666666', '336', '0000-00-00 00:00:00', '1', '1', null, null);
INSERT INTO mu_supply VALUES ('180', '1', '0', '钼铁，钼矿', '17', '李先生', '求购钼矿石', '深圳龙华大浪石光工业区', '15', '1', '18666666', '374', '0000-00-00 00:00:00', '1', '1', null, null);
INSERT INTO mu_supply VALUES ('181', '1', '0', '钼铁，钼矿', '10', '李先生', '求购钼矿石', '深圳龙华大浪石光工业区', '14', '1', '18666666', '301', '0000-00-00 00:00:00', '1', '1', null, null);
INSERT INTO mu_supply VALUES ('182', '1', '1', '钼铁，钼矿', '10', '李先生', '求购钼矿石', '深圳龙华大浪石光工业区', '12', '1', '18666666', '831', '0000-00-00 00:00:00', '1', '1', null, null);
INSERT INTO mu_supply VALUES ('183', '1', '1', '钼铁，钼矿', '5', '李先生', '求购钼矿石', '深圳龙华大浪石光工业区', '8', '1', '18666666', '197', '0000-00-00 00:00:00', '1', '1', null, null);
INSERT INTO mu_supply VALUES ('184', '1', '0', '钼铁，钼矿', '16', '李先生', '求购钼矿石', '深圳龙华大浪石光工业区', '14', '1', '18666666', '103', '0000-00-00 00:00:00', '1', '1', null, null);
INSERT INTO mu_supply VALUES ('185', '1', '1', '钼铁，钼矿', '10', '李先生', '求购钼矿石', '深圳龙华大浪石光工业区', '13', '1', '18666666', '765', '0000-00-00 00:00:00', '1', '1', null, null);
INSERT INTO mu_supply VALUES ('186', '1', '1', '钼铁，钼矿', '8', '李先生', '求购钼矿石', '深圳龙华大浪石光工业区', '16', '1', '18666666', '915', '0000-00-00 00:00:00', '1', '1', null, null);
INSERT INTO mu_supply VALUES ('187', '1', '0', '钼铁，钼矿', '20', '李先生', '求购钼矿石', '深圳龙华大浪石光工业区', '7', '1', '18666666', '769', '0000-00-00 00:00:00', '1', '1', null, null);
INSERT INTO mu_supply VALUES ('188', '1', '0', '钼铁，钼矿', '3', '李先生', '求购钼矿石', '深圳龙华大浪石光工业区', '15', '1', '18666666', '48', '0000-00-00 00:00:00', '1', '1', null, null);
INSERT INTO mu_supply VALUES ('189', '1', '0', '钼铁，钼矿', '9', '李先生', '求购钼矿石', '深圳龙华大浪石光工业区', '4', '1', '18666666', '951', '0000-00-00 00:00:00', '1', '1', null, null);
INSERT INTO mu_supply VALUES ('190', '1', '0', '钼铁，钼矿', '17', '李先生', '求购钼矿石', '深圳龙华大浪石光工业区', '4', '1', '18666666', '226', '0000-00-00 00:00:00', '1', '1', null, null);
INSERT INTO mu_supply VALUES ('191', '1', '1', '钼铁，钼矿', '14', '李先生', '求购钼矿石', '深圳龙华大浪石光工业区', '18', '1', '18666666', '72', '0000-00-00 00:00:00', '1', '1', null, null);
INSERT INTO mu_supply VALUES ('192', '1', '1', '钼铁，钼矿', '1', '李先生', '求购钼矿石', '深圳龙华大浪石光工业区', '17', '1', '18666666', '210', '0000-00-00 00:00:00', '1', '1', null, null);
INSERT INTO mu_supply VALUES ('193', '1', '0', '钼铁，钼矿', '8', '李先生', '求购钼矿石', '深圳龙华大浪石光工业区', '6', '1', '18666666', '857', '0000-00-00 00:00:00', '1', '1', null, null);
INSERT INTO mu_supply VALUES ('194', '1', '0', '钼铁，钼矿', '13', '李先生', '求购钼矿石', '深圳龙华大浪石光工业区', '12', '1', '18666666', '744', '0000-00-00 00:00:00', '1', '1', null, null);
INSERT INTO mu_supply VALUES ('195', '1', '0', '钼铁，钼矿', '7', '李先生', '求购钼矿石', '深圳龙华大浪石光工业区', '20', '1', '18666666', '87', '0000-00-00 00:00:00', '1', '1', null, null);
INSERT INTO mu_supply VALUES ('196', '1', '1', '钼铁，钼矿', '8', '李先生', '求购钼矿石', '深圳龙华大浪石光工业区', '3', '1', '18666666', '589', '0000-00-00 00:00:00', '1', '1', null, null);
INSERT INTO mu_supply VALUES ('197', '1', '0', '钼铁，钼矿', '6', '李先生', '求购钼矿石', '深圳龙华大浪石光工业区', '19', '1', '18666666', '485', '0000-00-00 00:00:00', '1', '1', null, null);
INSERT INTO mu_supply VALUES ('198', '1', '1', '钼铁，钼矿', '20', '李先生', '求购钼矿石', '深圳龙华大浪石光工业区', '4', '1', '18666666', '488', '0000-00-00 00:00:00', '1', '1', null, null);
INSERT INTO mu_supply VALUES ('199', '1', '0', '钼铁，钼矿', '20', '李先生', '求购钼矿石', '深圳龙华大浪石光工业区', '16', '1', '18666666', '814', '0000-00-00 00:00:00', '1', '1', null, null);
INSERT INTO mu_supply VALUES ('200', '1', '0', '钼铁，钼矿', '4', '李先生', '求购钼矿石', '深圳龙华大浪石光工业区', '9', '1', '18666666', '194', '0000-00-00 00:00:00', '1', '1', null, null);

-- ----------------------------
-- Table structure for `mu_term`
-- ----------------------------
DROP TABLE IF EXISTS `mu_term`;
CREATE TABLE `mu_term` (
  `term_id` int(11) NOT NULL AUTO_INCREMENT,
  `term_parent_id` tinyint(4) DEFAULT '0',
  `term_name` varchar(128) NOT NULL,
  `term_slug` varchar(200) DEFAULT NULL COMMENT '''描述''',
  `term_group_id` tinyint(4) NOT NULL COMMENT '比如产品分类 职位 ',
  `term_order` tinyint(4) DEFAULT '0',
  `term_create_time` datetime DEFAULT NULL,
  PRIMARY KEY (`term_id`)
) ENGINE=MyISAM AUTO_INCREMENT=21 DEFAULT CHARSET=utf8;

-- ----------------------------
-- Records of mu_term
-- ----------------------------
INSERT INTO mu_term VALUES ('1', '0', '有效', null, '1', '0', '2013-01-20 10:27:00');
INSERT INTO mu_term VALUES ('2', '0', '无效', null, '1', '0', '2013-01-20 17:56:41');
INSERT INTO mu_term VALUES ('3', '0', '吨', null, '2', '0', '2013-01-22 22:31:17');
INSERT INTO mu_term VALUES ('4', '0', '国有企业', null, '4', '0', '2013-01-23 20:59:01');
INSERT INTO mu_term VALUES ('5', '0', '中外合资', null, '4', '0', '2013-01-23 20:59:00');
INSERT INTO mu_term VALUES ('6', '0', '采矿型', null, '5', '0', '2013-01-23 20:58:59');
INSERT INTO mu_term VALUES ('7', '0', '贸易型', null, '5', '0', '2013-01-23 20:58:57');
INSERT INTO mu_term VALUES ('8', '0', '董事长', null, '3', '0', '2013-01-23 21:02:36');
INSERT INTO mu_term VALUES ('9', '0', '图片', null, '6', '0', '2013-01-24 22:29:45');
INSERT INTO mu_term VALUES ('10', '0', 'flash', null, '6', '0', '2013-01-24 22:30:00');
INSERT INTO mu_term VALUES ('11', '0', '首页底部', null, '7', '0', '2013-01-24 22:30:22');
INSERT INTO mu_term VALUES ('12', '0', '首页幻灯片下方', null, '7', '0', '2013-01-26 23:42:01');
INSERT INTO mu_term VALUES ('13', '0', '供应信息', null, '8', '0', '2013-01-24 22:46:11');
INSERT INTO mu_term VALUES ('14', '0', '采购信息', null, '8', '0', '2013-01-24 22:46:22');
INSERT INTO mu_term VALUES ('15', '0', '首页特价信息', null, '9', '0', '2013-01-26 23:42:04');
INSERT INTO mu_term VALUES ('16', '0', '行情', null, '10', '0', '2013-01-26 23:41:46');
INSERT INTO mu_term VALUES ('17', '0', '新闻', null, '10', '0', '2013-01-26 23:41:59');
INSERT INTO mu_term VALUES ('18', '0', '供应', null, '11', '0', '2013-01-27 14:37:56');
INSERT INTO mu_term VALUES ('19', '0', '求购', null, '11', '0', '2013-01-27 14:37:54');
INSERT INTO mu_term VALUES ('20', '0', '钼知识', null, '10', '0', '2013-01-28 00:49:38');

-- ----------------------------
-- Table structure for `mu_term_group`
-- ----------------------------
DROP TABLE IF EXISTS `mu_term_group`;
CREATE TABLE `mu_term_group` (
  `group_id` int(11) NOT NULL AUTO_INCREMENT,
  `group_name` varchar(100) DEFAULT NULL,
  `group_desc` varchar(128) DEFAULT NULL,
  PRIMARY KEY (`group_id`)
) ENGINE=MyISAM AUTO_INCREMENT=12 DEFAULT CHARSET=utf8;

-- ----------------------------
-- Records of mu_term_group
-- ----------------------------
INSERT INTO mu_term_group VALUES ('1', '状态', null);
INSERT INTO mu_term_group VALUES ('2', '重量单位', null);
INSERT INTO mu_term_group VALUES ('3', '职位', null);
INSERT INTO mu_term_group VALUES ('4', '企业类型', null);
INSERT INTO mu_term_group VALUES ('5', '经营模式', null);
INSERT INTO mu_term_group VALUES ('6', '广告媒体类型', null);
INSERT INTO mu_term_group VALUES ('7', '广告位置', null);
INSERT INTO mu_term_group VALUES ('8', '推荐信息类型', null);
INSERT INTO mu_term_group VALUES ('9', '推荐位置', null);
INSERT INTO mu_term_group VALUES ('10', '文章类型', null);
INSERT INTO mu_term_group VALUES ('11', '供求类型', null);

-- ----------------------------
-- Table structure for `mu_user`
-- ----------------------------
DROP TABLE IF EXISTS `mu_user`;
CREATE TABLE `mu_user` (
  `user_id` int(11) NOT NULL AUTO_INCREMENT,
  `user_name` varchar(50) NOT NULL,
  `user_pwd` varchar(40) NOT NULL,
  `user_email` char(100) DEFAULT NULL,
  `user_nickname` varchar(20) DEFAULT NULL,
  `user_type` tinyint(4) DEFAULT NULL COMMENT '用户类型',
  `user_mobile_no` varchar(30) DEFAULT NULL,
  `user_first_name` varchar(50) DEFAULT NULL,
  `user_last_name` varchar(50) DEFAULT NULL,
  `user_status` tinyint(4) DEFAULT NULL,
  `user_province_id` tinyint(4) DEFAULT NULL COMMENT '所在省市',
  `user_city_id` tinyint(4) DEFAULT NULL COMMENT '所在城市',
  `user_subscribe` tinyint(4) DEFAULT NULL COMMENT '用户是否订阅钼市网行情',
  `user_point` bigint(20) DEFAULT NULL COMMENT '用户积分',
  `user_join_date` datetime DEFAULT NULL COMMENT '''注册时间''',
  `user_confirm_date` datetime DEFAULT NULL COMMENT '''验证时间''',
  `user_last_login_date` datetime DEFAULT NULL COMMENT '''最近登录时间''',
  PRIMARY KEY (`user_id`),
  KEY `user_type` (`user_type`),
  KEY `user_status` (`user_status`)
) ENGINE=MyISAM AUTO_INCREMENT=101 DEFAULT CHARSET=utf8;

-- ----------------------------
-- Records of mu_user
-- ----------------------------
INSERT INTO mu_user VALUES ('1', 'xiaofuqian', 'e10adc3949ba59abbe56e057f20f883e', null, null, null, null, null, null, '1', null, null, null, null, null, null, null);
INSERT INTO mu_user VALUES ('3', 'ueelife', 'e10adc3949ba59abbe56e057f20f883e', null, null, null, null, null, null, '1', null, null, null, null, null, null, null);
INSERT INTO mu_user VALUES ('4', 'ueelife', 'e10adc3949ba59abbe56e057f20f883e', null, null, null, null, null, null, '1', null, null, null, null, null, null, null);
INSERT INTO mu_user VALUES ('5', 'ueelife', 'e10adc3949ba59abbe56e057f20f883e', null, null, null, null, null, null, '1', null, null, null, null, null, null, null);
INSERT INTO mu_user VALUES ('6', 'ueelife', 'e10adc3949ba59abbe56e057f20f883e', null, null, null, null, null, null, '1', null, null, null, null, null, null, null);
INSERT INTO mu_user VALUES ('7', 'ueelife', 'e10adc3949ba59abbe56e057f20f883e', null, null, null, null, null, null, '1', null, null, null, null, null, null, null);
INSERT INTO mu_user VALUES ('8', 'ueelife', 'e10adc3949ba59abbe56e057f20f883e', null, null, null, null, null, null, '1', null, null, null, null, null, null, null);
INSERT INTO mu_user VALUES ('9', 'ueelife', 'e10adc3949ba59abbe56e057f20f883e', null, null, null, null, null, null, '1', null, null, null, null, null, null, null);
INSERT INTO mu_user VALUES ('10', 'ueelife', 'e10adc3949ba59abbe56e057f20f883e', null, null, null, null, null, null, '1', null, null, null, null, null, null, null);
INSERT INTO mu_user VALUES ('11', 'ueelife', 'e10adc3949ba59abbe56e057f20f883e', null, null, null, null, null, null, '1', null, null, null, null, null, null, null);
INSERT INTO mu_user VALUES ('12', 'ueelife', 'e10adc3949ba59abbe56e057f20f883e', null, null, null, null, null, null, '1', null, null, null, null, null, null, null);
INSERT INTO mu_user VALUES ('13', 'ueelife', 'e10adc3949ba59abbe56e057f20f883e', null, null, null, null, null, null, '1', null, null, null, null, null, null, null);
INSERT INTO mu_user VALUES ('14', 'ueelife', 'e10adc3949ba59abbe56e057f20f883e', null, null, null, null, null, null, '1', null, null, null, null, null, null, null);
INSERT INTO mu_user VALUES ('15', 'ueelife', 'e10adc3949ba59abbe56e057f20f883e', null, null, null, null, null, null, '1', null, null, null, null, null, null, null);
INSERT INTO mu_user VALUES ('16', 'ueelife', 'e10adc3949ba59abbe56e057f20f883e', null, null, null, null, null, null, '1', null, null, null, null, null, null, null);
INSERT INTO mu_user VALUES ('17', 'ueelife', 'e10adc3949ba59abbe56e057f20f883e', null, null, null, null, null, null, '1', null, null, null, null, null, null, null);
INSERT INTO mu_user VALUES ('18', 'ueelife', 'e10adc3949ba59abbe56e057f20f883e', null, null, null, null, null, null, '1', null, null, null, null, null, null, null);
INSERT INTO mu_user VALUES ('19', 'ueelife', 'e10adc3949ba59abbe56e057f20f883e', null, null, null, null, null, null, '1', null, null, null, null, null, null, null);
INSERT INTO mu_user VALUES ('20', 'ueelife', 'e10adc3949ba59abbe56e057f20f883e', null, null, null, null, null, null, '1', null, null, null, null, null, null, null);
INSERT INTO mu_user VALUES ('21', 'ueelife', 'e10adc3949ba59abbe56e057f20f883e', null, null, null, null, null, null, '1', null, null, null, null, null, null, null);
INSERT INTO mu_user VALUES ('22', 'ueelife', 'e10adc3949ba59abbe56e057f20f883e', null, null, null, null, null, null, '1', null, null, null, null, null, null, null);
INSERT INTO mu_user VALUES ('23', 'ueelife', 'e10adc3949ba59abbe56e057f20f883e', null, null, null, null, null, null, '1', null, null, null, null, null, null, null);
INSERT INTO mu_user VALUES ('24', 'ueelife', 'e10adc3949ba59abbe56e057f20f883e', null, null, null, null, null, null, '1', null, null, null, null, null, null, null);
INSERT INTO mu_user VALUES ('25', 'ueelife', 'e10adc3949ba59abbe56e057f20f883e', null, null, null, null, null, null, '1', null, null, null, null, null, null, null);
INSERT INTO mu_user VALUES ('26', 'ueelife', 'e10adc3949ba59abbe56e057f20f883e', null, null, null, null, null, null, '1', null, null, null, null, null, null, null);
INSERT INTO mu_user VALUES ('27', 'ueelife', 'e10adc3949ba59abbe56e057f20f883e', null, null, null, null, null, null, '1', null, null, null, null, null, null, null);
INSERT INTO mu_user VALUES ('28', 'ueelife', 'e10adc3949ba59abbe56e057f20f883e', null, null, null, null, null, null, '1', null, null, null, null, null, null, null);
INSERT INTO mu_user VALUES ('29', 'ueelife', 'e10adc3949ba59abbe56e057f20f883e', null, null, null, null, null, null, '1', null, null, null, null, null, null, null);
INSERT INTO mu_user VALUES ('30', 'ueelife', 'e10adc3949ba59abbe56e057f20f883e', null, null, null, null, null, null, '1', null, null, null, null, null, null, null);
INSERT INTO mu_user VALUES ('31', 'ueelife', 'e10adc3949ba59abbe56e057f20f883e', null, null, null, null, null, null, '1', null, null, null, null, null, null, null);
INSERT INTO mu_user VALUES ('32', 'ueelife', 'e10adc3949ba59abbe56e057f20f883e', null, null, null, null, null, null, '1', null, null, null, null, null, null, null);
INSERT INTO mu_user VALUES ('33', 'ueelife', 'e10adc3949ba59abbe56e057f20f883e', null, null, null, null, null, null, '1', null, null, null, null, null, null, null);
INSERT INTO mu_user VALUES ('34', 'ueelife', 'e10adc3949ba59abbe56e057f20f883e', null, null, null, null, null, null, '1', null, null, null, null, null, null, null);
INSERT INTO mu_user VALUES ('35', 'ueelife', 'e10adc3949ba59abbe56e057f20f883e', null, null, null, null, null, null, '1', null, null, null, null, null, null, null);
INSERT INTO mu_user VALUES ('36', 'ueelife', 'e10adc3949ba59abbe56e057f20f883e', null, null, null, null, null, null, '1', null, null, null, null, null, null, null);
INSERT INTO mu_user VALUES ('37', 'ueelife', 'e10adc3949ba59abbe56e057f20f883e', null, null, null, null, null, null, '1', null, null, null, null, null, null, null);
INSERT INTO mu_user VALUES ('38', 'ueelife', 'e10adc3949ba59abbe56e057f20f883e', null, null, null, null, null, null, '1', null, null, null, null, null, null, null);
INSERT INTO mu_user VALUES ('39', 'ueelife', 'e10adc3949ba59abbe56e057f20f883e', null, null, null, null, null, null, '1', null, null, null, null, null, null, null);
INSERT INTO mu_user VALUES ('40', 'ueelife', 'e10adc3949ba59abbe56e057f20f883e', null, null, null, null, null, null, '1', null, null, null, null, null, null, null);
INSERT INTO mu_user VALUES ('41', 'ueelife', 'e10adc3949ba59abbe56e057f20f883e', null, null, null, null, null, null, '1', null, null, null, null, null, null, null);
INSERT INTO mu_user VALUES ('42', 'ueelife', 'e10adc3949ba59abbe56e057f20f883e', null, null, null, null, null, null, '1', null, null, null, null, null, null, null);
INSERT INTO mu_user VALUES ('43', 'ueelife', 'e10adc3949ba59abbe56e057f20f883e', null, null, null, null, null, null, '1', null, null, null, null, null, null, null);
INSERT INTO mu_user VALUES ('44', 'ueelife', 'e10adc3949ba59abbe56e057f20f883e', null, null, null, null, null, null, '1', null, null, null, null, null, null, null);
INSERT INTO mu_user VALUES ('45', 'ueelife', 'e10adc3949ba59abbe56e057f20f883e', null, null, null, null, null, null, '1', null, null, null, null, null, null, null);
INSERT INTO mu_user VALUES ('46', 'ueelife', 'e10adc3949ba59abbe56e057f20f883e', null, null, null, null, null, null, '1', null, null, null, null, null, null, null);
INSERT INTO mu_user VALUES ('47', 'ueelife', 'e10adc3949ba59abbe56e057f20f883e', null, null, null, null, null, null, '1', null, null, null, null, null, null, null);
INSERT INTO mu_user VALUES ('48', 'ueelife', 'e10adc3949ba59abbe56e057f20f883e', null, null, null, null, null, null, '1', null, null, null, null, null, null, null);
INSERT INTO mu_user VALUES ('49', 'ueelife', 'e10adc3949ba59abbe56e057f20f883e', null, null, null, null, null, null, '1', null, null, null, null, null, null, null);
INSERT INTO mu_user VALUES ('50', 'ueelife', 'e10adc3949ba59abbe56e057f20f883e', null, null, null, null, null, null, '1', null, null, null, null, null, null, null);
INSERT INTO mu_user VALUES ('51', 'ueelife', 'e10adc3949ba59abbe56e057f20f883e', null, null, null, null, null, null, '1', null, null, null, null, null, null, null);
INSERT INTO mu_user VALUES ('52', 'ueelife', 'e10adc3949ba59abbe56e057f20f883e', null, null, null, null, null, null, '1', null, null, null, null, null, null, null);
INSERT INTO mu_user VALUES ('53', 'ueelife', 'e10adc3949ba59abbe56e057f20f883e', null, null, null, null, null, null, '1', null, null, null, null, null, null, null);
INSERT INTO mu_user VALUES ('54', 'ueelife', 'e10adc3949ba59abbe56e057f20f883e', null, null, null, null, null, null, '1', null, null, null, null, null, null, null);
INSERT INTO mu_user VALUES ('55', 'ueelife', 'e10adc3949ba59abbe56e057f20f883e', null, null, null, null, null, null, '1', null, null, null, null, null, null, null);
INSERT INTO mu_user VALUES ('56', 'ueelife', 'e10adc3949ba59abbe56e057f20f883e', null, null, null, null, null, null, '1', null, null, null, null, null, null, null);
INSERT INTO mu_user VALUES ('57', 'ueelife', 'e10adc3949ba59abbe56e057f20f883e', null, null, null, null, null, null, '1', null, null, null, null, null, null, null);
INSERT INTO mu_user VALUES ('58', 'ueelife', 'e10adc3949ba59abbe56e057f20f883e', null, null, null, null, null, null, '1', null, null, null, null, null, null, null);
INSERT INTO mu_user VALUES ('59', 'ueelife', 'e10adc3949ba59abbe56e057f20f883e', null, null, null, null, null, null, '1', null, null, null, null, null, null, null);
INSERT INTO mu_user VALUES ('60', 'ueelife', 'e10adc3949ba59abbe56e057f20f883e', null, null, null, null, null, null, '1', null, null, null, null, null, null, null);
INSERT INTO mu_user VALUES ('61', 'ueelife', 'e10adc3949ba59abbe56e057f20f883e', null, null, null, null, null, null, '1', null, null, null, null, null, null, null);
INSERT INTO mu_user VALUES ('62', 'ueelife', 'e10adc3949ba59abbe56e057f20f883e', null, null, null, null, null, null, '1', null, null, null, null, null, null, null);
INSERT INTO mu_user VALUES ('63', 'ueelife', 'e10adc3949ba59abbe56e057f20f883e', null, null, null, null, null, null, '1', null, null, null, null, null, null, null);
INSERT INTO mu_user VALUES ('64', 'ueelife', 'e10adc3949ba59abbe56e057f20f883e', null, null, null, null, null, null, '1', null, null, null, null, null, null, null);
INSERT INTO mu_user VALUES ('65', 'ueelife', 'e10adc3949ba59abbe56e057f20f883e', null, null, null, null, null, null, '1', null, null, null, null, null, null, null);
INSERT INTO mu_user VALUES ('66', 'ueelife', 'e10adc3949ba59abbe56e057f20f883e', null, null, null, null, null, null, '1', null, null, null, null, null, null, null);
INSERT INTO mu_user VALUES ('67', 'ueelife', 'e10adc3949ba59abbe56e057f20f883e', null, null, null, null, null, null, '1', null, null, null, null, null, null, null);
INSERT INTO mu_user VALUES ('68', 'ueelife', 'e10adc3949ba59abbe56e057f20f883e', null, null, null, null, null, null, '1', null, null, null, null, null, null, null);
INSERT INTO mu_user VALUES ('69', 'ueelife', 'e10adc3949ba59abbe56e057f20f883e', null, null, null, null, null, null, '1', null, null, null, null, null, null, null);
INSERT INTO mu_user VALUES ('70', 'ueelife', 'e10adc3949ba59abbe56e057f20f883e', null, null, null, null, null, null, '1', null, null, null, null, null, null, null);
INSERT INTO mu_user VALUES ('71', 'ueelife', 'e10adc3949ba59abbe56e057f20f883e', null, null, null, null, null, null, '1', null, null, null, null, null, null, null);
INSERT INTO mu_user VALUES ('72', 'ueelife', 'e10adc3949ba59abbe56e057f20f883e', null, null, null, null, null, null, '1', null, null, null, null, null, null, null);
INSERT INTO mu_user VALUES ('73', 'ueelife', 'e10adc3949ba59abbe56e057f20f883e', null, null, null, null, null, null, '1', null, null, null, null, null, null, null);
INSERT INTO mu_user VALUES ('74', 'ueelife', 'e10adc3949ba59abbe56e057f20f883e', null, null, null, null, null, null, '1', null, null, null, null, null, null, null);
INSERT INTO mu_user VALUES ('75', 'ueelife', 'e10adc3949ba59abbe56e057f20f883e', null, null, null, null, null, null, '1', null, null, null, null, null, null, null);
INSERT INTO mu_user VALUES ('76', 'ueelife', 'e10adc3949ba59abbe56e057f20f883e', null, null, null, null, null, null, '1', null, null, null, null, null, null, null);
INSERT INTO mu_user VALUES ('77', 'ueelife', 'e10adc3949ba59abbe56e057f20f883e', null, null, null, null, null, null, '1', null, null, null, null, null, null, null);
INSERT INTO mu_user VALUES ('78', 'ueelife', 'e10adc3949ba59abbe56e057f20f883e', null, null, null, null, null, null, '1', null, null, null, null, null, null, null);
INSERT INTO mu_user VALUES ('79', 'ueelife', 'e10adc3949ba59abbe56e057f20f883e', null, null, null, null, null, null, '1', null, null, null, null, null, null, null);
INSERT INTO mu_user VALUES ('80', 'ueelife', 'e10adc3949ba59abbe56e057f20f883e', null, null, null, null, null, null, '1', null, null, null, null, null, null, null);
INSERT INTO mu_user VALUES ('81', 'ueelife', 'e10adc3949ba59abbe56e057f20f883e', null, null, null, null, null, null, '1', null, null, null, null, null, null, null);
INSERT INTO mu_user VALUES ('82', 'ueelife', 'e10adc3949ba59abbe56e057f20f883e', null, null, null, null, null, null, '1', null, null, null, null, null, null, null);
INSERT INTO mu_user VALUES ('83', 'ueelife', 'e10adc3949ba59abbe56e057f20f883e', null, null, null, null, null, null, '1', null, null, null, null, null, null, null);
INSERT INTO mu_user VALUES ('84', 'ueelife', 'e10adc3949ba59abbe56e057f20f883e', null, null, null, null, null, null, '1', null, null, null, null, null, null, null);
INSERT INTO mu_user VALUES ('85', 'ueelife', 'e10adc3949ba59abbe56e057f20f883e', null, null, null, null, null, null, '1', null, null, null, null, null, null, null);
INSERT INTO mu_user VALUES ('86', 'ueelife', 'e10adc3949ba59abbe56e057f20f883e', null, null, null, null, null, null, '1', null, null, null, null, null, null, null);
INSERT INTO mu_user VALUES ('87', 'ueelife', 'e10adc3949ba59abbe56e057f20f883e', null, null, null, null, null, null, '1', null, null, null, null, null, null, null);
INSERT INTO mu_user VALUES ('88', 'ueelife', 'e10adc3949ba59abbe56e057f20f883e', null, null, null, null, null, null, '1', null, null, null, null, null, null, null);
INSERT INTO mu_user VALUES ('89', 'ueelife', 'e10adc3949ba59abbe56e057f20f883e', null, null, null, null, null, null, '1', null, null, null, null, null, null, null);
INSERT INTO mu_user VALUES ('90', 'ueelife', 'e10adc3949ba59abbe56e057f20f883e', null, null, null, null, null, null, '1', null, null, null, null, null, null, null);
INSERT INTO mu_user VALUES ('91', 'ueelife', 'e10adc3949ba59abbe56e057f20f883e', null, null, null, null, null, null, '1', null, null, null, null, null, null, null);
INSERT INTO mu_user VALUES ('92', 'ueelife', 'e10adc3949ba59abbe56e057f20f883e', null, null, null, null, null, null, '1', null, null, null, null, null, null, null);
INSERT INTO mu_user VALUES ('93', 'ueelife', 'e10adc3949ba59abbe56e057f20f883e', null, null, null, null, null, null, '1', null, null, null, null, null, null, null);
INSERT INTO mu_user VALUES ('94', 'ueelife', 'e10adc3949ba59abbe56e057f20f883e', null, null, null, null, null, null, '1', null, null, null, null, null, null, null);
INSERT INTO mu_user VALUES ('95', 'ueelife', 'e10adc3949ba59abbe56e057f20f883e', null, null, null, null, null, null, '1', null, null, null, null, null, null, null);
INSERT INTO mu_user VALUES ('96', 'ueelife', 'e10adc3949ba59abbe56e057f20f883e', null, null, null, null, null, null, '1', null, null, null, null, null, null, null);
INSERT INTO mu_user VALUES ('97', 'ueelife', 'e10adc3949ba59abbe56e057f20f883e', null, null, null, null, null, null, '1', null, null, null, null, null, null, null);
INSERT INTO mu_user VALUES ('98', 'ueelife', 'e10adc3949ba59abbe56e057f20f883e', null, null, null, null, null, null, '1', null, null, null, null, null, null, null);
INSERT INTO mu_user VALUES ('99', 'ueelife', 'e10adc3949ba59abbe56e057f20f883e', null, null, null, null, null, null, '1', null, null, null, null, null, null, null);
INSERT INTO mu_user VALUES ('100', 'ueelife', 'e10adc3949ba59abbe56e057f20f883e', null, null, null, null, null, null, '1', null, null, null, null, null, null, null);

-- ----------------------------
-- Table structure for `mu_user_certificate`
-- ----------------------------
DROP TABLE IF EXISTS `mu_user_certificate`;
CREATE TABLE `mu_user_certificate` (
  `cert_id` int(11) NOT NULL,
  `cert_ent_id` int(11) NOT NULL,
  `cert_title` varchar(128) DEFAULT NULL COMMENT '''资质''',
  `cert_img_src` varchar(128) DEFAULT NULL COMMENT '''图片地址''',
  PRIMARY KEY (`cert_id`)
) ENGINE=MyISAM DEFAULT CHARSET=utf8;

-- ----------------------------
-- Records of mu_user_certificate
-- ----------------------------

-- ----------------------------
-- Table structure for `mu_user_enterprise`
-- ----------------------------
DROP TABLE IF EXISTS `mu_user_enterprise`;
CREATE TABLE `mu_user_enterprise` (
  `ent_id` int(11) NOT NULL AUTO_INCREMENT,
  `ent_user_id` int(11) NOT NULL COMMENT '企业对应的网站用户',
  `ent_name` varchar(256) DEFAULT NULL COMMENT '企业对应的网站用户',
  `ent_type` tinyint(4) DEFAULT NULL COMMENT '企业类型，如国有，私营',
  `ent_website` varchar(512) DEFAULT NULL COMMENT '''网站地址''',
  `ent_business_model` tinyint(4) unsigned DEFAULT NULL COMMENT '经营模式，生产，贸易等',
  `ent_zipcode` char(32) DEFAULT NULL COMMENT '''邮编''',
  `ent_introduce` text COMMENT '''企业介绍''',
  `ent_location` varchar(218) DEFAULT NULL COMMENT '''企业详细地址''',
  `ent_city` tinyint(4) DEFAULT NULL COMMENT '所在市地区',
  `ent_status` tinyint(4) DEFAULT NULL COMMENT '企业状态',
  `ent_chief` varchar(128) NOT NULL COMMENT '''负责人''',
  `ent_create_time` datetime NOT NULL COMMENT '添加时间',
  `ent_chief_postion` tinyint(11) DEFAULT NULL COMMENT '负责人职位',
  `ent_business_scope` varchar(512) DEFAULT NULL COMMENT '''经营范围''',
  `ent_registered_capital` decimal(10,0) DEFAULT NULL COMMENT '注册资金',
  `ent_recommend` tinyint(1) DEFAULT NULL COMMENT '是否推荐企业',
  `ent_logo` varchar(128) DEFAULT NULL COMMENT '公司LOGO',
  `ent_update_time` datetime DEFAULT NULL COMMENT '修改时间',
  PRIMARY KEY (`ent_id`),
  KEY `ent_user_id` (`ent_user_id`)
) ENGINE=MyISAM AUTO_INCREMENT=101 DEFAULT CHARSET=utf8;

-- ----------------------------
-- Records of mu_user_enterprise
-- ----------------------------
INSERT INTO mu_user_enterprise VALUES ('2', '1', '平顶山钼铁集团', '4', null, '6', null, null, null, '4', null, '肖富乾', '0000-00-00 00:00:00', '8', '钼精矿', '2000', '1', null, null);
INSERT INTO mu_user_enterprise VALUES ('1', '5', '深圳优意生活网络公司', '5', 'www.mushw.com', '4', '51800', '企业是从事生产、流通、服务等经济活动，以生产或服务满足社会需要，实行自主经营、独立核算、依法设立的一种盈利性的经济组织。企业主要指独立的盈利性组织。在中国计划经济时期，“企业”是与“事业单位”平行使用的常用词语。《辞海》1979年版中，“企业”的解释为：“从事生产、流通或服务活动的独立核算经济单位”；“事业单位”的解释为：“受国家机关领导，不实行经济核算的单位”。在20世纪后期中国大陆改革开放与现代化建设及信息技术领域新概念大量涌入的背景下，“企业”一词的用法有所变化，并不限于商业性或盈利组织', '深圳', '1', '1', '李总', '0000-00-00 00:00:00', '1', '网络，安全，建站', '500', '1', '1', '0000-00-00 00:00:00');
INSERT INTO mu_user_enterprise VALUES ('3', '6', '深圳优意生活网络公司', '2', 'www.mushw.com', '4', '51800', '企业是从事生产、流通、服务等经济活动，以生产或服务满足社会需要，实行自主经营、独立核算、依法设立的一种盈利性的经济组织。企业主要指独立的盈利性组织。在中国计划经济时期，“企业”是与“事业单位”平行使用的常用词语。《辞海》1979年版中，“企业”的解释为：“从事生产、流通或服务活动的独立核算经济单位”；“事业单位”的解释为：“受国家机关领导，不实行经济核算的单位”。在20世纪后期中国大陆改革开放与现代化建设及信息技术领域新概念大量涌入的背景下，“企业”一词的用法有所变化，并不限于商业性或盈利组织', '深圳', '1', '1', '李总', '0000-00-00 00:00:00', '3', '网络，安全，建站', '500', '1', '1', '0000-00-00 00:00:00');
INSERT INTO mu_user_enterprise VALUES ('4', '6', '深圳优意生活网络公司', '1', 'www.mushw.com', '3', '51800', '企业是从事生产、流通、服务等经济活动，以生产或服务满足社会需要，实行自主经营、独立核算、依法设立的一种盈利性的经济组织。企业主要指独立的盈利性组织。在中国计划经济时期，“企业”是与“事业单位”平行使用的常用词语。《辞海》1979年版中，“企业”的解释为：“从事生产、流通或服务活动的独立核算经济单位”；“事业单位”的解释为：“受国家机关领导，不实行经济核算的单位”。在20世纪后期中国大陆改革开放与现代化建设及信息技术领域新概念大量涌入的背景下，“企业”一词的用法有所变化，并不限于商业性或盈利组织', '深圳', '1', '1', '李总', '0000-00-00 00:00:00', '4', '网络，安全，建站', '500', '1', '1', '0000-00-00 00:00:00');
INSERT INTO mu_user_enterprise VALUES ('5', '3', '深圳优意生活网络公司', '4', 'www.mushw.com', '5', '51800', '企业是从事生产、流通、服务等经济活动，以生产或服务满足社会需要，实行自主经营、独立核算、依法设立的一种盈利性的经济组织。企业主要指独立的盈利性组织。在中国计划经济时期，“企业”是与“事业单位”平行使用的常用词语。《辞海》1979年版中，“企业”的解释为：“从事生产、流通或服务活动的独立核算经济单位”；“事业单位”的解释为：“受国家机关领导，不实行经济核算的单位”。在20世纪后期中国大陆改革开放与现代化建设及信息技术领域新概念大量涌入的背景下，“企业”一词的用法有所变化，并不限于商业性或盈利组织', '深圳', '1', '1', '李总', '0000-00-00 00:00:00', '5', '网络，安全，建站', '500', '1', '1', '0000-00-00 00:00:00');
INSERT INTO mu_user_enterprise VALUES ('6', '1', '深圳优意生活网络公司', '5', 'www.mushw.com', '2', '51800', '企业是从事生产、流通、服务等经济活动，以生产或服务满足社会需要，实行自主经营、独立核算、依法设立的一种盈利性的经济组织。企业主要指独立的盈利性组织。在中国计划经济时期，“企业”是与“事业单位”平行使用的常用词语。《辞海》1979年版中，“企业”的解释为：“从事生产、流通或服务活动的独立核算经济单位”；“事业单位”的解释为：“受国家机关领导，不实行经济核算的单位”。在20世纪后期中国大陆改革开放与现代化建设及信息技术领域新概念大量涌入的背景下，“企业”一词的用法有所变化，并不限于商业性或盈利组织', '深圳', '1', '1', '李总', '0000-00-00 00:00:00', '5', '网络，安全，建站', '500', '1', '1', '0000-00-00 00:00:00');
INSERT INTO mu_user_enterprise VALUES ('7', '3', '深圳优意生活网络公司', '4', 'www.mushw.com', '4', '51800', '企业是从事生产、流通、服务等经济活动，以生产或服务满足社会需要，实行自主经营、独立核算、依法设立的一种盈利性的经济组织。企业主要指独立的盈利性组织。在中国计划经济时期，“企业”是与“事业单位”平行使用的常用词语。《辞海》1979年版中，“企业”的解释为：“从事生产、流通或服务活动的独立核算经济单位”；“事业单位”的解释为：“受国家机关领导，不实行经济核算的单位”。在20世纪后期中国大陆改革开放与现代化建设及信息技术领域新概念大量涌入的背景下，“企业”一词的用法有所变化，并不限于商业性或盈利组织', '深圳', '1', '1', '李总', '0000-00-00 00:00:00', '4', '网络，安全，建站', '500', '1', '1', '0000-00-00 00:00:00');
INSERT INTO mu_user_enterprise VALUES ('8', '4', '深圳优意生活网络公司', '5', 'www.mushw.com', '3', '51800', '企业是从事生产、流通、服务等经济活动，以生产或服务满足社会需要，实行自主经营、独立核算、依法设立的一种盈利性的经济组织。企业主要指独立的盈利性组织。在中国计划经济时期，“企业”是与“事业单位”平行使用的常用词语。《辞海》1979年版中，“企业”的解释为：“从事生产、流通或服务活动的独立核算经济单位”；“事业单位”的解释为：“受国家机关领导，不实行经济核算的单位”。在20世纪后期中国大陆改革开放与现代化建设及信息技术领域新概念大量涌入的背景下，“企业”一词的用法有所变化，并不限于商业性或盈利组织', '深圳', '1', '1', '李总', '0000-00-00 00:00:00', '2', '网络，安全，建站', '500', '1', '1', '0000-00-00 00:00:00');
INSERT INTO mu_user_enterprise VALUES ('9', '5', '深圳优意生活网络公司', '4', 'www.mushw.com', '9', '51800', '企业是从事生产、流通、服务等经济活动，以生产或服务满足社会需要，实行自主经营、独立核算、依法设立的一种盈利性的经济组织。企业主要指独立的盈利性组织。在中国计划经济时期，“企业”是与“事业单位”平行使用的常用词语。《辞海》1979年版中，“企业”的解释为：“从事生产、流通或服务活动的独立核算经济单位”；“事业单位”的解释为：“受国家机关领导，不实行经济核算的单位”。在20世纪后期中国大陆改革开放与现代化建设及信息技术领域新概念大量涌入的背景下，“企业”一词的用法有所变化，并不限于商业性或盈利组织', '深圳', '1', '1', '李总', '0000-00-00 00:00:00', '1', '网络，安全，建站', '500', '1', '1', '0000-00-00 00:00:00');
INSERT INTO mu_user_enterprise VALUES ('10', '2', '深圳优意生活网络公司', '5', 'www.mushw.com', '4', '51800', '企业是从事生产、流通、服务等经济活动，以生产或服务满足社会需要，实行自主经营、独立核算、依法设立的一种盈利性的经济组织。企业主要指独立的盈利性组织。在中国计划经济时期，“企业”是与“事业单位”平行使用的常用词语。《辞海》1979年版中，“企业”的解释为：“从事生产、流通或服务活动的独立核算经济单位”；“事业单位”的解释为：“受国家机关领导，不实行经济核算的单位”。在20世纪后期中国大陆改革开放与现代化建设及信息技术领域新概念大量涌入的背景下，“企业”一词的用法有所变化，并不限于商业性或盈利组织', '深圳', '1', '1', '李总', '0000-00-00 00:00:00', '3', '网络，安全，建站', '500', '1', '1', '0000-00-00 00:00:00');
INSERT INTO mu_user_enterprise VALUES ('11', '6', '深圳优意生活网络公司', '4', 'www.mushw.com', '7', '51800', '企业是从事生产、流通、服务等经济活动，以生产或服务满足社会需要，实行自主经营、独立核算、依法设立的一种盈利性的经济组织。企业主要指独立的盈利性组织。在中国计划经济时期，“企业”是与“事业单位”平行使用的常用词语。《辞海》1979年版中，“企业”的解释为：“从事生产、流通或服务活动的独立核算经济单位”；“事业单位”的解释为：“受国家机关领导，不实行经济核算的单位”。在20世纪后期中国大陆改革开放与现代化建设及信息技术领域新概念大量涌入的背景下，“企业”一词的用法有所变化，并不限于商业性或盈利组织', '深圳', '1', '1', '李总', '0000-00-00 00:00:00', '2', '网络，安全，建站', '500', '1', '1', '0000-00-00 00:00:00');
INSERT INTO mu_user_enterprise VALUES ('12', '3', '深圳优意生活网络公司', '4', 'www.mushw.com', '1', '51800', '企业是从事生产、流通、服务等经济活动，以生产或服务满足社会需要，实行自主经营、独立核算、依法设立的一种盈利性的经济组织。企业主要指独立的盈利性组织。在中国计划经济时期，“企业”是与“事业单位”平行使用的常用词语。《辞海》1979年版中，“企业”的解释为：“从事生产、流通或服务活动的独立核算经济单位”；“事业单位”的解释为：“受国家机关领导，不实行经济核算的单位”。在20世纪后期中国大陆改革开放与现代化建设及信息技术领域新概念大量涌入的背景下，“企业”一词的用法有所变化，并不限于商业性或盈利组织', '深圳', '1', '1', '李总', '0000-00-00 00:00:00', '5', '网络，安全，建站', '500', '1', '1', '0000-00-00 00:00:00');
INSERT INTO mu_user_enterprise VALUES ('13', '4', '深圳优意生活网络公司', '2', 'www.mushw.com', '6', '51800', '企业是从事生产、流通、服务等经济活动，以生产或服务满足社会需要，实行自主经营、独立核算、依法设立的一种盈利性的经济组织。企业主要指独立的盈利性组织。在中国计划经济时期，“企业”是与“事业单位”平行使用的常用词语。《辞海》1979年版中，“企业”的解释为：“从事生产、流通或服务活动的独立核算经济单位”；“事业单位”的解释为：“受国家机关领导，不实行经济核算的单位”。在20世纪后期中国大陆改革开放与现代化建设及信息技术领域新概念大量涌入的背景下，“企业”一词的用法有所变化，并不限于商业性或盈利组织', '深圳', '1', '1', '李总', '0000-00-00 00:00:00', '4', '网络，安全，建站', '500', '1', '1', '0000-00-00 00:00:00');
INSERT INTO mu_user_enterprise VALUES ('14', '4', '深圳优意生活网络公司', '1', 'www.mushw.com', '4', '51800', '企业是从事生产、流通、服务等经济活动，以生产或服务满足社会需要，实行自主经营、独立核算、依法设立的一种盈利性的经济组织。企业主要指独立的盈利性组织。在中国计划经济时期，“企业”是与“事业单位”平行使用的常用词语。《辞海》1979年版中，“企业”的解释为：“从事生产、流通或服务活动的独立核算经济单位”；“事业单位”的解释为：“受国家机关领导，不实行经济核算的单位”。在20世纪后期中国大陆改革开放与现代化建设及信息技术领域新概念大量涌入的背景下，“企业”一词的用法有所变化，并不限于商业性或盈利组织', '深圳', '1', '1', '李总', '0000-00-00 00:00:00', '5', '网络，安全，建站', '500', '1', '1', '0000-00-00 00:00:00');
INSERT INTO mu_user_enterprise VALUES ('15', '5', '深圳优意生活网络公司', '3', 'www.mushw.com', '3', '51800', '企业是从事生产、流通、服务等经济活动，以生产或服务满足社会需要，实行自主经营、独立核算、依法设立的一种盈利性的经济组织。企业主要指独立的盈利性组织。在中国计划经济时期，“企业”是与“事业单位”平行使用的常用词语。《辞海》1979年版中，“企业”的解释为：“从事生产、流通或服务活动的独立核算经济单位”；“事业单位”的解释为：“受国家机关领导，不实行经济核算的单位”。在20世纪后期中国大陆改革开放与现代化建设及信息技术领域新概念大量涌入的背景下，“企业”一词的用法有所变化，并不限于商业性或盈利组织', '深圳', '1', '1', '李总', '0000-00-00 00:00:00', '2', '网络，安全，建站', '500', '1', '1', '0000-00-00 00:00:00');
INSERT INTO mu_user_enterprise VALUES ('16', '3', '深圳优意生活网络公司', '5', 'www.mushw.com', '8', '51800', '企业是从事生产、流通、服务等经济活动，以生产或服务满足社会需要，实行自主经营、独立核算、依法设立的一种盈利性的经济组织。企业主要指独立的盈利性组织。在中国计划经济时期，“企业”是与“事业单位”平行使用的常用词语。《辞海》1979年版中，“企业”的解释为：“从事生产、流通或服务活动的独立核算经济单位”；“事业单位”的解释为：“受国家机关领导，不实行经济核算的单位”。在20世纪后期中国大陆改革开放与现代化建设及信息技术领域新概念大量涌入的背景下，“企业”一词的用法有所变化，并不限于商业性或盈利组织', '深圳', '1', '1', '李总', '0000-00-00 00:00:00', '4', '网络，安全，建站', '500', '1', '1', '0000-00-00 00:00:00');
INSERT INTO mu_user_enterprise VALUES ('17', '8', '深圳优意生活网络公司', '4', 'www.mushw.com', '7', '51800', '企业是从事生产、流通、服务等经济活动，以生产或服务满足社会需要，实行自主经营、独立核算、依法设立的一种盈利性的经济组织。企业主要指独立的盈利性组织。在中国计划经济时期，“企业”是与“事业单位”平行使用的常用词语。《辞海》1979年版中，“企业”的解释为：“从事生产、流通或服务活动的独立核算经济单位”；“事业单位”的解释为：“受国家机关领导，不实行经济核算的单位”。在20世纪后期中国大陆改革开放与现代化建设及信息技术领域新概念大量涌入的背景下，“企业”一词的用法有所变化，并不限于商业性或盈利组织', '深圳', '1', '1', '李总', '0000-00-00 00:00:00', '4', '网络，安全，建站', '500', '1', '1', '0000-00-00 00:00:00');
INSERT INTO mu_user_enterprise VALUES ('18', '7', '深圳优意生活网络公司', '4', 'www.mushw.com', '2', '51800', '企业是从事生产、流通、服务等经济活动，以生产或服务满足社会需要，实行自主经营、独立核算、依法设立的一种盈利性的经济组织。企业主要指独立的盈利性组织。在中国计划经济时期，“企业”是与“事业单位”平行使用的常用词语。《辞海》1979年版中，“企业”的解释为：“从事生产、流通或服务活动的独立核算经济单位”；“事业单位”的解释为：“受国家机关领导，不实行经济核算的单位”。在20世纪后期中国大陆改革开放与现代化建设及信息技术领域新概念大量涌入的背景下，“企业”一词的用法有所变化，并不限于商业性或盈利组织', '深圳', '1', '1', '李总', '0000-00-00 00:00:00', '2', '网络，安全，建站', '500', '1', '1', '0000-00-00 00:00:00');
INSERT INTO mu_user_enterprise VALUES ('19', '10', '深圳优意生活网络公司', '5', 'www.mushw.com', '3', '51800', '企业是从事生产、流通、服务等经济活动，以生产或服务满足社会需要，实行自主经营、独立核算、依法设立的一种盈利性的经济组织。企业主要指独立的盈利性组织。在中国计划经济时期，“企业”是与“事业单位”平行使用的常用词语。《辞海》1979年版中，“企业”的解释为：“从事生产、流通或服务活动的独立核算经济单位”；“事业单位”的解释为：“受国家机关领导，不实行经济核算的单位”。在20世纪后期中国大陆改革开放与现代化建设及信息技术领域新概念大量涌入的背景下，“企业”一词的用法有所变化，并不限于商业性或盈利组织', '深圳', '1', '1', '李总', '0000-00-00 00:00:00', '5', '网络，安全，建站', '500', '1', '1', '0000-00-00 00:00:00');
INSERT INTO mu_user_enterprise VALUES ('20', '4', '深圳优意生活网络公司', '2', 'www.mushw.com', '3', '51800', '企业是从事生产、流通、服务等经济活动，以生产或服务满足社会需要，实行自主经营、独立核算、依法设立的一种盈利性的经济组织。企业主要指独立的盈利性组织。在中国计划经济时期，“企业”是与“事业单位”平行使用的常用词语。《辞海》1979年版中，“企业”的解释为：“从事生产、流通或服务活动的独立核算经济单位”；“事业单位”的解释为：“受国家机关领导，不实行经济核算的单位”。在20世纪后期中国大陆改革开放与现代化建设及信息技术领域新概念大量涌入的背景下，“企业”一词的用法有所变化，并不限于商业性或盈利组织', '深圳', '1', '1', '李总', '0000-00-00 00:00:00', '2', '网络，安全，建站', '500', '1', '1', '0000-00-00 00:00:00');
INSERT INTO mu_user_enterprise VALUES ('21', '9', '深圳优意生活网络公司', '5', 'www.mushw.com', '1', '51800', '企业是从事生产、流通、服务等经济活动，以生产或服务满足社会需要，实行自主经营、独立核算、依法设立的一种盈利性的经济组织。企业主要指独立的盈利性组织。在中国计划经济时期，“企业”是与“事业单位”平行使用的常用词语。《辞海》1979年版中，“企业”的解释为：“从事生产、流通或服务活动的独立核算经济单位”；“事业单位”的解释为：“受国家机关领导，不实行经济核算的单位”。在20世纪后期中国大陆改革开放与现代化建设及信息技术领域新概念大量涌入的背景下，“企业”一词的用法有所变化，并不限于商业性或盈利组织', '深圳', '1', '1', '李总', '0000-00-00 00:00:00', '2', '网络，安全，建站', '500', '1', '1', '0000-00-00 00:00:00');
INSERT INTO mu_user_enterprise VALUES ('22', '1', '深圳优意生活网络公司', '2', 'www.mushw.com', '9', '51800', '企业是从事生产、流通、服务等经济活动，以生产或服务满足社会需要，实行自主经营、独立核算、依法设立的一种盈利性的经济组织。企业主要指独立的盈利性组织。在中国计划经济时期，“企业”是与“事业单位”平行使用的常用词语。《辞海》1979年版中，“企业”的解释为：“从事生产、流通或服务活动的独立核算经济单位”；“事业单位”的解释为：“受国家机关领导，不实行经济核算的单位”。在20世纪后期中国大陆改革开放与现代化建设及信息技术领域新概念大量涌入的背景下，“企业”一词的用法有所变化，并不限于商业性或盈利组织', '深圳', '1', '1', '李总', '0000-00-00 00:00:00', '3', '网络，安全，建站', '500', '1', '1', '0000-00-00 00:00:00');
INSERT INTO mu_user_enterprise VALUES ('23', '1', '深圳优意生活网络公司', '1', 'www.mushw.com', '7', '51800', '企业是从事生产、流通、服务等经济活动，以生产或服务满足社会需要，实行自主经营、独立核算、依法设立的一种盈利性的经济组织。企业主要指独立的盈利性组织。在中国计划经济时期，“企业”是与“事业单位”平行使用的常用词语。《辞海》1979年版中，“企业”的解释为：“从事生产、流通或服务活动的独立核算经济单位”；“事业单位”的解释为：“受国家机关领导，不实行经济核算的单位”。在20世纪后期中国大陆改革开放与现代化建设及信息技术领域新概念大量涌入的背景下，“企业”一词的用法有所变化，并不限于商业性或盈利组织', '深圳', '1', '1', '李总', '0000-00-00 00:00:00', '5', '网络，安全，建站', '500', '1', '1', '0000-00-00 00:00:00');
INSERT INTO mu_user_enterprise VALUES ('24', '6', '深圳优意生活网络公司', '5', 'www.mushw.com', '7', '51800', '企业是从事生产、流通、服务等经济活动，以生产或服务满足社会需要，实行自主经营、独立核算、依法设立的一种盈利性的经济组织。企业主要指独立的盈利性组织。在中国计划经济时期，“企业”是与“事业单位”平行使用的常用词语。《辞海》1979年版中，“企业”的解释为：“从事生产、流通或服务活动的独立核算经济单位”；“事业单位”的解释为：“受国家机关领导，不实行经济核算的单位”。在20世纪后期中国大陆改革开放与现代化建设及信息技术领域新概念大量涌入的背景下，“企业”一词的用法有所变化，并不限于商业性或盈利组织', '深圳', '1', '1', '李总', '0000-00-00 00:00:00', '5', '网络，安全，建站', '500', '1', '1', '0000-00-00 00:00:00');
INSERT INTO mu_user_enterprise VALUES ('25', '5', '深圳优意生活网络公司', '4', 'www.mushw.com', '8', '51800', '企业是从事生产、流通、服务等经济活动，以生产或服务满足社会需要，实行自主经营、独立核算、依法设立的一种盈利性的经济组织。企业主要指独立的盈利性组织。在中国计划经济时期，“企业”是与“事业单位”平行使用的常用词语。《辞海》1979年版中，“企业”的解释为：“从事生产、流通或服务活动的独立核算经济单位”；“事业单位”的解释为：“受国家机关领导，不实行经济核算的单位”。在20世纪后期中国大陆改革开放与现代化建设及信息技术领域新概念大量涌入的背景下，“企业”一词的用法有所变化，并不限于商业性或盈利组织', '深圳', '1', '1', '李总', '0000-00-00 00:00:00', '2', '网络，安全，建站', '500', '1', '1', '0000-00-00 00:00:00');
INSERT INTO mu_user_enterprise VALUES ('26', '6', '深圳优意生活网络公司', '2', 'www.mushw.com', '4', '51800', '企业是从事生产、流通、服务等经济活动，以生产或服务满足社会需要，实行自主经营、独立核算、依法设立的一种盈利性的经济组织。企业主要指独立的盈利性组织。在中国计划经济时期，“企业”是与“事业单位”平行使用的常用词语。《辞海》1979年版中，“企业”的解释为：“从事生产、流通或服务活动的独立核算经济单位”；“事业单位”的解释为：“受国家机关领导，不实行经济核算的单位”。在20世纪后期中国大陆改革开放与现代化建设及信息技术领域新概念大量涌入的背景下，“企业”一词的用法有所变化，并不限于商业性或盈利组织', '深圳', '1', '1', '李总', '0000-00-00 00:00:00', '5', '网络，安全，建站', '500', '1', '1', '0000-00-00 00:00:00');
INSERT INTO mu_user_enterprise VALUES ('27', '8', '深圳优意生活网络公司', '1', 'www.mushw.com', '3', '51800', '企业是从事生产、流通、服务等经济活动，以生产或服务满足社会需要，实行自主经营、独立核算、依法设立的一种盈利性的经济组织。企业主要指独立的盈利性组织。在中国计划经济时期，“企业”是与“事业单位”平行使用的常用词语。《辞海》1979年版中，“企业”的解释为：“从事生产、流通或服务活动的独立核算经济单位”；“事业单位”的解释为：“受国家机关领导，不实行经济核算的单位”。在20世纪后期中国大陆改革开放与现代化建设及信息技术领域新概念大量涌入的背景下，“企业”一词的用法有所变化，并不限于商业性或盈利组织', '深圳', '1', '1', '李总', '0000-00-00 00:00:00', '2', '网络，安全，建站', '500', '1', '1', '0000-00-00 00:00:00');
INSERT INTO mu_user_enterprise VALUES ('28', '8', '深圳优意生活网络公司', '4', 'www.mushw.com', '9', '51800', '企业是从事生产、流通、服务等经济活动，以生产或服务满足社会需要，实行自主经营、独立核算、依法设立的一种盈利性的经济组织。企业主要指独立的盈利性组织。在中国计划经济时期，“企业”是与“事业单位”平行使用的常用词语。《辞海》1979年版中，“企业”的解释为：“从事生产、流通或服务活动的独立核算经济单位”；“事业单位”的解释为：“受国家机关领导，不实行经济核算的单位”。在20世纪后期中国大陆改革开放与现代化建设及信息技术领域新概念大量涌入的背景下，“企业”一词的用法有所变化，并不限于商业性或盈利组织', '深圳', '1', '1', '李总', '0000-00-00 00:00:00', '2', '网络，安全，建站', '500', '1', '1', '0000-00-00 00:00:00');
INSERT INTO mu_user_enterprise VALUES ('29', '7', '深圳优意生活网络公司', '1', 'www.mushw.com', '9', '51800', '企业是从事生产、流通、服务等经济活动，以生产或服务满足社会需要，实行自主经营、独立核算、依法设立的一种盈利性的经济组织。企业主要指独立的盈利性组织。在中国计划经济时期，“企业”是与“事业单位”平行使用的常用词语。《辞海》1979年版中，“企业”的解释为：“从事生产、流通或服务活动的独立核算经济单位”；“事业单位”的解释为：“受国家机关领导，不实行经济核算的单位”。在20世纪后期中国大陆改革开放与现代化建设及信息技术领域新概念大量涌入的背景下，“企业”一词的用法有所变化，并不限于商业性或盈利组织', '深圳', '1', '1', '李总', '0000-00-00 00:00:00', '5', '网络，安全，建站', '500', '1', '1', '0000-00-00 00:00:00');
INSERT INTO mu_user_enterprise VALUES ('30', '1', '深圳优意生活网络公司', '3', 'www.mushw.com', '8', '51800', '企业是从事生产、流通、服务等经济活动，以生产或服务满足社会需要，实行自主经营、独立核算、依法设立的一种盈利性的经济组织。企业主要指独立的盈利性组织。在中国计划经济时期，“企业”是与“事业单位”平行使用的常用词语。《辞海》1979年版中，“企业”的解释为：“从事生产、流通或服务活动的独立核算经济单位”；“事业单位”的解释为：“受国家机关领导，不实行经济核算的单位”。在20世纪后期中国大陆改革开放与现代化建设及信息技术领域新概念大量涌入的背景下，“企业”一词的用法有所变化，并不限于商业性或盈利组织', '深圳', '1', '1', '李总', '0000-00-00 00:00:00', '1', '网络，安全，建站', '500', '1', '1', '0000-00-00 00:00:00');
INSERT INTO mu_user_enterprise VALUES ('31', '1', '深圳优意生活网络公司', '4', 'www.mushw.com', '4', '51800', '企业是从事生产、流通、服务等经济活动，以生产或服务满足社会需要，实行自主经营、独立核算、依法设立的一种盈利性的经济组织。企业主要指独立的盈利性组织。在中国计划经济时期，“企业”是与“事业单位”平行使用的常用词语。《辞海》1979年版中，“企业”的解释为：“从事生产、流通或服务活动的独立核算经济单位”；“事业单位”的解释为：“受国家机关领导，不实行经济核算的单位”。在20世纪后期中国大陆改革开放与现代化建设及信息技术领域新概念大量涌入的背景下，“企业”一词的用法有所变化，并不限于商业性或盈利组织', '深圳', '1', '1', '李总', '0000-00-00 00:00:00', '2', '网络，安全，建站', '500', '1', '1', '0000-00-00 00:00:00');
INSERT INTO mu_user_enterprise VALUES ('32', '2', '深圳优意生活网络公司', '4', 'www.mushw.com', '9', '51800', '企业是从事生产、流通、服务等经济活动，以生产或服务满足社会需要，实行自主经营、独立核算、依法设立的一种盈利性的经济组织。企业主要指独立的盈利性组织。在中国计划经济时期，“企业”是与“事业单位”平行使用的常用词语。《辞海》1979年版中，“企业”的解释为：“从事生产、流通或服务活动的独立核算经济单位”；“事业单位”的解释为：“受国家机关领导，不实行经济核算的单位”。在20世纪后期中国大陆改革开放与现代化建设及信息技术领域新概念大量涌入的背景下，“企业”一词的用法有所变化，并不限于商业性或盈利组织', '深圳', '1', '1', '李总', '0000-00-00 00:00:00', '5', '网络，安全，建站', '500', '1', '1', '0000-00-00 00:00:00');
INSERT INTO mu_user_enterprise VALUES ('33', '6', '深圳优意生活网络公司', '3', 'www.mushw.com', '4', '51800', '企业是从事生产、流通、服务等经济活动，以生产或服务满足社会需要，实行自主经营、独立核算、依法设立的一种盈利性的经济组织。企业主要指独立的盈利性组织。在中国计划经济时期，“企业”是与“事业单位”平行使用的常用词语。《辞海》1979年版中，“企业”的解释为：“从事生产、流通或服务活动的独立核算经济单位”；“事业单位”的解释为：“受国家机关领导，不实行经济核算的单位”。在20世纪后期中国大陆改革开放与现代化建设及信息技术领域新概念大量涌入的背景下，“企业”一词的用法有所变化，并不限于商业性或盈利组织', '深圳', '1', '1', '李总', '0000-00-00 00:00:00', '4', '网络，安全，建站', '500', '1', '1', '0000-00-00 00:00:00');
INSERT INTO mu_user_enterprise VALUES ('34', '8', '深圳优意生活网络公司', '5', 'www.mushw.com', '10', '51800', '企业是从事生产、流通、服务等经济活动，以生产或服务满足社会需要，实行自主经营、独立核算、依法设立的一种盈利性的经济组织。企业主要指独立的盈利性组织。在中国计划经济时期，“企业”是与“事业单位”平行使用的常用词语。《辞海》1979年版中，“企业”的解释为：“从事生产、流通或服务活动的独立核算经济单位”；“事业单位”的解释为：“受国家机关领导，不实行经济核算的单位”。在20世纪后期中国大陆改革开放与现代化建设及信息技术领域新概念大量涌入的背景下，“企业”一词的用法有所变化，并不限于商业性或盈利组织', '深圳', '1', '1', '李总', '0000-00-00 00:00:00', '3', '网络，安全，建站', '500', '1', '1', '0000-00-00 00:00:00');
INSERT INTO mu_user_enterprise VALUES ('35', '10', '深圳优意生活网络公司', '1', 'www.mushw.com', '7', '51800', '企业是从事生产、流通、服务等经济活动，以生产或服务满足社会需要，实行自主经营、独立核算、依法设立的一种盈利性的经济组织。企业主要指独立的盈利性组织。在中国计划经济时期，“企业”是与“事业单位”平行使用的常用词语。《辞海》1979年版中，“企业”的解释为：“从事生产、流通或服务活动的独立核算经济单位”；“事业单位”的解释为：“受国家机关领导，不实行经济核算的单位”。在20世纪后期中国大陆改革开放与现代化建设及信息技术领域新概念大量涌入的背景下，“企业”一词的用法有所变化，并不限于商业性或盈利组织', '深圳', '1', '1', '李总', '0000-00-00 00:00:00', '4', '网络，安全，建站', '500', '1', '1', '0000-00-00 00:00:00');
INSERT INTO mu_user_enterprise VALUES ('36', '7', '深圳优意生活网络公司', '5', 'www.mushw.com', '8', '51800', '企业是从事生产、流通、服务等经济活动，以生产或服务满足社会需要，实行自主经营、独立核算、依法设立的一种盈利性的经济组织。企业主要指独立的盈利性组织。在中国计划经济时期，“企业”是与“事业单位”平行使用的常用词语。《辞海》1979年版中，“企业”的解释为：“从事生产、流通或服务活动的独立核算经济单位”；“事业单位”的解释为：“受国家机关领导，不实行经济核算的单位”。在20世纪后期中国大陆改革开放与现代化建设及信息技术领域新概念大量涌入的背景下，“企业”一词的用法有所变化，并不限于商业性或盈利组织', '深圳', '1', '1', '李总', '0000-00-00 00:00:00', '2', '网络，安全，建站', '500', '1', '1', '0000-00-00 00:00:00');
INSERT INTO mu_user_enterprise VALUES ('37', '10', '深圳优意生活网络公司', '2', 'www.mushw.com', '2', '51800', '企业是从事生产、流通、服务等经济活动，以生产或服务满足社会需要，实行自主经营、独立核算、依法设立的一种盈利性的经济组织。企业主要指独立的盈利性组织。在中国计划经济时期，“企业”是与“事业单位”平行使用的常用词语。《辞海》1979年版中，“企业”的解释为：“从事生产、流通或服务活动的独立核算经济单位”；“事业单位”的解释为：“受国家机关领导，不实行经济核算的单位”。在20世纪后期中国大陆改革开放与现代化建设及信息技术领域新概念大量涌入的背景下，“企业”一词的用法有所变化，并不限于商业性或盈利组织', '深圳', '1', '1', '李总', '0000-00-00 00:00:00', '1', '网络，安全，建站', '500', '1', '1', '0000-00-00 00:00:00');
INSERT INTO mu_user_enterprise VALUES ('38', '5', '深圳优意生活网络公司', '3', 'www.mushw.com', '1', '51800', '企业是从事生产、流通、服务等经济活动，以生产或服务满足社会需要，实行自主经营、独立核算、依法设立的一种盈利性的经济组织。企业主要指独立的盈利性组织。在中国计划经济时期，“企业”是与“事业单位”平行使用的常用词语。《辞海》1979年版中，“企业”的解释为：“从事生产、流通或服务活动的独立核算经济单位”；“事业单位”的解释为：“受国家机关领导，不实行经济核算的单位”。在20世纪后期中国大陆改革开放与现代化建设及信息技术领域新概念大量涌入的背景下，“企业”一词的用法有所变化，并不限于商业性或盈利组织', '深圳', '1', '1', '李总', '0000-00-00 00:00:00', '4', '网络，安全，建站', '500', '1', '1', '0000-00-00 00:00:00');
INSERT INTO mu_user_enterprise VALUES ('39', '4', '深圳优意生活网络公司', '1', 'www.mushw.com', '4', '51800', '企业是从事生产、流通、服务等经济活动，以生产或服务满足社会需要，实行自主经营、独立核算、依法设立的一种盈利性的经济组织。企业主要指独立的盈利性组织。在中国计划经济时期，“企业”是与“事业单位”平行使用的常用词语。《辞海》1979年版中，“企业”的解释为：“从事生产、流通或服务活动的独立核算经济单位”；“事业单位”的解释为：“受国家机关领导，不实行经济核算的单位”。在20世纪后期中国大陆改革开放与现代化建设及信息技术领域新概念大量涌入的背景下，“企业”一词的用法有所变化，并不限于商业性或盈利组织', '深圳', '1', '1', '李总', '0000-00-00 00:00:00', '4', '网络，安全，建站', '500', '1', '1', '0000-00-00 00:00:00');
INSERT INTO mu_user_enterprise VALUES ('40', '2', '深圳优意生活网络公司', '2', 'www.mushw.com', '6', '51800', '企业是从事生产、流通、服务等经济活动，以生产或服务满足社会需要，实行自主经营、独立核算、依法设立的一种盈利性的经济组织。企业主要指独立的盈利性组织。在中国计划经济时期，“企业”是与“事业单位”平行使用的常用词语。《辞海》1979年版中，“企业”的解释为：“从事生产、流通或服务活动的独立核算经济单位”；“事业单位”的解释为：“受国家机关领导，不实行经济核算的单位”。在20世纪后期中国大陆改革开放与现代化建设及信息技术领域新概念大量涌入的背景下，“企业”一词的用法有所变化，并不限于商业性或盈利组织', '深圳', '1', '1', '李总', '0000-00-00 00:00:00', '5', '网络，安全，建站', '500', '1', '1', '0000-00-00 00:00:00');
INSERT INTO mu_user_enterprise VALUES ('41', '10', '深圳优意生活网络公司', '1', 'www.mushw.com', '3', '51800', '企业是从事生产、流通、服务等经济活动，以生产或服务满足社会需要，实行自主经营、独立核算、依法设立的一种盈利性的经济组织。企业主要指独立的盈利性组织。在中国计划经济时期，“企业”是与“事业单位”平行使用的常用词语。《辞海》1979年版中，“企业”的解释为：“从事生产、流通或服务活动的独立核算经济单位”；“事业单位”的解释为：“受国家机关领导，不实行经济核算的单位”。在20世纪后期中国大陆改革开放与现代化建设及信息技术领域新概念大量涌入的背景下，“企业”一词的用法有所变化，并不限于商业性或盈利组织', '深圳', '1', '1', '李总', '0000-00-00 00:00:00', '1', '网络，安全，建站', '500', '1', '1', '0000-00-00 00:00:00');
INSERT INTO mu_user_enterprise VALUES ('42', '4', '深圳优意生活网络公司', '2', 'www.mushw.com', '10', '51800', '企业是从事生产、流通、服务等经济活动，以生产或服务满足社会需要，实行自主经营、独立核算、依法设立的一种盈利性的经济组织。企业主要指独立的盈利性组织。在中国计划经济时期，“企业”是与“事业单位”平行使用的常用词语。《辞海》1979年版中，“企业”的解释为：“从事生产、流通或服务活动的独立核算经济单位”；“事业单位”的解释为：“受国家机关领导，不实行经济核算的单位”。在20世纪后期中国大陆改革开放与现代化建设及信息技术领域新概念大量涌入的背景下，“企业”一词的用法有所变化，并不限于商业性或盈利组织', '深圳', '1', '1', '李总', '0000-00-00 00:00:00', '5', '网络，安全，建站', '500', '1', '1', '0000-00-00 00:00:00');
INSERT INTO mu_user_enterprise VALUES ('43', '5', '深圳优意生活网络公司', '5', 'www.mushw.com', '5', '51800', '企业是从事生产、流通、服务等经济活动，以生产或服务满足社会需要，实行自主经营、独立核算、依法设立的一种盈利性的经济组织。企业主要指独立的盈利性组织。在中国计划经济时期，“企业”是与“事业单位”平行使用的常用词语。《辞海》1979年版中，“企业”的解释为：“从事生产、流通或服务活动的独立核算经济单位”；“事业单位”的解释为：“受国家机关领导，不实行经济核算的单位”。在20世纪后期中国大陆改革开放与现代化建设及信息技术领域新概念大量涌入的背景下，“企业”一词的用法有所变化，并不限于商业性或盈利组织', '深圳', '1', '1', '李总', '0000-00-00 00:00:00', '1', '网络，安全，建站', '500', '1', '1', '0000-00-00 00:00:00');
INSERT INTO mu_user_enterprise VALUES ('44', '9', '深圳优意生活网络公司', '5', 'www.mushw.com', '1', '51800', '企业是从事生产、流通、服务等经济活动，以生产或服务满足社会需要，实行自主经营、独立核算、依法设立的一种盈利性的经济组织。企业主要指独立的盈利性组织。在中国计划经济时期，“企业”是与“事业单位”平行使用的常用词语。《辞海》1979年版中，“企业”的解释为：“从事生产、流通或服务活动的独立核算经济单位”；“事业单位”的解释为：“受国家机关领导，不实行经济核算的单位”。在20世纪后期中国大陆改革开放与现代化建设及信息技术领域新概念大量涌入的背景下，“企业”一词的用法有所变化，并不限于商业性或盈利组织', '深圳', '1', '1', '李总', '0000-00-00 00:00:00', '2', '网络，安全，建站', '500', '1', '1', '0000-00-00 00:00:00');
INSERT INTO mu_user_enterprise VALUES ('45', '6', '深圳优意生活网络公司', '3', 'www.mushw.com', '8', '51800', '企业是从事生产、流通、服务等经济活动，以生产或服务满足社会需要，实行自主经营、独立核算、依法设立的一种盈利性的经济组织。企业主要指独立的盈利性组织。在中国计划经济时期，“企业”是与“事业单位”平行使用的常用词语。《辞海》1979年版中，“企业”的解释为：“从事生产、流通或服务活动的独立核算经济单位”；“事业单位”的解释为：“受国家机关领导，不实行经济核算的单位”。在20世纪后期中国大陆改革开放与现代化建设及信息技术领域新概念大量涌入的背景下，“企业”一词的用法有所变化，并不限于商业性或盈利组织', '深圳', '1', '1', '李总', '0000-00-00 00:00:00', '3', '网络，安全，建站', '500', '1', '1', '0000-00-00 00:00:00');
INSERT INTO mu_user_enterprise VALUES ('46', '3', '深圳优意生活网络公司', '2', 'www.mushw.com', '8', '51800', '企业是从事生产、流通、服务等经济活动，以生产或服务满足社会需要，实行自主经营、独立核算、依法设立的一种盈利性的经济组织。企业主要指独立的盈利性组织。在中国计划经济时期，“企业”是与“事业单位”平行使用的常用词语。《辞海》1979年版中，“企业”的解释为：“从事生产、流通或服务活动的独立核算经济单位”；“事业单位”的解释为：“受国家机关领导，不实行经济核算的单位”。在20世纪后期中国大陆改革开放与现代化建设及信息技术领域新概念大量涌入的背景下，“企业”一词的用法有所变化，并不限于商业性或盈利组织', '深圳', '1', '1', '李总', '0000-00-00 00:00:00', '5', '网络，安全，建站', '500', '1', '1', '0000-00-00 00:00:00');
INSERT INTO mu_user_enterprise VALUES ('47', '1', '深圳优意生活网络公司', '3', 'www.mushw.com', '9', '51800', '企业是从事生产、流通、服务等经济活动，以生产或服务满足社会需要，实行自主经营、独立核算、依法设立的一种盈利性的经济组织。企业主要指独立的盈利性组织。在中国计划经济时期，“企业”是与“事业单位”平行使用的常用词语。《辞海》1979年版中，“企业”的解释为：“从事生产、流通或服务活动的独立核算经济单位”；“事业单位”的解释为：“受国家机关领导，不实行经济核算的单位”。在20世纪后期中国大陆改革开放与现代化建设及信息技术领域新概念大量涌入的背景下，“企业”一词的用法有所变化，并不限于商业性或盈利组织', '深圳', '1', '1', '李总', '0000-00-00 00:00:00', '5', '网络，安全，建站', '500', '1', '1', '0000-00-00 00:00:00');
INSERT INTO mu_user_enterprise VALUES ('48', '6', '深圳优意生活网络公司', '5', 'www.mushw.com', '6', '51800', '企业是从事生产、流通、服务等经济活动，以生产或服务满足社会需要，实行自主经营、独立核算、依法设立的一种盈利性的经济组织。企业主要指独立的盈利性组织。在中国计划经济时期，“企业”是与“事业单位”平行使用的常用词语。《辞海》1979年版中，“企业”的解释为：“从事生产、流通或服务活动的独立核算经济单位”；“事业单位”的解释为：“受国家机关领导，不实行经济核算的单位”。在20世纪后期中国大陆改革开放与现代化建设及信息技术领域新概念大量涌入的背景下，“企业”一词的用法有所变化，并不限于商业性或盈利组织', '深圳', '1', '1', '李总', '0000-00-00 00:00:00', '4', '网络，安全，建站', '500', '1', '1', '0000-00-00 00:00:00');
INSERT INTO mu_user_enterprise VALUES ('49', '8', '深圳优意生活网络公司', '3', 'www.mushw.com', '6', '51800', '企业是从事生产、流通、服务等经济活动，以生产或服务满足社会需要，实行自主经营、独立核算、依法设立的一种盈利性的经济组织。企业主要指独立的盈利性组织。在中国计划经济时期，“企业”是与“事业单位”平行使用的常用词语。《辞海》1979年版中，“企业”的解释为：“从事生产、流通或服务活动的独立核算经济单位”；“事业单位”的解释为：“受国家机关领导，不实行经济核算的单位”。在20世纪后期中国大陆改革开放与现代化建设及信息技术领域新概念大量涌入的背景下，“企业”一词的用法有所变化，并不限于商业性或盈利组织', '深圳', '1', '1', '李总', '0000-00-00 00:00:00', '2', '网络，安全，建站', '500', '1', '1', '0000-00-00 00:00:00');
INSERT INTO mu_user_enterprise VALUES ('50', '4', '深圳优意生活网络公司', '3', 'www.mushw.com', '3', '51800', '企业是从事生产、流通、服务等经济活动，以生产或服务满足社会需要，实行自主经营、独立核算、依法设立的一种盈利性的经济组织。企业主要指独立的盈利性组织。在中国计划经济时期，“企业”是与“事业单位”平行使用的常用词语。《辞海》1979年版中，“企业”的解释为：“从事生产、流通或服务活动的独立核算经济单位”；“事业单位”的解释为：“受国家机关领导，不实行经济核算的单位”。在20世纪后期中国大陆改革开放与现代化建设及信息技术领域新概念大量涌入的背景下，“企业”一词的用法有所变化，并不限于商业性或盈利组织', '深圳', '1', '1', '李总', '0000-00-00 00:00:00', '1', '网络，安全，建站', '500', '1', '1', '0000-00-00 00:00:00');
INSERT INTO mu_user_enterprise VALUES ('51', '4', '深圳优意生活网络公司', '4', 'www.mushw.com', '6', '51800', '企业是从事生产、流通、服务等经济活动，以生产或服务满足社会需要，实行自主经营、独立核算、依法设立的一种盈利性的经济组织。企业主要指独立的盈利性组织。在中国计划经济时期，“企业”是与“事业单位”平行使用的常用词语。《辞海》1979年版中，“企业”的解释为：“从事生产、流通或服务活动的独立核算经济单位”；“事业单位”的解释为：“受国家机关领导，不实行经济核算的单位”。在20世纪后期中国大陆改革开放与现代化建设及信息技术领域新概念大量涌入的背景下，“企业”一词的用法有所变化，并不限于商业性或盈利组织', '深圳', '1', '1', '李总', '0000-00-00 00:00:00', '2', '网络，安全，建站', '500', '1', '1', '0000-00-00 00:00:00');
INSERT INTO mu_user_enterprise VALUES ('52', '4', '深圳优意生活网络公司', '5', 'www.mushw.com', '8', '51800', '企业是从事生产、流通、服务等经济活动，以生产或服务满足社会需要，实行自主经营、独立核算、依法设立的一种盈利性的经济组织。企业主要指独立的盈利性组织。在中国计划经济时期，“企业”是与“事业单位”平行使用的常用词语。《辞海》1979年版中，“企业”的解释为：“从事生产、流通或服务活动的独立核算经济单位”；“事业单位”的解释为：“受国家机关领导，不实行经济核算的单位”。在20世纪后期中国大陆改革开放与现代化建设及信息技术领域新概念大量涌入的背景下，“企业”一词的用法有所变化，并不限于商业性或盈利组织', '深圳', '1', '1', '李总', '0000-00-00 00:00:00', '1', '网络，安全，建站', '500', '1', '1', '0000-00-00 00:00:00');
INSERT INTO mu_user_enterprise VALUES ('53', '6', '深圳优意生活网络公司', '3', 'www.mushw.com', '8', '51800', '企业是从事生产、流通、服务等经济活动，以生产或服务满足社会需要，实行自主经营、独立核算、依法设立的一种盈利性的经济组织。企业主要指独立的盈利性组织。在中国计划经济时期，“企业”是与“事业单位”平行使用的常用词语。《辞海》1979年版中，“企业”的解释为：“从事生产、流通或服务活动的独立核算经济单位”；“事业单位”的解释为：“受国家机关领导，不实行经济核算的单位”。在20世纪后期中国大陆改革开放与现代化建设及信息技术领域新概念大量涌入的背景下，“企业”一词的用法有所变化，并不限于商业性或盈利组织', '深圳', '1', '1', '李总', '0000-00-00 00:00:00', '3', '网络，安全，建站', '500', '1', '1', '0000-00-00 00:00:00');
INSERT INTO mu_user_enterprise VALUES ('54', '5', '深圳优意生活网络公司', '5', 'www.mushw.com', '8', '51800', '企业是从事生产、流通、服务等经济活动，以生产或服务满足社会需要，实行自主经营、独立核算、依法设立的一种盈利性的经济组织。企业主要指独立的盈利性组织。在中国计划经济时期，“企业”是与“事业单位”平行使用的常用词语。《辞海》1979年版中，“企业”的解释为：“从事生产、流通或服务活动的独立核算经济单位”；“事业单位”的解释为：“受国家机关领导，不实行经济核算的单位”。在20世纪后期中国大陆改革开放与现代化建设及信息技术领域新概念大量涌入的背景下，“企业”一词的用法有所变化，并不限于商业性或盈利组织', '深圳', '1', '1', '李总', '0000-00-00 00:00:00', '2', '网络，安全，建站', '500', '1', '1', '0000-00-00 00:00:00');
INSERT INTO mu_user_enterprise VALUES ('55', '2', '深圳优意生活网络公司', '4', 'www.mushw.com', '7', '51800', '企业是从事生产、流通、服务等经济活动，以生产或服务满足社会需要，实行自主经营、独立核算、依法设立的一种盈利性的经济组织。企业主要指独立的盈利性组织。在中国计划经济时期，“企业”是与“事业单位”平行使用的常用词语。《辞海》1979年版中，“企业”的解释为：“从事生产、流通或服务活动的独立核算经济单位”；“事业单位”的解释为：“受国家机关领导，不实行经济核算的单位”。在20世纪后期中国大陆改革开放与现代化建设及信息技术领域新概念大量涌入的背景下，“企业”一词的用法有所变化，并不限于商业性或盈利组织', '深圳', '1', '1', '李总', '0000-00-00 00:00:00', '5', '网络，安全，建站', '500', '1', '1', '0000-00-00 00:00:00');
INSERT INTO mu_user_enterprise VALUES ('56', '4', '深圳优意生活网络公司', '2', 'www.mushw.com', '9', '51800', '企业是从事生产、流通、服务等经济活动，以生产或服务满足社会需要，实行自主经营、独立核算、依法设立的一种盈利性的经济组织。企业主要指独立的盈利性组织。在中国计划经济时期，“企业”是与“事业单位”平行使用的常用词语。《辞海》1979年版中，“企业”的解释为：“从事生产、流通或服务活动的独立核算经济单位”；“事业单位”的解释为：“受国家机关领导，不实行经济核算的单位”。在20世纪后期中国大陆改革开放与现代化建设及信息技术领域新概念大量涌入的背景下，“企业”一词的用法有所变化，并不限于商业性或盈利组织', '深圳', '1', '1', '李总', '0000-00-00 00:00:00', '2', '网络，安全，建站', '500', '1', '1', '0000-00-00 00:00:00');
INSERT INTO mu_user_enterprise VALUES ('57', '10', '深圳优意生活网络公司', '1', 'www.mushw.com', '3', '51800', '企业是从事生产、流通、服务等经济活动，以生产或服务满足社会需要，实行自主经营、独立核算、依法设立的一种盈利性的经济组织。企业主要指独立的盈利性组织。在中国计划经济时期，“企业”是与“事业单位”平行使用的常用词语。《辞海》1979年版中，“企业”的解释为：“从事生产、流通或服务活动的独立核算经济单位”；“事业单位”的解释为：“受国家机关领导，不实行经济核算的单位”。在20世纪后期中国大陆改革开放与现代化建设及信息技术领域新概念大量涌入的背景下，“企业”一词的用法有所变化，并不限于商业性或盈利组织', '深圳', '1', '1', '李总', '0000-00-00 00:00:00', '2', '网络，安全，建站', '500', '1', '1', '0000-00-00 00:00:00');
INSERT INTO mu_user_enterprise VALUES ('58', '7', '深圳优意生活网络公司', '4', 'www.mushw.com', '1', '51800', '企业是从事生产、流通、服务等经济活动，以生产或服务满足社会需要，实行自主经营、独立核算、依法设立的一种盈利性的经济组织。企业主要指独立的盈利性组织。在中国计划经济时期，“企业”是与“事业单位”平行使用的常用词语。《辞海》1979年版中，“企业”的解释为：“从事生产、流通或服务活动的独立核算经济单位”；“事业单位”的解释为：“受国家机关领导，不实行经济核算的单位”。在20世纪后期中国大陆改革开放与现代化建设及信息技术领域新概念大量涌入的背景下，“企业”一词的用法有所变化，并不限于商业性或盈利组织', '深圳', '1', '1', '李总', '0000-00-00 00:00:00', '2', '网络，安全，建站', '500', '1', '1', '0000-00-00 00:00:00');
INSERT INTO mu_user_enterprise VALUES ('59', '7', '深圳优意生活网络公司', '2', 'www.mushw.com', '2', '51800', '企业是从事生产、流通、服务等经济活动，以生产或服务满足社会需要，实行自主经营、独立核算、依法设立的一种盈利性的经济组织。企业主要指独立的盈利性组织。在中国计划经济时期，“企业”是与“事业单位”平行使用的常用词语。《辞海》1979年版中，“企业”的解释为：“从事生产、流通或服务活动的独立核算经济单位”；“事业单位”的解释为：“受国家机关领导，不实行经济核算的单位”。在20世纪后期中国大陆改革开放与现代化建设及信息技术领域新概念大量涌入的背景下，“企业”一词的用法有所变化，并不限于商业性或盈利组织', '深圳', '1', '1', '李总', '0000-00-00 00:00:00', '2', '网络，安全，建站', '500', '1', '1', '0000-00-00 00:00:00');
INSERT INTO mu_user_enterprise VALUES ('60', '4', '深圳优意生活网络公司', '4', 'www.mushw.com', '9', '51800', '企业是从事生产、流通、服务等经济活动，以生产或服务满足社会需要，实行自主经营、独立核算、依法设立的一种盈利性的经济组织。企业主要指独立的盈利性组织。在中国计划经济时期，“企业”是与“事业单位”平行使用的常用词语。《辞海》1979年版中，“企业”的解释为：“从事生产、流通或服务活动的独立核算经济单位”；“事业单位”的解释为：“受国家机关领导，不实行经济核算的单位”。在20世纪后期中国大陆改革开放与现代化建设及信息技术领域新概念大量涌入的背景下，“企业”一词的用法有所变化，并不限于商业性或盈利组织', '深圳', '1', '1', '李总', '0000-00-00 00:00:00', '4', '网络，安全，建站', '500', '1', '1', '0000-00-00 00:00:00');
INSERT INTO mu_user_enterprise VALUES ('61', '10', '深圳优意生活网络公司', '2', 'www.mushw.com', '1', '51800', '企业是从事生产、流通、服务等经济活动，以生产或服务满足社会需要，实行自主经营、独立核算、依法设立的一种盈利性的经济组织。企业主要指独立的盈利性组织。在中国计划经济时期，“企业”是与“事业单位”平行使用的常用词语。《辞海》1979年版中，“企业”的解释为：“从事生产、流通或服务活动的独立核算经济单位”；“事业单位”的解释为：“受国家机关领导，不实行经济核算的单位”。在20世纪后期中国大陆改革开放与现代化建设及信息技术领域新概念大量涌入的背景下，“企业”一词的用法有所变化，并不限于商业性或盈利组织', '深圳', '1', '1', '李总', '0000-00-00 00:00:00', '3', '网络，安全，建站', '500', '1', '1', '0000-00-00 00:00:00');
INSERT INTO mu_user_enterprise VALUES ('62', '10', '深圳优意生活网络公司', '3', 'www.mushw.com', '2', '51800', '企业是从事生产、流通、服务等经济活动，以生产或服务满足社会需要，实行自主经营、独立核算、依法设立的一种盈利性的经济组织。企业主要指独立的盈利性组织。在中国计划经济时期，“企业”是与“事业单位”平行使用的常用词语。《辞海》1979年版中，“企业”的解释为：“从事生产、流通或服务活动的独立核算经济单位”；“事业单位”的解释为：“受国家机关领导，不实行经济核算的单位”。在20世纪后期中国大陆改革开放与现代化建设及信息技术领域新概念大量涌入的背景下，“企业”一词的用法有所变化，并不限于商业性或盈利组织', '深圳', '1', '1', '李总', '0000-00-00 00:00:00', '2', '网络，安全，建站', '500', '1', '1', '0000-00-00 00:00:00');
INSERT INTO mu_user_enterprise VALUES ('63', '7', '深圳优意生活网络公司', '4', 'www.mushw.com', '9', '51800', '企业是从事生产、流通、服务等经济活动，以生产或服务满足社会需要，实行自主经营、独立核算、依法设立的一种盈利性的经济组织。企业主要指独立的盈利性组织。在中国计划经济时期，“企业”是与“事业单位”平行使用的常用词语。《辞海》1979年版中，“企业”的解释为：“从事生产、流通或服务活动的独立核算经济单位”；“事业单位”的解释为：“受国家机关领导，不实行经济核算的单位”。在20世纪后期中国大陆改革开放与现代化建设及信息技术领域新概念大量涌入的背景下，“企业”一词的用法有所变化，并不限于商业性或盈利组织', '深圳', '1', '1', '李总', '0000-00-00 00:00:00', '5', '网络，安全，建站', '500', '1', '1', '0000-00-00 00:00:00');
INSERT INTO mu_user_enterprise VALUES ('64', '5', '深圳优意生活网络公司', '3', 'www.mushw.com', '7', '51800', '企业是从事生产、流通、服务等经济活动，以生产或服务满足社会需要，实行自主经营、独立核算、依法设立的一种盈利性的经济组织。企业主要指独立的盈利性组织。在中国计划经济时期，“企业”是与“事业单位”平行使用的常用词语。《辞海》1979年版中，“企业”的解释为：“从事生产、流通或服务活动的独立核算经济单位”；“事业单位”的解释为：“受国家机关领导，不实行经济核算的单位”。在20世纪后期中国大陆改革开放与现代化建设及信息技术领域新概念大量涌入的背景下，“企业”一词的用法有所变化，并不限于商业性或盈利组织', '深圳', '1', '1', '李总', '0000-00-00 00:00:00', '5', '网络，安全，建站', '500', '1', '1', '0000-00-00 00:00:00');
INSERT INTO mu_user_enterprise VALUES ('65', '5', '深圳优意生活网络公司', '2', 'www.mushw.com', '3', '51800', '企业是从事生产、流通、服务等经济活动，以生产或服务满足社会需要，实行自主经营、独立核算、依法设立的一种盈利性的经济组织。企业主要指独立的盈利性组织。在中国计划经济时期，“企业”是与“事业单位”平行使用的常用词语。《辞海》1979年版中，“企业”的解释为：“从事生产、流通或服务活动的独立核算经济单位”；“事业单位”的解释为：“受国家机关领导，不实行经济核算的单位”。在20世纪后期中国大陆改革开放与现代化建设及信息技术领域新概念大量涌入的背景下，“企业”一词的用法有所变化，并不限于商业性或盈利组织', '深圳', '1', '1', '李总', '0000-00-00 00:00:00', '2', '网络，安全，建站', '500', '1', '1', '0000-00-00 00:00:00');
INSERT INTO mu_user_enterprise VALUES ('66', '5', '深圳优意生活网络公司', '4', 'www.mushw.com', '2', '51800', '企业是从事生产、流通、服务等经济活动，以生产或服务满足社会需要，实行自主经营、独立核算、依法设立的一种盈利性的经济组织。企业主要指独立的盈利性组织。在中国计划经济时期，“企业”是与“事业单位”平行使用的常用词语。《辞海》1979年版中，“企业”的解释为：“从事生产、流通或服务活动的独立核算经济单位”；“事业单位”的解释为：“受国家机关领导，不实行经济核算的单位”。在20世纪后期中国大陆改革开放与现代化建设及信息技术领域新概念大量涌入的背景下，“企业”一词的用法有所变化，并不限于商业性或盈利组织', '深圳', '1', '1', '李总', '0000-00-00 00:00:00', '2', '网络，安全，建站', '500', '1', '1', '0000-00-00 00:00:00');
INSERT INTO mu_user_enterprise VALUES ('67', '3', '深圳优意生活网络公司', '5', 'www.mushw.com', '1', '51800', '企业是从事生产、流通、服务等经济活动，以生产或服务满足社会需要，实行自主经营、独立核算、依法设立的一种盈利性的经济组织。企业主要指独立的盈利性组织。在中国计划经济时期，“企业”是与“事业单位”平行使用的常用词语。《辞海》1979年版中，“企业”的解释为：“从事生产、流通或服务活动的独立核算经济单位”；“事业单位”的解释为：“受国家机关领导，不实行经济核算的单位”。在20世纪后期中国大陆改革开放与现代化建设及信息技术领域新概念大量涌入的背景下，“企业”一词的用法有所变化，并不限于商业性或盈利组织', '深圳', '1', '1', '李总', '0000-00-00 00:00:00', '1', '网络，安全，建站', '500', '1', '1', '0000-00-00 00:00:00');
INSERT INTO mu_user_enterprise VALUES ('68', '7', '深圳优意生活网络公司', '3', 'www.mushw.com', '3', '51800', '企业是从事生产、流通、服务等经济活动，以生产或服务满足社会需要，实行自主经营、独立核算、依法设立的一种盈利性的经济组织。企业主要指独立的盈利性组织。在中国计划经济时期，“企业”是与“事业单位”平行使用的常用词语。《辞海》1979年版中，“企业”的解释为：“从事生产、流通或服务活动的独立核算经济单位”；“事业单位”的解释为：“受国家机关领导，不实行经济核算的单位”。在20世纪后期中国大陆改革开放与现代化建设及信息技术领域新概念大量涌入的背景下，“企业”一词的用法有所变化，并不限于商业性或盈利组织', '深圳', '1', '1', '李总', '0000-00-00 00:00:00', '1', '网络，安全，建站', '500', '1', '1', '0000-00-00 00:00:00');
INSERT INTO mu_user_enterprise VALUES ('69', '7', '深圳优意生活网络公司', '1', 'www.mushw.com', '9', '51800', '企业是从事生产、流通、服务等经济活动，以生产或服务满足社会需要，实行自主经营、独立核算、依法设立的一种盈利性的经济组织。企业主要指独立的盈利性组织。在中国计划经济时期，“企业”是与“事业单位”平行使用的常用词语。《辞海》1979年版中，“企业”的解释为：“从事生产、流通或服务活动的独立核算经济单位”；“事业单位”的解释为：“受国家机关领导，不实行经济核算的单位”。在20世纪后期中国大陆改革开放与现代化建设及信息技术领域新概念大量涌入的背景下，“企业”一词的用法有所变化，并不限于商业性或盈利组织', '深圳', '1', '1', '李总', '0000-00-00 00:00:00', '2', '网络，安全，建站', '500', '1', '1', '0000-00-00 00:00:00');
INSERT INTO mu_user_enterprise VALUES ('70', '10', '深圳优意生活网络公司', '5', 'www.mushw.com', '10', '51800', '企业是从事生产、流通、服务等经济活动，以生产或服务满足社会需要，实行自主经营、独立核算、依法设立的一种盈利性的经济组织。企业主要指独立的盈利性组织。在中国计划经济时期，“企业”是与“事业单位”平行使用的常用词语。《辞海》1979年版中，“企业”的解释为：“从事生产、流通或服务活动的独立核算经济单位”；“事业单位”的解释为：“受国家机关领导，不实行经济核算的单位”。在20世纪后期中国大陆改革开放与现代化建设及信息技术领域新概念大量涌入的背景下，“企业”一词的用法有所变化，并不限于商业性或盈利组织', '深圳', '1', '1', '李总', '0000-00-00 00:00:00', '2', '网络，安全，建站', '500', '1', '1', '0000-00-00 00:00:00');
INSERT INTO mu_user_enterprise VALUES ('71', '5', '深圳优意生活网络公司', '4', 'www.mushw.com', '5', '51800', '企业是从事生产、流通、服务等经济活动，以生产或服务满足社会需要，实行自主经营、独立核算、依法设立的一种盈利性的经济组织。企业主要指独立的盈利性组织。在中国计划经济时期，“企业”是与“事业单位”平行使用的常用词语。《辞海》1979年版中，“企业”的解释为：“从事生产、流通或服务活动的独立核算经济单位”；“事业单位”的解释为：“受国家机关领导，不实行经济核算的单位”。在20世纪后期中国大陆改革开放与现代化建设及信息技术领域新概念大量涌入的背景下，“企业”一词的用法有所变化，并不限于商业性或盈利组织', '深圳', '1', '1', '李总', '0000-00-00 00:00:00', '4', '网络，安全，建站', '500', '1', '1', '0000-00-00 00:00:00');
INSERT INTO mu_user_enterprise VALUES ('72', '10', '深圳优意生活网络公司', '4', 'www.mushw.com', '8', '51800', '企业是从事生产、流通、服务等经济活动，以生产或服务满足社会需要，实行自主经营、独立核算、依法设立的一种盈利性的经济组织。企业主要指独立的盈利性组织。在中国计划经济时期，“企业”是与“事业单位”平行使用的常用词语。《辞海》1979年版中，“企业”的解释为：“从事生产、流通或服务活动的独立核算经济单位”；“事业单位”的解释为：“受国家机关领导，不实行经济核算的单位”。在20世纪后期中国大陆改革开放与现代化建设及信息技术领域新概念大量涌入的背景下，“企业”一词的用法有所变化，并不限于商业性或盈利组织', '深圳', '1', '1', '李总', '0000-00-00 00:00:00', '2', '网络，安全，建站', '500', '1', '1', '0000-00-00 00:00:00');
INSERT INTO mu_user_enterprise VALUES ('73', '5', '深圳优意生活网络公司', '3', 'www.mushw.com', '8', '51800', '企业是从事生产、流通、服务等经济活动，以生产或服务满足社会需要，实行自主经营、独立核算、依法设立的一种盈利性的经济组织。企业主要指独立的盈利性组织。在中国计划经济时期，“企业”是与“事业单位”平行使用的常用词语。《辞海》1979年版中，“企业”的解释为：“从事生产、流通或服务活动的独立核算经济单位”；“事业单位”的解释为：“受国家机关领导，不实行经济核算的单位”。在20世纪后期中国大陆改革开放与现代化建设及信息技术领域新概念大量涌入的背景下，“企业”一词的用法有所变化，并不限于商业性或盈利组织', '深圳', '1', '1', '李总', '0000-00-00 00:00:00', '1', '网络，安全，建站', '500', '1', '1', '0000-00-00 00:00:00');
INSERT INTO mu_user_enterprise VALUES ('74', '6', '深圳优意生活网络公司', '3', 'www.mushw.com', '6', '51800', '企业是从事生产、流通、服务等经济活动，以生产或服务满足社会需要，实行自主经营、独立核算、依法设立的一种盈利性的经济组织。企业主要指独立的盈利性组织。在中国计划经济时期，“企业”是与“事业单位”平行使用的常用词语。《辞海》1979年版中，“企业”的解释为：“从事生产、流通或服务活动的独立核算经济单位”；“事业单位”的解释为：“受国家机关领导，不实行经济核算的单位”。在20世纪后期中国大陆改革开放与现代化建设及信息技术领域新概念大量涌入的背景下，“企业”一词的用法有所变化，并不限于商业性或盈利组织', '深圳', '1', '1', '李总', '0000-00-00 00:00:00', '2', '网络，安全，建站', '500', '1', '1', '0000-00-00 00:00:00');
INSERT INTO mu_user_enterprise VALUES ('75', '3', '深圳优意生活网络公司', '1', 'www.mushw.com', '3', '51800', '企业是从事生产、流通、服务等经济活动，以生产或服务满足社会需要，实行自主经营、独立核算、依法设立的一种盈利性的经济组织。企业主要指独立的盈利性组织。在中国计划经济时期，“企业”是与“事业单位”平行使用的常用词语。《辞海》1979年版中，“企业”的解释为：“从事生产、流通或服务活动的独立核算经济单位”；“事业单位”的解释为：“受国家机关领导，不实行经济核算的单位”。在20世纪后期中国大陆改革开放与现代化建设及信息技术领域新概念大量涌入的背景下，“企业”一词的用法有所变化，并不限于商业性或盈利组织', '深圳', '1', '1', '李总', '0000-00-00 00:00:00', '5', '网络，安全，建站', '500', '1', '1', '0000-00-00 00:00:00');
INSERT INTO mu_user_enterprise VALUES ('76', '4', '深圳优意生活网络公司', '1', 'www.mushw.com', '2', '51800', '企业是从事生产、流通、服务等经济活动，以生产或服务满足社会需要，实行自主经营、独立核算、依法设立的一种盈利性的经济组织。企业主要指独立的盈利性组织。在中国计划经济时期，“企业”是与“事业单位”平行使用的常用词语。《辞海》1979年版中，“企业”的解释为：“从事生产、流通或服务活动的独立核算经济单位”；“事业单位”的解释为：“受国家机关领导，不实行经济核算的单位”。在20世纪后期中国大陆改革开放与现代化建设及信息技术领域新概念大量涌入的背景下，“企业”一词的用法有所变化，并不限于商业性或盈利组织', '深圳', '1', '1', '李总', '0000-00-00 00:00:00', '3', '网络，安全，建站', '500', '1', '1', '0000-00-00 00:00:00');
INSERT INTO mu_user_enterprise VALUES ('77', '8', '深圳优意生活网络公司', '3', 'www.mushw.com', '10', '51800', '企业是从事生产、流通、服务等经济活动，以生产或服务满足社会需要，实行自主经营、独立核算、依法设立的一种盈利性的经济组织。企业主要指独立的盈利性组织。在中国计划经济时期，“企业”是与“事业单位”平行使用的常用词语。《辞海》1979年版中，“企业”的解释为：“从事生产、流通或服务活动的独立核算经济单位”；“事业单位”的解释为：“受国家机关领导，不实行经济核算的单位”。在20世纪后期中国大陆改革开放与现代化建设及信息技术领域新概念大量涌入的背景下，“企业”一词的用法有所变化，并不限于商业性或盈利组织', '深圳', '1', '1', '李总', '0000-00-00 00:00:00', '1', '网络，安全，建站', '500', '1', '1', '0000-00-00 00:00:00');
INSERT INTO mu_user_enterprise VALUES ('78', '3', '深圳优意生活网络公司', '2', 'www.mushw.com', '1', '51800', '企业是从事生产、流通、服务等经济活动，以生产或服务满足社会需要，实行自主经营、独立核算、依法设立的一种盈利性的经济组织。企业主要指独立的盈利性组织。在中国计划经济时期，“企业”是与“事业单位”平行使用的常用词语。《辞海》1979年版中，“企业”的解释为：“从事生产、流通或服务活动的独立核算经济单位”；“事业单位”的解释为：“受国家机关领导，不实行经济核算的单位”。在20世纪后期中国大陆改革开放与现代化建设及信息技术领域新概念大量涌入的背景下，“企业”一词的用法有所变化，并不限于商业性或盈利组织', '深圳', '1', '1', '李总', '0000-00-00 00:00:00', '1', '网络，安全，建站', '500', '1', '1', '0000-00-00 00:00:00');
INSERT INTO mu_user_enterprise VALUES ('79', '7', '深圳优意生活网络公司', '3', 'www.mushw.com', '5', '51800', '企业是从事生产、流通、服务等经济活动，以生产或服务满足社会需要，实行自主经营、独立核算、依法设立的一种盈利性的经济组织。企业主要指独立的盈利性组织。在中国计划经济时期，“企业”是与“事业单位”平行使用的常用词语。《辞海》1979年版中，“企业”的解释为：“从事生产、流通或服务活动的独立核算经济单位”；“事业单位”的解释为：“受国家机关领导，不实行经济核算的单位”。在20世纪后期中国大陆改革开放与现代化建设及信息技术领域新概念大量涌入的背景下，“企业”一词的用法有所变化，并不限于商业性或盈利组织', '深圳', '1', '1', '李总', '0000-00-00 00:00:00', '3', '网络，安全，建站', '500', '1', '1', '0000-00-00 00:00:00');
INSERT INTO mu_user_enterprise VALUES ('80', '9', '深圳优意生活网络公司', '4', 'www.mushw.com', '3', '51800', '企业是从事生产、流通、服务等经济活动，以生产或服务满足社会需要，实行自主经营、独立核算、依法设立的一种盈利性的经济组织。企业主要指独立的盈利性组织。在中国计划经济时期，“企业”是与“事业单位”平行使用的常用词语。《辞海》1979年版中，“企业”的解释为：“从事生产、流通或服务活动的独立核算经济单位”；“事业单位”的解释为：“受国家机关领导，不实行经济核算的单位”。在20世纪后期中国大陆改革开放与现代化建设及信息技术领域新概念大量涌入的背景下，“企业”一词的用法有所变化，并不限于商业性或盈利组织', '深圳', '1', '1', '李总', '0000-00-00 00:00:00', '4', '网络，安全，建站', '500', '1', '1', '0000-00-00 00:00:00');
INSERT INTO mu_user_enterprise VALUES ('81', '8', '深圳优意生活网络公司', '3', 'www.mushw.com', '6', '51800', '企业是从事生产、流通、服务等经济活动，以生产或服务满足社会需要，实行自主经营、独立核算、依法设立的一种盈利性的经济组织。企业主要指独立的盈利性组织。在中国计划经济时期，“企业”是与“事业单位”平行使用的常用词语。《辞海》1979年版中，“企业”的解释为：“从事生产、流通或服务活动的独立核算经济单位”；“事业单位”的解释为：“受国家机关领导，不实行经济核算的单位”。在20世纪后期中国大陆改革开放与现代化建设及信息技术领域新概念大量涌入的背景下，“企业”一词的用法有所变化，并不限于商业性或盈利组织', '深圳', '1', '1', '李总', '0000-00-00 00:00:00', '4', '网络，安全，建站', '500', '1', '1', '0000-00-00 00:00:00');
INSERT INTO mu_user_enterprise VALUES ('82', '10', '深圳优意生活网络公司', '2', 'www.mushw.com', '5', '51800', '企业是从事生产、流通、服务等经济活动，以生产或服务满足社会需要，实行自主经营、独立核算、依法设立的一种盈利性的经济组织。企业主要指独立的盈利性组织。在中国计划经济时期，“企业”是与“事业单位”平行使用的常用词语。《辞海》1979年版中，“企业”的解释为：“从事生产、流通或服务活动的独立核算经济单位”；“事业单位”的解释为：“受国家机关领导，不实行经济核算的单位”。在20世纪后期中国大陆改革开放与现代化建设及信息技术领域新概念大量涌入的背景下，“企业”一词的用法有所变化，并不限于商业性或盈利组织', '深圳', '1', '1', '李总', '0000-00-00 00:00:00', '1', '网络，安全，建站', '500', '1', '1', '0000-00-00 00:00:00');
INSERT INTO mu_user_enterprise VALUES ('83', '7', '深圳优意生活网络公司', '3', 'www.mushw.com', '10', '51800', '企业是从事生产、流通、服务等经济活动，以生产或服务满足社会需要，实行自主经营、独立核算、依法设立的一种盈利性的经济组织。企业主要指独立的盈利性组织。在中国计划经济时期，“企业”是与“事业单位”平行使用的常用词语。《辞海》1979年版中，“企业”的解释为：“从事生产、流通或服务活动的独立核算经济单位”；“事业单位”的解释为：“受国家机关领导，不实行经济核算的单位”。在20世纪后期中国大陆改革开放与现代化建设及信息技术领域新概念大量涌入的背景下，“企业”一词的用法有所变化，并不限于商业性或盈利组织', '深圳', '1', '1', '李总', '0000-00-00 00:00:00', '3', '网络，安全，建站', '500', '1', '1', '0000-00-00 00:00:00');
INSERT INTO mu_user_enterprise VALUES ('84', '5', '深圳优意生活网络公司', '4', 'www.mushw.com', '4', '51800', '企业是从事生产、流通、服务等经济活动，以生产或服务满足社会需要，实行自主经营、独立核算、依法设立的一种盈利性的经济组织。企业主要指独立的盈利性组织。在中国计划经济时期，“企业”是与“事业单位”平行使用的常用词语。《辞海》1979年版中，“企业”的解释为：“从事生产、流通或服务活动的独立核算经济单位”；“事业单位”的解释为：“受国家机关领导，不实行经济核算的单位”。在20世纪后期中国大陆改革开放与现代化建设及信息技术领域新概念大量涌入的背景下，“企业”一词的用法有所变化，并不限于商业性或盈利组织', '深圳', '1', '1', '李总', '0000-00-00 00:00:00', '5', '网络，安全，建站', '500', '1', '1', '0000-00-00 00:00:00');
INSERT INTO mu_user_enterprise VALUES ('85', '3', '深圳优意生活网络公司', '1', 'www.mushw.com', '5', '51800', '企业是从事生产、流通、服务等经济活动，以生产或服务满足社会需要，实行自主经营、独立核算、依法设立的一种盈利性的经济组织。企业主要指独立的盈利性组织。在中国计划经济时期，“企业”是与“事业单位”平行使用的常用词语。《辞海》1979年版中，“企业”的解释为：“从事生产、流通或服务活动的独立核算经济单位”；“事业单位”的解释为：“受国家机关领导，不实行经济核算的单位”。在20世纪后期中国大陆改革开放与现代化建设及信息技术领域新概念大量涌入的背景下，“企业”一词的用法有所变化，并不限于商业性或盈利组织', '深圳', '1', '1', '李总', '0000-00-00 00:00:00', '4', '网络，安全，建站', '500', '1', '1', '0000-00-00 00:00:00');
INSERT INTO mu_user_enterprise VALUES ('86', '9', '深圳优意生活网络公司', '3', 'www.mushw.com', '7', '51800', '企业是从事生产、流通、服务等经济活动，以生产或服务满足社会需要，实行自主经营、独立核算、依法设立的一种盈利性的经济组织。企业主要指独立的盈利性组织。在中国计划经济时期，“企业”是与“事业单位”平行使用的常用词语。《辞海》1979年版中，“企业”的解释为：“从事生产、流通或服务活动的独立核算经济单位”；“事业单位”的解释为：“受国家机关领导，不实行经济核算的单位”。在20世纪后期中国大陆改革开放与现代化建设及信息技术领域新概念大量涌入的背景下，“企业”一词的用法有所变化，并不限于商业性或盈利组织', '深圳', '1', '1', '李总', '0000-00-00 00:00:00', '5', '网络，安全，建站', '500', '1', '1', '0000-00-00 00:00:00');
INSERT INTO mu_user_enterprise VALUES ('87', '3', '深圳优意生活网络公司', '1', 'www.mushw.com', '8', '51800', '企业是从事生产、流通、服务等经济活动，以生产或服务满足社会需要，实行自主经营、独立核算、依法设立的一种盈利性的经济组织。企业主要指独立的盈利性组织。在中国计划经济时期，“企业”是与“事业单位”平行使用的常用词语。《辞海》1979年版中，“企业”的解释为：“从事生产、流通或服务活动的独立核算经济单位”；“事业单位”的解释为：“受国家机关领导，不实行经济核算的单位”。在20世纪后期中国大陆改革开放与现代化建设及信息技术领域新概念大量涌入的背景下，“企业”一词的用法有所变化，并不限于商业性或盈利组织', '深圳', '1', '1', '李总', '0000-00-00 00:00:00', '1', '网络，安全，建站', '500', '1', '1', '0000-00-00 00:00:00');
INSERT INTO mu_user_enterprise VALUES ('88', '1', '深圳优意生活网络公司', '4', 'www.mushw.com', '2', '51800', '企业是从事生产、流通、服务等经济活动，以生产或服务满足社会需要，实行自主经营、独立核算、依法设立的一种盈利性的经济组织。企业主要指独立的盈利性组织。在中国计划经济时期，“企业”是与“事业单位”平行使用的常用词语。《辞海》1979年版中，“企业”的解释为：“从事生产、流通或服务活动的独立核算经济单位”；“事业单位”的解释为：“受国家机关领导，不实行经济核算的单位”。在20世纪后期中国大陆改革开放与现代化建设及信息技术领域新概念大量涌入的背景下，“企业”一词的用法有所变化，并不限于商业性或盈利组织', '深圳', '1', '1', '李总', '0000-00-00 00:00:00', '5', '网络，安全，建站', '500', '1', '1', '0000-00-00 00:00:00');
INSERT INTO mu_user_enterprise VALUES ('89', '5', '深圳优意生活网络公司', '2', 'www.mushw.com', '7', '51800', '企业是从事生产、流通、服务等经济活动，以生产或服务满足社会需要，实行自主经营、独立核算、依法设立的一种盈利性的经济组织。企业主要指独立的盈利性组织。在中国计划经济时期，“企业”是与“事业单位”平行使用的常用词语。《辞海》1979年版中，“企业”的解释为：“从事生产、流通或服务活动的独立核算经济单位”；“事业单位”的解释为：“受国家机关领导，不实行经济核算的单位”。在20世纪后期中国大陆改革开放与现代化建设及信息技术领域新概念大量涌入的背景下，“企业”一词的用法有所变化，并不限于商业性或盈利组织', '深圳', '1', '1', '李总', '0000-00-00 00:00:00', '2', '网络，安全，建站', '500', '1', '1', '0000-00-00 00:00:00');
INSERT INTO mu_user_enterprise VALUES ('90', '9', '深圳优意生活网络公司', '5', 'www.mushw.com', '7', '51800', '企业是从事生产、流通、服务等经济活动，以生产或服务满足社会需要，实行自主经营、独立核算、依法设立的一种盈利性的经济组织。企业主要指独立的盈利性组织。在中国计划经济时期，“企业”是与“事业单位”平行使用的常用词语。《辞海》1979年版中，“企业”的解释为：“从事生产、流通或服务活动的独立核算经济单位”；“事业单位”的解释为：“受国家机关领导，不实行经济核算的单位”。在20世纪后期中国大陆改革开放与现代化建设及信息技术领域新概念大量涌入的背景下，“企业”一词的用法有所变化，并不限于商业性或盈利组织', '深圳', '1', '1', '李总', '0000-00-00 00:00:00', '4', '网络，安全，建站', '500', '1', '1', '0000-00-00 00:00:00');
INSERT INTO mu_user_enterprise VALUES ('91', '5', '深圳优意生活网络公司', '3', 'www.mushw.com', '10', '51800', '企业是从事生产、流通、服务等经济活动，以生产或服务满足社会需要，实行自主经营、独立核算、依法设立的一种盈利性的经济组织。企业主要指独立的盈利性组织。在中国计划经济时期，“企业”是与“事业单位”平行使用的常用词语。《辞海》1979年版中，“企业”的解释为：“从事生产、流通或服务活动的独立核算经济单位”；“事业单位”的解释为：“受国家机关领导，不实行经济核算的单位”。在20世纪后期中国大陆改革开放与现代化建设及信息技术领域新概念大量涌入的背景下，“企业”一词的用法有所变化，并不限于商业性或盈利组织', '深圳', '1', '1', '李总', '0000-00-00 00:00:00', '1', '网络，安全，建站', '500', '1', '1', '0000-00-00 00:00:00');
INSERT INTO mu_user_enterprise VALUES ('92', '9', '深圳优意生活网络公司', '5', 'www.mushw.com', '9', '51800', '企业是从事生产、流通、服务等经济活动，以生产或服务满足社会需要，实行自主经营、独立核算、依法设立的一种盈利性的经济组织。企业主要指独立的盈利性组织。在中国计划经济时期，“企业”是与“事业单位”平行使用的常用词语。《辞海》1979年版中，“企业”的解释为：“从事生产、流通或服务活动的独立核算经济单位”；“事业单位”的解释为：“受国家机关领导，不实行经济核算的单位”。在20世纪后期中国大陆改革开放与现代化建设及信息技术领域新概念大量涌入的背景下，“企业”一词的用法有所变化，并不限于商业性或盈利组织', '深圳', '1', '1', '李总', '0000-00-00 00:00:00', '5', '网络，安全，建站', '500', '1', '1', '0000-00-00 00:00:00');
INSERT INTO mu_user_enterprise VALUES ('93', '2', '深圳优意生活网络公司', '3', 'www.mushw.com', '3', '51800', '企业是从事生产、流通、服务等经济活动，以生产或服务满足社会需要，实行自主经营、独立核算、依法设立的一种盈利性的经济组织。企业主要指独立的盈利性组织。在中国计划经济时期，“企业”是与“事业单位”平行使用的常用词语。《辞海》1979年版中，“企业”的解释为：“从事生产、流通或服务活动的独立核算经济单位”；“事业单位”的解释为：“受国家机关领导，不实行经济核算的单位”。在20世纪后期中国大陆改革开放与现代化建设及信息技术领域新概念大量涌入的背景下，“企业”一词的用法有所变化，并不限于商业性或盈利组织', '深圳', '1', '1', '李总', '0000-00-00 00:00:00', '2', '网络，安全，建站', '500', '1', '1', '0000-00-00 00:00:00');
INSERT INTO mu_user_enterprise VALUES ('94', '10', '深圳优意生活网络公司', '3', 'www.mushw.com', '6', '51800', '企业是从事生产、流通、服务等经济活动，以生产或服务满足社会需要，实行自主经营、独立核算、依法设立的一种盈利性的经济组织。企业主要指独立的盈利性组织。在中国计划经济时期，“企业”是与“事业单位”平行使用的常用词语。《辞海》1979年版中，“企业”的解释为：“从事生产、流通或服务活动的独立核算经济单位”；“事业单位”的解释为：“受国家机关领导，不实行经济核算的单位”。在20世纪后期中国大陆改革开放与现代化建设及信息技术领域新概念大量涌入的背景下，“企业”一词的用法有所变化，并不限于商业性或盈利组织', '深圳', '1', '1', '李总', '0000-00-00 00:00:00', '3', '网络，安全，建站', '500', '1', '1', '0000-00-00 00:00:00');
INSERT INTO mu_user_enterprise VALUES ('95', '3', '深圳优意生活网络公司', '4', 'www.mushw.com', '5', '51800', '企业是从事生产、流通、服务等经济活动，以生产或服务满足社会需要，实行自主经营、独立核算、依法设立的一种盈利性的经济组织。企业主要指独立的盈利性组织。在中国计划经济时期，“企业”是与“事业单位”平行使用的常用词语。《辞海》1979年版中，“企业”的解释为：“从事生产、流通或服务活动的独立核算经济单位”；“事业单位”的解释为：“受国家机关领导，不实行经济核算的单位”。在20世纪后期中国大陆改革开放与现代化建设及信息技术领域新概念大量涌入的背景下，“企业”一词的用法有所变化，并不限于商业性或盈利组织', '深圳', '1', '1', '李总', '0000-00-00 00:00:00', '3', '网络，安全，建站', '500', '1', '1', '0000-00-00 00:00:00');
INSERT INTO mu_user_enterprise VALUES ('96', '8', '深圳优意生活网络公司', '3', 'www.mushw.com', '5', '51800', '企业是从事生产、流通、服务等经济活动，以生产或服务满足社会需要，实行自主经营、独立核算、依法设立的一种盈利性的经济组织。企业主要指独立的盈利性组织。在中国计划经济时期，“企业”是与“事业单位”平行使用的常用词语。《辞海》1979年版中，“企业”的解释为：“从事生产、流通或服务活动的独立核算经济单位”；“事业单位”的解释为：“受国家机关领导，不实行经济核算的单位”。在20世纪后期中国大陆改革开放与现代化建设及信息技术领域新概念大量涌入的背景下，“企业”一词的用法有所变化，并不限于商业性或盈利组织', '深圳', '1', '1', '李总', '0000-00-00 00:00:00', '5', '网络，安全，建站', '500', '1', '1', '0000-00-00 00:00:00');
INSERT INTO mu_user_enterprise VALUES ('97', '5', '深圳优意生活网络公司', '1', 'www.mushw.com', '3', '51800', '企业是从事生产、流通、服务等经济活动，以生产或服务满足社会需要，实行自主经营、独立核算、依法设立的一种盈利性的经济组织。企业主要指独立的盈利性组织。在中国计划经济时期，“企业”是与“事业单位”平行使用的常用词语。《辞海》1979年版中，“企业”的解释为：“从事生产、流通或服务活动的独立核算经济单位”；“事业单位”的解释为：“受国家机关领导，不实行经济核算的单位”。在20世纪后期中国大陆改革开放与现代化建设及信息技术领域新概念大量涌入的背景下，“企业”一词的用法有所变化，并不限于商业性或盈利组织', '深圳', '1', '1', '李总', '0000-00-00 00:00:00', '4', '网络，安全，建站', '500', '1', '1', '0000-00-00 00:00:00');
INSERT INTO mu_user_enterprise VALUES ('98', '1', '深圳优意生活网络公司', '3', 'www.mushw.com', '3', '51800', '企业是从事生产、流通、服务等经济活动，以生产或服务满足社会需要，实行自主经营、独立核算、依法设立的一种盈利性的经济组织。企业主要指独立的盈利性组织。在中国计划经济时期，“企业”是与“事业单位”平行使用的常用词语。《辞海》1979年版中，“企业”的解释为：“从事生产、流通或服务活动的独立核算经济单位”；“事业单位”的解释为：“受国家机关领导，不实行经济核算的单位”。在20世纪后期中国大陆改革开放与现代化建设及信息技术领域新概念大量涌入的背景下，“企业”一词的用法有所变化，并不限于商业性或盈利组织', '深圳', '1', '1', '李总', '0000-00-00 00:00:00', '2', '网络，安全，建站', '500', '1', '1', '0000-00-00 00:00:00');
INSERT INTO mu_user_enterprise VALUES ('99', '7', '深圳优意生活网络公司', '3', 'www.mushw.com', '4', '51800', '企业是从事生产、流通、服务等经济活动，以生产或服务满足社会需要，实行自主经营、独立核算、依法设立的一种盈利性的经济组织。企业主要指独立的盈利性组织。在中国计划经济时期，“企业”是与“事业单位”平行使用的常用词语。《辞海》1979年版中，“企业”的解释为：“从事生产、流通或服务活动的独立核算经济单位”；“事业单位”的解释为：“受国家机关领导，不实行经济核算的单位”。在20世纪后期中国大陆改革开放与现代化建设及信息技术领域新概念大量涌入的背景下，“企业”一词的用法有所变化，并不限于商业性或盈利组织', '深圳', '1', '1', '李总', '0000-00-00 00:00:00', '3', '网络，安全，建站', '500', '1', '1', '0000-00-00 00:00:00');
INSERT INTO mu_user_enterprise VALUES ('100', '7', '深圳优意生活网络公司', '2', 'www.mushw.com', '9', '51800', '企业是从事生产、流通、服务等经济活动，以生产或服务满足社会需要，实行自主经营、独立核算、依法设立的一种盈利性的经济组织。企业主要指独立的盈利性组织。在中国计划经济时期，“企业”是与“事业单位”平行使用的常用词语。《辞海》1979年版中，“企业”的解释为：“从事生产、流通或服务活动的独立核算经济单位”；“事业单位”的解释为：“受国家机关领导，不实行经济核算的单位”。在20世纪后期中国大陆改革开放与现代化建设及信息技术领域新概念大量涌入的背景下，“企业”一词的用法有所变化，并不限于商业性或盈利组织', '深圳', '1', '1', '李总', '0000-00-00 00:00:00', '5', '网络，安全，建站', '500', '1', '1', '0000-00-00 00:00:00');
