/*
Navicat MySQL Data Transfer

Source Server         : 127.0.0.1
Source Server Version : 50516
Source Host           : localhost:3306
Source Database       : mu

Target Server Type    : MYSQL
Target Server Version : 50516
File Encoding         : 65001

Date: 2013-01-31 10:53:03
*/

SET FOREIGN_KEY_CHECKS=0;
-- ----------------------------
-- Table structure for `mu_advertisement`
-- ----------------------------
DROP TABLE IF EXISTS `mu_advertisement`;
CREATE TABLE `mu_advertisement` (
  `ad_id` int(11) NOT NULL AUTO_INCREMENT,
  `ad_user_id` int(11) NOT NULL,
  `ad_title` varchar(128) DEFAULT NULL,
  `ad_type` tinyint(4) NOT NULL COMMENT '视频,图片,flash',
  `ad_no` tinyint(4) NOT NULL COMMENT '''广告编号是用于指明位置''',
  `ad_link` varchar(256) DEFAULT NULL,
  `ad_status` tinyint(4) DEFAULT NULL,
  `ad_click_num` int(11) DEFAULT NULL COMMENT '点击量',
  `ad_start_date` datetime DEFAULT NULL COMMENT '''广告的有效开始时间''',
  `ad_end_date` datetime DEFAULT NULL COMMENT '''广告的有效结束时间''',
  `ad_price` decimal(12,0) DEFAULT NULL COMMENT '广告费用',
  `ad_media_src` varchar(128) DEFAULT NULL COMMENT '广告媒体文件',
  `ad_create_time` datetime DEFAULT NULL,
  PRIMARY KEY (`ad_id`)
) ENGINE=MyISAM DEFAULT CHARSET=utf8;

-- ----------------------------
-- Records of mu_advertisement
-- ----------------------------

-- ----------------------------
-- Table structure for `mu_article`
-- ----------------------------
DROP TABLE IF EXISTS `mu_article`;
CREATE TABLE `mu_article` (
  `art_id` int(11) NOT NULL AUTO_INCREMENT,
  `art_title` varchar(128) NOT NULL,
  `art_source` char(128) DEFAULT NULL COMMENT '''文章出处''',
  `art_category_id` int(11) NOT NULL COMMENT '文章分类 行情 新闻 ',
  `art_content` text COMMENT '''文章内容''',
  `art_status` int(11) DEFAULT NULL COMMENT '起草 审核中 发布',
  `art_tags` varchar(45) DEFAULT NULL COMMENT '''文章tags''',
  `art_user_id` tinyint(4) NOT NULL COMMENT '文章发表人',
  `art_check_by` varchar(45) DEFAULT NULL COMMENT '''审核人''',
  `art_post_date` datetime DEFAULT NULL COMMENT '''发布时间''',
  `art_modified_date` datetime DEFAULT NULL COMMENT '''修改时间''',
  `art_recommend` tinyint(4) DEFAULT NULL COMMENT '文章推荐',
  PRIMARY KEY (`art_id`)
) ENGINE=MyISAM AUTO_INCREMENT=251 DEFAULT CHARSET=utf8;

-- ----------------------------
-- Records of mu_article
-- ----------------------------
INSERT INTO mu_article VALUES ('1', '2012年1-12月国际钼铁价格走势图', 'lizhili', '16', '　钼精矿市场：今日40-45%钼精矿主流报价1540-1570元/吨度附近，47%及以上品位1560-1580元/吨度，价格暂时持稳，行情仍有继续向上运行迹象。行情短期利好，之前部分商家场外观望，近期开始逐步参与市场。栾川某商家表示，前期矿商停产较多，贸易商多以低库存场外等待行情好转。虽然近期钼精矿价格开始有所好转，但是上调的步伐依然较慢。与成本相比，盈利空间较小。期待后期继续上行。\n                    \n                    　　钼铁市场：钼铁价格暂时保持平稳，市场主流报价10.7-11万元/吨（现款-承兑）。当前，在行情利好带动下，有商家报价呈现虚高状况，整体现款报价期间10.6-10.8万元/吨为主，承兑10.9-11.1万元/吨左右。市场需求尚无完全释放，高价成交偏少。月底部分钢厂招标会逐步启动，钼铁厂家有继续挺价迹象。从近期的钢厂招标来看，钢厂60钼铁的承兑招标价格10.4-10.6万元/吨较为常见，后期有提升空间。\n                    \n                    　　12月21日LME钼期货报价整体保持平稳，3月期钼报价25250/25750美元/吨；15月期钼报价25720/26720美元/吨，LME期钼持仓132手。今日简讯：明年贷款需求将相对旺盛，城镇化为信贷投放重点；中金：新型城镇化难以支持新一轮地产投资；意大利总理蒙蒂递交辞呈，大选或于明年2月举行。\n                    \n                    　　周初外盘钼市部分产品价格仍有上调迹象，欧洲钼铁、氧化钼等都有一定涨幅；美国市场稍显平稳，价格暂稳波动。其次，欧亚将钼氧化物进口关税从5%降至零，这有利增加外部市场对该产品的需求，降低钼铁合金的生产成本，提高外部市场行业竞争力。国内行情运行平稳，主要钼产品价格继续保持在相对高位。同时，市场部分商家报价仍有抬高迹象，加之年底逼近，后期钢厂招标或有新的改观。', '1', '钼,行情,美元', '1', 'lizhili', '2013-01-31 00:00:00', '2013-01-31 00:00:00', '0');
INSERT INTO mu_article VALUES ('2', '2012年1-12月份我国钼铁出口对比图', 'lizhili', '16', '　钼精矿市场：今日40-45%钼精矿主流报价1540-1570元/吨度附近，47%及以上品位1560-1580元/吨度，价格暂时持稳，行情仍有继续向上运行迹象。行情短期利好，之前部分商家场外观望，近期开始逐步参与市场。栾川某商家表示，前期矿商停产较多，贸易商多以低库存场外等待行情好转。虽然近期钼精矿价格开始有所好转，但是上调的步伐依然较慢。与成本相比，盈利空间较小。期待后期继续上行。\n                    \n                    　　钼铁市场：钼铁价格暂时保持平稳，市场主流报价10.7-11万元/吨（现款-承兑）。当前，在行情利好带动下，有商家报价呈现虚高状况，整体现款报价期间10.6-10.8万元/吨为主，承兑10.9-11.1万元/吨左右。市场需求尚无完全释放，高价成交偏少。月底部分钢厂招标会逐步启动，钼铁厂家有继续挺价迹象。从近期的钢厂招标来看，钢厂60钼铁的承兑招标价格10.4-10.6万元/吨较为常见，后期有提升空间。\n                    \n                    　　12月21日LME钼期货报价整体保持平稳，3月期钼报价25250/25750美元/吨；15月期钼报价25720/26720美元/吨，LME期钼持仓132手。今日简讯：明年贷款需求将相对旺盛，城镇化为信贷投放重点；中金：新型城镇化难以支持新一轮地产投资；意大利总理蒙蒂递交辞呈，大选或于明年2月举行。\n                    \n                    　　周初外盘钼市部分产品价格仍有上调迹象，欧洲钼铁、氧化钼等都有一定涨幅；美国市场稍显平稳，价格暂稳波动。其次，欧亚将钼氧化物进口关税从5%降至零，这有利增加外部市场对该产品的需求，降低钼铁合金的生产成本，提高外部市场行业竞争力。国内行情运行平稳，主要钼产品价格继续保持在相对高位。同时，市场部分商家报价仍有抬高迹象，加之年底逼近，后期钢厂招标或有新的改观。', '1', '钼,行情,美元', '1', 'lizhili', '2013-01-31 00:00:00', '2013-01-31 00:00:00', '0');
INSERT INTO mu_article VALUES ('3', '2012年1-12月国际氧化钼价格走势图', 'lizhili', '16', '　钼精矿市场：今日40-45%钼精矿主流报价1540-1570元/吨度附近，47%及以上品位1560-1580元/吨度，价格暂时持稳，行情仍有继续向上运行迹象。行情短期利好，之前部分商家场外观望，近期开始逐步参与市场。栾川某商家表示，前期矿商停产较多，贸易商多以低库存场外等待行情好转。虽然近期钼精矿价格开始有所好转，但是上调的步伐依然较慢。与成本相比，盈利空间较小。期待后期继续上行。\n                    \n                    　　钼铁市场：钼铁价格暂时保持平稳，市场主流报价10.7-11万元/吨（现款-承兑）。当前，在行情利好带动下，有商家报价呈现虚高状况，整体现款报价期间10.6-10.8万元/吨为主，承兑10.9-11.1万元/吨左右。市场需求尚无完全释放，高价成交偏少。月底部分钢厂招标会逐步启动，钼铁厂家有继续挺价迹象。从近期的钢厂招标来看，钢厂60钼铁的承兑招标价格10.4-10.6万元/吨较为常见，后期有提升空间。\n                    \n                    　　12月21日LME钼期货报价整体保持平稳，3月期钼报价25250/25750美元/吨；15月期钼报价25720/26720美元/吨，LME期钼持仓132手。今日简讯：明年贷款需求将相对旺盛，城镇化为信贷投放重点；中金：新型城镇化难以支持新一轮地产投资；意大利总理蒙蒂递交辞呈，大选或于明年2月举行。\n                    \n                    　　周初外盘钼市部分产品价格仍有上调迹象，欧洲钼铁、氧化钼等都有一定涨幅；美国市场稍显平稳，价格暂稳波动。其次，欧亚将钼氧化物进口关税从5%降至零，这有利增加外部市场对该产品的需求，降低钼铁合金的生产成本，提高外部市场行业竞争力。国内行情运行平稳，主要钼产品价格继续保持在相对高位。同时，市场部分商家报价仍有抬高迹象，加之年底逼近，后期钢厂招标或有新的改观。', '1', '钼,行情,美元', '1', 'lizhili', '2013-01-31 00:00:00', '2013-01-31 00:00:00', '1');
INSERT INTO mu_article VALUES ('4', '2011年4月份钼系产品月报告', 'lizhili', '16', '　钼精矿市场：今日40-45%钼精矿主流报价1540-1570元/吨度附近，47%及以上品位1560-1580元/吨度，价格暂时持稳，行情仍有继续向上运行迹象。行情短期利好，之前部分商家场外观望，近期开始逐步参与市场。栾川某商家表示，前期矿商停产较多，贸易商多以低库存场外等待行情好转。虽然近期钼精矿价格开始有所好转，但是上调的步伐依然较慢。与成本相比，盈利空间较小。期待后期继续上行。\n                    \n                    　　钼铁市场：钼铁价格暂时保持平稳，市场主流报价10.7-11万元/吨（现款-承兑）。当前，在行情利好带动下，有商家报价呈现虚高状况，整体现款报价期间10.6-10.8万元/吨为主，承兑10.9-11.1万元/吨左右。市场需求尚无完全释放，高价成交偏少。月底部分钢厂招标会逐步启动，钼铁厂家有继续挺价迹象。从近期的钢厂招标来看，钢厂60钼铁的承兑招标价格10.4-10.6万元/吨较为常见，后期有提升空间。\n                    \n                    　　12月21日LME钼期货报价整体保持平稳，3月期钼报价25250/25750美元/吨；15月期钼报价25720/26720美元/吨，LME期钼持仓132手。今日简讯：明年贷款需求将相对旺盛，城镇化为信贷投放重点；中金：新型城镇化难以支持新一轮地产投资；意大利总理蒙蒂递交辞呈，大选或于明年2月举行。\n                    \n                    　　周初外盘钼市部分产品价格仍有上调迹象，欧洲钼铁、氧化钼等都有一定涨幅；美国市场稍显平稳，价格暂稳波动。其次，欧亚将钼氧化物进口关税从5%降至零，这有利增加外部市场对该产品的需求，降低钼铁合金的生产成本，提高外部市场行业竞争力。国内行情运行平稳，主要钼产品价格继续保持在相对高位。同时，市场部分商家报价仍有抬高迹象，加之年底逼近，后期钢厂招标或有新的改观。', '1', '钼,行情,美元', '1', 'lizhili', '2013-01-31 00:00:00', '2013-01-31 00:00:00', '1');
INSERT INTO mu_article VALUES ('5', '2012年1-12月份我国钼铁进口对比图', 'lizhili', '16', '　钼精矿市场：今日40-45%钼精矿主流报价1540-1570元/吨度附近，47%及以上品位1560-1580元/吨度，价格暂时持稳，行情仍有继续向上运行迹象。行情短期利好，之前部分商家场外观望，近期开始逐步参与市场。栾川某商家表示，前期矿商停产较多，贸易商多以低库存场外等待行情好转。虽然近期钼精矿价格开始有所好转，但是上调的步伐依然较慢。与成本相比，盈利空间较小。期待后期继续上行。\n                    \n                    　　钼铁市场：钼铁价格暂时保持平稳，市场主流报价10.7-11万元/吨（现款-承兑）。当前，在行情利好带动下，有商家报价呈现虚高状况，整体现款报价期间10.6-10.8万元/吨为主，承兑10.9-11.1万元/吨左右。市场需求尚无完全释放，高价成交偏少。月底部分钢厂招标会逐步启动，钼铁厂家有继续挺价迹象。从近期的钢厂招标来看，钢厂60钼铁的承兑招标价格10.4-10.6万元/吨较为常见，后期有提升空间。\n                    \n                    　　12月21日LME钼期货报价整体保持平稳，3月期钼报价25250/25750美元/吨；15月期钼报价25720/26720美元/吨，LME期钼持仓132手。今日简讯：明年贷款需求将相对旺盛，城镇化为信贷投放重点；中金：新型城镇化难以支持新一轮地产投资；意大利总理蒙蒂递交辞呈，大选或于明年2月举行。\n                    \n                    　　周初外盘钼市部分产品价格仍有上调迹象，欧洲钼铁、氧化钼等都有一定涨幅；美国市场稍显平稳，价格暂稳波动。其次，欧亚将钼氧化物进口关税从5%降至零，这有利增加外部市场对该产品的需求，降低钼铁合金的生产成本，提高外部市场行业竞争力。国内行情运行平稳，主要钼产品价格继续保持在相对高位。同时，市场部分商家报价仍有抬高迹象，加之年底逼近，后期钢厂招标或有新的改观。', '1', '钼,行情,美元', '1', 'lizhili', '2013-01-31 00:00:00', '2013-01-31 00:00:00', '0');
INSERT INTO mu_article VALUES ('6', '2011年4月份钼系产品月报告', 'lizhili', '16', '　钼精矿市场：今日40-45%钼精矿主流报价1540-1570元/吨度附近，47%及以上品位1560-1580元/吨度，价格暂时持稳，行情仍有继续向上运行迹象。行情短期利好，之前部分商家场外观望，近期开始逐步参与市场。栾川某商家表示，前期矿商停产较多，贸易商多以低库存场外等待行情好转。虽然近期钼精矿价格开始有所好转，但是上调的步伐依然较慢。与成本相比，盈利空间较小。期待后期继续上行。\n                    \n                    　　钼铁市场：钼铁价格暂时保持平稳，市场主流报价10.7-11万元/吨（现款-承兑）。当前，在行情利好带动下，有商家报价呈现虚高状况，整体现款报价期间10.6-10.8万元/吨为主，承兑10.9-11.1万元/吨左右。市场需求尚无完全释放，高价成交偏少。月底部分钢厂招标会逐步启动，钼铁厂家有继续挺价迹象。从近期的钢厂招标来看，钢厂60钼铁的承兑招标价格10.4-10.6万元/吨较为常见，后期有提升空间。\n                    \n                    　　12月21日LME钼期货报价整体保持平稳，3月期钼报价25250/25750美元/吨；15月期钼报价25720/26720美元/吨，LME期钼持仓132手。今日简讯：明年贷款需求将相对旺盛，城镇化为信贷投放重点；中金：新型城镇化难以支持新一轮地产投资；意大利总理蒙蒂递交辞呈，大选或于明年2月举行。\n                    \n                    　　周初外盘钼市部分产品价格仍有上调迹象，欧洲钼铁、氧化钼等都有一定涨幅；美国市场稍显平稳，价格暂稳波动。其次，欧亚将钼氧化物进口关税从5%降至零，这有利增加外部市场对该产品的需求，降低钼铁合金的生产成本，提高外部市场行业竞争力。国内行情运行平稳，主要钼产品价格继续保持在相对高位。同时，市场部分商家报价仍有抬高迹象，加之年底逼近，后期钢厂招标或有新的改观。', '1', '钼,行情,美元', '1', 'lizhili', '2013-01-31 00:00:00', '2013-01-31 00:00:00', '0');
INSERT INTO mu_article VALUES ('7', '2012年1-12月份我国钼铁进口对比图', 'lizhili', '16', '　钼精矿市场：今日40-45%钼精矿主流报价1540-1570元/吨度附近，47%及以上品位1560-1580元/吨度，价格暂时持稳，行情仍有继续向上运行迹象。行情短期利好，之前部分商家场外观望，近期开始逐步参与市场。栾川某商家表示，前期矿商停产较多，贸易商多以低库存场外等待行情好转。虽然近期钼精矿价格开始有所好转，但是上调的步伐依然较慢。与成本相比，盈利空间较小。期待后期继续上行。\n                    \n                    　　钼铁市场：钼铁价格暂时保持平稳，市场主流报价10.7-11万元/吨（现款-承兑）。当前，在行情利好带动下，有商家报价呈现虚高状况，整体现款报价期间10.6-10.8万元/吨为主，承兑10.9-11.1万元/吨左右。市场需求尚无完全释放，高价成交偏少。月底部分钢厂招标会逐步启动，钼铁厂家有继续挺价迹象。从近期的钢厂招标来看，钢厂60钼铁的承兑招标价格10.4-10.6万元/吨较为常见，后期有提升空间。\n                    \n                    　　12月21日LME钼期货报价整体保持平稳，3月期钼报价25250/25750美元/吨；15月期钼报价25720/26720美元/吨，LME期钼持仓132手。今日简讯：明年贷款需求将相对旺盛，城镇化为信贷投放重点；中金：新型城镇化难以支持新一轮地产投资；意大利总理蒙蒂递交辞呈，大选或于明年2月举行。\n                    \n                    　　周初外盘钼市部分产品价格仍有上调迹象，欧洲钼铁、氧化钼等都有一定涨幅；美国市场稍显平稳，价格暂稳波动。其次，欧亚将钼氧化物进口关税从5%降至零，这有利增加外部市场对该产品的需求，降低钼铁合金的生产成本，提高外部市场行业竞争力。国内行情运行平稳，主要钼产品价格继续保持在相对高位。同时，市场部分商家报价仍有抬高迹象，加之年底逼近，后期钢厂招标或有新的改观。', '1', '钼,行情,美元', '1', 'lizhili', '2013-01-31 00:00:00', '2013-01-31 00:00:00', '0');
INSERT INTO mu_article VALUES ('8', '2012年12月国际氧化钼价格走势图', 'lizhili', '16', '　钼精矿市场：今日40-45%钼精矿主流报价1540-1570元/吨度附近，47%及以上品位1560-1580元/吨度，价格暂时持稳，行情仍有继续向上运行迹象。行情短期利好，之前部分商家场外观望，近期开始逐步参与市场。栾川某商家表示，前期矿商停产较多，贸易商多以低库存场外等待行情好转。虽然近期钼精矿价格开始有所好转，但是上调的步伐依然较慢。与成本相比，盈利空间较小。期待后期继续上行。\n                    \n                    　　钼铁市场：钼铁价格暂时保持平稳，市场主流报价10.7-11万元/吨（现款-承兑）。当前，在行情利好带动下，有商家报价呈现虚高状况，整体现款报价期间10.6-10.8万元/吨为主，承兑10.9-11.1万元/吨左右。市场需求尚无完全释放，高价成交偏少。月底部分钢厂招标会逐步启动，钼铁厂家有继续挺价迹象。从近期的钢厂招标来看，钢厂60钼铁的承兑招标价格10.4-10.6万元/吨较为常见，后期有提升空间。\n                    \n                    　　12月21日LME钼期货报价整体保持平稳，3月期钼报价25250/25750美元/吨；15月期钼报价25720/26720美元/吨，LME期钼持仓132手。今日简讯：明年贷款需求将相对旺盛，城镇化为信贷投放重点；中金：新型城镇化难以支持新一轮地产投资；意大利总理蒙蒂递交辞呈，大选或于明年2月举行。\n                    \n                    　　周初外盘钼市部分产品价格仍有上调迹象，欧洲钼铁、氧化钼等都有一定涨幅；美国市场稍显平稳，价格暂稳波动。其次，欧亚将钼氧化物进口关税从5%降至零，这有利增加外部市场对该产品的需求，降低钼铁合金的生产成本，提高外部市场行业竞争力。国内行情运行平稳，主要钼产品价格继续保持在相对高位。同时，市场部分商家报价仍有抬高迹象，加之年底逼近，后期钢厂招标或有新的改观。', '1', '钼,行情,美元', '1', 'lizhili', '2013-01-31 00:00:00', '2013-01-31 00:00:00', '0');
INSERT INTO mu_article VALUES ('9', '2012年12月国内钼铁价格走势图', 'lizhili', '16', '　钼精矿市场：今日40-45%钼精矿主流报价1540-1570元/吨度附近，47%及以上品位1560-1580元/吨度，价格暂时持稳，行情仍有继续向上运行迹象。行情短期利好，之前部分商家场外观望，近期开始逐步参与市场。栾川某商家表示，前期矿商停产较多，贸易商多以低库存场外等待行情好转。虽然近期钼精矿价格开始有所好转，但是上调的步伐依然较慢。与成本相比，盈利空间较小。期待后期继续上行。\n                    \n                    　　钼铁市场：钼铁价格暂时保持平稳，市场主流报价10.7-11万元/吨（现款-承兑）。当前，在行情利好带动下，有商家报价呈现虚高状况，整体现款报价期间10.6-10.8万元/吨为主，承兑10.9-11.1万元/吨左右。市场需求尚无完全释放，高价成交偏少。月底部分钢厂招标会逐步启动，钼铁厂家有继续挺价迹象。从近期的钢厂招标来看，钢厂60钼铁的承兑招标价格10.4-10.6万元/吨较为常见，后期有提升空间。\n                    \n                    　　12月21日LME钼期货报价整体保持平稳，3月期钼报价25250/25750美元/吨；15月期钼报价25720/26720美元/吨，LME期钼持仓132手。今日简讯：明年贷款需求将相对旺盛，城镇化为信贷投放重点；中金：新型城镇化难以支持新一轮地产投资；意大利总理蒙蒂递交辞呈，大选或于明年2月举行。\n                    \n                    　　周初外盘钼市部分产品价格仍有上调迹象，欧洲钼铁、氧化钼等都有一定涨幅；美国市场稍显平稳，价格暂稳波动。其次，欧亚将钼氧化物进口关税从5%降至零，这有利增加外部市场对该产品的需求，降低钼铁合金的生产成本，提高外部市场行业竞争力。国内行情运行平稳，主要钼产品价格继续保持在相对高位。同时，市场部分商家报价仍有抬高迹象，加之年底逼近，后期钢厂招标或有新的改观。', '1', '钼,行情,美元', '1', 'lizhili', '2013-01-31 00:00:00', '2013-01-31 00:00:00', '1');
INSERT INTO mu_article VALUES ('10', '2012年1-12月份我国钼铁出口对比图', 'lizhili', '16', '　钼精矿市场：今日40-45%钼精矿主流报价1540-1570元/吨度附近，47%及以上品位1560-1580元/吨度，价格暂时持稳，行情仍有继续向上运行迹象。行情短期利好，之前部分商家场外观望，近期开始逐步参与市场。栾川某商家表示，前期矿商停产较多，贸易商多以低库存场外等待行情好转。虽然近期钼精矿价格开始有所好转，但是上调的步伐依然较慢。与成本相比，盈利空间较小。期待后期继续上行。\n                    \n                    　　钼铁市场：钼铁价格暂时保持平稳，市场主流报价10.7-11万元/吨（现款-承兑）。当前，在行情利好带动下，有商家报价呈现虚高状况，整体现款报价期间10.6-10.8万元/吨为主，承兑10.9-11.1万元/吨左右。市场需求尚无完全释放，高价成交偏少。月底部分钢厂招标会逐步启动，钼铁厂家有继续挺价迹象。从近期的钢厂招标来看，钢厂60钼铁的承兑招标价格10.4-10.6万元/吨较为常见，后期有提升空间。\n                    \n                    　　12月21日LME钼期货报价整体保持平稳，3月期钼报价25250/25750美元/吨；15月期钼报价25720/26720美元/吨，LME期钼持仓132手。今日简讯：明年贷款需求将相对旺盛，城镇化为信贷投放重点；中金：新型城镇化难以支持新一轮地产投资；意大利总理蒙蒂递交辞呈，大选或于明年2月举行。\n                    \n                    　　周初外盘钼市部分产品价格仍有上调迹象，欧洲钼铁、氧化钼等都有一定涨幅；美国市场稍显平稳，价格暂稳波动。其次，欧亚将钼氧化物进口关税从5%降至零，这有利增加外部市场对该产品的需求，降低钼铁合金的生产成本，提高外部市场行业竞争力。国内行情运行平稳，主要钼产品价格继续保持在相对高位。同时，市场部分商家报价仍有抬高迹象，加之年底逼近，后期钢厂招标或有新的改观。', '1', '钼,行情,美元', '1', 'lizhili', '2013-01-31 00:00:00', '2013-01-31 00:00:00', '0');
INSERT INTO mu_article VALUES ('11', '2012年1-12月国际钼铁价格走势图', 'lizhili', '16', '　钼精矿市场：今日40-45%钼精矿主流报价1540-1570元/吨度附近，47%及以上品位1560-1580元/吨度，价格暂时持稳，行情仍有继续向上运行迹象。行情短期利好，之前部分商家场外观望，近期开始逐步参与市场。栾川某商家表示，前期矿商停产较多，贸易商多以低库存场外等待行情好转。虽然近期钼精矿价格开始有所好转，但是上调的步伐依然较慢。与成本相比，盈利空间较小。期待后期继续上行。\n                    \n                    　　钼铁市场：钼铁价格暂时保持平稳，市场主流报价10.7-11万元/吨（现款-承兑）。当前，在行情利好带动下，有商家报价呈现虚高状况，整体现款报价期间10.6-10.8万元/吨为主，承兑10.9-11.1万元/吨左右。市场需求尚无完全释放，高价成交偏少。月底部分钢厂招标会逐步启动，钼铁厂家有继续挺价迹象。从近期的钢厂招标来看，钢厂60钼铁的承兑招标价格10.4-10.6万元/吨较为常见，后期有提升空间。\n                    \n                    　　12月21日LME钼期货报价整体保持平稳，3月期钼报价25250/25750美元/吨；15月期钼报价25720/26720美元/吨，LME期钼持仓132手。今日简讯：明年贷款需求将相对旺盛，城镇化为信贷投放重点；中金：新型城镇化难以支持新一轮地产投资；意大利总理蒙蒂递交辞呈，大选或于明年2月举行。\n                    \n                    　　周初外盘钼市部分产品价格仍有上调迹象，欧洲钼铁、氧化钼等都有一定涨幅；美国市场稍显平稳，价格暂稳波动。其次，欧亚将钼氧化物进口关税从5%降至零，这有利增加外部市场对该产品的需求，降低钼铁合金的生产成本，提高外部市场行业竞争力。国内行情运行平稳，主要钼产品价格继续保持在相对高位。同时，市场部分商家报价仍有抬高迹象，加之年底逼近，后期钢厂招标或有新的改观。', '1', '钼,行情,美元', '1', 'lizhili', '2013-01-31 00:00:00', '2013-01-31 00:00:00', '0');
INSERT INTO mu_article VALUES ('12', '2012年1-12月份我国钼铁进口对比图', 'lizhili', '16', '　钼精矿市场：今日40-45%钼精矿主流报价1540-1570元/吨度附近，47%及以上品位1560-1580元/吨度，价格暂时持稳，行情仍有继续向上运行迹象。行情短期利好，之前部分商家场外观望，近期开始逐步参与市场。栾川某商家表示，前期矿商停产较多，贸易商多以低库存场外等待行情好转。虽然近期钼精矿价格开始有所好转，但是上调的步伐依然较慢。与成本相比，盈利空间较小。期待后期继续上行。\n                    \n                    　　钼铁市场：钼铁价格暂时保持平稳，市场主流报价10.7-11万元/吨（现款-承兑）。当前，在行情利好带动下，有商家报价呈现虚高状况，整体现款报价期间10.6-10.8万元/吨为主，承兑10.9-11.1万元/吨左右。市场需求尚无完全释放，高价成交偏少。月底部分钢厂招标会逐步启动，钼铁厂家有继续挺价迹象。从近期的钢厂招标来看，钢厂60钼铁的承兑招标价格10.4-10.6万元/吨较为常见，后期有提升空间。\n                    \n                    　　12月21日LME钼期货报价整体保持平稳，3月期钼报价25250/25750美元/吨；15月期钼报价25720/26720美元/吨，LME期钼持仓132手。今日简讯：明年贷款需求将相对旺盛，城镇化为信贷投放重点；中金：新型城镇化难以支持新一轮地产投资；意大利总理蒙蒂递交辞呈，大选或于明年2月举行。\n                    \n                    　　周初外盘钼市部分产品价格仍有上调迹象，欧洲钼铁、氧化钼等都有一定涨幅；美国市场稍显平稳，价格暂稳波动。其次，欧亚将钼氧化物进口关税从5%降至零，这有利增加外部市场对该产品的需求，降低钼铁合金的生产成本，提高外部市场行业竞争力。国内行情运行平稳，主要钼产品价格继续保持在相对高位。同时，市场部分商家报价仍有抬高迹象，加之年底逼近，后期钢厂招标或有新的改观。', '1', '钼,行情,美元', '1', 'lizhili', '2013-01-31 00:00:00', '2013-01-31 00:00:00', '1');
INSERT INTO mu_article VALUES ('13', '2012年12月国内钼铁价格走势图', 'lizhili', '16', '　钼精矿市场：今日40-45%钼精矿主流报价1540-1570元/吨度附近，47%及以上品位1560-1580元/吨度，价格暂时持稳，行情仍有继续向上运行迹象。行情短期利好，之前部分商家场外观望，近期开始逐步参与市场。栾川某商家表示，前期矿商停产较多，贸易商多以低库存场外等待行情好转。虽然近期钼精矿价格开始有所好转，但是上调的步伐依然较慢。与成本相比，盈利空间较小。期待后期继续上行。\n                    \n                    　　钼铁市场：钼铁价格暂时保持平稳，市场主流报价10.7-11万元/吨（现款-承兑）。当前，在行情利好带动下，有商家报价呈现虚高状况，整体现款报价期间10.6-10.8万元/吨为主，承兑10.9-11.1万元/吨左右。市场需求尚无完全释放，高价成交偏少。月底部分钢厂招标会逐步启动，钼铁厂家有继续挺价迹象。从近期的钢厂招标来看，钢厂60钼铁的承兑招标价格10.4-10.6万元/吨较为常见，后期有提升空间。\n                    \n                    　　12月21日LME钼期货报价整体保持平稳，3月期钼报价25250/25750美元/吨；15月期钼报价25720/26720美元/吨，LME期钼持仓132手。今日简讯：明年贷款需求将相对旺盛，城镇化为信贷投放重点；中金：新型城镇化难以支持新一轮地产投资；意大利总理蒙蒂递交辞呈，大选或于明年2月举行。\n                    \n                    　　周初外盘钼市部分产品价格仍有上调迹象，欧洲钼铁、氧化钼等都有一定涨幅；美国市场稍显平稳，价格暂稳波动。其次，欧亚将钼氧化物进口关税从5%降至零，这有利增加外部市场对该产品的需求，降低钼铁合金的生产成本，提高外部市场行业竞争力。国内行情运行平稳，主要钼产品价格继续保持在相对高位。同时，市场部分商家报价仍有抬高迹象，加之年底逼近，后期钢厂招标或有新的改观。', '1', '钼,行情,美元', '1', 'lizhili', '2013-01-31 00:00:00', '2013-01-31 00:00:00', '0');
INSERT INTO mu_article VALUES ('14', '2012年12月国内氧化钼价格走势图', 'lizhili', '16', '　钼精矿市场：今日40-45%钼精矿主流报价1540-1570元/吨度附近，47%及以上品位1560-1580元/吨度，价格暂时持稳，行情仍有继续向上运行迹象。行情短期利好，之前部分商家场外观望，近期开始逐步参与市场。栾川某商家表示，前期矿商停产较多，贸易商多以低库存场外等待行情好转。虽然近期钼精矿价格开始有所好转，但是上调的步伐依然较慢。与成本相比，盈利空间较小。期待后期继续上行。\n                    \n                    　　钼铁市场：钼铁价格暂时保持平稳，市场主流报价10.7-11万元/吨（现款-承兑）。当前，在行情利好带动下，有商家报价呈现虚高状况，整体现款报价期间10.6-10.8万元/吨为主，承兑10.9-11.1万元/吨左右。市场需求尚无完全释放，高价成交偏少。月底部分钢厂招标会逐步启动，钼铁厂家有继续挺价迹象。从近期的钢厂招标来看，钢厂60钼铁的承兑招标价格10.4-10.6万元/吨较为常见，后期有提升空间。\n                    \n                    　　12月21日LME钼期货报价整体保持平稳，3月期钼报价25250/25750美元/吨；15月期钼报价25720/26720美元/吨，LME期钼持仓132手。今日简讯：明年贷款需求将相对旺盛，城镇化为信贷投放重点；中金：新型城镇化难以支持新一轮地产投资；意大利总理蒙蒂递交辞呈，大选或于明年2月举行。\n                    \n                    　　周初外盘钼市部分产品价格仍有上调迹象，欧洲钼铁、氧化钼等都有一定涨幅；美国市场稍显平稳，价格暂稳波动。其次，欧亚将钼氧化物进口关税从5%降至零，这有利增加外部市场对该产品的需求，降低钼铁合金的生产成本，提高外部市场行业竞争力。国内行情运行平稳，主要钼产品价格继续保持在相对高位。同时，市场部分商家报价仍有抬高迹象，加之年底逼近，后期钢厂招标或有新的改观。', '1', '钼,行情,美元', '1', 'lizhili', '2013-01-31 00:00:00', '2013-01-31 00:00:00', '0');
INSERT INTO mu_article VALUES ('15', '2012年1-12月国际氧化钼价格走势图', 'lizhili', '16', '　钼精矿市场：今日40-45%钼精矿主流报价1540-1570元/吨度附近，47%及以上品位1560-1580元/吨度，价格暂时持稳，行情仍有继续向上运行迹象。行情短期利好，之前部分商家场外观望，近期开始逐步参与市场。栾川某商家表示，前期矿商停产较多，贸易商多以低库存场外等待行情好转。虽然近期钼精矿价格开始有所好转，但是上调的步伐依然较慢。与成本相比，盈利空间较小。期待后期继续上行。\n                    \n                    　　钼铁市场：钼铁价格暂时保持平稳，市场主流报价10.7-11万元/吨（现款-承兑）。当前，在行情利好带动下，有商家报价呈现虚高状况，整体现款报价期间10.6-10.8万元/吨为主，承兑10.9-11.1万元/吨左右。市场需求尚无完全释放，高价成交偏少。月底部分钢厂招标会逐步启动，钼铁厂家有继续挺价迹象。从近期的钢厂招标来看，钢厂60钼铁的承兑招标价格10.4-10.6万元/吨较为常见，后期有提升空间。\n                    \n                    　　12月21日LME钼期货报价整体保持平稳，3月期钼报价25250/25750美元/吨；15月期钼报价25720/26720美元/吨，LME期钼持仓132手。今日简讯：明年贷款需求将相对旺盛，城镇化为信贷投放重点；中金：新型城镇化难以支持新一轮地产投资；意大利总理蒙蒂递交辞呈，大选或于明年2月举行。\n                    \n                    　　周初外盘钼市部分产品价格仍有上调迹象，欧洲钼铁、氧化钼等都有一定涨幅；美国市场稍显平稳，价格暂稳波动。其次，欧亚将钼氧化物进口关税从5%降至零，这有利增加外部市场对该产品的需求，降低钼铁合金的生产成本，提高外部市场行业竞争力。国内行情运行平稳，主要钼产品价格继续保持在相对高位。同时，市场部分商家报价仍有抬高迹象，加之年底逼近，后期钢厂招标或有新的改观。', '1', '钼,行情,美元', '1', 'lizhili', '2013-01-31 00:00:00', '2013-01-31 00:00:00', '0');
INSERT INTO mu_article VALUES ('16', '2011年4月份钼系产品月报告', 'lizhili', '16', '　钼精矿市场：今日40-45%钼精矿主流报价1540-1570元/吨度附近，47%及以上品位1560-1580元/吨度，价格暂时持稳，行情仍有继续向上运行迹象。行情短期利好，之前部分商家场外观望，近期开始逐步参与市场。栾川某商家表示，前期矿商停产较多，贸易商多以低库存场外等待行情好转。虽然近期钼精矿价格开始有所好转，但是上调的步伐依然较慢。与成本相比，盈利空间较小。期待后期继续上行。\n                    \n                    　　钼铁市场：钼铁价格暂时保持平稳，市场主流报价10.7-11万元/吨（现款-承兑）。当前，在行情利好带动下，有商家报价呈现虚高状况，整体现款报价期间10.6-10.8万元/吨为主，承兑10.9-11.1万元/吨左右。市场需求尚无完全释放，高价成交偏少。月底部分钢厂招标会逐步启动，钼铁厂家有继续挺价迹象。从近期的钢厂招标来看，钢厂60钼铁的承兑招标价格10.4-10.6万元/吨较为常见，后期有提升空间。\n                    \n                    　　12月21日LME钼期货报价整体保持平稳，3月期钼报价25250/25750美元/吨；15月期钼报价25720/26720美元/吨，LME期钼持仓132手。今日简讯：明年贷款需求将相对旺盛，城镇化为信贷投放重点；中金：新型城镇化难以支持新一轮地产投资；意大利总理蒙蒂递交辞呈，大选或于明年2月举行。\n                    \n                    　　周初外盘钼市部分产品价格仍有上调迹象，欧洲钼铁、氧化钼等都有一定涨幅；美国市场稍显平稳，价格暂稳波动。其次，欧亚将钼氧化物进口关税从5%降至零，这有利增加外部市场对该产品的需求，降低钼铁合金的生产成本，提高外部市场行业竞争力。国内行情运行平稳，主要钼产品价格继续保持在相对高位。同时，市场部分商家报价仍有抬高迹象，加之年底逼近，后期钢厂招标或有新的改观。', '1', '钼,行情,美元', '1', 'lizhili', '2013-01-31 00:00:00', '2013-01-31 00:00:00', '0');
INSERT INTO mu_article VALUES ('17', '2012年1-12月国际氧化钼价格走势图', 'lizhili', '16', '　钼精矿市场：今日40-45%钼精矿主流报价1540-1570元/吨度附近，47%及以上品位1560-1580元/吨度，价格暂时持稳，行情仍有继续向上运行迹象。行情短期利好，之前部分商家场外观望，近期开始逐步参与市场。栾川某商家表示，前期矿商停产较多，贸易商多以低库存场外等待行情好转。虽然近期钼精矿价格开始有所好转，但是上调的步伐依然较慢。与成本相比，盈利空间较小。期待后期继续上行。\n                    \n                    　　钼铁市场：钼铁价格暂时保持平稳，市场主流报价10.7-11万元/吨（现款-承兑）。当前，在行情利好带动下，有商家报价呈现虚高状况，整体现款报价期间10.6-10.8万元/吨为主，承兑10.9-11.1万元/吨左右。市场需求尚无完全释放，高价成交偏少。月底部分钢厂招标会逐步启动，钼铁厂家有继续挺价迹象。从近期的钢厂招标来看，钢厂60钼铁的承兑招标价格10.4-10.6万元/吨较为常见，后期有提升空间。\n                    \n                    　　12月21日LME钼期货报价整体保持平稳，3月期钼报价25250/25750美元/吨；15月期钼报价25720/26720美元/吨，LME期钼持仓132手。今日简讯：明年贷款需求将相对旺盛，城镇化为信贷投放重点；中金：新型城镇化难以支持新一轮地产投资；意大利总理蒙蒂递交辞呈，大选或于明年2月举行。\n                    \n                    　　周初外盘钼市部分产品价格仍有上调迹象，欧洲钼铁、氧化钼等都有一定涨幅；美国市场稍显平稳，价格暂稳波动。其次，欧亚将钼氧化物进口关税从5%降至零，这有利增加外部市场对该产品的需求，降低钼铁合金的生产成本，提高外部市场行业竞争力。国内行情运行平稳，主要钼产品价格继续保持在相对高位。同时，市场部分商家报价仍有抬高迹象，加之年底逼近，后期钢厂招标或有新的改观。', '1', '钼,行情,美元', '1', 'lizhili', '2013-01-31 00:00:00', '2013-01-31 00:00:00', '1');
INSERT INTO mu_article VALUES ('18', '2012年1-12月国内钼铁价格走势图', 'lizhili', '16', '　钼精矿市场：今日40-45%钼精矿主流报价1540-1570元/吨度附近，47%及以上品位1560-1580元/吨度，价格暂时持稳，行情仍有继续向上运行迹象。行情短期利好，之前部分商家场外观望，近期开始逐步参与市场。栾川某商家表示，前期矿商停产较多，贸易商多以低库存场外等待行情好转。虽然近期钼精矿价格开始有所好转，但是上调的步伐依然较慢。与成本相比，盈利空间较小。期待后期继续上行。\n                    \n                    　　钼铁市场：钼铁价格暂时保持平稳，市场主流报价10.7-11万元/吨（现款-承兑）。当前，在行情利好带动下，有商家报价呈现虚高状况，整体现款报价期间10.6-10.8万元/吨为主，承兑10.9-11.1万元/吨左右。市场需求尚无完全释放，高价成交偏少。月底部分钢厂招标会逐步启动，钼铁厂家有继续挺价迹象。从近期的钢厂招标来看，钢厂60钼铁的承兑招标价格10.4-10.6万元/吨较为常见，后期有提升空间。\n                    \n                    　　12月21日LME钼期货报价整体保持平稳，3月期钼报价25250/25750美元/吨；15月期钼报价25720/26720美元/吨，LME期钼持仓132手。今日简讯：明年贷款需求将相对旺盛，城镇化为信贷投放重点；中金：新型城镇化难以支持新一轮地产投资；意大利总理蒙蒂递交辞呈，大选或于明年2月举行。\n                    \n                    　　周初外盘钼市部分产品价格仍有上调迹象，欧洲钼铁、氧化钼等都有一定涨幅；美国市场稍显平稳，价格暂稳波动。其次，欧亚将钼氧化物进口关税从5%降至零，这有利增加外部市场对该产品的需求，降低钼铁合金的生产成本，提高外部市场行业竞争力。国内行情运行平稳，主要钼产品价格继续保持在相对高位。同时，市场部分商家报价仍有抬高迹象，加之年底逼近，后期钢厂招标或有新的改观。', '1', '钼,行情,美元', '1', 'lizhili', '2013-01-31 00:00:00', '2013-01-31 00:00:00', '1');
INSERT INTO mu_article VALUES ('19', '2012年1-12月份我国钼铁进口对比图', 'lizhili', '16', '　钼精矿市场：今日40-45%钼精矿主流报价1540-1570元/吨度附近，47%及以上品位1560-1580元/吨度，价格暂时持稳，行情仍有继续向上运行迹象。行情短期利好，之前部分商家场外观望，近期开始逐步参与市场。栾川某商家表示，前期矿商停产较多，贸易商多以低库存场外等待行情好转。虽然近期钼精矿价格开始有所好转，但是上调的步伐依然较慢。与成本相比，盈利空间较小。期待后期继续上行。\n                    \n                    　　钼铁市场：钼铁价格暂时保持平稳，市场主流报价10.7-11万元/吨（现款-承兑）。当前，在行情利好带动下，有商家报价呈现虚高状况，整体现款报价期间10.6-10.8万元/吨为主，承兑10.9-11.1万元/吨左右。市场需求尚无完全释放，高价成交偏少。月底部分钢厂招标会逐步启动，钼铁厂家有继续挺价迹象。从近期的钢厂招标来看，钢厂60钼铁的承兑招标价格10.4-10.6万元/吨较为常见，后期有提升空间。\n                    \n                    　　12月21日LME钼期货报价整体保持平稳，3月期钼报价25250/25750美元/吨；15月期钼报价25720/26720美元/吨，LME期钼持仓132手。今日简讯：明年贷款需求将相对旺盛，城镇化为信贷投放重点；中金：新型城镇化难以支持新一轮地产投资；意大利总理蒙蒂递交辞呈，大选或于明年2月举行。\n                    \n                    　　周初外盘钼市部分产品价格仍有上调迹象，欧洲钼铁、氧化钼等都有一定涨幅；美国市场稍显平稳，价格暂稳波动。其次，欧亚将钼氧化物进口关税从5%降至零，这有利增加外部市场对该产品的需求，降低钼铁合金的生产成本，提高外部市场行业竞争力。国内行情运行平稳，主要钼产品价格继续保持在相对高位。同时，市场部分商家报价仍有抬高迹象，加之年底逼近，后期钢厂招标或有新的改观。', '1', '钼,行情,美元', '1', 'lizhili', '2013-01-31 00:00:00', '2013-01-31 00:00:00', '1');
INSERT INTO mu_article VALUES ('20', '2012年1-12月国际氧化钼价格走势图', 'lizhili', '16', '　钼精矿市场：今日40-45%钼精矿主流报价1540-1570元/吨度附近，47%及以上品位1560-1580元/吨度，价格暂时持稳，行情仍有继续向上运行迹象。行情短期利好，之前部分商家场外观望，近期开始逐步参与市场。栾川某商家表示，前期矿商停产较多，贸易商多以低库存场外等待行情好转。虽然近期钼精矿价格开始有所好转，但是上调的步伐依然较慢。与成本相比，盈利空间较小。期待后期继续上行。\n                    \n                    　　钼铁市场：钼铁价格暂时保持平稳，市场主流报价10.7-11万元/吨（现款-承兑）。当前，在行情利好带动下，有商家报价呈现虚高状况，整体现款报价期间10.6-10.8万元/吨为主，承兑10.9-11.1万元/吨左右。市场需求尚无完全释放，高价成交偏少。月底部分钢厂招标会逐步启动，钼铁厂家有继续挺价迹象。从近期的钢厂招标来看，钢厂60钼铁的承兑招标价格10.4-10.6万元/吨较为常见，后期有提升空间。\n                    \n                    　　12月21日LME钼期货报价整体保持平稳，3月期钼报价25250/25750美元/吨；15月期钼报价25720/26720美元/吨，LME期钼持仓132手。今日简讯：明年贷款需求将相对旺盛，城镇化为信贷投放重点；中金：新型城镇化难以支持新一轮地产投资；意大利总理蒙蒂递交辞呈，大选或于明年2月举行。\n                    \n                    　　周初外盘钼市部分产品价格仍有上调迹象，欧洲钼铁、氧化钼等都有一定涨幅；美国市场稍显平稳，价格暂稳波动。其次，欧亚将钼氧化物进口关税从5%降至零，这有利增加外部市场对该产品的需求，降低钼铁合金的生产成本，提高外部市场行业竞争力。国内行情运行平稳，主要钼产品价格继续保持在相对高位。同时，市场部分商家报价仍有抬高迹象，加之年底逼近，后期钢厂招标或有新的改观。', '1', '钼,行情,美元', '1', 'lizhili', '2013-01-31 00:00:00', '2013-01-31 00:00:00', '0');
INSERT INTO mu_article VALUES ('21', '2012年12月国际氧化钼价格走势图', 'lizhili', '16', '　钼精矿市场：今日40-45%钼精矿主流报价1540-1570元/吨度附近，47%及以上品位1560-1580元/吨度，价格暂时持稳，行情仍有继续向上运行迹象。行情短期利好，之前部分商家场外观望，近期开始逐步参与市场。栾川某商家表示，前期矿商停产较多，贸易商多以低库存场外等待行情好转。虽然近期钼精矿价格开始有所好转，但是上调的步伐依然较慢。与成本相比，盈利空间较小。期待后期继续上行。\n                    \n                    　　钼铁市场：钼铁价格暂时保持平稳，市场主流报价10.7-11万元/吨（现款-承兑）。当前，在行情利好带动下，有商家报价呈现虚高状况，整体现款报价期间10.6-10.8万元/吨为主，承兑10.9-11.1万元/吨左右。市场需求尚无完全释放，高价成交偏少。月底部分钢厂招标会逐步启动，钼铁厂家有继续挺价迹象。从近期的钢厂招标来看，钢厂60钼铁的承兑招标价格10.4-10.6万元/吨较为常见，后期有提升空间。\n                    \n                    　　12月21日LME钼期货报价整体保持平稳，3月期钼报价25250/25750美元/吨；15月期钼报价25720/26720美元/吨，LME期钼持仓132手。今日简讯：明年贷款需求将相对旺盛，城镇化为信贷投放重点；中金：新型城镇化难以支持新一轮地产投资；意大利总理蒙蒂递交辞呈，大选或于明年2月举行。\n                    \n                    　　周初外盘钼市部分产品价格仍有上调迹象，欧洲钼铁、氧化钼等都有一定涨幅；美国市场稍显平稳，价格暂稳波动。其次，欧亚将钼氧化物进口关税从5%降至零，这有利增加外部市场对该产品的需求，降低钼铁合金的生产成本，提高外部市场行业竞争力。国内行情运行平稳，主要钼产品价格继续保持在相对高位。同时，市场部分商家报价仍有抬高迹象，加之年底逼近，后期钢厂招标或有新的改观。', '1', '钼,行情,美元', '1', 'lizhili', '2013-01-31 00:00:00', '2013-01-31 00:00:00', '0');
INSERT INTO mu_article VALUES ('22', '2011年4月份钼系产品月报告', 'lizhili', '16', '　钼精矿市场：今日40-45%钼精矿主流报价1540-1570元/吨度附近，47%及以上品位1560-1580元/吨度，价格暂时持稳，行情仍有继续向上运行迹象。行情短期利好，之前部分商家场外观望，近期开始逐步参与市场。栾川某商家表示，前期矿商停产较多，贸易商多以低库存场外等待行情好转。虽然近期钼精矿价格开始有所好转，但是上调的步伐依然较慢。与成本相比，盈利空间较小。期待后期继续上行。\n                    \n                    　　钼铁市场：钼铁价格暂时保持平稳，市场主流报价10.7-11万元/吨（现款-承兑）。当前，在行情利好带动下，有商家报价呈现虚高状况，整体现款报价期间10.6-10.8万元/吨为主，承兑10.9-11.1万元/吨左右。市场需求尚无完全释放，高价成交偏少。月底部分钢厂招标会逐步启动，钼铁厂家有继续挺价迹象。从近期的钢厂招标来看，钢厂60钼铁的承兑招标价格10.4-10.6万元/吨较为常见，后期有提升空间。\n                    \n                    　　12月21日LME钼期货报价整体保持平稳，3月期钼报价25250/25750美元/吨；15月期钼报价25720/26720美元/吨，LME期钼持仓132手。今日简讯：明年贷款需求将相对旺盛，城镇化为信贷投放重点；中金：新型城镇化难以支持新一轮地产投资；意大利总理蒙蒂递交辞呈，大选或于明年2月举行。\n                    \n                    　　周初外盘钼市部分产品价格仍有上调迹象，欧洲钼铁、氧化钼等都有一定涨幅；美国市场稍显平稳，价格暂稳波动。其次，欧亚将钼氧化物进口关税从5%降至零，这有利增加外部市场对该产品的需求，降低钼铁合金的生产成本，提高外部市场行业竞争力。国内行情运行平稳，主要钼产品价格继续保持在相对高位。同时，市场部分商家报价仍有抬高迹象，加之年底逼近，后期钢厂招标或有新的改观。', '1', '钼,行情,美元', '1', 'lizhili', '2013-01-31 00:00:00', '2013-01-31 00:00:00', '0');
INSERT INTO mu_article VALUES ('23', '2012年12月国际钼铁价格走势图', 'lizhili', '16', '　钼精矿市场：今日40-45%钼精矿主流报价1540-1570元/吨度附近，47%及以上品位1560-1580元/吨度，价格暂时持稳，行情仍有继续向上运行迹象。行情短期利好，之前部分商家场外观望，近期开始逐步参与市场。栾川某商家表示，前期矿商停产较多，贸易商多以低库存场外等待行情好转。虽然近期钼精矿价格开始有所好转，但是上调的步伐依然较慢。与成本相比，盈利空间较小。期待后期继续上行。\n                    \n                    　　钼铁市场：钼铁价格暂时保持平稳，市场主流报价10.7-11万元/吨（现款-承兑）。当前，在行情利好带动下，有商家报价呈现虚高状况，整体现款报价期间10.6-10.8万元/吨为主，承兑10.9-11.1万元/吨左右。市场需求尚无完全释放，高价成交偏少。月底部分钢厂招标会逐步启动，钼铁厂家有继续挺价迹象。从近期的钢厂招标来看，钢厂60钼铁的承兑招标价格10.4-10.6万元/吨较为常见，后期有提升空间。\n                    \n                    　　12月21日LME钼期货报价整体保持平稳，3月期钼报价25250/25750美元/吨；15月期钼报价25720/26720美元/吨，LME期钼持仓132手。今日简讯：明年贷款需求将相对旺盛，城镇化为信贷投放重点；中金：新型城镇化难以支持新一轮地产投资；意大利总理蒙蒂递交辞呈，大选或于明年2月举行。\n                    \n                    　　周初外盘钼市部分产品价格仍有上调迹象，欧洲钼铁、氧化钼等都有一定涨幅；美国市场稍显平稳，价格暂稳波动。其次，欧亚将钼氧化物进口关税从5%降至零，这有利增加外部市场对该产品的需求，降低钼铁合金的生产成本，提高外部市场行业竞争力。国内行情运行平稳，主要钼产品价格继续保持在相对高位。同时，市场部分商家报价仍有抬高迹象，加之年底逼近，后期钢厂招标或有新的改观。', '1', '钼,行情,美元', '1', 'lizhili', '2013-01-31 00:00:00', '2013-01-31 00:00:00', '1');
INSERT INTO mu_article VALUES ('24', '2012年1-12月份我国钼铁出口对比图', 'lizhili', '16', '　钼精矿市场：今日40-45%钼精矿主流报价1540-1570元/吨度附近，47%及以上品位1560-1580元/吨度，价格暂时持稳，行情仍有继续向上运行迹象。行情短期利好，之前部分商家场外观望，近期开始逐步参与市场。栾川某商家表示，前期矿商停产较多，贸易商多以低库存场外等待行情好转。虽然近期钼精矿价格开始有所好转，但是上调的步伐依然较慢。与成本相比，盈利空间较小。期待后期继续上行。\n                    \n                    　　钼铁市场：钼铁价格暂时保持平稳，市场主流报价10.7-11万元/吨（现款-承兑）。当前，在行情利好带动下，有商家报价呈现虚高状况，整体现款报价期间10.6-10.8万元/吨为主，承兑10.9-11.1万元/吨左右。市场需求尚无完全释放，高价成交偏少。月底部分钢厂招标会逐步启动，钼铁厂家有继续挺价迹象。从近期的钢厂招标来看，钢厂60钼铁的承兑招标价格10.4-10.6万元/吨较为常见，后期有提升空间。\n                    \n                    　　12月21日LME钼期货报价整体保持平稳，3月期钼报价25250/25750美元/吨；15月期钼报价25720/26720美元/吨，LME期钼持仓132手。今日简讯：明年贷款需求将相对旺盛，城镇化为信贷投放重点；中金：新型城镇化难以支持新一轮地产投资；意大利总理蒙蒂递交辞呈，大选或于明年2月举行。\n                    \n                    　　周初外盘钼市部分产品价格仍有上调迹象，欧洲钼铁、氧化钼等都有一定涨幅；美国市场稍显平稳，价格暂稳波动。其次，欧亚将钼氧化物进口关税从5%降至零，这有利增加外部市场对该产品的需求，降低钼铁合金的生产成本，提高外部市场行业竞争力。国内行情运行平稳，主要钼产品价格继续保持在相对高位。同时，市场部分商家报价仍有抬高迹象，加之年底逼近，后期钢厂招标或有新的改观。', '1', '钼,行情,美元', '1', 'lizhili', '2013-01-31 00:00:00', '2013-01-31 00:00:00', '0');
INSERT INTO mu_article VALUES ('25', '2011年4月份钼系产品月报告', 'lizhili', '16', '　钼精矿市场：今日40-45%钼精矿主流报价1540-1570元/吨度附近，47%及以上品位1560-1580元/吨度，价格暂时持稳，行情仍有继续向上运行迹象。行情短期利好，之前部分商家场外观望，近期开始逐步参与市场。栾川某商家表示，前期矿商停产较多，贸易商多以低库存场外等待行情好转。虽然近期钼精矿价格开始有所好转，但是上调的步伐依然较慢。与成本相比，盈利空间较小。期待后期继续上行。\n                    \n                    　　钼铁市场：钼铁价格暂时保持平稳，市场主流报价10.7-11万元/吨（现款-承兑）。当前，在行情利好带动下，有商家报价呈现虚高状况，整体现款报价期间10.6-10.8万元/吨为主，承兑10.9-11.1万元/吨左右。市场需求尚无完全释放，高价成交偏少。月底部分钢厂招标会逐步启动，钼铁厂家有继续挺价迹象。从近期的钢厂招标来看，钢厂60钼铁的承兑招标价格10.4-10.6万元/吨较为常见，后期有提升空间。\n                    \n                    　　12月21日LME钼期货报价整体保持平稳，3月期钼报价25250/25750美元/吨；15月期钼报价25720/26720美元/吨，LME期钼持仓132手。今日简讯：明年贷款需求将相对旺盛，城镇化为信贷投放重点；中金：新型城镇化难以支持新一轮地产投资；意大利总理蒙蒂递交辞呈，大选或于明年2月举行。\n                    \n                    　　周初外盘钼市部分产品价格仍有上调迹象，欧洲钼铁、氧化钼等都有一定涨幅；美国市场稍显平稳，价格暂稳波动。其次，欧亚将钼氧化物进口关税从5%降至零，这有利增加外部市场对该产品的需求，降低钼铁合金的生产成本，提高外部市场行业竞争力。国内行情运行平稳，主要钼产品价格继续保持在相对高位。同时，市场部分商家报价仍有抬高迹象，加之年底逼近，后期钢厂招标或有新的改观。', '1', '钼,行情,美元', '1', 'lizhili', '2013-01-31 00:00:00', '2013-01-31 00:00:00', '1');
INSERT INTO mu_article VALUES ('26', '2012年1-12月国内氧化钼价格走势图', 'lizhili', '16', '　钼精矿市场：今日40-45%钼精矿主流报价1540-1570元/吨度附近，47%及以上品位1560-1580元/吨度，价格暂时持稳，行情仍有继续向上运行迹象。行情短期利好，之前部分商家场外观望，近期开始逐步参与市场。栾川某商家表示，前期矿商停产较多，贸易商多以低库存场外等待行情好转。虽然近期钼精矿价格开始有所好转，但是上调的步伐依然较慢。与成本相比，盈利空间较小。期待后期继续上行。\n                    \n                    　　钼铁市场：钼铁价格暂时保持平稳，市场主流报价10.7-11万元/吨（现款-承兑）。当前，在行情利好带动下，有商家报价呈现虚高状况，整体现款报价期间10.6-10.8万元/吨为主，承兑10.9-11.1万元/吨左右。市场需求尚无完全释放，高价成交偏少。月底部分钢厂招标会逐步启动，钼铁厂家有继续挺价迹象。从近期的钢厂招标来看，钢厂60钼铁的承兑招标价格10.4-10.6万元/吨较为常见，后期有提升空间。\n                    \n                    　　12月21日LME钼期货报价整体保持平稳，3月期钼报价25250/25750美元/吨；15月期钼报价25720/26720美元/吨，LME期钼持仓132手。今日简讯：明年贷款需求将相对旺盛，城镇化为信贷投放重点；中金：新型城镇化难以支持新一轮地产投资；意大利总理蒙蒂递交辞呈，大选或于明年2月举行。\n                    \n                    　　周初外盘钼市部分产品价格仍有上调迹象，欧洲钼铁、氧化钼等都有一定涨幅；美国市场稍显平稳，价格暂稳波动。其次，欧亚将钼氧化物进口关税从5%降至零，这有利增加外部市场对该产品的需求，降低钼铁合金的生产成本，提高外部市场行业竞争力。国内行情运行平稳，主要钼产品价格继续保持在相对高位。同时，市场部分商家报价仍有抬高迹象，加之年底逼近，后期钢厂招标或有新的改观。', '1', '钼,行情,美元', '1', 'lizhili', '2013-01-31 00:00:00', '2013-01-31 00:00:00', '0');
INSERT INTO mu_article VALUES ('27', '2012年12月国际钼铁价格走势图', 'lizhili', '16', '　钼精矿市场：今日40-45%钼精矿主流报价1540-1570元/吨度附近，47%及以上品位1560-1580元/吨度，价格暂时持稳，行情仍有继续向上运行迹象。行情短期利好，之前部分商家场外观望，近期开始逐步参与市场。栾川某商家表示，前期矿商停产较多，贸易商多以低库存场外等待行情好转。虽然近期钼精矿价格开始有所好转，但是上调的步伐依然较慢。与成本相比，盈利空间较小。期待后期继续上行。\n                    \n                    　　钼铁市场：钼铁价格暂时保持平稳，市场主流报价10.7-11万元/吨（现款-承兑）。当前，在行情利好带动下，有商家报价呈现虚高状况，整体现款报价期间10.6-10.8万元/吨为主，承兑10.9-11.1万元/吨左右。市场需求尚无完全释放，高价成交偏少。月底部分钢厂招标会逐步启动，钼铁厂家有继续挺价迹象。从近期的钢厂招标来看，钢厂60钼铁的承兑招标价格10.4-10.6万元/吨较为常见，后期有提升空间。\n                    \n                    　　12月21日LME钼期货报价整体保持平稳，3月期钼报价25250/25750美元/吨；15月期钼报价25720/26720美元/吨，LME期钼持仓132手。今日简讯：明年贷款需求将相对旺盛，城镇化为信贷投放重点；中金：新型城镇化难以支持新一轮地产投资；意大利总理蒙蒂递交辞呈，大选或于明年2月举行。\n                    \n                    　　周初外盘钼市部分产品价格仍有上调迹象，欧洲钼铁、氧化钼等都有一定涨幅；美国市场稍显平稳，价格暂稳波动。其次，欧亚将钼氧化物进口关税从5%降至零，这有利增加外部市场对该产品的需求，降低钼铁合金的生产成本，提高外部市场行业竞争力。国内行情运行平稳，主要钼产品价格继续保持在相对高位。同时，市场部分商家报价仍有抬高迹象，加之年底逼近，后期钢厂招标或有新的改观。', '1', '钼,行情,美元', '1', 'lizhili', '2013-01-31 00:00:00', '2013-01-31 00:00:00', '0');
INSERT INTO mu_article VALUES ('28', '2011年4月份钼系产品月报告', 'lizhili', '16', '　钼精矿市场：今日40-45%钼精矿主流报价1540-1570元/吨度附近，47%及以上品位1560-1580元/吨度，价格暂时持稳，行情仍有继续向上运行迹象。行情短期利好，之前部分商家场外观望，近期开始逐步参与市场。栾川某商家表示，前期矿商停产较多，贸易商多以低库存场外等待行情好转。虽然近期钼精矿价格开始有所好转，但是上调的步伐依然较慢。与成本相比，盈利空间较小。期待后期继续上行。\n                    \n                    　　钼铁市场：钼铁价格暂时保持平稳，市场主流报价10.7-11万元/吨（现款-承兑）。当前，在行情利好带动下，有商家报价呈现虚高状况，整体现款报价期间10.6-10.8万元/吨为主，承兑10.9-11.1万元/吨左右。市场需求尚无完全释放，高价成交偏少。月底部分钢厂招标会逐步启动，钼铁厂家有继续挺价迹象。从近期的钢厂招标来看，钢厂60钼铁的承兑招标价格10.4-10.6万元/吨较为常见，后期有提升空间。\n                    \n                    　　12月21日LME钼期货报价整体保持平稳，3月期钼报价25250/25750美元/吨；15月期钼报价25720/26720美元/吨，LME期钼持仓132手。今日简讯：明年贷款需求将相对旺盛，城镇化为信贷投放重点；中金：新型城镇化难以支持新一轮地产投资；意大利总理蒙蒂递交辞呈，大选或于明年2月举行。\n                    \n                    　　周初外盘钼市部分产品价格仍有上调迹象，欧洲钼铁、氧化钼等都有一定涨幅；美国市场稍显平稳，价格暂稳波动。其次，欧亚将钼氧化物进口关税从5%降至零，这有利增加外部市场对该产品的需求，降低钼铁合金的生产成本，提高外部市场行业竞争力。国内行情运行平稳，主要钼产品价格继续保持在相对高位。同时，市场部分商家报价仍有抬高迹象，加之年底逼近，后期钢厂招标或有新的改观。', '1', '钼,行情,美元', '1', 'lizhili', '2013-01-31 00:00:00', '2013-01-31 00:00:00', '0');
INSERT INTO mu_article VALUES ('29', '2011年4月份钼系产品月报告', 'lizhili', '16', '　钼精矿市场：今日40-45%钼精矿主流报价1540-1570元/吨度附近，47%及以上品位1560-1580元/吨度，价格暂时持稳，行情仍有继续向上运行迹象。行情短期利好，之前部分商家场外观望，近期开始逐步参与市场。栾川某商家表示，前期矿商停产较多，贸易商多以低库存场外等待行情好转。虽然近期钼精矿价格开始有所好转，但是上调的步伐依然较慢。与成本相比，盈利空间较小。期待后期继续上行。\n                    \n                    　　钼铁市场：钼铁价格暂时保持平稳，市场主流报价10.7-11万元/吨（现款-承兑）。当前，在行情利好带动下，有商家报价呈现虚高状况，整体现款报价期间10.6-10.8万元/吨为主，承兑10.9-11.1万元/吨左右。市场需求尚无完全释放，高价成交偏少。月底部分钢厂招标会逐步启动，钼铁厂家有继续挺价迹象。从近期的钢厂招标来看，钢厂60钼铁的承兑招标价格10.4-10.6万元/吨较为常见，后期有提升空间。\n                    \n                    　　12月21日LME钼期货报价整体保持平稳，3月期钼报价25250/25750美元/吨；15月期钼报价25720/26720美元/吨，LME期钼持仓132手。今日简讯：明年贷款需求将相对旺盛，城镇化为信贷投放重点；中金：新型城镇化难以支持新一轮地产投资；意大利总理蒙蒂递交辞呈，大选或于明年2月举行。\n                    \n                    　　周初外盘钼市部分产品价格仍有上调迹象，欧洲钼铁、氧化钼等都有一定涨幅；美国市场稍显平稳，价格暂稳波动。其次，欧亚将钼氧化物进口关税从5%降至零，这有利增加外部市场对该产品的需求，降低钼铁合金的生产成本，提高外部市场行业竞争力。国内行情运行平稳，主要钼产品价格继续保持在相对高位。同时，市场部分商家报价仍有抬高迹象，加之年底逼近，后期钢厂招标或有新的改观。', '1', '钼,行情,美元', '1', 'lizhili', '2013-01-31 00:00:00', '2013-01-31 00:00:00', '0');
INSERT INTO mu_article VALUES ('30', '2012年1-12月国际氧化钼价格走势图', 'lizhili', '16', '　钼精矿市场：今日40-45%钼精矿主流报价1540-1570元/吨度附近，47%及以上品位1560-1580元/吨度，价格暂时持稳，行情仍有继续向上运行迹象。行情短期利好，之前部分商家场外观望，近期开始逐步参与市场。栾川某商家表示，前期矿商停产较多，贸易商多以低库存场外等待行情好转。虽然近期钼精矿价格开始有所好转，但是上调的步伐依然较慢。与成本相比，盈利空间较小。期待后期继续上行。\n                    \n                    　　钼铁市场：钼铁价格暂时保持平稳，市场主流报价10.7-11万元/吨（现款-承兑）。当前，在行情利好带动下，有商家报价呈现虚高状况，整体现款报价期间10.6-10.8万元/吨为主，承兑10.9-11.1万元/吨左右。市场需求尚无完全释放，高价成交偏少。月底部分钢厂招标会逐步启动，钼铁厂家有继续挺价迹象。从近期的钢厂招标来看，钢厂60钼铁的承兑招标价格10.4-10.6万元/吨较为常见，后期有提升空间。\n                    \n                    　　12月21日LME钼期货报价整体保持平稳，3月期钼报价25250/25750美元/吨；15月期钼报价25720/26720美元/吨，LME期钼持仓132手。今日简讯：明年贷款需求将相对旺盛，城镇化为信贷投放重点；中金：新型城镇化难以支持新一轮地产投资；意大利总理蒙蒂递交辞呈，大选或于明年2月举行。\n                    \n                    　　周初外盘钼市部分产品价格仍有上调迹象，欧洲钼铁、氧化钼等都有一定涨幅；美国市场稍显平稳，价格暂稳波动。其次，欧亚将钼氧化物进口关税从5%降至零，这有利增加外部市场对该产品的需求，降低钼铁合金的生产成本，提高外部市场行业竞争力。国内行情运行平稳，主要钼产品价格继续保持在相对高位。同时，市场部分商家报价仍有抬高迹象，加之年底逼近，后期钢厂招标或有新的改观。', '1', '钼,行情,美元', '1', 'lizhili', '2013-01-31 00:00:00', '2013-01-31 00:00:00', '0');
INSERT INTO mu_article VALUES ('31', '2012年1-12月份我国钼铁进口对比图', 'lizhili', '16', '　钼精矿市场：今日40-45%钼精矿主流报价1540-1570元/吨度附近，47%及以上品位1560-1580元/吨度，价格暂时持稳，行情仍有继续向上运行迹象。行情短期利好，之前部分商家场外观望，近期开始逐步参与市场。栾川某商家表示，前期矿商停产较多，贸易商多以低库存场外等待行情好转。虽然近期钼精矿价格开始有所好转，但是上调的步伐依然较慢。与成本相比，盈利空间较小。期待后期继续上行。\n                    \n                    　　钼铁市场：钼铁价格暂时保持平稳，市场主流报价10.7-11万元/吨（现款-承兑）。当前，在行情利好带动下，有商家报价呈现虚高状况，整体现款报价期间10.6-10.8万元/吨为主，承兑10.9-11.1万元/吨左右。市场需求尚无完全释放，高价成交偏少。月底部分钢厂招标会逐步启动，钼铁厂家有继续挺价迹象。从近期的钢厂招标来看，钢厂60钼铁的承兑招标价格10.4-10.6万元/吨较为常见，后期有提升空间。\n                    \n                    　　12月21日LME钼期货报价整体保持平稳，3月期钼报价25250/25750美元/吨；15月期钼报价25720/26720美元/吨，LME期钼持仓132手。今日简讯：明年贷款需求将相对旺盛，城镇化为信贷投放重点；中金：新型城镇化难以支持新一轮地产投资；意大利总理蒙蒂递交辞呈，大选或于明年2月举行。\n                    \n                    　　周初外盘钼市部分产品价格仍有上调迹象，欧洲钼铁、氧化钼等都有一定涨幅；美国市场稍显平稳，价格暂稳波动。其次，欧亚将钼氧化物进口关税从5%降至零，这有利增加外部市场对该产品的需求，降低钼铁合金的生产成本，提高外部市场行业竞争力。国内行情运行平稳，主要钼产品价格继续保持在相对高位。同时，市场部分商家报价仍有抬高迹象，加之年底逼近，后期钢厂招标或有新的改观。', '1', '钼,行情,美元', '1', 'lizhili', '2013-01-31 00:00:00', '2013-01-31 00:00:00', '1');
INSERT INTO mu_article VALUES ('32', '2012年1-12月国际氧化钼价格走势图', 'lizhili', '16', '　钼精矿市场：今日40-45%钼精矿主流报价1540-1570元/吨度附近，47%及以上品位1560-1580元/吨度，价格暂时持稳，行情仍有继续向上运行迹象。行情短期利好，之前部分商家场外观望，近期开始逐步参与市场。栾川某商家表示，前期矿商停产较多，贸易商多以低库存场外等待行情好转。虽然近期钼精矿价格开始有所好转，但是上调的步伐依然较慢。与成本相比，盈利空间较小。期待后期继续上行。\n                    \n                    　　钼铁市场：钼铁价格暂时保持平稳，市场主流报价10.7-11万元/吨（现款-承兑）。当前，在行情利好带动下，有商家报价呈现虚高状况，整体现款报价期间10.6-10.8万元/吨为主，承兑10.9-11.1万元/吨左右。市场需求尚无完全释放，高价成交偏少。月底部分钢厂招标会逐步启动，钼铁厂家有继续挺价迹象。从近期的钢厂招标来看，钢厂60钼铁的承兑招标价格10.4-10.6万元/吨较为常见，后期有提升空间。\n                    \n                    　　12月21日LME钼期货报价整体保持平稳，3月期钼报价25250/25750美元/吨；15月期钼报价25720/26720美元/吨，LME期钼持仓132手。今日简讯：明年贷款需求将相对旺盛，城镇化为信贷投放重点；中金：新型城镇化难以支持新一轮地产投资；意大利总理蒙蒂递交辞呈，大选或于明年2月举行。\n                    \n                    　　周初外盘钼市部分产品价格仍有上调迹象，欧洲钼铁、氧化钼等都有一定涨幅；美国市场稍显平稳，价格暂稳波动。其次，欧亚将钼氧化物进口关税从5%降至零，这有利增加外部市场对该产品的需求，降低钼铁合金的生产成本，提高外部市场行业竞争力。国内行情运行平稳，主要钼产品价格继续保持在相对高位。同时，市场部分商家报价仍有抬高迹象，加之年底逼近，后期钢厂招标或有新的改观。', '1', '钼,行情,美元', '1', 'lizhili', '2013-01-31 00:00:00', '2013-01-31 00:00:00', '0');
INSERT INTO mu_article VALUES ('33', '2012年1-12月国际氧化钼价格走势图', 'lizhili', '16', '　钼精矿市场：今日40-45%钼精矿主流报价1540-1570元/吨度附近，47%及以上品位1560-1580元/吨度，价格暂时持稳，行情仍有继续向上运行迹象。行情短期利好，之前部分商家场外观望，近期开始逐步参与市场。栾川某商家表示，前期矿商停产较多，贸易商多以低库存场外等待行情好转。虽然近期钼精矿价格开始有所好转，但是上调的步伐依然较慢。与成本相比，盈利空间较小。期待后期继续上行。\n                    \n                    　　钼铁市场：钼铁价格暂时保持平稳，市场主流报价10.7-11万元/吨（现款-承兑）。当前，在行情利好带动下，有商家报价呈现虚高状况，整体现款报价期间10.6-10.8万元/吨为主，承兑10.9-11.1万元/吨左右。市场需求尚无完全释放，高价成交偏少。月底部分钢厂招标会逐步启动，钼铁厂家有继续挺价迹象。从近期的钢厂招标来看，钢厂60钼铁的承兑招标价格10.4-10.6万元/吨较为常见，后期有提升空间。\n                    \n                    　　12月21日LME钼期货报价整体保持平稳，3月期钼报价25250/25750美元/吨；15月期钼报价25720/26720美元/吨，LME期钼持仓132手。今日简讯：明年贷款需求将相对旺盛，城镇化为信贷投放重点；中金：新型城镇化难以支持新一轮地产投资；意大利总理蒙蒂递交辞呈，大选或于明年2月举行。\n                    \n                    　　周初外盘钼市部分产品价格仍有上调迹象，欧洲钼铁、氧化钼等都有一定涨幅；美国市场稍显平稳，价格暂稳波动。其次，欧亚将钼氧化物进口关税从5%降至零，这有利增加外部市场对该产品的需求，降低钼铁合金的生产成本，提高外部市场行业竞争力。国内行情运行平稳，主要钼产品价格继续保持在相对高位。同时，市场部分商家报价仍有抬高迹象，加之年底逼近，后期钢厂招标或有新的改观。', '1', '钼,行情,美元', '1', 'lizhili', '2013-01-31 00:00:00', '2013-01-31 00:00:00', '1');
INSERT INTO mu_article VALUES ('34', '2012年1-12月份我国钼铁进口对比图', 'lizhili', '16', '　钼精矿市场：今日40-45%钼精矿主流报价1540-1570元/吨度附近，47%及以上品位1560-1580元/吨度，价格暂时持稳，行情仍有继续向上运行迹象。行情短期利好，之前部分商家场外观望，近期开始逐步参与市场。栾川某商家表示，前期矿商停产较多，贸易商多以低库存场外等待行情好转。虽然近期钼精矿价格开始有所好转，但是上调的步伐依然较慢。与成本相比，盈利空间较小。期待后期继续上行。\n                    \n                    　　钼铁市场：钼铁价格暂时保持平稳，市场主流报价10.7-11万元/吨（现款-承兑）。当前，在行情利好带动下，有商家报价呈现虚高状况，整体现款报价期间10.6-10.8万元/吨为主，承兑10.9-11.1万元/吨左右。市场需求尚无完全释放，高价成交偏少。月底部分钢厂招标会逐步启动，钼铁厂家有继续挺价迹象。从近期的钢厂招标来看，钢厂60钼铁的承兑招标价格10.4-10.6万元/吨较为常见，后期有提升空间。\n                    \n                    　　12月21日LME钼期货报价整体保持平稳，3月期钼报价25250/25750美元/吨；15月期钼报价25720/26720美元/吨，LME期钼持仓132手。今日简讯：明年贷款需求将相对旺盛，城镇化为信贷投放重点；中金：新型城镇化难以支持新一轮地产投资；意大利总理蒙蒂递交辞呈，大选或于明年2月举行。\n                    \n                    　　周初外盘钼市部分产品价格仍有上调迹象，欧洲钼铁、氧化钼等都有一定涨幅；美国市场稍显平稳，价格暂稳波动。其次，欧亚将钼氧化物进口关税从5%降至零，这有利增加外部市场对该产品的需求，降低钼铁合金的生产成本，提高外部市场行业竞争力。国内行情运行平稳，主要钼产品价格继续保持在相对高位。同时，市场部分商家报价仍有抬高迹象，加之年底逼近，后期钢厂招标或有新的改观。', '1', '钼,行情,美元', '1', 'lizhili', '2013-01-31 00:00:00', '2013-01-31 00:00:00', '0');
INSERT INTO mu_article VALUES ('35', '2012年12月国际氧化钼价格走势图', 'lizhili', '16', '　钼精矿市场：今日40-45%钼精矿主流报价1540-1570元/吨度附近，47%及以上品位1560-1580元/吨度，价格暂时持稳，行情仍有继续向上运行迹象。行情短期利好，之前部分商家场外观望，近期开始逐步参与市场。栾川某商家表示，前期矿商停产较多，贸易商多以低库存场外等待行情好转。虽然近期钼精矿价格开始有所好转，但是上调的步伐依然较慢。与成本相比，盈利空间较小。期待后期继续上行。\n                    \n                    　　钼铁市场：钼铁价格暂时保持平稳，市场主流报价10.7-11万元/吨（现款-承兑）。当前，在行情利好带动下，有商家报价呈现虚高状况，整体现款报价期间10.6-10.8万元/吨为主，承兑10.9-11.1万元/吨左右。市场需求尚无完全释放，高价成交偏少。月底部分钢厂招标会逐步启动，钼铁厂家有继续挺价迹象。从近期的钢厂招标来看，钢厂60钼铁的承兑招标价格10.4-10.6万元/吨较为常见，后期有提升空间。\n                    \n                    　　12月21日LME钼期货报价整体保持平稳，3月期钼报价25250/25750美元/吨；15月期钼报价25720/26720美元/吨，LME期钼持仓132手。今日简讯：明年贷款需求将相对旺盛，城镇化为信贷投放重点；中金：新型城镇化难以支持新一轮地产投资；意大利总理蒙蒂递交辞呈，大选或于明年2月举行。\n                    \n                    　　周初外盘钼市部分产品价格仍有上调迹象，欧洲钼铁、氧化钼等都有一定涨幅；美国市场稍显平稳，价格暂稳波动。其次，欧亚将钼氧化物进口关税从5%降至零，这有利增加外部市场对该产品的需求，降低钼铁合金的生产成本，提高外部市场行业竞争力。国内行情运行平稳，主要钼产品价格继续保持在相对高位。同时，市场部分商家报价仍有抬高迹象，加之年底逼近，后期钢厂招标或有新的改观。', '1', '钼,行情,美元', '1', 'lizhili', '2013-01-31 00:00:00', '2013-01-31 00:00:00', '0');
INSERT INTO mu_article VALUES ('36', '2012年1-12月国际氧化钼价格走势图', 'lizhili', '16', '　钼精矿市场：今日40-45%钼精矿主流报价1540-1570元/吨度附近，47%及以上品位1560-1580元/吨度，价格暂时持稳，行情仍有继续向上运行迹象。行情短期利好，之前部分商家场外观望，近期开始逐步参与市场。栾川某商家表示，前期矿商停产较多，贸易商多以低库存场外等待行情好转。虽然近期钼精矿价格开始有所好转，但是上调的步伐依然较慢。与成本相比，盈利空间较小。期待后期继续上行。\n                    \n                    　　钼铁市场：钼铁价格暂时保持平稳，市场主流报价10.7-11万元/吨（现款-承兑）。当前，在行情利好带动下，有商家报价呈现虚高状况，整体现款报价期间10.6-10.8万元/吨为主，承兑10.9-11.1万元/吨左右。市场需求尚无完全释放，高价成交偏少。月底部分钢厂招标会逐步启动，钼铁厂家有继续挺价迹象。从近期的钢厂招标来看，钢厂60钼铁的承兑招标价格10.4-10.6万元/吨较为常见，后期有提升空间。\n                    \n                    　　12月21日LME钼期货报价整体保持平稳，3月期钼报价25250/25750美元/吨；15月期钼报价25720/26720美元/吨，LME期钼持仓132手。今日简讯：明年贷款需求将相对旺盛，城镇化为信贷投放重点；中金：新型城镇化难以支持新一轮地产投资；意大利总理蒙蒂递交辞呈，大选或于明年2月举行。\n                    \n                    　　周初外盘钼市部分产品价格仍有上调迹象，欧洲钼铁、氧化钼等都有一定涨幅；美国市场稍显平稳，价格暂稳波动。其次，欧亚将钼氧化物进口关税从5%降至零，这有利增加外部市场对该产品的需求，降低钼铁合金的生产成本，提高外部市场行业竞争力。国内行情运行平稳，主要钼产品价格继续保持在相对高位。同时，市场部分商家报价仍有抬高迹象，加之年底逼近，后期钢厂招标或有新的改观。', '1', '钼,行情,美元', '1', 'lizhili', '2013-01-31 00:00:00', '2013-01-31 00:00:00', '1');
INSERT INTO mu_article VALUES ('37', '2012年1-12月份我国钼铁出口对比图', 'lizhili', '16', '　钼精矿市场：今日40-45%钼精矿主流报价1540-1570元/吨度附近，47%及以上品位1560-1580元/吨度，价格暂时持稳，行情仍有继续向上运行迹象。行情短期利好，之前部分商家场外观望，近期开始逐步参与市场。栾川某商家表示，前期矿商停产较多，贸易商多以低库存场外等待行情好转。虽然近期钼精矿价格开始有所好转，但是上调的步伐依然较慢。与成本相比，盈利空间较小。期待后期继续上行。\n                    \n                    　　钼铁市场：钼铁价格暂时保持平稳，市场主流报价10.7-11万元/吨（现款-承兑）。当前，在行情利好带动下，有商家报价呈现虚高状况，整体现款报价期间10.6-10.8万元/吨为主，承兑10.9-11.1万元/吨左右。市场需求尚无完全释放，高价成交偏少。月底部分钢厂招标会逐步启动，钼铁厂家有继续挺价迹象。从近期的钢厂招标来看，钢厂60钼铁的承兑招标价格10.4-10.6万元/吨较为常见，后期有提升空间。\n                    \n                    　　12月21日LME钼期货报价整体保持平稳，3月期钼报价25250/25750美元/吨；15月期钼报价25720/26720美元/吨，LME期钼持仓132手。今日简讯：明年贷款需求将相对旺盛，城镇化为信贷投放重点；中金：新型城镇化难以支持新一轮地产投资；意大利总理蒙蒂递交辞呈，大选或于明年2月举行。\n                    \n                    　　周初外盘钼市部分产品价格仍有上调迹象，欧洲钼铁、氧化钼等都有一定涨幅；美国市场稍显平稳，价格暂稳波动。其次，欧亚将钼氧化物进口关税从5%降至零，这有利增加外部市场对该产品的需求，降低钼铁合金的生产成本，提高外部市场行业竞争力。国内行情运行平稳，主要钼产品价格继续保持在相对高位。同时，市场部分商家报价仍有抬高迹象，加之年底逼近，后期钢厂招标或有新的改观。', '1', '钼,行情,美元', '1', 'lizhili', '2013-01-31 00:00:00', '2013-01-31 00:00:00', '1');
INSERT INTO mu_article VALUES ('38', '2012年12月国际钼铁价格走势图', 'lizhili', '16', '　钼精矿市场：今日40-45%钼精矿主流报价1540-1570元/吨度附近，47%及以上品位1560-1580元/吨度，价格暂时持稳，行情仍有继续向上运行迹象。行情短期利好，之前部分商家场外观望，近期开始逐步参与市场。栾川某商家表示，前期矿商停产较多，贸易商多以低库存场外等待行情好转。虽然近期钼精矿价格开始有所好转，但是上调的步伐依然较慢。与成本相比，盈利空间较小。期待后期继续上行。\n                    \n                    　　钼铁市场：钼铁价格暂时保持平稳，市场主流报价10.7-11万元/吨（现款-承兑）。当前，在行情利好带动下，有商家报价呈现虚高状况，整体现款报价期间10.6-10.8万元/吨为主，承兑10.9-11.1万元/吨左右。市场需求尚无完全释放，高价成交偏少。月底部分钢厂招标会逐步启动，钼铁厂家有继续挺价迹象。从近期的钢厂招标来看，钢厂60钼铁的承兑招标价格10.4-10.6万元/吨较为常见，后期有提升空间。\n                    \n                    　　12月21日LME钼期货报价整体保持平稳，3月期钼报价25250/25750美元/吨；15月期钼报价25720/26720美元/吨，LME期钼持仓132手。今日简讯：明年贷款需求将相对旺盛，城镇化为信贷投放重点；中金：新型城镇化难以支持新一轮地产投资；意大利总理蒙蒂递交辞呈，大选或于明年2月举行。\n                    \n                    　　周初外盘钼市部分产品价格仍有上调迹象，欧洲钼铁、氧化钼等都有一定涨幅；美国市场稍显平稳，价格暂稳波动。其次，欧亚将钼氧化物进口关税从5%降至零，这有利增加外部市场对该产品的需求，降低钼铁合金的生产成本，提高外部市场行业竞争力。国内行情运行平稳，主要钼产品价格继续保持在相对高位。同时，市场部分商家报价仍有抬高迹象，加之年底逼近，后期钢厂招标或有新的改观。', '1', '钼,行情,美元', '1', 'lizhili', '2013-01-31 00:00:00', '2013-01-31 00:00:00', '1');
INSERT INTO mu_article VALUES ('39', '2012年1-12月国内钼铁价格走势图', 'lizhili', '16', '　钼精矿市场：今日40-45%钼精矿主流报价1540-1570元/吨度附近，47%及以上品位1560-1580元/吨度，价格暂时持稳，行情仍有继续向上运行迹象。行情短期利好，之前部分商家场外观望，近期开始逐步参与市场。栾川某商家表示，前期矿商停产较多，贸易商多以低库存场外等待行情好转。虽然近期钼精矿价格开始有所好转，但是上调的步伐依然较慢。与成本相比，盈利空间较小。期待后期继续上行。\n                    \n                    　　钼铁市场：钼铁价格暂时保持平稳，市场主流报价10.7-11万元/吨（现款-承兑）。当前，在行情利好带动下，有商家报价呈现虚高状况，整体现款报价期间10.6-10.8万元/吨为主，承兑10.9-11.1万元/吨左右。市场需求尚无完全释放，高价成交偏少。月底部分钢厂招标会逐步启动，钼铁厂家有继续挺价迹象。从近期的钢厂招标来看，钢厂60钼铁的承兑招标价格10.4-10.6万元/吨较为常见，后期有提升空间。\n                    \n                    　　12月21日LME钼期货报价整体保持平稳，3月期钼报价25250/25750美元/吨；15月期钼报价25720/26720美元/吨，LME期钼持仓132手。今日简讯：明年贷款需求将相对旺盛，城镇化为信贷投放重点；中金：新型城镇化难以支持新一轮地产投资；意大利总理蒙蒂递交辞呈，大选或于明年2月举行。\n                    \n                    　　周初外盘钼市部分产品价格仍有上调迹象，欧洲钼铁、氧化钼等都有一定涨幅；美国市场稍显平稳，价格暂稳波动。其次，欧亚将钼氧化物进口关税从5%降至零，这有利增加外部市场对该产品的需求，降低钼铁合金的生产成本，提高外部市场行业竞争力。国内行情运行平稳，主要钼产品价格继续保持在相对高位。同时，市场部分商家报价仍有抬高迹象，加之年底逼近，后期钢厂招标或有新的改观。', '1', '钼,行情,美元', '1', 'lizhili', '2013-01-31 00:00:00', '2013-01-31 00:00:00', '1');
INSERT INTO mu_article VALUES ('40', '2012年12月国际氧化钼价格走势图', 'lizhili', '16', '　钼精矿市场：今日40-45%钼精矿主流报价1540-1570元/吨度附近，47%及以上品位1560-1580元/吨度，价格暂时持稳，行情仍有继续向上运行迹象。行情短期利好，之前部分商家场外观望，近期开始逐步参与市场。栾川某商家表示，前期矿商停产较多，贸易商多以低库存场外等待行情好转。虽然近期钼精矿价格开始有所好转，但是上调的步伐依然较慢。与成本相比，盈利空间较小。期待后期继续上行。\n                    \n                    　　钼铁市场：钼铁价格暂时保持平稳，市场主流报价10.7-11万元/吨（现款-承兑）。当前，在行情利好带动下，有商家报价呈现虚高状况，整体现款报价期间10.6-10.8万元/吨为主，承兑10.9-11.1万元/吨左右。市场需求尚无完全释放，高价成交偏少。月底部分钢厂招标会逐步启动，钼铁厂家有继续挺价迹象。从近期的钢厂招标来看，钢厂60钼铁的承兑招标价格10.4-10.6万元/吨较为常见，后期有提升空间。\n                    \n                    　　12月21日LME钼期货报价整体保持平稳，3月期钼报价25250/25750美元/吨；15月期钼报价25720/26720美元/吨，LME期钼持仓132手。今日简讯：明年贷款需求将相对旺盛，城镇化为信贷投放重点；中金：新型城镇化难以支持新一轮地产投资；意大利总理蒙蒂递交辞呈，大选或于明年2月举行。\n                    \n                    　　周初外盘钼市部分产品价格仍有上调迹象，欧洲钼铁、氧化钼等都有一定涨幅；美国市场稍显平稳，价格暂稳波动。其次，欧亚将钼氧化物进口关税从5%降至零，这有利增加外部市场对该产品的需求，降低钼铁合金的生产成本，提高外部市场行业竞争力。国内行情运行平稳，主要钼产品价格继续保持在相对高位。同时，市场部分商家报价仍有抬高迹象，加之年底逼近，后期钢厂招标或有新的改观。', '1', '钼,行情,美元', '1', 'lizhili', '2013-01-31 00:00:00', '2013-01-31 00:00:00', '1');
INSERT INTO mu_article VALUES ('41', '2012年1-12月国际钼铁价格走势图', 'lizhili', '16', '　钼精矿市场：今日40-45%钼精矿主流报价1540-1570元/吨度附近，47%及以上品位1560-1580元/吨度，价格暂时持稳，行情仍有继续向上运行迹象。行情短期利好，之前部分商家场外观望，近期开始逐步参与市场。栾川某商家表示，前期矿商停产较多，贸易商多以低库存场外等待行情好转。虽然近期钼精矿价格开始有所好转，但是上调的步伐依然较慢。与成本相比，盈利空间较小。期待后期继续上行。\n                    \n                    　　钼铁市场：钼铁价格暂时保持平稳，市场主流报价10.7-11万元/吨（现款-承兑）。当前，在行情利好带动下，有商家报价呈现虚高状况，整体现款报价期间10.6-10.8万元/吨为主，承兑10.9-11.1万元/吨左右。市场需求尚无完全释放，高价成交偏少。月底部分钢厂招标会逐步启动，钼铁厂家有继续挺价迹象。从近期的钢厂招标来看，钢厂60钼铁的承兑招标价格10.4-10.6万元/吨较为常见，后期有提升空间。\n                    \n                    　　12月21日LME钼期货报价整体保持平稳，3月期钼报价25250/25750美元/吨；15月期钼报价25720/26720美元/吨，LME期钼持仓132手。今日简讯：明年贷款需求将相对旺盛，城镇化为信贷投放重点；中金：新型城镇化难以支持新一轮地产投资；意大利总理蒙蒂递交辞呈，大选或于明年2月举行。\n                    \n                    　　周初外盘钼市部分产品价格仍有上调迹象，欧洲钼铁、氧化钼等都有一定涨幅；美国市场稍显平稳，价格暂稳波动。其次，欧亚将钼氧化物进口关税从5%降至零，这有利增加外部市场对该产品的需求，降低钼铁合金的生产成本，提高外部市场行业竞争力。国内行情运行平稳，主要钼产品价格继续保持在相对高位。同时，市场部分商家报价仍有抬高迹象，加之年底逼近，后期钢厂招标或有新的改观。', '1', '钼,行情,美元', '1', 'lizhili', '2013-01-31 00:00:00', '2013-01-31 00:00:00', '0');
INSERT INTO mu_article VALUES ('42', '2012年1-12月国际钼铁价格走势图', 'lizhili', '16', '　钼精矿市场：今日40-45%钼精矿主流报价1540-1570元/吨度附近，47%及以上品位1560-1580元/吨度，价格暂时持稳，行情仍有继续向上运行迹象。行情短期利好，之前部分商家场外观望，近期开始逐步参与市场。栾川某商家表示，前期矿商停产较多，贸易商多以低库存场外等待行情好转。虽然近期钼精矿价格开始有所好转，但是上调的步伐依然较慢。与成本相比，盈利空间较小。期待后期继续上行。\n                    \n                    　　钼铁市场：钼铁价格暂时保持平稳，市场主流报价10.7-11万元/吨（现款-承兑）。当前，在行情利好带动下，有商家报价呈现虚高状况，整体现款报价期间10.6-10.8万元/吨为主，承兑10.9-11.1万元/吨左右。市场需求尚无完全释放，高价成交偏少。月底部分钢厂招标会逐步启动，钼铁厂家有继续挺价迹象。从近期的钢厂招标来看，钢厂60钼铁的承兑招标价格10.4-10.6万元/吨较为常见，后期有提升空间。\n                    \n                    　　12月21日LME钼期货报价整体保持平稳，3月期钼报价25250/25750美元/吨；15月期钼报价25720/26720美元/吨，LME期钼持仓132手。今日简讯：明年贷款需求将相对旺盛，城镇化为信贷投放重点；中金：新型城镇化难以支持新一轮地产投资；意大利总理蒙蒂递交辞呈，大选或于明年2月举行。\n                    \n                    　　周初外盘钼市部分产品价格仍有上调迹象，欧洲钼铁、氧化钼等都有一定涨幅；美国市场稍显平稳，价格暂稳波动。其次，欧亚将钼氧化物进口关税从5%降至零，这有利增加外部市场对该产品的需求，降低钼铁合金的生产成本，提高外部市场行业竞争力。国内行情运行平稳，主要钼产品价格继续保持在相对高位。同时，市场部分商家报价仍有抬高迹象，加之年底逼近，后期钢厂招标或有新的改观。', '1', '钼,行情,美元', '1', 'lizhili', '2013-01-31 00:00:00', '2013-01-31 00:00:00', '1');
INSERT INTO mu_article VALUES ('43', '2012年12月国内钼铁价格走势图', 'lizhili', '16', '　钼精矿市场：今日40-45%钼精矿主流报价1540-1570元/吨度附近，47%及以上品位1560-1580元/吨度，价格暂时持稳，行情仍有继续向上运行迹象。行情短期利好，之前部分商家场外观望，近期开始逐步参与市场。栾川某商家表示，前期矿商停产较多，贸易商多以低库存场外等待行情好转。虽然近期钼精矿价格开始有所好转，但是上调的步伐依然较慢。与成本相比，盈利空间较小。期待后期继续上行。\n                    \n                    　　钼铁市场：钼铁价格暂时保持平稳，市场主流报价10.7-11万元/吨（现款-承兑）。当前，在行情利好带动下，有商家报价呈现虚高状况，整体现款报价期间10.6-10.8万元/吨为主，承兑10.9-11.1万元/吨左右。市场需求尚无完全释放，高价成交偏少。月底部分钢厂招标会逐步启动，钼铁厂家有继续挺价迹象。从近期的钢厂招标来看，钢厂60钼铁的承兑招标价格10.4-10.6万元/吨较为常见，后期有提升空间。\n                    \n                    　　12月21日LME钼期货报价整体保持平稳，3月期钼报价25250/25750美元/吨；15月期钼报价25720/26720美元/吨，LME期钼持仓132手。今日简讯：明年贷款需求将相对旺盛，城镇化为信贷投放重点；中金：新型城镇化难以支持新一轮地产投资；意大利总理蒙蒂递交辞呈，大选或于明年2月举行。\n                    \n                    　　周初外盘钼市部分产品价格仍有上调迹象，欧洲钼铁、氧化钼等都有一定涨幅；美国市场稍显平稳，价格暂稳波动。其次，欧亚将钼氧化物进口关税从5%降至零，这有利增加外部市场对该产品的需求，降低钼铁合金的生产成本，提高外部市场行业竞争力。国内行情运行平稳，主要钼产品价格继续保持在相对高位。同时，市场部分商家报价仍有抬高迹象，加之年底逼近，后期钢厂招标或有新的改观。', '1', '钼,行情,美元', '1', 'lizhili', '2013-01-31 00:00:00', '2013-01-31 00:00:00', '0');
INSERT INTO mu_article VALUES ('44', '2012年1-12月国内钼铁价格走势图', 'lizhili', '16', '　钼精矿市场：今日40-45%钼精矿主流报价1540-1570元/吨度附近，47%及以上品位1560-1580元/吨度，价格暂时持稳，行情仍有继续向上运行迹象。行情短期利好，之前部分商家场外观望，近期开始逐步参与市场。栾川某商家表示，前期矿商停产较多，贸易商多以低库存场外等待行情好转。虽然近期钼精矿价格开始有所好转，但是上调的步伐依然较慢。与成本相比，盈利空间较小。期待后期继续上行。\n                    \n                    　　钼铁市场：钼铁价格暂时保持平稳，市场主流报价10.7-11万元/吨（现款-承兑）。当前，在行情利好带动下，有商家报价呈现虚高状况，整体现款报价期间10.6-10.8万元/吨为主，承兑10.9-11.1万元/吨左右。市场需求尚无完全释放，高价成交偏少。月底部分钢厂招标会逐步启动，钼铁厂家有继续挺价迹象。从近期的钢厂招标来看，钢厂60钼铁的承兑招标价格10.4-10.6万元/吨较为常见，后期有提升空间。\n                    \n                    　　12月21日LME钼期货报价整体保持平稳，3月期钼报价25250/25750美元/吨；15月期钼报价25720/26720美元/吨，LME期钼持仓132手。今日简讯：明年贷款需求将相对旺盛，城镇化为信贷投放重点；中金：新型城镇化难以支持新一轮地产投资；意大利总理蒙蒂递交辞呈，大选或于明年2月举行。\n                    \n                    　　周初外盘钼市部分产品价格仍有上调迹象，欧洲钼铁、氧化钼等都有一定涨幅；美国市场稍显平稳，价格暂稳波动。其次，欧亚将钼氧化物进口关税从5%降至零，这有利增加外部市场对该产品的需求，降低钼铁合金的生产成本，提高外部市场行业竞争力。国内行情运行平稳，主要钼产品价格继续保持在相对高位。同时，市场部分商家报价仍有抬高迹象，加之年底逼近，后期钢厂招标或有新的改观。', '1', '钼,行情,美元', '1', 'lizhili', '2013-01-31 00:00:00', '2013-01-31 00:00:00', '0');
INSERT INTO mu_article VALUES ('45', '2012年1-12月国际钼铁价格走势图', 'lizhili', '16', '　钼精矿市场：今日40-45%钼精矿主流报价1540-1570元/吨度附近，47%及以上品位1560-1580元/吨度，价格暂时持稳，行情仍有继续向上运行迹象。行情短期利好，之前部分商家场外观望，近期开始逐步参与市场。栾川某商家表示，前期矿商停产较多，贸易商多以低库存场外等待行情好转。虽然近期钼精矿价格开始有所好转，但是上调的步伐依然较慢。与成本相比，盈利空间较小。期待后期继续上行。\n                    \n                    　　钼铁市场：钼铁价格暂时保持平稳，市场主流报价10.7-11万元/吨（现款-承兑）。当前，在行情利好带动下，有商家报价呈现虚高状况，整体现款报价期间10.6-10.8万元/吨为主，承兑10.9-11.1万元/吨左右。市场需求尚无完全释放，高价成交偏少。月底部分钢厂招标会逐步启动，钼铁厂家有继续挺价迹象。从近期的钢厂招标来看，钢厂60钼铁的承兑招标价格10.4-10.6万元/吨较为常见，后期有提升空间。\n                    \n                    　　12月21日LME钼期货报价整体保持平稳，3月期钼报价25250/25750美元/吨；15月期钼报价25720/26720美元/吨，LME期钼持仓132手。今日简讯：明年贷款需求将相对旺盛，城镇化为信贷投放重点；中金：新型城镇化难以支持新一轮地产投资；意大利总理蒙蒂递交辞呈，大选或于明年2月举行。\n                    \n                    　　周初外盘钼市部分产品价格仍有上调迹象，欧洲钼铁、氧化钼等都有一定涨幅；美国市场稍显平稳，价格暂稳波动。其次，欧亚将钼氧化物进口关税从5%降至零，这有利增加外部市场对该产品的需求，降低钼铁合金的生产成本，提高外部市场行业竞争力。国内行情运行平稳，主要钼产品价格继续保持在相对高位。同时，市场部分商家报价仍有抬高迹象，加之年底逼近，后期钢厂招标或有新的改观。', '1', '钼,行情,美元', '1', 'lizhili', '2013-01-31 00:00:00', '2013-01-31 00:00:00', '1');
INSERT INTO mu_article VALUES ('46', '2012年12月国内钼铁价格走势图', 'lizhili', '16', '　钼精矿市场：今日40-45%钼精矿主流报价1540-1570元/吨度附近，47%及以上品位1560-1580元/吨度，价格暂时持稳，行情仍有继续向上运行迹象。行情短期利好，之前部分商家场外观望，近期开始逐步参与市场。栾川某商家表示，前期矿商停产较多，贸易商多以低库存场外等待行情好转。虽然近期钼精矿价格开始有所好转，但是上调的步伐依然较慢。与成本相比，盈利空间较小。期待后期继续上行。\n                    \n                    　　钼铁市场：钼铁价格暂时保持平稳，市场主流报价10.7-11万元/吨（现款-承兑）。当前，在行情利好带动下，有商家报价呈现虚高状况，整体现款报价期间10.6-10.8万元/吨为主，承兑10.9-11.1万元/吨左右。市场需求尚无完全释放，高价成交偏少。月底部分钢厂招标会逐步启动，钼铁厂家有继续挺价迹象。从近期的钢厂招标来看，钢厂60钼铁的承兑招标价格10.4-10.6万元/吨较为常见，后期有提升空间。\n                    \n                    　　12月21日LME钼期货报价整体保持平稳，3月期钼报价25250/25750美元/吨；15月期钼报价25720/26720美元/吨，LME期钼持仓132手。今日简讯：明年贷款需求将相对旺盛，城镇化为信贷投放重点；中金：新型城镇化难以支持新一轮地产投资；意大利总理蒙蒂递交辞呈，大选或于明年2月举行。\n                    \n                    　　周初外盘钼市部分产品价格仍有上调迹象，欧洲钼铁、氧化钼等都有一定涨幅；美国市场稍显平稳，价格暂稳波动。其次，欧亚将钼氧化物进口关税从5%降至零，这有利增加外部市场对该产品的需求，降低钼铁合金的生产成本，提高外部市场行业竞争力。国内行情运行平稳，主要钼产品价格继续保持在相对高位。同时，市场部分商家报价仍有抬高迹象，加之年底逼近，后期钢厂招标或有新的改观。', '1', '钼,行情,美元', '1', 'lizhili', '2013-01-31 00:00:00', '2013-01-31 00:00:00', '1');
INSERT INTO mu_article VALUES ('47', '2012年12月国内氧化钼价格走势图', 'lizhili', '16', '　钼精矿市场：今日40-45%钼精矿主流报价1540-1570元/吨度附近，47%及以上品位1560-1580元/吨度，价格暂时持稳，行情仍有继续向上运行迹象。行情短期利好，之前部分商家场外观望，近期开始逐步参与市场。栾川某商家表示，前期矿商停产较多，贸易商多以低库存场外等待行情好转。虽然近期钼精矿价格开始有所好转，但是上调的步伐依然较慢。与成本相比，盈利空间较小。期待后期继续上行。\n                    \n                    　　钼铁市场：钼铁价格暂时保持平稳，市场主流报价10.7-11万元/吨（现款-承兑）。当前，在行情利好带动下，有商家报价呈现虚高状况，整体现款报价期间10.6-10.8万元/吨为主，承兑10.9-11.1万元/吨左右。市场需求尚无完全释放，高价成交偏少。月底部分钢厂招标会逐步启动，钼铁厂家有继续挺价迹象。从近期的钢厂招标来看，钢厂60钼铁的承兑招标价格10.4-10.6万元/吨较为常见，后期有提升空间。\n                    \n                    　　12月21日LME钼期货报价整体保持平稳，3月期钼报价25250/25750美元/吨；15月期钼报价25720/26720美元/吨，LME期钼持仓132手。今日简讯：明年贷款需求将相对旺盛，城镇化为信贷投放重点；中金：新型城镇化难以支持新一轮地产投资；意大利总理蒙蒂递交辞呈，大选或于明年2月举行。\n                    \n                    　　周初外盘钼市部分产品价格仍有上调迹象，欧洲钼铁、氧化钼等都有一定涨幅；美国市场稍显平稳，价格暂稳波动。其次，欧亚将钼氧化物进口关税从5%降至零，这有利增加外部市场对该产品的需求，降低钼铁合金的生产成本，提高外部市场行业竞争力。国内行情运行平稳，主要钼产品价格继续保持在相对高位。同时，市场部分商家报价仍有抬高迹象，加之年底逼近，后期钢厂招标或有新的改观。', '1', '钼,行情,美元', '1', 'lizhili', '2013-01-31 00:00:00', '2013-01-31 00:00:00', '0');
INSERT INTO mu_article VALUES ('48', '2012年12月国际钼铁价格走势图', 'lizhili', '16', '　钼精矿市场：今日40-45%钼精矿主流报价1540-1570元/吨度附近，47%及以上品位1560-1580元/吨度，价格暂时持稳，行情仍有继续向上运行迹象。行情短期利好，之前部分商家场外观望，近期开始逐步参与市场。栾川某商家表示，前期矿商停产较多，贸易商多以低库存场外等待行情好转。虽然近期钼精矿价格开始有所好转，但是上调的步伐依然较慢。与成本相比，盈利空间较小。期待后期继续上行。\n                    \n                    　　钼铁市场：钼铁价格暂时保持平稳，市场主流报价10.7-11万元/吨（现款-承兑）。当前，在行情利好带动下，有商家报价呈现虚高状况，整体现款报价期间10.6-10.8万元/吨为主，承兑10.9-11.1万元/吨左右。市场需求尚无完全释放，高价成交偏少。月底部分钢厂招标会逐步启动，钼铁厂家有继续挺价迹象。从近期的钢厂招标来看，钢厂60钼铁的承兑招标价格10.4-10.6万元/吨较为常见，后期有提升空间。\n                    \n                    　　12月21日LME钼期货报价整体保持平稳，3月期钼报价25250/25750美元/吨；15月期钼报价25720/26720美元/吨，LME期钼持仓132手。今日简讯：明年贷款需求将相对旺盛，城镇化为信贷投放重点；中金：新型城镇化难以支持新一轮地产投资；意大利总理蒙蒂递交辞呈，大选或于明年2月举行。\n                    \n                    　　周初外盘钼市部分产品价格仍有上调迹象，欧洲钼铁、氧化钼等都有一定涨幅；美国市场稍显平稳，价格暂稳波动。其次，欧亚将钼氧化物进口关税从5%降至零，这有利增加外部市场对该产品的需求，降低钼铁合金的生产成本，提高外部市场行业竞争力。国内行情运行平稳，主要钼产品价格继续保持在相对高位。同时，市场部分商家报价仍有抬高迹象，加之年底逼近，后期钢厂招标或有新的改观。', '1', '钼,行情,美元', '1', 'lizhili', '2013-01-31 00:00:00', '2013-01-31 00:00:00', '1');
INSERT INTO mu_article VALUES ('49', '2012年1-12月份我国钼铁进口对比图', 'lizhili', '16', '　钼精矿市场：今日40-45%钼精矿主流报价1540-1570元/吨度附近，47%及以上品位1560-1580元/吨度，价格暂时持稳，行情仍有继续向上运行迹象。行情短期利好，之前部分商家场外观望，近期开始逐步参与市场。栾川某商家表示，前期矿商停产较多，贸易商多以低库存场外等待行情好转。虽然近期钼精矿价格开始有所好转，但是上调的步伐依然较慢。与成本相比，盈利空间较小。期待后期继续上行。\n                    \n                    　　钼铁市场：钼铁价格暂时保持平稳，市场主流报价10.7-11万元/吨（现款-承兑）。当前，在行情利好带动下，有商家报价呈现虚高状况，整体现款报价期间10.6-10.8万元/吨为主，承兑10.9-11.1万元/吨左右。市场需求尚无完全释放，高价成交偏少。月底部分钢厂招标会逐步启动，钼铁厂家有继续挺价迹象。从近期的钢厂招标来看，钢厂60钼铁的承兑招标价格10.4-10.6万元/吨较为常见，后期有提升空间。\n                    \n                    　　12月21日LME钼期货报价整体保持平稳，3月期钼报价25250/25750美元/吨；15月期钼报价25720/26720美元/吨，LME期钼持仓132手。今日简讯：明年贷款需求将相对旺盛，城镇化为信贷投放重点；中金：新型城镇化难以支持新一轮地产投资；意大利总理蒙蒂递交辞呈，大选或于明年2月举行。\n                    \n                    　　周初外盘钼市部分产品价格仍有上调迹象，欧洲钼铁、氧化钼等都有一定涨幅；美国市场稍显平稳，价格暂稳波动。其次，欧亚将钼氧化物进口关税从5%降至零，这有利增加外部市场对该产品的需求，降低钼铁合金的生产成本，提高外部市场行业竞争力。国内行情运行平稳，主要钼产品价格继续保持在相对高位。同时，市场部分商家报价仍有抬高迹象，加之年底逼近，后期钢厂招标或有新的改观。', '1', '钼,行情,美元', '1', 'lizhili', '2013-01-31 00:00:00', '2013-01-31 00:00:00', '0');
INSERT INTO mu_article VALUES ('50', '2012年12月国内氧化钼价格走势图', 'lizhili', '16', '　钼精矿市场：今日40-45%钼精矿主流报价1540-1570元/吨度附近，47%及以上品位1560-1580元/吨度，价格暂时持稳，行情仍有继续向上运行迹象。行情短期利好，之前部分商家场外观望，近期开始逐步参与市场。栾川某商家表示，前期矿商停产较多，贸易商多以低库存场外等待行情好转。虽然近期钼精矿价格开始有所好转，但是上调的步伐依然较慢。与成本相比，盈利空间较小。期待后期继续上行。\n                    \n                    　　钼铁市场：钼铁价格暂时保持平稳，市场主流报价10.7-11万元/吨（现款-承兑）。当前，在行情利好带动下，有商家报价呈现虚高状况，整体现款报价期间10.6-10.8万元/吨为主，承兑10.9-11.1万元/吨左右。市场需求尚无完全释放，高价成交偏少。月底部分钢厂招标会逐步启动，钼铁厂家有继续挺价迹象。从近期的钢厂招标来看，钢厂60钼铁的承兑招标价格10.4-10.6万元/吨较为常见，后期有提升空间。\n                    \n                    　　12月21日LME钼期货报价整体保持平稳，3月期钼报价25250/25750美元/吨；15月期钼报价25720/26720美元/吨，LME期钼持仓132手。今日简讯：明年贷款需求将相对旺盛，城镇化为信贷投放重点；中金：新型城镇化难以支持新一轮地产投资；意大利总理蒙蒂递交辞呈，大选或于明年2月举行。\n                    \n                    　　周初外盘钼市部分产品价格仍有上调迹象，欧洲钼铁、氧化钼等都有一定涨幅；美国市场稍显平稳，价格暂稳波动。其次，欧亚将钼氧化物进口关税从5%降至零，这有利增加外部市场对该产品的需求，降低钼铁合金的生产成本，提高外部市场行业竞争力。国内行情运行平稳，主要钼产品价格继续保持在相对高位。同时，市场部分商家报价仍有抬高迹象，加之年底逼近，后期钢厂招标或有新的改观。', '1', '钼,行情,美元', '1', 'lizhili', '2013-01-31 00:00:00', '2013-01-31 00:00:00', '1');
INSERT INTO mu_article VALUES ('51', '2012年12月国际钼铁价格走势图', 'lizhili', '16', '　钼精矿市场：今日40-45%钼精矿主流报价1540-1570元/吨度附近，47%及以上品位1560-1580元/吨度，价格暂时持稳，行情仍有继续向上运行迹象。行情短期利好，之前部分商家场外观望，近期开始逐步参与市场。栾川某商家表示，前期矿商停产较多，贸易商多以低库存场外等待行情好转。虽然近期钼精矿价格开始有所好转，但是上调的步伐依然较慢。与成本相比，盈利空间较小。期待后期继续上行。\n                    \n                    　　钼铁市场：钼铁价格暂时保持平稳，市场主流报价10.7-11万元/吨（现款-承兑）。当前，在行情利好带动下，有商家报价呈现虚高状况，整体现款报价期间10.6-10.8万元/吨为主，承兑10.9-11.1万元/吨左右。市场需求尚无完全释放，高价成交偏少。月底部分钢厂招标会逐步启动，钼铁厂家有继续挺价迹象。从近期的钢厂招标来看，钢厂60钼铁的承兑招标价格10.4-10.6万元/吨较为常见，后期有提升空间。\n                    \n                    　　12月21日LME钼期货报价整体保持平稳，3月期钼报价25250/25750美元/吨；15月期钼报价25720/26720美元/吨，LME期钼持仓132手。今日简讯：明年贷款需求将相对旺盛，城镇化为信贷投放重点；中金：新型城镇化难以支持新一轮地产投资；意大利总理蒙蒂递交辞呈，大选或于明年2月举行。\n                    \n                    　　周初外盘钼市部分产品价格仍有上调迹象，欧洲钼铁、氧化钼等都有一定涨幅；美国市场稍显平稳，价格暂稳波动。其次，欧亚将钼氧化物进口关税从5%降至零，这有利增加外部市场对该产品的需求，降低钼铁合金的生产成本，提高外部市场行业竞争力。国内行情运行平稳，主要钼产品价格继续保持在相对高位。同时，市场部分商家报价仍有抬高迹象，加之年底逼近，后期钢厂招标或有新的改观。', '1', '钼,行情,美元', '1', 'lizhili', '2013-01-31 00:00:00', '2013-01-31 00:00:00', '0');
INSERT INTO mu_article VALUES ('52', '2012年1-12月份我国钼铁进口对比图', 'lizhili', '16', '　钼精矿市场：今日40-45%钼精矿主流报价1540-1570元/吨度附近，47%及以上品位1560-1580元/吨度，价格暂时持稳，行情仍有继续向上运行迹象。行情短期利好，之前部分商家场外观望，近期开始逐步参与市场。栾川某商家表示，前期矿商停产较多，贸易商多以低库存场外等待行情好转。虽然近期钼精矿价格开始有所好转，但是上调的步伐依然较慢。与成本相比，盈利空间较小。期待后期继续上行。\n                    \n                    　　钼铁市场：钼铁价格暂时保持平稳，市场主流报价10.7-11万元/吨（现款-承兑）。当前，在行情利好带动下，有商家报价呈现虚高状况，整体现款报价期间10.6-10.8万元/吨为主，承兑10.9-11.1万元/吨左右。市场需求尚无完全释放，高价成交偏少。月底部分钢厂招标会逐步启动，钼铁厂家有继续挺价迹象。从近期的钢厂招标来看，钢厂60钼铁的承兑招标价格10.4-10.6万元/吨较为常见，后期有提升空间。\n                    \n                    　　12月21日LME钼期货报价整体保持平稳，3月期钼报价25250/25750美元/吨；15月期钼报价25720/26720美元/吨，LME期钼持仓132手。今日简讯：明年贷款需求将相对旺盛，城镇化为信贷投放重点；中金：新型城镇化难以支持新一轮地产投资；意大利总理蒙蒂递交辞呈，大选或于明年2月举行。\n                    \n                    　　周初外盘钼市部分产品价格仍有上调迹象，欧洲钼铁、氧化钼等都有一定涨幅；美国市场稍显平稳，价格暂稳波动。其次，欧亚将钼氧化物进口关税从5%降至零，这有利增加外部市场对该产品的需求，降低钼铁合金的生产成本，提高外部市场行业竞争力。国内行情运行平稳，主要钼产品价格继续保持在相对高位。同时，市场部分商家报价仍有抬高迹象，加之年底逼近，后期钢厂招标或有新的改观。', '1', '钼,行情,美元', '1', 'lizhili', '2013-01-31 00:00:00', '2013-01-31 00:00:00', '0');
INSERT INTO mu_article VALUES ('53', '2012年1-12月国内钼铁价格走势图', 'lizhili', '16', '　钼精矿市场：今日40-45%钼精矿主流报价1540-1570元/吨度附近，47%及以上品位1560-1580元/吨度，价格暂时持稳，行情仍有继续向上运行迹象。行情短期利好，之前部分商家场外观望，近期开始逐步参与市场。栾川某商家表示，前期矿商停产较多，贸易商多以低库存场外等待行情好转。虽然近期钼精矿价格开始有所好转，但是上调的步伐依然较慢。与成本相比，盈利空间较小。期待后期继续上行。\n                    \n                    　　钼铁市场：钼铁价格暂时保持平稳，市场主流报价10.7-11万元/吨（现款-承兑）。当前，在行情利好带动下，有商家报价呈现虚高状况，整体现款报价期间10.6-10.8万元/吨为主，承兑10.9-11.1万元/吨左右。市场需求尚无完全释放，高价成交偏少。月底部分钢厂招标会逐步启动，钼铁厂家有继续挺价迹象。从近期的钢厂招标来看，钢厂60钼铁的承兑招标价格10.4-10.6万元/吨较为常见，后期有提升空间。\n                    \n                    　　12月21日LME钼期货报价整体保持平稳，3月期钼报价25250/25750美元/吨；15月期钼报价25720/26720美元/吨，LME期钼持仓132手。今日简讯：明年贷款需求将相对旺盛，城镇化为信贷投放重点；中金：新型城镇化难以支持新一轮地产投资；意大利总理蒙蒂递交辞呈，大选或于明年2月举行。\n                    \n                    　　周初外盘钼市部分产品价格仍有上调迹象，欧洲钼铁、氧化钼等都有一定涨幅；美国市场稍显平稳，价格暂稳波动。其次，欧亚将钼氧化物进口关税从5%降至零，这有利增加外部市场对该产品的需求，降低钼铁合金的生产成本，提高外部市场行业竞争力。国内行情运行平稳，主要钼产品价格继续保持在相对高位。同时，市场部分商家报价仍有抬高迹象，加之年底逼近，后期钢厂招标或有新的改观。', '1', '钼,行情,美元', '1', 'lizhili', '2013-01-31 00:00:00', '2013-01-31 00:00:00', '0');
INSERT INTO mu_article VALUES ('54', '2011年4月份钼系产品月报告', 'lizhili', '16', '　钼精矿市场：今日40-45%钼精矿主流报价1540-1570元/吨度附近，47%及以上品位1560-1580元/吨度，价格暂时持稳，行情仍有继续向上运行迹象。行情短期利好，之前部分商家场外观望，近期开始逐步参与市场。栾川某商家表示，前期矿商停产较多，贸易商多以低库存场外等待行情好转。虽然近期钼精矿价格开始有所好转，但是上调的步伐依然较慢。与成本相比，盈利空间较小。期待后期继续上行。\n                    \n                    　　钼铁市场：钼铁价格暂时保持平稳，市场主流报价10.7-11万元/吨（现款-承兑）。当前，在行情利好带动下，有商家报价呈现虚高状况，整体现款报价期间10.6-10.8万元/吨为主，承兑10.9-11.1万元/吨左右。市场需求尚无完全释放，高价成交偏少。月底部分钢厂招标会逐步启动，钼铁厂家有继续挺价迹象。从近期的钢厂招标来看，钢厂60钼铁的承兑招标价格10.4-10.6万元/吨较为常见，后期有提升空间。\n                    \n                    　　12月21日LME钼期货报价整体保持平稳，3月期钼报价25250/25750美元/吨；15月期钼报价25720/26720美元/吨，LME期钼持仓132手。今日简讯：明年贷款需求将相对旺盛，城镇化为信贷投放重点；中金：新型城镇化难以支持新一轮地产投资；意大利总理蒙蒂递交辞呈，大选或于明年2月举行。\n                    \n                    　　周初外盘钼市部分产品价格仍有上调迹象，欧洲钼铁、氧化钼等都有一定涨幅；美国市场稍显平稳，价格暂稳波动。其次，欧亚将钼氧化物进口关税从5%降至零，这有利增加外部市场对该产品的需求，降低钼铁合金的生产成本，提高外部市场行业竞争力。国内行情运行平稳，主要钼产品价格继续保持在相对高位。同时，市场部分商家报价仍有抬高迹象，加之年底逼近，后期钢厂招标或有新的改观。', '1', '钼,行情,美元', '1', 'lizhili', '2013-01-31 00:00:00', '2013-01-31 00:00:00', '0');
INSERT INTO mu_article VALUES ('55', '2011年4月份钼系产品月报告', 'lizhili', '16', '　钼精矿市场：今日40-45%钼精矿主流报价1540-1570元/吨度附近，47%及以上品位1560-1580元/吨度，价格暂时持稳，行情仍有继续向上运行迹象。行情短期利好，之前部分商家场外观望，近期开始逐步参与市场。栾川某商家表示，前期矿商停产较多，贸易商多以低库存场外等待行情好转。虽然近期钼精矿价格开始有所好转，但是上调的步伐依然较慢。与成本相比，盈利空间较小。期待后期继续上行。\n                    \n                    　　钼铁市场：钼铁价格暂时保持平稳，市场主流报价10.7-11万元/吨（现款-承兑）。当前，在行情利好带动下，有商家报价呈现虚高状况，整体现款报价期间10.6-10.8万元/吨为主，承兑10.9-11.1万元/吨左右。市场需求尚无完全释放，高价成交偏少。月底部分钢厂招标会逐步启动，钼铁厂家有继续挺价迹象。从近期的钢厂招标来看，钢厂60钼铁的承兑招标价格10.4-10.6万元/吨较为常见，后期有提升空间。\n                    \n                    　　12月21日LME钼期货报价整体保持平稳，3月期钼报价25250/25750美元/吨；15月期钼报价25720/26720美元/吨，LME期钼持仓132手。今日简讯：明年贷款需求将相对旺盛，城镇化为信贷投放重点；中金：新型城镇化难以支持新一轮地产投资；意大利总理蒙蒂递交辞呈，大选或于明年2月举行。\n                    \n                    　　周初外盘钼市部分产品价格仍有上调迹象，欧洲钼铁、氧化钼等都有一定涨幅；美国市场稍显平稳，价格暂稳波动。其次，欧亚将钼氧化物进口关税从5%降至零，这有利增加外部市场对该产品的需求，降低钼铁合金的生产成本，提高外部市场行业竞争力。国内行情运行平稳，主要钼产品价格继续保持在相对高位。同时，市场部分商家报价仍有抬高迹象，加之年底逼近，后期钢厂招标或有新的改观。', '1', '钼,行情,美元', '1', 'lizhili', '2013-01-31 00:00:00', '2013-01-31 00:00:00', '1');
INSERT INTO mu_article VALUES ('56', '2012年12月国内钼铁价格走势图', 'lizhili', '16', '　钼精矿市场：今日40-45%钼精矿主流报价1540-1570元/吨度附近，47%及以上品位1560-1580元/吨度，价格暂时持稳，行情仍有继续向上运行迹象。行情短期利好，之前部分商家场外观望，近期开始逐步参与市场。栾川某商家表示，前期矿商停产较多，贸易商多以低库存场外等待行情好转。虽然近期钼精矿价格开始有所好转，但是上调的步伐依然较慢。与成本相比，盈利空间较小。期待后期继续上行。\n                    \n                    　　钼铁市场：钼铁价格暂时保持平稳，市场主流报价10.7-11万元/吨（现款-承兑）。当前，在行情利好带动下，有商家报价呈现虚高状况，整体现款报价期间10.6-10.8万元/吨为主，承兑10.9-11.1万元/吨左右。市场需求尚无完全释放，高价成交偏少。月底部分钢厂招标会逐步启动，钼铁厂家有继续挺价迹象。从近期的钢厂招标来看，钢厂60钼铁的承兑招标价格10.4-10.6万元/吨较为常见，后期有提升空间。\n                    \n                    　　12月21日LME钼期货报价整体保持平稳，3月期钼报价25250/25750美元/吨；15月期钼报价25720/26720美元/吨，LME期钼持仓132手。今日简讯：明年贷款需求将相对旺盛，城镇化为信贷投放重点；中金：新型城镇化难以支持新一轮地产投资；意大利总理蒙蒂递交辞呈，大选或于明年2月举行。\n                    \n                    　　周初外盘钼市部分产品价格仍有上调迹象，欧洲钼铁、氧化钼等都有一定涨幅；美国市场稍显平稳，价格暂稳波动。其次，欧亚将钼氧化物进口关税从5%降至零，这有利增加外部市场对该产品的需求，降低钼铁合金的生产成本，提高外部市场行业竞争力。国内行情运行平稳，主要钼产品价格继续保持在相对高位。同时，市场部分商家报价仍有抬高迹象，加之年底逼近，后期钢厂招标或有新的改观。', '1', '钼,行情,美元', '1', 'lizhili', '2013-01-31 00:00:00', '2013-01-31 00:00:00', '1');
INSERT INTO mu_article VALUES ('57', '2012年1-12月国内钼铁价格走势图', 'lizhili', '16', '　钼精矿市场：今日40-45%钼精矿主流报价1540-1570元/吨度附近，47%及以上品位1560-1580元/吨度，价格暂时持稳，行情仍有继续向上运行迹象。行情短期利好，之前部分商家场外观望，近期开始逐步参与市场。栾川某商家表示，前期矿商停产较多，贸易商多以低库存场外等待行情好转。虽然近期钼精矿价格开始有所好转，但是上调的步伐依然较慢。与成本相比，盈利空间较小。期待后期继续上行。\n                    \n                    　　钼铁市场：钼铁价格暂时保持平稳，市场主流报价10.7-11万元/吨（现款-承兑）。当前，在行情利好带动下，有商家报价呈现虚高状况，整体现款报价期间10.6-10.8万元/吨为主，承兑10.9-11.1万元/吨左右。市场需求尚无完全释放，高价成交偏少。月底部分钢厂招标会逐步启动，钼铁厂家有继续挺价迹象。从近期的钢厂招标来看，钢厂60钼铁的承兑招标价格10.4-10.6万元/吨较为常见，后期有提升空间。\n                    \n                    　　12月21日LME钼期货报价整体保持平稳，3月期钼报价25250/25750美元/吨；15月期钼报价25720/26720美元/吨，LME期钼持仓132手。今日简讯：明年贷款需求将相对旺盛，城镇化为信贷投放重点；中金：新型城镇化难以支持新一轮地产投资；意大利总理蒙蒂递交辞呈，大选或于明年2月举行。\n                    \n                    　　周初外盘钼市部分产品价格仍有上调迹象，欧洲钼铁、氧化钼等都有一定涨幅；美国市场稍显平稳，价格暂稳波动。其次，欧亚将钼氧化物进口关税从5%降至零，这有利增加外部市场对该产品的需求，降低钼铁合金的生产成本，提高外部市场行业竞争力。国内行情运行平稳，主要钼产品价格继续保持在相对高位。同时，市场部分商家报价仍有抬高迹象，加之年底逼近，后期钢厂招标或有新的改观。', '1', '钼,行情,美元', '1', 'lizhili', '2013-01-31 00:00:00', '2013-01-31 00:00:00', '0');
INSERT INTO mu_article VALUES ('58', '2012年12月国际氧化钼价格走势图', 'lizhili', '16', '　钼精矿市场：今日40-45%钼精矿主流报价1540-1570元/吨度附近，47%及以上品位1560-1580元/吨度，价格暂时持稳，行情仍有继续向上运行迹象。行情短期利好，之前部分商家场外观望，近期开始逐步参与市场。栾川某商家表示，前期矿商停产较多，贸易商多以低库存场外等待行情好转。虽然近期钼精矿价格开始有所好转，但是上调的步伐依然较慢。与成本相比，盈利空间较小。期待后期继续上行。\n                    \n                    　　钼铁市场：钼铁价格暂时保持平稳，市场主流报价10.7-11万元/吨（现款-承兑）。当前，在行情利好带动下，有商家报价呈现虚高状况，整体现款报价期间10.6-10.8万元/吨为主，承兑10.9-11.1万元/吨左右。市场需求尚无完全释放，高价成交偏少。月底部分钢厂招标会逐步启动，钼铁厂家有继续挺价迹象。从近期的钢厂招标来看，钢厂60钼铁的承兑招标价格10.4-10.6万元/吨较为常见，后期有提升空间。\n                    \n                    　　12月21日LME钼期货报价整体保持平稳，3月期钼报价25250/25750美元/吨；15月期钼报价25720/26720美元/吨，LME期钼持仓132手。今日简讯：明年贷款需求将相对旺盛，城镇化为信贷投放重点；中金：新型城镇化难以支持新一轮地产投资；意大利总理蒙蒂递交辞呈，大选或于明年2月举行。\n                    \n                    　　周初外盘钼市部分产品价格仍有上调迹象，欧洲钼铁、氧化钼等都有一定涨幅；美国市场稍显平稳，价格暂稳波动。其次，欧亚将钼氧化物进口关税从5%降至零，这有利增加外部市场对该产品的需求，降低钼铁合金的生产成本，提高外部市场行业竞争力。国内行情运行平稳，主要钼产品价格继续保持在相对高位。同时，市场部分商家报价仍有抬高迹象，加之年底逼近，后期钢厂招标或有新的改观。', '1', '钼,行情,美元', '1', 'lizhili', '2013-01-31 00:00:00', '2013-01-31 00:00:00', '1');
INSERT INTO mu_article VALUES ('59', '2012年12月国际钼铁价格走势图', 'lizhili', '16', '　钼精矿市场：今日40-45%钼精矿主流报价1540-1570元/吨度附近，47%及以上品位1560-1580元/吨度，价格暂时持稳，行情仍有继续向上运行迹象。行情短期利好，之前部分商家场外观望，近期开始逐步参与市场。栾川某商家表示，前期矿商停产较多，贸易商多以低库存场外等待行情好转。虽然近期钼精矿价格开始有所好转，但是上调的步伐依然较慢。与成本相比，盈利空间较小。期待后期继续上行。\n                    \n                    　　钼铁市场：钼铁价格暂时保持平稳，市场主流报价10.7-11万元/吨（现款-承兑）。当前，在行情利好带动下，有商家报价呈现虚高状况，整体现款报价期间10.6-10.8万元/吨为主，承兑10.9-11.1万元/吨左右。市场需求尚无完全释放，高价成交偏少。月底部分钢厂招标会逐步启动，钼铁厂家有继续挺价迹象。从近期的钢厂招标来看，钢厂60钼铁的承兑招标价格10.4-10.6万元/吨较为常见，后期有提升空间。\n                    \n                    　　12月21日LME钼期货报价整体保持平稳，3月期钼报价25250/25750美元/吨；15月期钼报价25720/26720美元/吨，LME期钼持仓132手。今日简讯：明年贷款需求将相对旺盛，城镇化为信贷投放重点；中金：新型城镇化难以支持新一轮地产投资；意大利总理蒙蒂递交辞呈，大选或于明年2月举行。\n                    \n                    　　周初外盘钼市部分产品价格仍有上调迹象，欧洲钼铁、氧化钼等都有一定涨幅；美国市场稍显平稳，价格暂稳波动。其次，欧亚将钼氧化物进口关税从5%降至零，这有利增加外部市场对该产品的需求，降低钼铁合金的生产成本，提高外部市场行业竞争力。国内行情运行平稳，主要钼产品价格继续保持在相对高位。同时，市场部分商家报价仍有抬高迹象，加之年底逼近，后期钢厂招标或有新的改观。', '1', '钼,行情,美元', '1', 'lizhili', '2013-01-31 00:00:00', '2013-01-31 00:00:00', '1');
INSERT INTO mu_article VALUES ('60', '2012年1-12月国际氧化钼价格走势图', 'lizhili', '16', '　钼精矿市场：今日40-45%钼精矿主流报价1540-1570元/吨度附近，47%及以上品位1560-1580元/吨度，价格暂时持稳，行情仍有继续向上运行迹象。行情短期利好，之前部分商家场外观望，近期开始逐步参与市场。栾川某商家表示，前期矿商停产较多，贸易商多以低库存场外等待行情好转。虽然近期钼精矿价格开始有所好转，但是上调的步伐依然较慢。与成本相比，盈利空间较小。期待后期继续上行。\n                    \n                    　　钼铁市场：钼铁价格暂时保持平稳，市场主流报价10.7-11万元/吨（现款-承兑）。当前，在行情利好带动下，有商家报价呈现虚高状况，整体现款报价期间10.6-10.8万元/吨为主，承兑10.9-11.1万元/吨左右。市场需求尚无完全释放，高价成交偏少。月底部分钢厂招标会逐步启动，钼铁厂家有继续挺价迹象。从近期的钢厂招标来看，钢厂60钼铁的承兑招标价格10.4-10.6万元/吨较为常见，后期有提升空间。\n                    \n                    　　12月21日LME钼期货报价整体保持平稳，3月期钼报价25250/25750美元/吨；15月期钼报价25720/26720美元/吨，LME期钼持仓132手。今日简讯：明年贷款需求将相对旺盛，城镇化为信贷投放重点；中金：新型城镇化难以支持新一轮地产投资；意大利总理蒙蒂递交辞呈，大选或于明年2月举行。\n                    \n                    　　周初外盘钼市部分产品价格仍有上调迹象，欧洲钼铁、氧化钼等都有一定涨幅；美国市场稍显平稳，价格暂稳波动。其次，欧亚将钼氧化物进口关税从5%降至零，这有利增加外部市场对该产品的需求，降低钼铁合金的生产成本，提高外部市场行业竞争力。国内行情运行平稳，主要钼产品价格继续保持在相对高位。同时，市场部分商家报价仍有抬高迹象，加之年底逼近，后期钢厂招标或有新的改观。', '1', '钼,行情,美元', '1', 'lizhili', '2013-01-31 00:00:00', '2013-01-31 00:00:00', '0');
INSERT INTO mu_article VALUES ('61', '2012年12月国际氧化钼价格走势图', 'lizhili', '16', '　钼精矿市场：今日40-45%钼精矿主流报价1540-1570元/吨度附近，47%及以上品位1560-1580元/吨度，价格暂时持稳，行情仍有继续向上运行迹象。行情短期利好，之前部分商家场外观望，近期开始逐步参与市场。栾川某商家表示，前期矿商停产较多，贸易商多以低库存场外等待行情好转。虽然近期钼精矿价格开始有所好转，但是上调的步伐依然较慢。与成本相比，盈利空间较小。期待后期继续上行。\n                    \n                    　　钼铁市场：钼铁价格暂时保持平稳，市场主流报价10.7-11万元/吨（现款-承兑）。当前，在行情利好带动下，有商家报价呈现虚高状况，整体现款报价期间10.6-10.8万元/吨为主，承兑10.9-11.1万元/吨左右。市场需求尚无完全释放，高价成交偏少。月底部分钢厂招标会逐步启动，钼铁厂家有继续挺价迹象。从近期的钢厂招标来看，钢厂60钼铁的承兑招标价格10.4-10.6万元/吨较为常见，后期有提升空间。\n                    \n                    　　12月21日LME钼期货报价整体保持平稳，3月期钼报价25250/25750美元/吨；15月期钼报价25720/26720美元/吨，LME期钼持仓132手。今日简讯：明年贷款需求将相对旺盛，城镇化为信贷投放重点；中金：新型城镇化难以支持新一轮地产投资；意大利总理蒙蒂递交辞呈，大选或于明年2月举行。\n                    \n                    　　周初外盘钼市部分产品价格仍有上调迹象，欧洲钼铁、氧化钼等都有一定涨幅；美国市场稍显平稳，价格暂稳波动。其次，欧亚将钼氧化物进口关税从5%降至零，这有利增加外部市场对该产品的需求，降低钼铁合金的生产成本，提高外部市场行业竞争力。国内行情运行平稳，主要钼产品价格继续保持在相对高位。同时，市场部分商家报价仍有抬高迹象，加之年底逼近，后期钢厂招标或有新的改观。', '1', '钼,行情,美元', '1', 'lizhili', '2013-01-31 00:00:00', '2013-01-31 00:00:00', '0');
INSERT INTO mu_article VALUES ('62', '2011年4月份钼系产品月报告', 'lizhili', '16', '　钼精矿市场：今日40-45%钼精矿主流报价1540-1570元/吨度附近，47%及以上品位1560-1580元/吨度，价格暂时持稳，行情仍有继续向上运行迹象。行情短期利好，之前部分商家场外观望，近期开始逐步参与市场。栾川某商家表示，前期矿商停产较多，贸易商多以低库存场外等待行情好转。虽然近期钼精矿价格开始有所好转，但是上调的步伐依然较慢。与成本相比，盈利空间较小。期待后期继续上行。\n                    \n                    　　钼铁市场：钼铁价格暂时保持平稳，市场主流报价10.7-11万元/吨（现款-承兑）。当前，在行情利好带动下，有商家报价呈现虚高状况，整体现款报价期间10.6-10.8万元/吨为主，承兑10.9-11.1万元/吨左右。市场需求尚无完全释放，高价成交偏少。月底部分钢厂招标会逐步启动，钼铁厂家有继续挺价迹象。从近期的钢厂招标来看，钢厂60钼铁的承兑招标价格10.4-10.6万元/吨较为常见，后期有提升空间。\n                    \n                    　　12月21日LME钼期货报价整体保持平稳，3月期钼报价25250/25750美元/吨；15月期钼报价25720/26720美元/吨，LME期钼持仓132手。今日简讯：明年贷款需求将相对旺盛，城镇化为信贷投放重点；中金：新型城镇化难以支持新一轮地产投资；意大利总理蒙蒂递交辞呈，大选或于明年2月举行。\n                    \n                    　　周初外盘钼市部分产品价格仍有上调迹象，欧洲钼铁、氧化钼等都有一定涨幅；美国市场稍显平稳，价格暂稳波动。其次，欧亚将钼氧化物进口关税从5%降至零，这有利增加外部市场对该产品的需求，降低钼铁合金的生产成本，提高外部市场行业竞争力。国内行情运行平稳，主要钼产品价格继续保持在相对高位。同时，市场部分商家报价仍有抬高迹象，加之年底逼近，后期钢厂招标或有新的改观。', '1', '钼,行情,美元', '1', 'lizhili', '2013-01-31 00:00:00', '2013-01-31 00:00:00', '0');
INSERT INTO mu_article VALUES ('63', '2012年1-12月国内钼铁价格走势图', 'lizhili', '16', '　钼精矿市场：今日40-45%钼精矿主流报价1540-1570元/吨度附近，47%及以上品位1560-1580元/吨度，价格暂时持稳，行情仍有继续向上运行迹象。行情短期利好，之前部分商家场外观望，近期开始逐步参与市场。栾川某商家表示，前期矿商停产较多，贸易商多以低库存场外等待行情好转。虽然近期钼精矿价格开始有所好转，但是上调的步伐依然较慢。与成本相比，盈利空间较小。期待后期继续上行。\n                    \n                    　　钼铁市场：钼铁价格暂时保持平稳，市场主流报价10.7-11万元/吨（现款-承兑）。当前，在行情利好带动下，有商家报价呈现虚高状况，整体现款报价期间10.6-10.8万元/吨为主，承兑10.9-11.1万元/吨左右。市场需求尚无完全释放，高价成交偏少。月底部分钢厂招标会逐步启动，钼铁厂家有继续挺价迹象。从近期的钢厂招标来看，钢厂60钼铁的承兑招标价格10.4-10.6万元/吨较为常见，后期有提升空间。\n                    \n                    　　12月21日LME钼期货报价整体保持平稳，3月期钼报价25250/25750美元/吨；15月期钼报价25720/26720美元/吨，LME期钼持仓132手。今日简讯：明年贷款需求将相对旺盛，城镇化为信贷投放重点；中金：新型城镇化难以支持新一轮地产投资；意大利总理蒙蒂递交辞呈，大选或于明年2月举行。\n                    \n                    　　周初外盘钼市部分产品价格仍有上调迹象，欧洲钼铁、氧化钼等都有一定涨幅；美国市场稍显平稳，价格暂稳波动。其次，欧亚将钼氧化物进口关税从5%降至零，这有利增加外部市场对该产品的需求，降低钼铁合金的生产成本，提高外部市场行业竞争力。国内行情运行平稳，主要钼产品价格继续保持在相对高位。同时，市场部分商家报价仍有抬高迹象，加之年底逼近，后期钢厂招标或有新的改观。', '1', '钼,行情,美元', '1', 'lizhili', '2013-01-31 00:00:00', '2013-01-31 00:00:00', '1');
INSERT INTO mu_article VALUES ('64', '2012年12月国内钼铁价格走势图', 'lizhili', '16', '　钼精矿市场：今日40-45%钼精矿主流报价1540-1570元/吨度附近，47%及以上品位1560-1580元/吨度，价格暂时持稳，行情仍有继续向上运行迹象。行情短期利好，之前部分商家场外观望，近期开始逐步参与市场。栾川某商家表示，前期矿商停产较多，贸易商多以低库存场外等待行情好转。虽然近期钼精矿价格开始有所好转，但是上调的步伐依然较慢。与成本相比，盈利空间较小。期待后期继续上行。\n                    \n                    　　钼铁市场：钼铁价格暂时保持平稳，市场主流报价10.7-11万元/吨（现款-承兑）。当前，在行情利好带动下，有商家报价呈现虚高状况，整体现款报价期间10.6-10.8万元/吨为主，承兑10.9-11.1万元/吨左右。市场需求尚无完全释放，高价成交偏少。月底部分钢厂招标会逐步启动，钼铁厂家有继续挺价迹象。从近期的钢厂招标来看，钢厂60钼铁的承兑招标价格10.4-10.6万元/吨较为常见，后期有提升空间。\n                    \n                    　　12月21日LME钼期货报价整体保持平稳，3月期钼报价25250/25750美元/吨；15月期钼报价25720/26720美元/吨，LME期钼持仓132手。今日简讯：明年贷款需求将相对旺盛，城镇化为信贷投放重点；中金：新型城镇化难以支持新一轮地产投资；意大利总理蒙蒂递交辞呈，大选或于明年2月举行。\n                    \n                    　　周初外盘钼市部分产品价格仍有上调迹象，欧洲钼铁、氧化钼等都有一定涨幅；美国市场稍显平稳，价格暂稳波动。其次，欧亚将钼氧化物进口关税从5%降至零，这有利增加外部市场对该产品的需求，降低钼铁合金的生产成本，提高外部市场行业竞争力。国内行情运行平稳，主要钼产品价格继续保持在相对高位。同时，市场部分商家报价仍有抬高迹象，加之年底逼近，后期钢厂招标或有新的改观。', '1', '钼,行情,美元', '1', 'lizhili', '2013-01-31 00:00:00', '2013-01-31 00:00:00', '1');
INSERT INTO mu_article VALUES ('65', '2012年12月国际钼铁价格走势图', 'lizhili', '16', '　钼精矿市场：今日40-45%钼精矿主流报价1540-1570元/吨度附近，47%及以上品位1560-1580元/吨度，价格暂时持稳，行情仍有继续向上运行迹象。行情短期利好，之前部分商家场外观望，近期开始逐步参与市场。栾川某商家表示，前期矿商停产较多，贸易商多以低库存场外等待行情好转。虽然近期钼精矿价格开始有所好转，但是上调的步伐依然较慢。与成本相比，盈利空间较小。期待后期继续上行。\n                    \n                    　　钼铁市场：钼铁价格暂时保持平稳，市场主流报价10.7-11万元/吨（现款-承兑）。当前，在行情利好带动下，有商家报价呈现虚高状况，整体现款报价期间10.6-10.8万元/吨为主，承兑10.9-11.1万元/吨左右。市场需求尚无完全释放，高价成交偏少。月底部分钢厂招标会逐步启动，钼铁厂家有继续挺价迹象。从近期的钢厂招标来看，钢厂60钼铁的承兑招标价格10.4-10.6万元/吨较为常见，后期有提升空间。\n                    \n                    　　12月21日LME钼期货报价整体保持平稳，3月期钼报价25250/25750美元/吨；15月期钼报价25720/26720美元/吨，LME期钼持仓132手。今日简讯：明年贷款需求将相对旺盛，城镇化为信贷投放重点；中金：新型城镇化难以支持新一轮地产投资；意大利总理蒙蒂递交辞呈，大选或于明年2月举行。\n                    \n                    　　周初外盘钼市部分产品价格仍有上调迹象，欧洲钼铁、氧化钼等都有一定涨幅；美国市场稍显平稳，价格暂稳波动。其次，欧亚将钼氧化物进口关税从5%降至零，这有利增加外部市场对该产品的需求，降低钼铁合金的生产成本，提高外部市场行业竞争力。国内行情运行平稳，主要钼产品价格继续保持在相对高位。同时，市场部分商家报价仍有抬高迹象，加之年底逼近，后期钢厂招标或有新的改观。', '1', '钼,行情,美元', '1', 'lizhili', '2013-01-31 00:00:00', '2013-01-31 00:00:00', '1');
INSERT INTO mu_article VALUES ('66', '2012年1-12月国内氧化钼价格走势图', 'lizhili', '16', '　钼精矿市场：今日40-45%钼精矿主流报价1540-1570元/吨度附近，47%及以上品位1560-1580元/吨度，价格暂时持稳，行情仍有继续向上运行迹象。行情短期利好，之前部分商家场外观望，近期开始逐步参与市场。栾川某商家表示，前期矿商停产较多，贸易商多以低库存场外等待行情好转。虽然近期钼精矿价格开始有所好转，但是上调的步伐依然较慢。与成本相比，盈利空间较小。期待后期继续上行。\n                    \n                    　　钼铁市场：钼铁价格暂时保持平稳，市场主流报价10.7-11万元/吨（现款-承兑）。当前，在行情利好带动下，有商家报价呈现虚高状况，整体现款报价期间10.6-10.8万元/吨为主，承兑10.9-11.1万元/吨左右。市场需求尚无完全释放，高价成交偏少。月底部分钢厂招标会逐步启动，钼铁厂家有继续挺价迹象。从近期的钢厂招标来看，钢厂60钼铁的承兑招标价格10.4-10.6万元/吨较为常见，后期有提升空间。\n                    \n                    　　12月21日LME钼期货报价整体保持平稳，3月期钼报价25250/25750美元/吨；15月期钼报价25720/26720美元/吨，LME期钼持仓132手。今日简讯：明年贷款需求将相对旺盛，城镇化为信贷投放重点；中金：新型城镇化难以支持新一轮地产投资；意大利总理蒙蒂递交辞呈，大选或于明年2月举行。\n                    \n                    　　周初外盘钼市部分产品价格仍有上调迹象，欧洲钼铁、氧化钼等都有一定涨幅；美国市场稍显平稳，价格暂稳波动。其次，欧亚将钼氧化物进口关税从5%降至零，这有利增加外部市场对该产品的需求，降低钼铁合金的生产成本，提高外部市场行业竞争力。国内行情运行平稳，主要钼产品价格继续保持在相对高位。同时，市场部分商家报价仍有抬高迹象，加之年底逼近，后期钢厂招标或有新的改观。', '1', '钼,行情,美元', '1', 'lizhili', '2013-01-31 00:00:00', '2013-01-31 00:00:00', '0');
INSERT INTO mu_article VALUES ('67', '2012年1-12月份我国钼铁出口对比图', 'lizhili', '16', '　钼精矿市场：今日40-45%钼精矿主流报价1540-1570元/吨度附近，47%及以上品位1560-1580元/吨度，价格暂时持稳，行情仍有继续向上运行迹象。行情短期利好，之前部分商家场外观望，近期开始逐步参与市场。栾川某商家表示，前期矿商停产较多，贸易商多以低库存场外等待行情好转。虽然近期钼精矿价格开始有所好转，但是上调的步伐依然较慢。与成本相比，盈利空间较小。期待后期继续上行。\n                    \n                    　　钼铁市场：钼铁价格暂时保持平稳，市场主流报价10.7-11万元/吨（现款-承兑）。当前，在行情利好带动下，有商家报价呈现虚高状况，整体现款报价期间10.6-10.8万元/吨为主，承兑10.9-11.1万元/吨左右。市场需求尚无完全释放，高价成交偏少。月底部分钢厂招标会逐步启动，钼铁厂家有继续挺价迹象。从近期的钢厂招标来看，钢厂60钼铁的承兑招标价格10.4-10.6万元/吨较为常见，后期有提升空间。\n                    \n                    　　12月21日LME钼期货报价整体保持平稳，3月期钼报价25250/25750美元/吨；15月期钼报价25720/26720美元/吨，LME期钼持仓132手。今日简讯：明年贷款需求将相对旺盛，城镇化为信贷投放重点；中金：新型城镇化难以支持新一轮地产投资；意大利总理蒙蒂递交辞呈，大选或于明年2月举行。\n                    \n                    　　周初外盘钼市部分产品价格仍有上调迹象，欧洲钼铁、氧化钼等都有一定涨幅；美国市场稍显平稳，价格暂稳波动。其次，欧亚将钼氧化物进口关税从5%降至零，这有利增加外部市场对该产品的需求，降低钼铁合金的生产成本，提高外部市场行业竞争力。国内行情运行平稳，主要钼产品价格继续保持在相对高位。同时，市场部分商家报价仍有抬高迹象，加之年底逼近，后期钢厂招标或有新的改观。', '1', '钼,行情,美元', '1', 'lizhili', '2013-01-31 00:00:00', '2013-01-31 00:00:00', '1');
INSERT INTO mu_article VALUES ('68', '2012年12月国际氧化钼价格走势图', 'lizhili', '16', '　钼精矿市场：今日40-45%钼精矿主流报价1540-1570元/吨度附近，47%及以上品位1560-1580元/吨度，价格暂时持稳，行情仍有继续向上运行迹象。行情短期利好，之前部分商家场外观望，近期开始逐步参与市场。栾川某商家表示，前期矿商停产较多，贸易商多以低库存场外等待行情好转。虽然近期钼精矿价格开始有所好转，但是上调的步伐依然较慢。与成本相比，盈利空间较小。期待后期继续上行。\n                    \n                    　　钼铁市场：钼铁价格暂时保持平稳，市场主流报价10.7-11万元/吨（现款-承兑）。当前，在行情利好带动下，有商家报价呈现虚高状况，整体现款报价期间10.6-10.8万元/吨为主，承兑10.9-11.1万元/吨左右。市场需求尚无完全释放，高价成交偏少。月底部分钢厂招标会逐步启动，钼铁厂家有继续挺价迹象。从近期的钢厂招标来看，钢厂60钼铁的承兑招标价格10.4-10.6万元/吨较为常见，后期有提升空间。\n                    \n                    　　12月21日LME钼期货报价整体保持平稳，3月期钼报价25250/25750美元/吨；15月期钼报价25720/26720美元/吨，LME期钼持仓132手。今日简讯：明年贷款需求将相对旺盛，城镇化为信贷投放重点；中金：新型城镇化难以支持新一轮地产投资；意大利总理蒙蒂递交辞呈，大选或于明年2月举行。\n                    \n                    　　周初外盘钼市部分产品价格仍有上调迹象，欧洲钼铁、氧化钼等都有一定涨幅；美国市场稍显平稳，价格暂稳波动。其次，欧亚将钼氧化物进口关税从5%降至零，这有利增加外部市场对该产品的需求，降低钼铁合金的生产成本，提高外部市场行业竞争力。国内行情运行平稳，主要钼产品价格继续保持在相对高位。同时，市场部分商家报价仍有抬高迹象，加之年底逼近，后期钢厂招标或有新的改观。', '1', '钼,行情,美元', '1', 'lizhili', '2013-01-31 00:00:00', '2013-01-31 00:00:00', '1');
INSERT INTO mu_article VALUES ('69', '2012年12月国内氧化钼价格走势图', 'lizhili', '16', '　钼精矿市场：今日40-45%钼精矿主流报价1540-1570元/吨度附近，47%及以上品位1560-1580元/吨度，价格暂时持稳，行情仍有继续向上运行迹象。行情短期利好，之前部分商家场外观望，近期开始逐步参与市场。栾川某商家表示，前期矿商停产较多，贸易商多以低库存场外等待行情好转。虽然近期钼精矿价格开始有所好转，但是上调的步伐依然较慢。与成本相比，盈利空间较小。期待后期继续上行。\n                    \n                    　　钼铁市场：钼铁价格暂时保持平稳，市场主流报价10.7-11万元/吨（现款-承兑）。当前，在行情利好带动下，有商家报价呈现虚高状况，整体现款报价期间10.6-10.8万元/吨为主，承兑10.9-11.1万元/吨左右。市场需求尚无完全释放，高价成交偏少。月底部分钢厂招标会逐步启动，钼铁厂家有继续挺价迹象。从近期的钢厂招标来看，钢厂60钼铁的承兑招标价格10.4-10.6万元/吨较为常见，后期有提升空间。\n                    \n                    　　12月21日LME钼期货报价整体保持平稳，3月期钼报价25250/25750美元/吨；15月期钼报价25720/26720美元/吨，LME期钼持仓132手。今日简讯：明年贷款需求将相对旺盛，城镇化为信贷投放重点；中金：新型城镇化难以支持新一轮地产投资；意大利总理蒙蒂递交辞呈，大选或于明年2月举行。\n                    \n                    　　周初外盘钼市部分产品价格仍有上调迹象，欧洲钼铁、氧化钼等都有一定涨幅；美国市场稍显平稳，价格暂稳波动。其次，欧亚将钼氧化物进口关税从5%降至零，这有利增加外部市场对该产品的需求，降低钼铁合金的生产成本，提高外部市场行业竞争力。国内行情运行平稳，主要钼产品价格继续保持在相对高位。同时，市场部分商家报价仍有抬高迹象，加之年底逼近，后期钢厂招标或有新的改观。', '1', '钼,行情,美元', '1', 'lizhili', '2013-01-31 00:00:00', '2013-01-31 00:00:00', '1');
INSERT INTO mu_article VALUES ('70', '2012年1-12月国内钼铁价格走势图', 'lizhili', '16', '　钼精矿市场：今日40-45%钼精矿主流报价1540-1570元/吨度附近，47%及以上品位1560-1580元/吨度，价格暂时持稳，行情仍有继续向上运行迹象。行情短期利好，之前部分商家场外观望，近期开始逐步参与市场。栾川某商家表示，前期矿商停产较多，贸易商多以低库存场外等待行情好转。虽然近期钼精矿价格开始有所好转，但是上调的步伐依然较慢。与成本相比，盈利空间较小。期待后期继续上行。\n                    \n                    　　钼铁市场：钼铁价格暂时保持平稳，市场主流报价10.7-11万元/吨（现款-承兑）。当前，在行情利好带动下，有商家报价呈现虚高状况，整体现款报价期间10.6-10.8万元/吨为主，承兑10.9-11.1万元/吨左右。市场需求尚无完全释放，高价成交偏少。月底部分钢厂招标会逐步启动，钼铁厂家有继续挺价迹象。从近期的钢厂招标来看，钢厂60钼铁的承兑招标价格10.4-10.6万元/吨较为常见，后期有提升空间。\n                    \n                    　　12月21日LME钼期货报价整体保持平稳，3月期钼报价25250/25750美元/吨；15月期钼报价25720/26720美元/吨，LME期钼持仓132手。今日简讯：明年贷款需求将相对旺盛，城镇化为信贷投放重点；中金：新型城镇化难以支持新一轮地产投资；意大利总理蒙蒂递交辞呈，大选或于明年2月举行。\n                    \n                    　　周初外盘钼市部分产品价格仍有上调迹象，欧洲钼铁、氧化钼等都有一定涨幅；美国市场稍显平稳，价格暂稳波动。其次，欧亚将钼氧化物进口关税从5%降至零，这有利增加外部市场对该产品的需求，降低钼铁合金的生产成本，提高外部市场行业竞争力。国内行情运行平稳，主要钼产品价格继续保持在相对高位。同时，市场部分商家报价仍有抬高迹象，加之年底逼近，后期钢厂招标或有新的改观。', '1', '钼,行情,美元', '1', 'lizhili', '2013-01-31 00:00:00', '2013-01-31 00:00:00', '1');
INSERT INTO mu_article VALUES ('71', '2012年1-12月国内钼铁价格走势图', 'lizhili', '16', '　钼精矿市场：今日40-45%钼精矿主流报价1540-1570元/吨度附近，47%及以上品位1560-1580元/吨度，价格暂时持稳，行情仍有继续向上运行迹象。行情短期利好，之前部分商家场外观望，近期开始逐步参与市场。栾川某商家表示，前期矿商停产较多，贸易商多以低库存场外等待行情好转。虽然近期钼精矿价格开始有所好转，但是上调的步伐依然较慢。与成本相比，盈利空间较小。期待后期继续上行。\n                    \n                    　　钼铁市场：钼铁价格暂时保持平稳，市场主流报价10.7-11万元/吨（现款-承兑）。当前，在行情利好带动下，有商家报价呈现虚高状况，整体现款报价期间10.6-10.8万元/吨为主，承兑10.9-11.1万元/吨左右。市场需求尚无完全释放，高价成交偏少。月底部分钢厂招标会逐步启动，钼铁厂家有继续挺价迹象。从近期的钢厂招标来看，钢厂60钼铁的承兑招标价格10.4-10.6万元/吨较为常见，后期有提升空间。\n                    \n                    　　12月21日LME钼期货报价整体保持平稳，3月期钼报价25250/25750美元/吨；15月期钼报价25720/26720美元/吨，LME期钼持仓132手。今日简讯：明年贷款需求将相对旺盛，城镇化为信贷投放重点；中金：新型城镇化难以支持新一轮地产投资；意大利总理蒙蒂递交辞呈，大选或于明年2月举行。\n                    \n                    　　周初外盘钼市部分产品价格仍有上调迹象，欧洲钼铁、氧化钼等都有一定涨幅；美国市场稍显平稳，价格暂稳波动。其次，欧亚将钼氧化物进口关税从5%降至零，这有利增加外部市场对该产品的需求，降低钼铁合金的生产成本，提高外部市场行业竞争力。国内行情运行平稳，主要钼产品价格继续保持在相对高位。同时，市场部分商家报价仍有抬高迹象，加之年底逼近，后期钢厂招标或有新的改观。', '1', '钼,行情,美元', '1', 'lizhili', '2013-01-31 00:00:00', '2013-01-31 00:00:00', '1');
INSERT INTO mu_article VALUES ('72', '2012年1-12月国内钼铁价格走势图', 'lizhili', '16', '　钼精矿市场：今日40-45%钼精矿主流报价1540-1570元/吨度附近，47%及以上品位1560-1580元/吨度，价格暂时持稳，行情仍有继续向上运行迹象。行情短期利好，之前部分商家场外观望，近期开始逐步参与市场。栾川某商家表示，前期矿商停产较多，贸易商多以低库存场外等待行情好转。虽然近期钼精矿价格开始有所好转，但是上调的步伐依然较慢。与成本相比，盈利空间较小。期待后期继续上行。\n                    \n                    　　钼铁市场：钼铁价格暂时保持平稳，市场主流报价10.7-11万元/吨（现款-承兑）。当前，在行情利好带动下，有商家报价呈现虚高状况，整体现款报价期间10.6-10.8万元/吨为主，承兑10.9-11.1万元/吨左右。市场需求尚无完全释放，高价成交偏少。月底部分钢厂招标会逐步启动，钼铁厂家有继续挺价迹象。从近期的钢厂招标来看，钢厂60钼铁的承兑招标价格10.4-10.6万元/吨较为常见，后期有提升空间。\n                    \n                    　　12月21日LME钼期货报价整体保持平稳，3月期钼报价25250/25750美元/吨；15月期钼报价25720/26720美元/吨，LME期钼持仓132手。今日简讯：明年贷款需求将相对旺盛，城镇化为信贷投放重点；中金：新型城镇化难以支持新一轮地产投资；意大利总理蒙蒂递交辞呈，大选或于明年2月举行。\n                    \n                    　　周初外盘钼市部分产品价格仍有上调迹象，欧洲钼铁、氧化钼等都有一定涨幅；美国市场稍显平稳，价格暂稳波动。其次，欧亚将钼氧化物进口关税从5%降至零，这有利增加外部市场对该产品的需求，降低钼铁合金的生产成本，提高外部市场行业竞争力。国内行情运行平稳，主要钼产品价格继续保持在相对高位。同时，市场部分商家报价仍有抬高迹象，加之年底逼近，后期钢厂招标或有新的改观。', '1', '钼,行情,美元', '1', 'lizhili', '2013-01-31 00:00:00', '2013-01-31 00:00:00', '0');
INSERT INTO mu_article VALUES ('73', '2012年12月国内氧化钼价格走势图', 'lizhili', '16', '　钼精矿市场：今日40-45%钼精矿主流报价1540-1570元/吨度附近，47%及以上品位1560-1580元/吨度，价格暂时持稳，行情仍有继续向上运行迹象。行情短期利好，之前部分商家场外观望，近期开始逐步参与市场。栾川某商家表示，前期矿商停产较多，贸易商多以低库存场外等待行情好转。虽然近期钼精矿价格开始有所好转，但是上调的步伐依然较慢。与成本相比，盈利空间较小。期待后期继续上行。\n                    \n                    　　钼铁市场：钼铁价格暂时保持平稳，市场主流报价10.7-11万元/吨（现款-承兑）。当前，在行情利好带动下，有商家报价呈现虚高状况，整体现款报价期间10.6-10.8万元/吨为主，承兑10.9-11.1万元/吨左右。市场需求尚无完全释放，高价成交偏少。月底部分钢厂招标会逐步启动，钼铁厂家有继续挺价迹象。从近期的钢厂招标来看，钢厂60钼铁的承兑招标价格10.4-10.6万元/吨较为常见，后期有提升空间。\n                    \n                    　　12月21日LME钼期货报价整体保持平稳，3月期钼报价25250/25750美元/吨；15月期钼报价25720/26720美元/吨，LME期钼持仓132手。今日简讯：明年贷款需求将相对旺盛，城镇化为信贷投放重点；中金：新型城镇化难以支持新一轮地产投资；意大利总理蒙蒂递交辞呈，大选或于明年2月举行。\n                    \n                    　　周初外盘钼市部分产品价格仍有上调迹象，欧洲钼铁、氧化钼等都有一定涨幅；美国市场稍显平稳，价格暂稳波动。其次，欧亚将钼氧化物进口关税从5%降至零，这有利增加外部市场对该产品的需求，降低钼铁合金的生产成本，提高外部市场行业竞争力。国内行情运行平稳，主要钼产品价格继续保持在相对高位。同时，市场部分商家报价仍有抬高迹象，加之年底逼近，后期钢厂招标或有新的改观。', '1', '钼,行情,美元', '1', 'lizhili', '2013-01-31 00:00:00', '2013-01-31 00:00:00', '1');
INSERT INTO mu_article VALUES ('74', '2012年1-12月份我国钼铁进口对比图', 'lizhili', '16', '　钼精矿市场：今日40-45%钼精矿主流报价1540-1570元/吨度附近，47%及以上品位1560-1580元/吨度，价格暂时持稳，行情仍有继续向上运行迹象。行情短期利好，之前部分商家场外观望，近期开始逐步参与市场。栾川某商家表示，前期矿商停产较多，贸易商多以低库存场外等待行情好转。虽然近期钼精矿价格开始有所好转，但是上调的步伐依然较慢。与成本相比，盈利空间较小。期待后期继续上行。\n                    \n                    　　钼铁市场：钼铁价格暂时保持平稳，市场主流报价10.7-11万元/吨（现款-承兑）。当前，在行情利好带动下，有商家报价呈现虚高状况，整体现款报价期间10.6-10.8万元/吨为主，承兑10.9-11.1万元/吨左右。市场需求尚无完全释放，高价成交偏少。月底部分钢厂招标会逐步启动，钼铁厂家有继续挺价迹象。从近期的钢厂招标来看，钢厂60钼铁的承兑招标价格10.4-10.6万元/吨较为常见，后期有提升空间。\n                    \n                    　　12月21日LME钼期货报价整体保持平稳，3月期钼报价25250/25750美元/吨；15月期钼报价25720/26720美元/吨，LME期钼持仓132手。今日简讯：明年贷款需求将相对旺盛，城镇化为信贷投放重点；中金：新型城镇化难以支持新一轮地产投资；意大利总理蒙蒂递交辞呈，大选或于明年2月举行。\n                    \n                    　　周初外盘钼市部分产品价格仍有上调迹象，欧洲钼铁、氧化钼等都有一定涨幅；美国市场稍显平稳，价格暂稳波动。其次，欧亚将钼氧化物进口关税从5%降至零，这有利增加外部市场对该产品的需求，降低钼铁合金的生产成本，提高外部市场行业竞争力。国内行情运行平稳，主要钼产品价格继续保持在相对高位。同时，市场部分商家报价仍有抬高迹象，加之年底逼近，后期钢厂招标或有新的改观。', '1', '钼,行情,美元', '1', 'lizhili', '2013-01-31 00:00:00', '2013-01-31 00:00:00', '1');
INSERT INTO mu_article VALUES ('75', '2012年1-12月份我国钼铁出口对比图', 'lizhili', '16', '　钼精矿市场：今日40-45%钼精矿主流报价1540-1570元/吨度附近，47%及以上品位1560-1580元/吨度，价格暂时持稳，行情仍有继续向上运行迹象。行情短期利好，之前部分商家场外观望，近期开始逐步参与市场。栾川某商家表示，前期矿商停产较多，贸易商多以低库存场外等待行情好转。虽然近期钼精矿价格开始有所好转，但是上调的步伐依然较慢。与成本相比，盈利空间较小。期待后期继续上行。\n                    \n                    　　钼铁市场：钼铁价格暂时保持平稳，市场主流报价10.7-11万元/吨（现款-承兑）。当前，在行情利好带动下，有商家报价呈现虚高状况，整体现款报价期间10.6-10.8万元/吨为主，承兑10.9-11.1万元/吨左右。市场需求尚无完全释放，高价成交偏少。月底部分钢厂招标会逐步启动，钼铁厂家有继续挺价迹象。从近期的钢厂招标来看，钢厂60钼铁的承兑招标价格10.4-10.6万元/吨较为常见，后期有提升空间。\n                    \n                    　　12月21日LME钼期货报价整体保持平稳，3月期钼报价25250/25750美元/吨；15月期钼报价25720/26720美元/吨，LME期钼持仓132手。今日简讯：明年贷款需求将相对旺盛，城镇化为信贷投放重点；中金：新型城镇化难以支持新一轮地产投资；意大利总理蒙蒂递交辞呈，大选或于明年2月举行。\n                    \n                    　　周初外盘钼市部分产品价格仍有上调迹象，欧洲钼铁、氧化钼等都有一定涨幅；美国市场稍显平稳，价格暂稳波动。其次，欧亚将钼氧化物进口关税从5%降至零，这有利增加外部市场对该产品的需求，降低钼铁合金的生产成本，提高外部市场行业竞争力。国内行情运行平稳，主要钼产品价格继续保持在相对高位。同时，市场部分商家报价仍有抬高迹象，加之年底逼近，后期钢厂招标或有新的改观。', '1', '钼,行情,美元', '1', 'lizhili', '2013-01-31 00:00:00', '2013-01-31 00:00:00', '0');
INSERT INTO mu_article VALUES ('76', '2011年4月份钼系产品月报告', 'lizhili', '16', '　钼精矿市场：今日40-45%钼精矿主流报价1540-1570元/吨度附近，47%及以上品位1560-1580元/吨度，价格暂时持稳，行情仍有继续向上运行迹象。行情短期利好，之前部分商家场外观望，近期开始逐步参与市场。栾川某商家表示，前期矿商停产较多，贸易商多以低库存场外等待行情好转。虽然近期钼精矿价格开始有所好转，但是上调的步伐依然较慢。与成本相比，盈利空间较小。期待后期继续上行。\n                    \n                    　　钼铁市场：钼铁价格暂时保持平稳，市场主流报价10.7-11万元/吨（现款-承兑）。当前，在行情利好带动下，有商家报价呈现虚高状况，整体现款报价期间10.6-10.8万元/吨为主，承兑10.9-11.1万元/吨左右。市场需求尚无完全释放，高价成交偏少。月底部分钢厂招标会逐步启动，钼铁厂家有继续挺价迹象。从近期的钢厂招标来看，钢厂60钼铁的承兑招标价格10.4-10.6万元/吨较为常见，后期有提升空间。\n                    \n                    　　12月21日LME钼期货报价整体保持平稳，3月期钼报价25250/25750美元/吨；15月期钼报价25720/26720美元/吨，LME期钼持仓132手。今日简讯：明年贷款需求将相对旺盛，城镇化为信贷投放重点；中金：新型城镇化难以支持新一轮地产投资；意大利总理蒙蒂递交辞呈，大选或于明年2月举行。\n                    \n                    　　周初外盘钼市部分产品价格仍有上调迹象，欧洲钼铁、氧化钼等都有一定涨幅；美国市场稍显平稳，价格暂稳波动。其次，欧亚将钼氧化物进口关税从5%降至零，这有利增加外部市场对该产品的需求，降低钼铁合金的生产成本，提高外部市场行业竞争力。国内行情运行平稳，主要钼产品价格继续保持在相对高位。同时，市场部分商家报价仍有抬高迹象，加之年底逼近，后期钢厂招标或有新的改观。', '1', '钼,行情,美元', '1', 'lizhili', '2013-01-31 00:00:00', '2013-01-31 00:00:00', '0');
INSERT INTO mu_article VALUES ('77', '2012年1-12月国际氧化钼价格走势图', 'lizhili', '16', '　钼精矿市场：今日40-45%钼精矿主流报价1540-1570元/吨度附近，47%及以上品位1560-1580元/吨度，价格暂时持稳，行情仍有继续向上运行迹象。行情短期利好，之前部分商家场外观望，近期开始逐步参与市场。栾川某商家表示，前期矿商停产较多，贸易商多以低库存场外等待行情好转。虽然近期钼精矿价格开始有所好转，但是上调的步伐依然较慢。与成本相比，盈利空间较小。期待后期继续上行。\n                    \n                    　　钼铁市场：钼铁价格暂时保持平稳，市场主流报价10.7-11万元/吨（现款-承兑）。当前，在行情利好带动下，有商家报价呈现虚高状况，整体现款报价期间10.6-10.8万元/吨为主，承兑10.9-11.1万元/吨左右。市场需求尚无完全释放，高价成交偏少。月底部分钢厂招标会逐步启动，钼铁厂家有继续挺价迹象。从近期的钢厂招标来看，钢厂60钼铁的承兑招标价格10.4-10.6万元/吨较为常见，后期有提升空间。\n                    \n                    　　12月21日LME钼期货报价整体保持平稳，3月期钼报价25250/25750美元/吨；15月期钼报价25720/26720美元/吨，LME期钼持仓132手。今日简讯：明年贷款需求将相对旺盛，城镇化为信贷投放重点；中金：新型城镇化难以支持新一轮地产投资；意大利总理蒙蒂递交辞呈，大选或于明年2月举行。\n                    \n                    　　周初外盘钼市部分产品价格仍有上调迹象，欧洲钼铁、氧化钼等都有一定涨幅；美国市场稍显平稳，价格暂稳波动。其次，欧亚将钼氧化物进口关税从5%降至零，这有利增加外部市场对该产品的需求，降低钼铁合金的生产成本，提高外部市场行业竞争力。国内行情运行平稳，主要钼产品价格继续保持在相对高位。同时，市场部分商家报价仍有抬高迹象，加之年底逼近，后期钢厂招标或有新的改观。', '1', '钼,行情,美元', '1', 'lizhili', '2013-01-31 00:00:00', '2013-01-31 00:00:00', '1');
INSERT INTO mu_article VALUES ('78', '2012年1-12月份我国钼铁出口对比图', 'lizhili', '16', '　钼精矿市场：今日40-45%钼精矿主流报价1540-1570元/吨度附近，47%及以上品位1560-1580元/吨度，价格暂时持稳，行情仍有继续向上运行迹象。行情短期利好，之前部分商家场外观望，近期开始逐步参与市场。栾川某商家表示，前期矿商停产较多，贸易商多以低库存场外等待行情好转。虽然近期钼精矿价格开始有所好转，但是上调的步伐依然较慢。与成本相比，盈利空间较小。期待后期继续上行。\n                    \n                    　　钼铁市场：钼铁价格暂时保持平稳，市场主流报价10.7-11万元/吨（现款-承兑）。当前，在行情利好带动下，有商家报价呈现虚高状况，整体现款报价期间10.6-10.8万元/吨为主，承兑10.9-11.1万元/吨左右。市场需求尚无完全释放，高价成交偏少。月底部分钢厂招标会逐步启动，钼铁厂家有继续挺价迹象。从近期的钢厂招标来看，钢厂60钼铁的承兑招标价格10.4-10.6万元/吨较为常见，后期有提升空间。\n                    \n                    　　12月21日LME钼期货报价整体保持平稳，3月期钼报价25250/25750美元/吨；15月期钼报价25720/26720美元/吨，LME期钼持仓132手。今日简讯：明年贷款需求将相对旺盛，城镇化为信贷投放重点；中金：新型城镇化难以支持新一轮地产投资；意大利总理蒙蒂递交辞呈，大选或于明年2月举行。\n                    \n                    　　周初外盘钼市部分产品价格仍有上调迹象，欧洲钼铁、氧化钼等都有一定涨幅；美国市场稍显平稳，价格暂稳波动。其次，欧亚将钼氧化物进口关税从5%降至零，这有利增加外部市场对该产品的需求，降低钼铁合金的生产成本，提高外部市场行业竞争力。国内行情运行平稳，主要钼产品价格继续保持在相对高位。同时，市场部分商家报价仍有抬高迹象，加之年底逼近，后期钢厂招标或有新的改观。', '1', '钼,行情,美元', '1', 'lizhili', '2013-01-31 00:00:00', '2013-01-31 00:00:00', '1');
INSERT INTO mu_article VALUES ('79', '2012年12月国际钼铁价格走势图', 'lizhili', '16', '　钼精矿市场：今日40-45%钼精矿主流报价1540-1570元/吨度附近，47%及以上品位1560-1580元/吨度，价格暂时持稳，行情仍有继续向上运行迹象。行情短期利好，之前部分商家场外观望，近期开始逐步参与市场。栾川某商家表示，前期矿商停产较多，贸易商多以低库存场外等待行情好转。虽然近期钼精矿价格开始有所好转，但是上调的步伐依然较慢。与成本相比，盈利空间较小。期待后期继续上行。\n                    \n                    　　钼铁市场：钼铁价格暂时保持平稳，市场主流报价10.7-11万元/吨（现款-承兑）。当前，在行情利好带动下，有商家报价呈现虚高状况，整体现款报价期间10.6-10.8万元/吨为主，承兑10.9-11.1万元/吨左右。市场需求尚无完全释放，高价成交偏少。月底部分钢厂招标会逐步启动，钼铁厂家有继续挺价迹象。从近期的钢厂招标来看，钢厂60钼铁的承兑招标价格10.4-10.6万元/吨较为常见，后期有提升空间。\n                    \n                    　　12月21日LME钼期货报价整体保持平稳，3月期钼报价25250/25750美元/吨；15月期钼报价25720/26720美元/吨，LME期钼持仓132手。今日简讯：明年贷款需求将相对旺盛，城镇化为信贷投放重点；中金：新型城镇化难以支持新一轮地产投资；意大利总理蒙蒂递交辞呈，大选或于明年2月举行。\n                    \n                    　　周初外盘钼市部分产品价格仍有上调迹象，欧洲钼铁、氧化钼等都有一定涨幅；美国市场稍显平稳，价格暂稳波动。其次，欧亚将钼氧化物进口关税从5%降至零，这有利增加外部市场对该产品的需求，降低钼铁合金的生产成本，提高外部市场行业竞争力。国内行情运行平稳，主要钼产品价格继续保持在相对高位。同时，市场部分商家报价仍有抬高迹象，加之年底逼近，后期钢厂招标或有新的改观。', '1', '钼,行情,美元', '1', 'lizhili', '2013-01-31 00:00:00', '2013-01-31 00:00:00', '1');
INSERT INTO mu_article VALUES ('80', '2012年1-12月国际氧化钼价格走势图', 'lizhili', '16', '　钼精矿市场：今日40-45%钼精矿主流报价1540-1570元/吨度附近，47%及以上品位1560-1580元/吨度，价格暂时持稳，行情仍有继续向上运行迹象。行情短期利好，之前部分商家场外观望，近期开始逐步参与市场。栾川某商家表示，前期矿商停产较多，贸易商多以低库存场外等待行情好转。虽然近期钼精矿价格开始有所好转，但是上调的步伐依然较慢。与成本相比，盈利空间较小。期待后期继续上行。\n                    \n                    　　钼铁市场：钼铁价格暂时保持平稳，市场主流报价10.7-11万元/吨（现款-承兑）。当前，在行情利好带动下，有商家报价呈现虚高状况，整体现款报价期间10.6-10.8万元/吨为主，承兑10.9-11.1万元/吨左右。市场需求尚无完全释放，高价成交偏少。月底部分钢厂招标会逐步启动，钼铁厂家有继续挺价迹象。从近期的钢厂招标来看，钢厂60钼铁的承兑招标价格10.4-10.6万元/吨较为常见，后期有提升空间。\n                    \n                    　　12月21日LME钼期货报价整体保持平稳，3月期钼报价25250/25750美元/吨；15月期钼报价25720/26720美元/吨，LME期钼持仓132手。今日简讯：明年贷款需求将相对旺盛，城镇化为信贷投放重点；中金：新型城镇化难以支持新一轮地产投资；意大利总理蒙蒂递交辞呈，大选或于明年2月举行。\n                    \n                    　　周初外盘钼市部分产品价格仍有上调迹象，欧洲钼铁、氧化钼等都有一定涨幅；美国市场稍显平稳，价格暂稳波动。其次，欧亚将钼氧化物进口关税从5%降至零，这有利增加外部市场对该产品的需求，降低钼铁合金的生产成本，提高外部市场行业竞争力。国内行情运行平稳，主要钼产品价格继续保持在相对高位。同时，市场部分商家报价仍有抬高迹象，加之年底逼近，后期钢厂招标或有新的改观。', '1', '钼,行情,美元', '1', 'lizhili', '2013-01-31 00:00:00', '2013-01-31 00:00:00', '0');
INSERT INTO mu_article VALUES ('81', '2012年12月国内氧化钼价格走势图', 'lizhili', '16', '　钼精矿市场：今日40-45%钼精矿主流报价1540-1570元/吨度附近，47%及以上品位1560-1580元/吨度，价格暂时持稳，行情仍有继续向上运行迹象。行情短期利好，之前部分商家场外观望，近期开始逐步参与市场。栾川某商家表示，前期矿商停产较多，贸易商多以低库存场外等待行情好转。虽然近期钼精矿价格开始有所好转，但是上调的步伐依然较慢。与成本相比，盈利空间较小。期待后期继续上行。\n                    \n                    　　钼铁市场：钼铁价格暂时保持平稳，市场主流报价10.7-11万元/吨（现款-承兑）。当前，在行情利好带动下，有商家报价呈现虚高状况，整体现款报价期间10.6-10.8万元/吨为主，承兑10.9-11.1万元/吨左右。市场需求尚无完全释放，高价成交偏少。月底部分钢厂招标会逐步启动，钼铁厂家有继续挺价迹象。从近期的钢厂招标来看，钢厂60钼铁的承兑招标价格10.4-10.6万元/吨较为常见，后期有提升空间。\n                    \n                    　　12月21日LME钼期货报价整体保持平稳，3月期钼报价25250/25750美元/吨；15月期钼报价25720/26720美元/吨，LME期钼持仓132手。今日简讯：明年贷款需求将相对旺盛，城镇化为信贷投放重点；中金：新型城镇化难以支持新一轮地产投资；意大利总理蒙蒂递交辞呈，大选或于明年2月举行。\n                    \n                    　　周初外盘钼市部分产品价格仍有上调迹象，欧洲钼铁、氧化钼等都有一定涨幅；美国市场稍显平稳，价格暂稳波动。其次，欧亚将钼氧化物进口关税从5%降至零，这有利增加外部市场对该产品的需求，降低钼铁合金的生产成本，提高外部市场行业竞争力。国内行情运行平稳，主要钼产品价格继续保持在相对高位。同时，市场部分商家报价仍有抬高迹象，加之年底逼近，后期钢厂招标或有新的改观。', '1', '钼,行情,美元', '1', 'lizhili', '2013-01-31 00:00:00', '2013-01-31 00:00:00', '0');
INSERT INTO mu_article VALUES ('82', '2012年1-12月国际氧化钼价格走势图', 'lizhili', '16', '　钼精矿市场：今日40-45%钼精矿主流报价1540-1570元/吨度附近，47%及以上品位1560-1580元/吨度，价格暂时持稳，行情仍有继续向上运行迹象。行情短期利好，之前部分商家场外观望，近期开始逐步参与市场。栾川某商家表示，前期矿商停产较多，贸易商多以低库存场外等待行情好转。虽然近期钼精矿价格开始有所好转，但是上调的步伐依然较慢。与成本相比，盈利空间较小。期待后期继续上行。\n                    \n                    　　钼铁市场：钼铁价格暂时保持平稳，市场主流报价10.7-11万元/吨（现款-承兑）。当前，在行情利好带动下，有商家报价呈现虚高状况，整体现款报价期间10.6-10.8万元/吨为主，承兑10.9-11.1万元/吨左右。市场需求尚无完全释放，高价成交偏少。月底部分钢厂招标会逐步启动，钼铁厂家有继续挺价迹象。从近期的钢厂招标来看，钢厂60钼铁的承兑招标价格10.4-10.6万元/吨较为常见，后期有提升空间。\n                    \n                    　　12月21日LME钼期货报价整体保持平稳，3月期钼报价25250/25750美元/吨；15月期钼报价25720/26720美元/吨，LME期钼持仓132手。今日简讯：明年贷款需求将相对旺盛，城镇化为信贷投放重点；中金：新型城镇化难以支持新一轮地产投资；意大利总理蒙蒂递交辞呈，大选或于明年2月举行。\n                    \n                    　　周初外盘钼市部分产品价格仍有上调迹象，欧洲钼铁、氧化钼等都有一定涨幅；美国市场稍显平稳，价格暂稳波动。其次，欧亚将钼氧化物进口关税从5%降至零，这有利增加外部市场对该产品的需求，降低钼铁合金的生产成本，提高外部市场行业竞争力。国内行情运行平稳，主要钼产品价格继续保持在相对高位。同时，市场部分商家报价仍有抬高迹象，加之年底逼近，后期钢厂招标或有新的改观。', '1', '钼,行情,美元', '1', 'lizhili', '2013-01-31 00:00:00', '2013-01-31 00:00:00', '1');
INSERT INTO mu_article VALUES ('83', '2012年12月国内氧化钼价格走势图', 'lizhili', '16', '　钼精矿市场：今日40-45%钼精矿主流报价1540-1570元/吨度附近，47%及以上品位1560-1580元/吨度，价格暂时持稳，行情仍有继续向上运行迹象。行情短期利好，之前部分商家场外观望，近期开始逐步参与市场。栾川某商家表示，前期矿商停产较多，贸易商多以低库存场外等待行情好转。虽然近期钼精矿价格开始有所好转，但是上调的步伐依然较慢。与成本相比，盈利空间较小。期待后期继续上行。\n                    \n                    　　钼铁市场：钼铁价格暂时保持平稳，市场主流报价10.7-11万元/吨（现款-承兑）。当前，在行情利好带动下，有商家报价呈现虚高状况，整体现款报价期间10.6-10.8万元/吨为主，承兑10.9-11.1万元/吨左右。市场需求尚无完全释放，高价成交偏少。月底部分钢厂招标会逐步启动，钼铁厂家有继续挺价迹象。从近期的钢厂招标来看，钢厂60钼铁的承兑招标价格10.4-10.6万元/吨较为常见，后期有提升空间。\n                    \n                    　　12月21日LME钼期货报价整体保持平稳，3月期钼报价25250/25750美元/吨；15月期钼报价25720/26720美元/吨，LME期钼持仓132手。今日简讯：明年贷款需求将相对旺盛，城镇化为信贷投放重点；中金：新型城镇化难以支持新一轮地产投资；意大利总理蒙蒂递交辞呈，大选或于明年2月举行。\n                    \n                    　　周初外盘钼市部分产品价格仍有上调迹象，欧洲钼铁、氧化钼等都有一定涨幅；美国市场稍显平稳，价格暂稳波动。其次，欧亚将钼氧化物进口关税从5%降至零，这有利增加外部市场对该产品的需求，降低钼铁合金的生产成本，提高外部市场行业竞争力。国内行情运行平稳，主要钼产品价格继续保持在相对高位。同时，市场部分商家报价仍有抬高迹象，加之年底逼近，后期钢厂招标或有新的改观。', '1', '钼,行情,美元', '1', 'lizhili', '2013-01-31 00:00:00', '2013-01-31 00:00:00', '1');
INSERT INTO mu_article VALUES ('84', '2012年1-12月国际氧化钼价格走势图', 'lizhili', '16', '　钼精矿市场：今日40-45%钼精矿主流报价1540-1570元/吨度附近，47%及以上品位1560-1580元/吨度，价格暂时持稳，行情仍有继续向上运行迹象。行情短期利好，之前部分商家场外观望，近期开始逐步参与市场。栾川某商家表示，前期矿商停产较多，贸易商多以低库存场外等待行情好转。虽然近期钼精矿价格开始有所好转，但是上调的步伐依然较慢。与成本相比，盈利空间较小。期待后期继续上行。\n                    \n                    　　钼铁市场：钼铁价格暂时保持平稳，市场主流报价10.7-11万元/吨（现款-承兑）。当前，在行情利好带动下，有商家报价呈现虚高状况，整体现款报价期间10.6-10.8万元/吨为主，承兑10.9-11.1万元/吨左右。市场需求尚无完全释放，高价成交偏少。月底部分钢厂招标会逐步启动，钼铁厂家有继续挺价迹象。从近期的钢厂招标来看，钢厂60钼铁的承兑招标价格10.4-10.6万元/吨较为常见，后期有提升空间。\n                    \n                    　　12月21日LME钼期货报价整体保持平稳，3月期钼报价25250/25750美元/吨；15月期钼报价25720/26720美元/吨，LME期钼持仓132手。今日简讯：明年贷款需求将相对旺盛，城镇化为信贷投放重点；中金：新型城镇化难以支持新一轮地产投资；意大利总理蒙蒂递交辞呈，大选或于明年2月举行。\n                    \n                    　　周初外盘钼市部分产品价格仍有上调迹象，欧洲钼铁、氧化钼等都有一定涨幅；美国市场稍显平稳，价格暂稳波动。其次，欧亚将钼氧化物进口关税从5%降至零，这有利增加外部市场对该产品的需求，降低钼铁合金的生产成本，提高外部市场行业竞争力。国内行情运行平稳，主要钼产品价格继续保持在相对高位。同时，市场部分商家报价仍有抬高迹象，加之年底逼近，后期钢厂招标或有新的改观。', '1', '钼,行情,美元', '1', 'lizhili', '2013-01-31 00:00:00', '2013-01-31 00:00:00', '1');
INSERT INTO mu_article VALUES ('85', '2012年12月国际氧化钼价格走势图', 'lizhili', '16', '　钼精矿市场：今日40-45%钼精矿主流报价1540-1570元/吨度附近，47%及以上品位1560-1580元/吨度，价格暂时持稳，行情仍有继续向上运行迹象。行情短期利好，之前部分商家场外观望，近期开始逐步参与市场。栾川某商家表示，前期矿商停产较多，贸易商多以低库存场外等待行情好转。虽然近期钼精矿价格开始有所好转，但是上调的步伐依然较慢。与成本相比，盈利空间较小。期待后期继续上行。\n                    \n                    　　钼铁市场：钼铁价格暂时保持平稳，市场主流报价10.7-11万元/吨（现款-承兑）。当前，在行情利好带动下，有商家报价呈现虚高状况，整体现款报价期间10.6-10.8万元/吨为主，承兑10.9-11.1万元/吨左右。市场需求尚无完全释放，高价成交偏少。月底部分钢厂招标会逐步启动，钼铁厂家有继续挺价迹象。从近期的钢厂招标来看，钢厂60钼铁的承兑招标价格10.4-10.6万元/吨较为常见，后期有提升空间。\n                    \n                    　　12月21日LME钼期货报价整体保持平稳，3月期钼报价25250/25750美元/吨；15月期钼报价25720/26720美元/吨，LME期钼持仓132手。今日简讯：明年贷款需求将相对旺盛，城镇化为信贷投放重点；中金：新型城镇化难以支持新一轮地产投资；意大利总理蒙蒂递交辞呈，大选或于明年2月举行。\n                    \n                    　　周初外盘钼市部分产品价格仍有上调迹象，欧洲钼铁、氧化钼等都有一定涨幅；美国市场稍显平稳，价格暂稳波动。其次，欧亚将钼氧化物进口关税从5%降至零，这有利增加外部市场对该产品的需求，降低钼铁合金的生产成本，提高外部市场行业竞争力。国内行情运行平稳，主要钼产品价格继续保持在相对高位。同时，市场部分商家报价仍有抬高迹象，加之年底逼近，后期钢厂招标或有新的改观。', '1', '钼,行情,美元', '1', 'lizhili', '2013-01-31 00:00:00', '2013-01-31 00:00:00', '1');
INSERT INTO mu_article VALUES ('86', '2012年12月国际钼铁价格走势图', 'lizhili', '16', '　钼精矿市场：今日40-45%钼精矿主流报价1540-1570元/吨度附近，47%及以上品位1560-1580元/吨度，价格暂时持稳，行情仍有继续向上运行迹象。行情短期利好，之前部分商家场外观望，近期开始逐步参与市场。栾川某商家表示，前期矿商停产较多，贸易商多以低库存场外等待行情好转。虽然近期钼精矿价格开始有所好转，但是上调的步伐依然较慢。与成本相比，盈利空间较小。期待后期继续上行。\n                    \n                    　　钼铁市场：钼铁价格暂时保持平稳，市场主流报价10.7-11万元/吨（现款-承兑）。当前，在行情利好带动下，有商家报价呈现虚高状况，整体现款报价期间10.6-10.8万元/吨为主，承兑10.9-11.1万元/吨左右。市场需求尚无完全释放，高价成交偏少。月底部分钢厂招标会逐步启动，钼铁厂家有继续挺价迹象。从近期的钢厂招标来看，钢厂60钼铁的承兑招标价格10.4-10.6万元/吨较为常见，后期有提升空间。\n                    \n                    　　12月21日LME钼期货报价整体保持平稳，3月期钼报价25250/25750美元/吨；15月期钼报价25720/26720美元/吨，LME期钼持仓132手。今日简讯：明年贷款需求将相对旺盛，城镇化为信贷投放重点；中金：新型城镇化难以支持新一轮地产投资；意大利总理蒙蒂递交辞呈，大选或于明年2月举行。\n                    \n                    　　周初外盘钼市部分产品价格仍有上调迹象，欧洲钼铁、氧化钼等都有一定涨幅；美国市场稍显平稳，价格暂稳波动。其次，欧亚将钼氧化物进口关税从5%降至零，这有利增加外部市场对该产品的需求，降低钼铁合金的生产成本，提高外部市场行业竞争力。国内行情运行平稳，主要钼产品价格继续保持在相对高位。同时，市场部分商家报价仍有抬高迹象，加之年底逼近，后期钢厂招标或有新的改观。', '1', '钼,行情,美元', '1', 'lizhili', '2013-01-31 00:00:00', '2013-01-31 00:00:00', '0');
INSERT INTO mu_article VALUES ('87', '2011年4月份钼系产品月报告', 'lizhili', '16', '　钼精矿市场：今日40-45%钼精矿主流报价1540-1570元/吨度附近，47%及以上品位1560-1580元/吨度，价格暂时持稳，行情仍有继续向上运行迹象。行情短期利好，之前部分商家场外观望，近期开始逐步参与市场。栾川某商家表示，前期矿商停产较多，贸易商多以低库存场外等待行情好转。虽然近期钼精矿价格开始有所好转，但是上调的步伐依然较慢。与成本相比，盈利空间较小。期待后期继续上行。\n                    \n                    　　钼铁市场：钼铁价格暂时保持平稳，市场主流报价10.7-11万元/吨（现款-承兑）。当前，在行情利好带动下，有商家报价呈现虚高状况，整体现款报价期间10.6-10.8万元/吨为主，承兑10.9-11.1万元/吨左右。市场需求尚无完全释放，高价成交偏少。月底部分钢厂招标会逐步启动，钼铁厂家有继续挺价迹象。从近期的钢厂招标来看，钢厂60钼铁的承兑招标价格10.4-10.6万元/吨较为常见，后期有提升空间。\n                    \n                    　　12月21日LME钼期货报价整体保持平稳，3月期钼报价25250/25750美元/吨；15月期钼报价25720/26720美元/吨，LME期钼持仓132手。今日简讯：明年贷款需求将相对旺盛，城镇化为信贷投放重点；中金：新型城镇化难以支持新一轮地产投资；意大利总理蒙蒂递交辞呈，大选或于明年2月举行。\n                    \n                    　　周初外盘钼市部分产品价格仍有上调迹象，欧洲钼铁、氧化钼等都有一定涨幅；美国市场稍显平稳，价格暂稳波动。其次，欧亚将钼氧化物进口关税从5%降至零，这有利增加外部市场对该产品的需求，降低钼铁合金的生产成本，提高外部市场行业竞争力。国内行情运行平稳，主要钼产品价格继续保持在相对高位。同时，市场部分商家报价仍有抬高迹象，加之年底逼近，后期钢厂招标或有新的改观。', '1', '钼,行情,美元', '1', 'lizhili', '2013-01-31 00:00:00', '2013-01-31 00:00:00', '1');
INSERT INTO mu_article VALUES ('88', '2011年4月份钼系产品月报告', 'lizhili', '16', '　钼精矿市场：今日40-45%钼精矿主流报价1540-1570元/吨度附近，47%及以上品位1560-1580元/吨度，价格暂时持稳，行情仍有继续向上运行迹象。行情短期利好，之前部分商家场外观望，近期开始逐步参与市场。栾川某商家表示，前期矿商停产较多，贸易商多以低库存场外等待行情好转。虽然近期钼精矿价格开始有所好转，但是上调的步伐依然较慢。与成本相比，盈利空间较小。期待后期继续上行。\n                    \n                    　　钼铁市场：钼铁价格暂时保持平稳，市场主流报价10.7-11万元/吨（现款-承兑）。当前，在行情利好带动下，有商家报价呈现虚高状况，整体现款报价期间10.6-10.8万元/吨为主，承兑10.9-11.1万元/吨左右。市场需求尚无完全释放，高价成交偏少。月底部分钢厂招标会逐步启动，钼铁厂家有继续挺价迹象。从近期的钢厂招标来看，钢厂60钼铁的承兑招标价格10.4-10.6万元/吨较为常见，后期有提升空间。\n                    \n                    　　12月21日LME钼期货报价整体保持平稳，3月期钼报价25250/25750美元/吨；15月期钼报价25720/26720美元/吨，LME期钼持仓132手。今日简讯：明年贷款需求将相对旺盛，城镇化为信贷投放重点；中金：新型城镇化难以支持新一轮地产投资；意大利总理蒙蒂递交辞呈，大选或于明年2月举行。\n                    \n                    　　周初外盘钼市部分产品价格仍有上调迹象，欧洲钼铁、氧化钼等都有一定涨幅；美国市场稍显平稳，价格暂稳波动。其次，欧亚将钼氧化物进口关税从5%降至零，这有利增加外部市场对该产品的需求，降低钼铁合金的生产成本，提高外部市场行业竞争力。国内行情运行平稳，主要钼产品价格继续保持在相对高位。同时，市场部分商家报价仍有抬高迹象，加之年底逼近，后期钢厂招标或有新的改观。', '1', '钼,行情,美元', '1', 'lizhili', '2013-01-31 00:00:00', '2013-01-31 00:00:00', '1');
INSERT INTO mu_article VALUES ('89', '2012年1-12月国际钼铁价格走势图', 'lizhili', '16', '　钼精矿市场：今日40-45%钼精矿主流报价1540-1570元/吨度附近，47%及以上品位1560-1580元/吨度，价格暂时持稳，行情仍有继续向上运行迹象。行情短期利好，之前部分商家场外观望，近期开始逐步参与市场。栾川某商家表示，前期矿商停产较多，贸易商多以低库存场外等待行情好转。虽然近期钼精矿价格开始有所好转，但是上调的步伐依然较慢。与成本相比，盈利空间较小。期待后期继续上行。\n                    \n                    　　钼铁市场：钼铁价格暂时保持平稳，市场主流报价10.7-11万元/吨（现款-承兑）。当前，在行情利好带动下，有商家报价呈现虚高状况，整体现款报价期间10.6-10.8万元/吨为主，承兑10.9-11.1万元/吨左右。市场需求尚无完全释放，高价成交偏少。月底部分钢厂招标会逐步启动，钼铁厂家有继续挺价迹象。从近期的钢厂招标来看，钢厂60钼铁的承兑招标价格10.4-10.6万元/吨较为常见，后期有提升空间。\n                    \n                    　　12月21日LME钼期货报价整体保持平稳，3月期钼报价25250/25750美元/吨；15月期钼报价25720/26720美元/吨，LME期钼持仓132手。今日简讯：明年贷款需求将相对旺盛，城镇化为信贷投放重点；中金：新型城镇化难以支持新一轮地产投资；意大利总理蒙蒂递交辞呈，大选或于明年2月举行。\n                    \n                    　　周初外盘钼市部分产品价格仍有上调迹象，欧洲钼铁、氧化钼等都有一定涨幅；美国市场稍显平稳，价格暂稳波动。其次，欧亚将钼氧化物进口关税从5%降至零，这有利增加外部市场对该产品的需求，降低钼铁合金的生产成本，提高外部市场行业竞争力。国内行情运行平稳，主要钼产品价格继续保持在相对高位。同时，市场部分商家报价仍有抬高迹象，加之年底逼近，后期钢厂招标或有新的改观。', '1', '钼,行情,美元', '1', 'lizhili', '2013-01-31 00:00:00', '2013-01-31 00:00:00', '1');
INSERT INTO mu_article VALUES ('90', '2012年1-12月国际氧化钼价格走势图', 'lizhili', '16', '　钼精矿市场：今日40-45%钼精矿主流报价1540-1570元/吨度附近，47%及以上品位1560-1580元/吨度，价格暂时持稳，行情仍有继续向上运行迹象。行情短期利好，之前部分商家场外观望，近期开始逐步参与市场。栾川某商家表示，前期矿商停产较多，贸易商多以低库存场外等待行情好转。虽然近期钼精矿价格开始有所好转，但是上调的步伐依然较慢。与成本相比，盈利空间较小。期待后期继续上行。\n                    \n                    　　钼铁市场：钼铁价格暂时保持平稳，市场主流报价10.7-11万元/吨（现款-承兑）。当前，在行情利好带动下，有商家报价呈现虚高状况，整体现款报价期间10.6-10.8万元/吨为主，承兑10.9-11.1万元/吨左右。市场需求尚无完全释放，高价成交偏少。月底部分钢厂招标会逐步启动，钼铁厂家有继续挺价迹象。从近期的钢厂招标来看，钢厂60钼铁的承兑招标价格10.4-10.6万元/吨较为常见，后期有提升空间。\n                    \n                    　　12月21日LME钼期货报价整体保持平稳，3月期钼报价25250/25750美元/吨；15月期钼报价25720/26720美元/吨，LME期钼持仓132手。今日简讯：明年贷款需求将相对旺盛，城镇化为信贷投放重点；中金：新型城镇化难以支持新一轮地产投资；意大利总理蒙蒂递交辞呈，大选或于明年2月举行。\n                    \n                    　　周初外盘钼市部分产品价格仍有上调迹象，欧洲钼铁、氧化钼等都有一定涨幅；美国市场稍显平稳，价格暂稳波动。其次，欧亚将钼氧化物进口关税从5%降至零，这有利增加外部市场对该产品的需求，降低钼铁合金的生产成本，提高外部市场行业竞争力。国内行情运行平稳，主要钼产品价格继续保持在相对高位。同时，市场部分商家报价仍有抬高迹象，加之年底逼近，后期钢厂招标或有新的改观。', '1', '钼,行情,美元', '1', 'lizhili', '2013-01-31 00:00:00', '2013-01-31 00:00:00', '0');
INSERT INTO mu_article VALUES ('91', '2012年12月国内钼铁价格走势图', 'lizhili', '16', '　钼精矿市场：今日40-45%钼精矿主流报价1540-1570元/吨度附近，47%及以上品位1560-1580元/吨度，价格暂时持稳，行情仍有继续向上运行迹象。行情短期利好，之前部分商家场外观望，近期开始逐步参与市场。栾川某商家表示，前期矿商停产较多，贸易商多以低库存场外等待行情好转。虽然近期钼精矿价格开始有所好转，但是上调的步伐依然较慢。与成本相比，盈利空间较小。期待后期继续上行。\n                    \n                    　　钼铁市场：钼铁价格暂时保持平稳，市场主流报价10.7-11万元/吨（现款-承兑）。当前，在行情利好带动下，有商家报价呈现虚高状况，整体现款报价期间10.6-10.8万元/吨为主，承兑10.9-11.1万元/吨左右。市场需求尚无完全释放，高价成交偏少。月底部分钢厂招标会逐步启动，钼铁厂家有继续挺价迹象。从近期的钢厂招标来看，钢厂60钼铁的承兑招标价格10.4-10.6万元/吨较为常见，后期有提升空间。\n                    \n                    　　12月21日LME钼期货报价整体保持平稳，3月期钼报价25250/25750美元/吨；15月期钼报价25720/26720美元/吨，LME期钼持仓132手。今日简讯：明年贷款需求将相对旺盛，城镇化为信贷投放重点；中金：新型城镇化难以支持新一轮地产投资；意大利总理蒙蒂递交辞呈，大选或于明年2月举行。\n                    \n                    　　周初外盘钼市部分产品价格仍有上调迹象，欧洲钼铁、氧化钼等都有一定涨幅；美国市场稍显平稳，价格暂稳波动。其次，欧亚将钼氧化物进口关税从5%降至零，这有利增加外部市场对该产品的需求，降低钼铁合金的生产成本，提高外部市场行业竞争力。国内行情运行平稳，主要钼产品价格继续保持在相对高位。同时，市场部分商家报价仍有抬高迹象，加之年底逼近，后期钢厂招标或有新的改观。', '1', '钼,行情,美元', '1', 'lizhili', '2013-01-31 00:00:00', '2013-01-31 00:00:00', '0');
INSERT INTO mu_article VALUES ('92', '2011年4月份钼系产品月报告', 'lizhili', '16', '　钼精矿市场：今日40-45%钼精矿主流报价1540-1570元/吨度附近，47%及以上品位1560-1580元/吨度，价格暂时持稳，行情仍有继续向上运行迹象。行情短期利好，之前部分商家场外观望，近期开始逐步参与市场。栾川某商家表示，前期矿商停产较多，贸易商多以低库存场外等待行情好转。虽然近期钼精矿价格开始有所好转，但是上调的步伐依然较慢。与成本相比，盈利空间较小。期待后期继续上行。\n                    \n                    　　钼铁市场：钼铁价格暂时保持平稳，市场主流报价10.7-11万元/吨（现款-承兑）。当前，在行情利好带动下，有商家报价呈现虚高状况，整体现款报价期间10.6-10.8万元/吨为主，承兑10.9-11.1万元/吨左右。市场需求尚无完全释放，高价成交偏少。月底部分钢厂招标会逐步启动，钼铁厂家有继续挺价迹象。从近期的钢厂招标来看，钢厂60钼铁的承兑招标价格10.4-10.6万元/吨较为常见，后期有提升空间。\n                    \n                    　　12月21日LME钼期货报价整体保持平稳，3月期钼报价25250/25750美元/吨；15月期钼报价25720/26720美元/吨，LME期钼持仓132手。今日简讯：明年贷款需求将相对旺盛，城镇化为信贷投放重点；中金：新型城镇化难以支持新一轮地产投资；意大利总理蒙蒂递交辞呈，大选或于明年2月举行。\n                    \n                    　　周初外盘钼市部分产品价格仍有上调迹象，欧洲钼铁、氧化钼等都有一定涨幅；美国市场稍显平稳，价格暂稳波动。其次，欧亚将钼氧化物进口关税从5%降至零，这有利增加外部市场对该产品的需求，降低钼铁合金的生产成本，提高外部市场行业竞争力。国内行情运行平稳，主要钼产品价格继续保持在相对高位。同时，市场部分商家报价仍有抬高迹象，加之年底逼近，后期钢厂招标或有新的改观。', '1', '钼,行情,美元', '1', 'lizhili', '2013-01-31 00:00:00', '2013-01-31 00:00:00', '1');
INSERT INTO mu_article VALUES ('93', '2011年4月份钼系产品月报告', 'lizhili', '16', '　钼精矿市场：今日40-45%钼精矿主流报价1540-1570元/吨度附近，47%及以上品位1560-1580元/吨度，价格暂时持稳，行情仍有继续向上运行迹象。行情短期利好，之前部分商家场外观望，近期开始逐步参与市场。栾川某商家表示，前期矿商停产较多，贸易商多以低库存场外等待行情好转。虽然近期钼精矿价格开始有所好转，但是上调的步伐依然较慢。与成本相比，盈利空间较小。期待后期继续上行。\n                    \n                    　　钼铁市场：钼铁价格暂时保持平稳，市场主流报价10.7-11万元/吨（现款-承兑）。当前，在行情利好带动下，有商家报价呈现虚高状况，整体现款报价期间10.6-10.8万元/吨为主，承兑10.9-11.1万元/吨左右。市场需求尚无完全释放，高价成交偏少。月底部分钢厂招标会逐步启动，钼铁厂家有继续挺价迹象。从近期的钢厂招标来看，钢厂60钼铁的承兑招标价格10.4-10.6万元/吨较为常见，后期有提升空间。\n                    \n                    　　12月21日LME钼期货报价整体保持平稳，3月期钼报价25250/25750美元/吨；15月期钼报价25720/26720美元/吨，LME期钼持仓132手。今日简讯：明年贷款需求将相对旺盛，城镇化为信贷投放重点；中金：新型城镇化难以支持新一轮地产投资；意大利总理蒙蒂递交辞呈，大选或于明年2月举行。\n                    \n                    　　周初外盘钼市部分产品价格仍有上调迹象，欧洲钼铁、氧化钼等都有一定涨幅；美国市场稍显平稳，价格暂稳波动。其次，欧亚将钼氧化物进口关税从5%降至零，这有利增加外部市场对该产品的需求，降低钼铁合金的生产成本，提高外部市场行业竞争力。国内行情运行平稳，主要钼产品价格继续保持在相对高位。同时，市场部分商家报价仍有抬高迹象，加之年底逼近，后期钢厂招标或有新的改观。', '1', '钼,行情,美元', '1', 'lizhili', '2013-01-31 00:00:00', '2013-01-31 00:00:00', '0');
INSERT INTO mu_article VALUES ('94', '2012年1-12月国际钼铁价格走势图', 'lizhili', '16', '　钼精矿市场：今日40-45%钼精矿主流报价1540-1570元/吨度附近，47%及以上品位1560-1580元/吨度，价格暂时持稳，行情仍有继续向上运行迹象。行情短期利好，之前部分商家场外观望，近期开始逐步参与市场。栾川某商家表示，前期矿商停产较多，贸易商多以低库存场外等待行情好转。虽然近期钼精矿价格开始有所好转，但是上调的步伐依然较慢。与成本相比，盈利空间较小。期待后期继续上行。\n                    \n                    　　钼铁市场：钼铁价格暂时保持平稳，市场主流报价10.7-11万元/吨（现款-承兑）。当前，在行情利好带动下，有商家报价呈现虚高状况，整体现款报价期间10.6-10.8万元/吨为主，承兑10.9-11.1万元/吨左右。市场需求尚无完全释放，高价成交偏少。月底部分钢厂招标会逐步启动，钼铁厂家有继续挺价迹象。从近期的钢厂招标来看，钢厂60钼铁的承兑招标价格10.4-10.6万元/吨较为常见，后期有提升空间。\n                    \n                    　　12月21日LME钼期货报价整体保持平稳，3月期钼报价25250/25750美元/吨；15月期钼报价25720/26720美元/吨，LME期钼持仓132手。今日简讯：明年贷款需求将相对旺盛，城镇化为信贷投放重点；中金：新型城镇化难以支持新一轮地产投资；意大利总理蒙蒂递交辞呈，大选或于明年2月举行。\n                    \n                    　　周初外盘钼市部分产品价格仍有上调迹象，欧洲钼铁、氧化钼等都有一定涨幅；美国市场稍显平稳，价格暂稳波动。其次，欧亚将钼氧化物进口关税从5%降至零，这有利增加外部市场对该产品的需求，降低钼铁合金的生产成本，提高外部市场行业竞争力。国内行情运行平稳，主要钼产品价格继续保持在相对高位。同时，市场部分商家报价仍有抬高迹象，加之年底逼近，后期钢厂招标或有新的改观。', '1', '钼,行情,美元', '1', 'lizhili', '2013-01-31 00:00:00', '2013-01-31 00:00:00', '1');
INSERT INTO mu_article VALUES ('95', '2012年1-12月国际钼铁价格走势图', 'lizhili', '16', '　钼精矿市场：今日40-45%钼精矿主流报价1540-1570元/吨度附近，47%及以上品位1560-1580元/吨度，价格暂时持稳，行情仍有继续向上运行迹象。行情短期利好，之前部分商家场外观望，近期开始逐步参与市场。栾川某商家表示，前期矿商停产较多，贸易商多以低库存场外等待行情好转。虽然近期钼精矿价格开始有所好转，但是上调的步伐依然较慢。与成本相比，盈利空间较小。期待后期继续上行。\n                    \n                    　　钼铁市场：钼铁价格暂时保持平稳，市场主流报价10.7-11万元/吨（现款-承兑）。当前，在行情利好带动下，有商家报价呈现虚高状况，整体现款报价期间10.6-10.8万元/吨为主，承兑10.9-11.1万元/吨左右。市场需求尚无完全释放，高价成交偏少。月底部分钢厂招标会逐步启动，钼铁厂家有继续挺价迹象。从近期的钢厂招标来看，钢厂60钼铁的承兑招标价格10.4-10.6万元/吨较为常见，后期有提升空间。\n                    \n                    　　12月21日LME钼期货报价整体保持平稳，3月期钼报价25250/25750美元/吨；15月期钼报价25720/26720美元/吨，LME期钼持仓132手。今日简讯：明年贷款需求将相对旺盛，城镇化为信贷投放重点；中金：新型城镇化难以支持新一轮地产投资；意大利总理蒙蒂递交辞呈，大选或于明年2月举行。\n                    \n                    　　周初外盘钼市部分产品价格仍有上调迹象，欧洲钼铁、氧化钼等都有一定涨幅；美国市场稍显平稳，价格暂稳波动。其次，欧亚将钼氧化物进口关税从5%降至零，这有利增加外部市场对该产品的需求，降低钼铁合金的生产成本，提高外部市场行业竞争力。国内行情运行平稳，主要钼产品价格继续保持在相对高位。同时，市场部分商家报价仍有抬高迹象，加之年底逼近，后期钢厂招标或有新的改观。', '1', '钼,行情,美元', '1', 'lizhili', '2013-01-31 00:00:00', '2013-01-31 00:00:00', '0');
INSERT INTO mu_article VALUES ('96', '2012年12月国际钼铁价格走势图', 'lizhili', '16', '　钼精矿市场：今日40-45%钼精矿主流报价1540-1570元/吨度附近，47%及以上品位1560-1580元/吨度，价格暂时持稳，行情仍有继续向上运行迹象。行情短期利好，之前部分商家场外观望，近期开始逐步参与市场。栾川某商家表示，前期矿商停产较多，贸易商多以低库存场外等待行情好转。虽然近期钼精矿价格开始有所好转，但是上调的步伐依然较慢。与成本相比，盈利空间较小。期待后期继续上行。\n                    \n                    　　钼铁市场：钼铁价格暂时保持平稳，市场主流报价10.7-11万元/吨（现款-承兑）。当前，在行情利好带动下，有商家报价呈现虚高状况，整体现款报价期间10.6-10.8万元/吨为主，承兑10.9-11.1万元/吨左右。市场需求尚无完全释放，高价成交偏少。月底部分钢厂招标会逐步启动，钼铁厂家有继续挺价迹象。从近期的钢厂招标来看，钢厂60钼铁的承兑招标价格10.4-10.6万元/吨较为常见，后期有提升空间。\n                    \n                    　　12月21日LME钼期货报价整体保持平稳，3月期钼报价25250/25750美元/吨；15月期钼报价25720/26720美元/吨，LME期钼持仓132手。今日简讯：明年贷款需求将相对旺盛，城镇化为信贷投放重点；中金：新型城镇化难以支持新一轮地产投资；意大利总理蒙蒂递交辞呈，大选或于明年2月举行。\n                    \n                    　　周初外盘钼市部分产品价格仍有上调迹象，欧洲钼铁、氧化钼等都有一定涨幅；美国市场稍显平稳，价格暂稳波动。其次，欧亚将钼氧化物进口关税从5%降至零，这有利增加外部市场对该产品的需求，降低钼铁合金的生产成本，提高外部市场行业竞争力。国内行情运行平稳，主要钼产品价格继续保持在相对高位。同时，市场部分商家报价仍有抬高迹象，加之年底逼近，后期钢厂招标或有新的改观。', '1', '钼,行情,美元', '1', 'lizhili', '2013-01-31 00:00:00', '2013-01-31 00:00:00', '0');
INSERT INTO mu_article VALUES ('97', '2012年12月国际钼铁价格走势图', 'lizhili', '16', '　钼精矿市场：今日40-45%钼精矿主流报价1540-1570元/吨度附近，47%及以上品位1560-1580元/吨度，价格暂时持稳，行情仍有继续向上运行迹象。行情短期利好，之前部分商家场外观望，近期开始逐步参与市场。栾川某商家表示，前期矿商停产较多，贸易商多以低库存场外等待行情好转。虽然近期钼精矿价格开始有所好转，但是上调的步伐依然较慢。与成本相比，盈利空间较小。期待后期继续上行。\n                    \n                    　　钼铁市场：钼铁价格暂时保持平稳，市场主流报价10.7-11万元/吨（现款-承兑）。当前，在行情利好带动下，有商家报价呈现虚高状况，整体现款报价期间10.6-10.8万元/吨为主，承兑10.9-11.1万元/吨左右。市场需求尚无完全释放，高价成交偏少。月底部分钢厂招标会逐步启动，钼铁厂家有继续挺价迹象。从近期的钢厂招标来看，钢厂60钼铁的承兑招标价格10.4-10.6万元/吨较为常见，后期有提升空间。\n                    \n                    　　12月21日LME钼期货报价整体保持平稳，3月期钼报价25250/25750美元/吨；15月期钼报价25720/26720美元/吨，LME期钼持仓132手。今日简讯：明年贷款需求将相对旺盛，城镇化为信贷投放重点；中金：新型城镇化难以支持新一轮地产投资；意大利总理蒙蒂递交辞呈，大选或于明年2月举行。\n                    \n                    　　周初外盘钼市部分产品价格仍有上调迹象，欧洲钼铁、氧化钼等都有一定涨幅；美国市场稍显平稳，价格暂稳波动。其次，欧亚将钼氧化物进口关税从5%降至零，这有利增加外部市场对该产品的需求，降低钼铁合金的生产成本，提高外部市场行业竞争力。国内行情运行平稳，主要钼产品价格继续保持在相对高位。同时，市场部分商家报价仍有抬高迹象，加之年底逼近，后期钢厂招标或有新的改观。', '1', '钼,行情,美元', '1', 'lizhili', '2013-01-31 00:00:00', '2013-01-31 00:00:00', '0');
INSERT INTO mu_article VALUES ('98', '2012年12月国内钼铁价格走势图', 'lizhili', '16', '　钼精矿市场：今日40-45%钼精矿主流报价1540-1570元/吨度附近，47%及以上品位1560-1580元/吨度，价格暂时持稳，行情仍有继续向上运行迹象。行情短期利好，之前部分商家场外观望，近期开始逐步参与市场。栾川某商家表示，前期矿商停产较多，贸易商多以低库存场外等待行情好转。虽然近期钼精矿价格开始有所好转，但是上调的步伐依然较慢。与成本相比，盈利空间较小。期待后期继续上行。\n                    \n                    　　钼铁市场：钼铁价格暂时保持平稳，市场主流报价10.7-11万元/吨（现款-承兑）。当前，在行情利好带动下，有商家报价呈现虚高状况，整体现款报价期间10.6-10.8万元/吨为主，承兑10.9-11.1万元/吨左右。市场需求尚无完全释放，高价成交偏少。月底部分钢厂招标会逐步启动，钼铁厂家有继续挺价迹象。从近期的钢厂招标来看，钢厂60钼铁的承兑招标价格10.4-10.6万元/吨较为常见，后期有提升空间。\n                    \n                    　　12月21日LME钼期货报价整体保持平稳，3月期钼报价25250/25750美元/吨；15月期钼报价25720/26720美元/吨，LME期钼持仓132手。今日简讯：明年贷款需求将相对旺盛，城镇化为信贷投放重点；中金：新型城镇化难以支持新一轮地产投资；意大利总理蒙蒂递交辞呈，大选或于明年2月举行。\n                    \n                    　　周初外盘钼市部分产品价格仍有上调迹象，欧洲钼铁、氧化钼等都有一定涨幅；美国市场稍显平稳，价格暂稳波动。其次，欧亚将钼氧化物进口关税从5%降至零，这有利增加外部市场对该产品的需求，降低钼铁合金的生产成本，提高外部市场行业竞争力。国内行情运行平稳，主要钼产品价格继续保持在相对高位。同时，市场部分商家报价仍有抬高迹象，加之年底逼近，后期钢厂招标或有新的改观。', '1', '钼,行情,美元', '1', 'lizhili', '2013-01-31 00:00:00', '2013-01-31 00:00:00', '0');
INSERT INTO mu_article VALUES ('99', '2012年12月国际钼铁价格走势图', 'lizhili', '16', '　钼精矿市场：今日40-45%钼精矿主流报价1540-1570元/吨度附近，47%及以上品位1560-1580元/吨度，价格暂时持稳，行情仍有继续向上运行迹象。行情短期利好，之前部分商家场外观望，近期开始逐步参与市场。栾川某商家表示，前期矿商停产较多，贸易商多以低库存场外等待行情好转。虽然近期钼精矿价格开始有所好转，但是上调的步伐依然较慢。与成本相比，盈利空间较小。期待后期继续上行。\n                    \n                    　　钼铁市场：钼铁价格暂时保持平稳，市场主流报价10.7-11万元/吨（现款-承兑）。当前，在行情利好带动下，有商家报价呈现虚高状况，整体现款报价期间10.6-10.8万元/吨为主，承兑10.9-11.1万元/吨左右。市场需求尚无完全释放，高价成交偏少。月底部分钢厂招标会逐步启动，钼铁厂家有继续挺价迹象。从近期的钢厂招标来看，钢厂60钼铁的承兑招标价格10.4-10.6万元/吨较为常见，后期有提升空间。\n                    \n                    　　12月21日LME钼期货报价整体保持平稳，3月期钼报价25250/25750美元/吨；15月期钼报价25720/26720美元/吨，LME期钼持仓132手。今日简讯：明年贷款需求将相对旺盛，城镇化为信贷投放重点；中金：新型城镇化难以支持新一轮地产投资；意大利总理蒙蒂递交辞呈，大选或于明年2月举行。\n                    \n                    　　周初外盘钼市部分产品价格仍有上调迹象，欧洲钼铁、氧化钼等都有一定涨幅；美国市场稍显平稳，价格暂稳波动。其次，欧亚将钼氧化物进口关税从5%降至零，这有利增加外部市场对该产品的需求，降低钼铁合金的生产成本，提高外部市场行业竞争力。国内行情运行平稳，主要钼产品价格继续保持在相对高位。同时，市场部分商家报价仍有抬高迹象，加之年底逼近，后期钢厂招标或有新的改观。', '1', '钼,行情,美元', '1', 'lizhili', '2013-01-31 00:00:00', '2013-01-31 00:00:00', '1');
INSERT INTO mu_article VALUES ('100', '2012年1-12月国内氧化钼价格走势图', 'lizhili', '16', '　钼精矿市场：今日40-45%钼精矿主流报价1540-1570元/吨度附近，47%及以上品位1560-1580元/吨度，价格暂时持稳，行情仍有继续向上运行迹象。行情短期利好，之前部分商家场外观望，近期开始逐步参与市场。栾川某商家表示，前期矿商停产较多，贸易商多以低库存场外等待行情好转。虽然近期钼精矿价格开始有所好转，但是上调的步伐依然较慢。与成本相比，盈利空间较小。期待后期继续上行。\n                    \n                    　　钼铁市场：钼铁价格暂时保持平稳，市场主流报价10.7-11万元/吨（现款-承兑）。当前，在行情利好带动下，有商家报价呈现虚高状况，整体现款报价期间10.6-10.8万元/吨为主，承兑10.9-11.1万元/吨左右。市场需求尚无完全释放，高价成交偏少。月底部分钢厂招标会逐步启动，钼铁厂家有继续挺价迹象。从近期的钢厂招标来看，钢厂60钼铁的承兑招标价格10.4-10.6万元/吨较为常见，后期有提升空间。\n                    \n                    　　12月21日LME钼期货报价整体保持平稳，3月期钼报价25250/25750美元/吨；15月期钼报价25720/26720美元/吨，LME期钼持仓132手。今日简讯：明年贷款需求将相对旺盛，城镇化为信贷投放重点；中金：新型城镇化难以支持新一轮地产投资；意大利总理蒙蒂递交辞呈，大选或于明年2月举行。\n                    \n                    　　周初外盘钼市部分产品价格仍有上调迹象，欧洲钼铁、氧化钼等都有一定涨幅；美国市场稍显平稳，价格暂稳波动。其次，欧亚将钼氧化物进口关税从5%降至零，这有利增加外部市场对该产品的需求，降低钼铁合金的生产成本，提高外部市场行业竞争力。国内行情运行平稳，主要钼产品价格继续保持在相对高位。同时，市场部分商家报价仍有抬高迹象，加之年底逼近，后期钢厂招标或有新的改观。', '1', '钼,行情,美元', '1', 'lizhili', '2013-01-31 00:00:00', '2013-01-31 00:00:00', '1');
INSERT INTO mu_article VALUES ('101', '磨矿介质对钼精矿碳含量影响研究', 'lizhili', '20', '　钼精矿市场：今日40-45%钼精矿主流报价1540-1570元/吨度附近，47%及以上品位1560-1580元/吨度，价格暂时持稳，行情仍有继续向上运行迹象。行情短期利好，之前部分商家场外观望，近期开始逐步参与市场。栾川某商家表示，前期矿商停产较多，贸易商多以低库存场外等待行情好转。虽然近期钼精矿价格开始有所好转，但是上调的步伐依然较慢。与成本相比，盈利空间较小。期待后期继续上行。\n                    \n                    　　钼铁市场：钼铁价格暂时保持平稳，市场主流报价10.7-11万元/吨（现款-承兑）。当前，在行情利好带动下，有商家报价呈现虚高状况，整体现款报价期间10.6-10.8万元/吨为主，承兑10.9-11.1万元/吨左右。市场需求尚无完全释放，高价成交偏少。月底部分钢厂招标会逐步启动，钼铁厂家有继续挺价迹象。从近期的钢厂招标来看，钢厂60钼铁的承兑招标价格10.4-10.6万元/吨较为常见，后期有提升空间。\n                    \n                    　　12月21日LME钼期货报价整体保持平稳，3月期钼报价25250/25750美元/吨；15月期钼报价25720/26720美元/吨，LME期钼持仓132手。今日简讯：明年贷款需求将相对旺盛，城镇化为信贷投放重点；中金：新型城镇化难以支持新一轮地产投资；意大利总理蒙蒂递交辞呈，大选或于明年2月举行。\n                    \n                    　　周初外盘钼市部分产品价格仍有上调迹象，欧洲钼铁、氧化钼等都有一定涨幅；美国市场稍显平稳，价格暂稳波动。其次，欧亚将钼氧化物进口关税从5%降至零，这有利增加外部市场对该产品的需求，降低钼铁合金的生产成本，提高外部市场行业竞争力。国内行情运行平稳，主要钼产品价格继续保持在相对高位。同时，市场部分商家报价仍有抬高迹象，加之年底逼近，后期钢厂招标或有新的改观。', '1', '钼,行情,美元', '1', 'lizhili', '2013-01-31 00:00:00', '2013-01-31 00:00:00', '0');
INSERT INTO mu_article VALUES ('102', '钼矿及其处理', 'lizhili', '20', '　钼精矿市场：今日40-45%钼精矿主流报价1540-1570元/吨度附近，47%及以上品位1560-1580元/吨度，价格暂时持稳，行情仍有继续向上运行迹象。行情短期利好，之前部分商家场外观望，近期开始逐步参与市场。栾川某商家表示，前期矿商停产较多，贸易商多以低库存场外等待行情好转。虽然近期钼精矿价格开始有所好转，但是上调的步伐依然较慢。与成本相比，盈利空间较小。期待后期继续上行。\n                    \n                    　　钼铁市场：钼铁价格暂时保持平稳，市场主流报价10.7-11万元/吨（现款-承兑）。当前，在行情利好带动下，有商家报价呈现虚高状况，整体现款报价期间10.6-10.8万元/吨为主，承兑10.9-11.1万元/吨左右。市场需求尚无完全释放，高价成交偏少。月底部分钢厂招标会逐步启动，钼铁厂家有继续挺价迹象。从近期的钢厂招标来看，钢厂60钼铁的承兑招标价格10.4-10.6万元/吨较为常见，后期有提升空间。\n                    \n                    　　12月21日LME钼期货报价整体保持平稳，3月期钼报价25250/25750美元/吨；15月期钼报价25720/26720美元/吨，LME期钼持仓132手。今日简讯：明年贷款需求将相对旺盛，城镇化为信贷投放重点；中金：新型城镇化难以支持新一轮地产投资；意大利总理蒙蒂递交辞呈，大选或于明年2月举行。\n                    \n                    　　周初外盘钼市部分产品价格仍有上调迹象，欧洲钼铁、氧化钼等都有一定涨幅；美国市场稍显平稳，价格暂稳波动。其次，欧亚将钼氧化物进口关税从5%降至零，这有利增加外部市场对该产品的需求，降低钼铁合金的生产成本，提高外部市场行业竞争力。国内行情运行平稳，主要钼产品价格继续保持在相对高位。同时，市场部分商家报价仍有抬高迹象，加之年底逼近，后期钢厂招标或有新的改观。', '1', '钼,行情,美元', '1', 'lizhili', '2013-01-31 00:00:00', '2013-01-31 00:00:00', '0');
INSERT INTO mu_article VALUES ('103', '钼铁的冶炼', 'lizhili', '20', '　钼精矿市场：今日40-45%钼精矿主流报价1540-1570元/吨度附近，47%及以上品位1560-1580元/吨度，价格暂时持稳，行情仍有继续向上运行迹象。行情短期利好，之前部分商家场外观望，近期开始逐步参与市场。栾川某商家表示，前期矿商停产较多，贸易商多以低库存场外等待行情好转。虽然近期钼精矿价格开始有所好转，但是上调的步伐依然较慢。与成本相比，盈利空间较小。期待后期继续上行。\n                    \n                    　　钼铁市场：钼铁价格暂时保持平稳，市场主流报价10.7-11万元/吨（现款-承兑）。当前，在行情利好带动下，有商家报价呈现虚高状况，整体现款报价期间10.6-10.8万元/吨为主，承兑10.9-11.1万元/吨左右。市场需求尚无完全释放，高价成交偏少。月底部分钢厂招标会逐步启动，钼铁厂家有继续挺价迹象。从近期的钢厂招标来看，钢厂60钼铁的承兑招标价格10.4-10.6万元/吨较为常见，后期有提升空间。\n                    \n                    　　12月21日LME钼期货报价整体保持平稳，3月期钼报价25250/25750美元/吨；15月期钼报价25720/26720美元/吨，LME期钼持仓132手。今日简讯：明年贷款需求将相对旺盛，城镇化为信贷投放重点；中金：新型城镇化难以支持新一轮地产投资；意大利总理蒙蒂递交辞呈，大选或于明年2月举行。\n                    \n                    　　周初外盘钼市部分产品价格仍有上调迹象，欧洲钼铁、氧化钼等都有一定涨幅；美国市场稍显平稳，价格暂稳波动。其次，欧亚将钼氧化物进口关税从5%降至零，这有利增加外部市场对该产品的需求，降低钼铁合金的生产成本，提高外部市场行业竞争力。国内行情运行平稳，主要钼产品价格继续保持在相对高位。同时，市场部分商家报价仍有抬高迹象，加之年底逼近，后期钢厂招标或有新的改观。', '1', '钼,行情,美元', '1', 'lizhili', '2013-01-31 00:00:00', '2013-01-31 00:00:00', '0');
INSERT INTO mu_article VALUES ('104', '钼铁的牌号及其用途', 'lizhili', '20', '　钼精矿市场：今日40-45%钼精矿主流报价1540-1570元/吨度附近，47%及以上品位1560-1580元/吨度，价格暂时持稳，行情仍有继续向上运行迹象。行情短期利好，之前部分商家场外观望，近期开始逐步参与市场。栾川某商家表示，前期矿商停产较多，贸易商多以低库存场外等待行情好转。虽然近期钼精矿价格开始有所好转，但是上调的步伐依然较慢。与成本相比，盈利空间较小。期待后期继续上行。\n                    \n                    　　钼铁市场：钼铁价格暂时保持平稳，市场主流报价10.7-11万元/吨（现款-承兑）。当前，在行情利好带动下，有商家报价呈现虚高状况，整体现款报价期间10.6-10.8万元/吨为主，承兑10.9-11.1万元/吨左右。市场需求尚无完全释放，高价成交偏少。月底部分钢厂招标会逐步启动，钼铁厂家有继续挺价迹象。从近期的钢厂招标来看，钢厂60钼铁的承兑招标价格10.4-10.6万元/吨较为常见，后期有提升空间。\n                    \n                    　　12月21日LME钼期货报价整体保持平稳，3月期钼报价25250/25750美元/吨；15月期钼报价25720/26720美元/吨，LME期钼持仓132手。今日简讯：明年贷款需求将相对旺盛，城镇化为信贷投放重点；中金：新型城镇化难以支持新一轮地产投资；意大利总理蒙蒂递交辞呈，大选或于明年2月举行。\n                    \n                    　　周初外盘钼市部分产品价格仍有上调迹象，欧洲钼铁、氧化钼等都有一定涨幅；美国市场稍显平稳，价格暂稳波动。其次，欧亚将钼氧化物进口关税从5%降至零，这有利增加外部市场对该产品的需求，降低钼铁合金的生产成本，提高外部市场行业竞争力。国内行情运行平稳，主要钼产品价格继续保持在相对高位。同时，市场部分商家报价仍有抬高迹象，加之年底逼近，后期钢厂招标或有新的改观。', '1', '钼,行情,美元', '1', 'lizhili', '2013-01-31 00:00:00', '2013-01-31 00:00:00', '0');
INSERT INTO mu_article VALUES ('105', '钼钨氧化矿选矿工艺', 'lizhili', '20', '　钼精矿市场：今日40-45%钼精矿主流报价1540-1570元/吨度附近，47%及以上品位1560-1580元/吨度，价格暂时持稳，行情仍有继续向上运行迹象。行情短期利好，之前部分商家场外观望，近期开始逐步参与市场。栾川某商家表示，前期矿商停产较多，贸易商多以低库存场外等待行情好转。虽然近期钼精矿价格开始有所好转，但是上调的步伐依然较慢。与成本相比，盈利空间较小。期待后期继续上行。\n                    \n                    　　钼铁市场：钼铁价格暂时保持平稳，市场主流报价10.7-11万元/吨（现款-承兑）。当前，在行情利好带动下，有商家报价呈现虚高状况，整体现款报价期间10.6-10.8万元/吨为主，承兑10.9-11.1万元/吨左右。市场需求尚无完全释放，高价成交偏少。月底部分钢厂招标会逐步启动，钼铁厂家有继续挺价迹象。从近期的钢厂招标来看，钢厂60钼铁的承兑招标价格10.4-10.6万元/吨较为常见，后期有提升空间。\n                    \n                    　　12月21日LME钼期货报价整体保持平稳，3月期钼报价25250/25750美元/吨；15月期钼报价25720/26720美元/吨，LME期钼持仓132手。今日简讯：明年贷款需求将相对旺盛，城镇化为信贷投放重点；中金：新型城镇化难以支持新一轮地产投资；意大利总理蒙蒂递交辞呈，大选或于明年2月举行。\n                    \n                    　　周初外盘钼市部分产品价格仍有上调迹象，欧洲钼铁、氧化钼等都有一定涨幅；美国市场稍显平稳，价格暂稳波动。其次，欧亚将钼氧化物进口关税从5%降至零，这有利增加外部市场对该产品的需求，降低钼铁合金的生产成本，提高外部市场行业竞争力。国内行情运行平稳，主要钼产品价格继续保持在相对高位。同时，市场部分商家报价仍有抬高迹象，加之年底逼近，后期钢厂招标或有新的改观。', '1', '钼,行情,美元', '1', 'lizhili', '2013-01-31 00:00:00', '2013-01-31 00:00:00', '1');
INSERT INTO mu_article VALUES ('106', '钼铁的冶炼', 'lizhili', '20', '　钼精矿市场：今日40-45%钼精矿主流报价1540-1570元/吨度附近，47%及以上品位1560-1580元/吨度，价格暂时持稳，行情仍有继续向上运行迹象。行情短期利好，之前部分商家场外观望，近期开始逐步参与市场。栾川某商家表示，前期矿商停产较多，贸易商多以低库存场外等待行情好转。虽然近期钼精矿价格开始有所好转，但是上调的步伐依然较慢。与成本相比，盈利空间较小。期待后期继续上行。\n                    \n                    　　钼铁市场：钼铁价格暂时保持平稳，市场主流报价10.7-11万元/吨（现款-承兑）。当前，在行情利好带动下，有商家报价呈现虚高状况，整体现款报价期间10.6-10.8万元/吨为主，承兑10.9-11.1万元/吨左右。市场需求尚无完全释放，高价成交偏少。月底部分钢厂招标会逐步启动，钼铁厂家有继续挺价迹象。从近期的钢厂招标来看，钢厂60钼铁的承兑招标价格10.4-10.6万元/吨较为常见，后期有提升空间。\n                    \n                    　　12月21日LME钼期货报价整体保持平稳，3月期钼报价25250/25750美元/吨；15月期钼报价25720/26720美元/吨，LME期钼持仓132手。今日简讯：明年贷款需求将相对旺盛，城镇化为信贷投放重点；中金：新型城镇化难以支持新一轮地产投资；意大利总理蒙蒂递交辞呈，大选或于明年2月举行。\n                    \n                    　　周初外盘钼市部分产品价格仍有上调迹象，欧洲钼铁、氧化钼等都有一定涨幅；美国市场稍显平稳，价格暂稳波动。其次，欧亚将钼氧化物进口关税从5%降至零，这有利增加外部市场对该产品的需求，降低钼铁合金的生产成本，提高外部市场行业竞争力。国内行情运行平稳，主要钼产品价格继续保持在相对高位。同时，市场部分商家报价仍有抬高迹象，加之年底逼近，后期钢厂招标或有新的改观。', '1', '钼,行情,美元', '1', 'lizhili', '2013-01-31 00:00:00', '2013-01-31 00:00:00', '1');
INSERT INTO mu_article VALUES ('107', '钼矿及其处理', 'lizhili', '20', '　钼精矿市场：今日40-45%钼精矿主流报价1540-1570元/吨度附近，47%及以上品位1560-1580元/吨度，价格暂时持稳，行情仍有继续向上运行迹象。行情短期利好，之前部分商家场外观望，近期开始逐步参与市场。栾川某商家表示，前期矿商停产较多，贸易商多以低库存场外等待行情好转。虽然近期钼精矿价格开始有所好转，但是上调的步伐依然较慢。与成本相比，盈利空间较小。期待后期继续上行。\n                    \n                    　　钼铁市场：钼铁价格暂时保持平稳，市场主流报价10.7-11万元/吨（现款-承兑）。当前，在行情利好带动下，有商家报价呈现虚高状况，整体现款报价期间10.6-10.8万元/吨为主，承兑10.9-11.1万元/吨左右。市场需求尚无完全释放，高价成交偏少。月底部分钢厂招标会逐步启动，钼铁厂家有继续挺价迹象。从近期的钢厂招标来看，钢厂60钼铁的承兑招标价格10.4-10.6万元/吨较为常见，后期有提升空间。\n                    \n                    　　12月21日LME钼期货报价整体保持平稳，3月期钼报价25250/25750美元/吨；15月期钼报价25720/26720美元/吨，LME期钼持仓132手。今日简讯：明年贷款需求将相对旺盛，城镇化为信贷投放重点；中金：新型城镇化难以支持新一轮地产投资；意大利总理蒙蒂递交辞呈，大选或于明年2月举行。\n                    \n                    　　周初外盘钼市部分产品价格仍有上调迹象，欧洲钼铁、氧化钼等都有一定涨幅；美国市场稍显平稳，价格暂稳波动。其次，欧亚将钼氧化物进口关税从5%降至零，这有利增加外部市场对该产品的需求，降低钼铁合金的生产成本，提高外部市场行业竞争力。国内行情运行平稳，主要钼产品价格继续保持在相对高位。同时，市场部分商家报价仍有抬高迹象，加之年底逼近，后期钢厂招标或有新的改观。', '1', '钼,行情,美元', '1', 'lizhili', '2013-01-31 00:00:00', '2013-01-31 00:00:00', '1');
INSERT INTO mu_article VALUES ('108', '钼钨氧化矿选矿工艺', 'lizhili', '20', '　钼精矿市场：今日40-45%钼精矿主流报价1540-1570元/吨度附近，47%及以上品位1560-1580元/吨度，价格暂时持稳，行情仍有继续向上运行迹象。行情短期利好，之前部分商家场外观望，近期开始逐步参与市场。栾川某商家表示，前期矿商停产较多，贸易商多以低库存场外等待行情好转。虽然近期钼精矿价格开始有所好转，但是上调的步伐依然较慢。与成本相比，盈利空间较小。期待后期继续上行。\n                    \n                    　　钼铁市场：钼铁价格暂时保持平稳，市场主流报价10.7-11万元/吨（现款-承兑）。当前，在行情利好带动下，有商家报价呈现虚高状况，整体现款报价期间10.6-10.8万元/吨为主，承兑10.9-11.1万元/吨左右。市场需求尚无完全释放，高价成交偏少。月底部分钢厂招标会逐步启动，钼铁厂家有继续挺价迹象。从近期的钢厂招标来看，钢厂60钼铁的承兑招标价格10.4-10.6万元/吨较为常见，后期有提升空间。\n                    \n                    　　12月21日LME钼期货报价整体保持平稳，3月期钼报价25250/25750美元/吨；15月期钼报价25720/26720美元/吨，LME期钼持仓132手。今日简讯：明年贷款需求将相对旺盛，城镇化为信贷投放重点；中金：新型城镇化难以支持新一轮地产投资；意大利总理蒙蒂递交辞呈，大选或于明年2月举行。\n                    \n                    　　周初外盘钼市部分产品价格仍有上调迹象，欧洲钼铁、氧化钼等都有一定涨幅；美国市场稍显平稳，价格暂稳波动。其次，欧亚将钼氧化物进口关税从5%降至零，这有利增加外部市场对该产品的需求，降低钼铁合金的生产成本，提高外部市场行业竞争力。国内行情运行平稳，主要钼产品价格继续保持在相对高位。同时，市场部分商家报价仍有抬高迹象，加之年底逼近，后期钢厂招标或有新的改观。', '1', '钼,行情,美元', '1', 'lizhili', '2013-01-31 00:00:00', '2013-01-31 00:00:00', '1');
INSERT INTO mu_article VALUES ('109', '钼钨氧化矿选矿工艺', 'lizhili', '20', '　钼精矿市场：今日40-45%钼精矿主流报价1540-1570元/吨度附近，47%及以上品位1560-1580元/吨度，价格暂时持稳，行情仍有继续向上运行迹象。行情短期利好，之前部分商家场外观望，近期开始逐步参与市场。栾川某商家表示，前期矿商停产较多，贸易商多以低库存场外等待行情好转。虽然近期钼精矿价格开始有所好转，但是上调的步伐依然较慢。与成本相比，盈利空间较小。期待后期继续上行。\n                    \n                    　　钼铁市场：钼铁价格暂时保持平稳，市场主流报价10.7-11万元/吨（现款-承兑）。当前，在行情利好带动下，有商家报价呈现虚高状况，整体现款报价期间10.6-10.8万元/吨为主，承兑10.9-11.1万元/吨左右。市场需求尚无完全释放，高价成交偏少。月底部分钢厂招标会逐步启动，钼铁厂家有继续挺价迹象。从近期的钢厂招标来看，钢厂60钼铁的承兑招标价格10.4-10.6万元/吨较为常见，后期有提升空间。\n                    \n                    　　12月21日LME钼期货报价整体保持平稳，3月期钼报价25250/25750美元/吨；15月期钼报价25720/26720美元/吨，LME期钼持仓132手。今日简讯：明年贷款需求将相对旺盛，城镇化为信贷投放重点；中金：新型城镇化难以支持新一轮地产投资；意大利总理蒙蒂递交辞呈，大选或于明年2月举行。\n                    \n                    　　周初外盘钼市部分产品价格仍有上调迹象，欧洲钼铁、氧化钼等都有一定涨幅；美国市场稍显平稳，价格暂稳波动。其次，欧亚将钼氧化物进口关税从5%降至零，这有利增加外部市场对该产品的需求，降低钼铁合金的生产成本，提高外部市场行业竞争力。国内行情运行平稳，主要钼产品价格继续保持在相对高位。同时，市场部分商家报价仍有抬高迹象，加之年底逼近，后期钢厂招标或有新的改观。', '1', '钼,行情,美元', '1', 'lizhili', '2013-01-31 00:00:00', '2013-01-31 00:00:00', '0');
INSERT INTO mu_article VALUES ('110', '钼矿及其处理', 'lizhili', '20', '　钼精矿市场：今日40-45%钼精矿主流报价1540-1570元/吨度附近，47%及以上品位1560-1580元/吨度，价格暂时持稳，行情仍有继续向上运行迹象。行情短期利好，之前部分商家场外观望，近期开始逐步参与市场。栾川某商家表示，前期矿商停产较多，贸易商多以低库存场外等待行情好转。虽然近期钼精矿价格开始有所好转，但是上调的步伐依然较慢。与成本相比，盈利空间较小。期待后期继续上行。\n                    \n                    　　钼铁市场：钼铁价格暂时保持平稳，市场主流报价10.7-11万元/吨（现款-承兑）。当前，在行情利好带动下，有商家报价呈现虚高状况，整体现款报价期间10.6-10.8万元/吨为主，承兑10.9-11.1万元/吨左右。市场需求尚无完全释放，高价成交偏少。月底部分钢厂招标会逐步启动，钼铁厂家有继续挺价迹象。从近期的钢厂招标来看，钢厂60钼铁的承兑招标价格10.4-10.6万元/吨较为常见，后期有提升空间。\n                    \n                    　　12月21日LME钼期货报价整体保持平稳，3月期钼报价25250/25750美元/吨；15月期钼报价25720/26720美元/吨，LME期钼持仓132手。今日简讯：明年贷款需求将相对旺盛，城镇化为信贷投放重点；中金：新型城镇化难以支持新一轮地产投资；意大利总理蒙蒂递交辞呈，大选或于明年2月举行。\n                    \n                    　　周初外盘钼市部分产品价格仍有上调迹象，欧洲钼铁、氧化钼等都有一定涨幅；美国市场稍显平稳，价格暂稳波动。其次，欧亚将钼氧化物进口关税从5%降至零，这有利增加外部市场对该产品的需求，降低钼铁合金的生产成本，提高外部市场行业竞争力。国内行情运行平稳，主要钼产品价格继续保持在相对高位。同时，市场部分商家报价仍有抬高迹象，加之年底逼近，后期钢厂招标或有新的改观。', '1', '钼,行情,美元', '1', 'lizhili', '2013-01-31 00:00:00', '2013-01-31 00:00:00', '1');
INSERT INTO mu_article VALUES ('111', '钼铁的牌号及其用途', 'lizhili', '20', '　钼精矿市场：今日40-45%钼精矿主流报价1540-1570元/吨度附近，47%及以上品位1560-1580元/吨度，价格暂时持稳，行情仍有继续向上运行迹象。行情短期利好，之前部分商家场外观望，近期开始逐步参与市场。栾川某商家表示，前期矿商停产较多，贸易商多以低库存场外等待行情好转。虽然近期钼精矿价格开始有所好转，但是上调的步伐依然较慢。与成本相比，盈利空间较小。期待后期继续上行。\n                    \n                    　　钼铁市场：钼铁价格暂时保持平稳，市场主流报价10.7-11万元/吨（现款-承兑）。当前，在行情利好带动下，有商家报价呈现虚高状况，整体现款报价期间10.6-10.8万元/吨为主，承兑10.9-11.1万元/吨左右。市场需求尚无完全释放，高价成交偏少。月底部分钢厂招标会逐步启动，钼铁厂家有继续挺价迹象。从近期的钢厂招标来看，钢厂60钼铁的承兑招标价格10.4-10.6万元/吨较为常见，后期有提升空间。\n                    \n                    　　12月21日LME钼期货报价整体保持平稳，3月期钼报价25250/25750美元/吨；15月期钼报价25720/26720美元/吨，LME期钼持仓132手。今日简讯：明年贷款需求将相对旺盛，城镇化为信贷投放重点；中金：新型城镇化难以支持新一轮地产投资；意大利总理蒙蒂递交辞呈，大选或于明年2月举行。\n                    \n                    　　周初外盘钼市部分产品价格仍有上调迹象，欧洲钼铁、氧化钼等都有一定涨幅；美国市场稍显平稳，价格暂稳波动。其次，欧亚将钼氧化物进口关税从5%降至零，这有利增加外部市场对该产品的需求，降低钼铁合金的生产成本，提高外部市场行业竞争力。国内行情运行平稳，主要钼产品价格继续保持在相对高位。同时，市场部分商家报价仍有抬高迹象，加之年底逼近，后期钢厂招标或有新的改观。', '1', '钼,行情,美元', '1', 'lizhili', '2013-01-31 00:00:00', '2013-01-31 00:00:00', '0');
INSERT INTO mu_article VALUES ('112', '关于钼的一般常识', 'lizhili', '20', '　钼精矿市场：今日40-45%钼精矿主流报价1540-1570元/吨度附近，47%及以上品位1560-1580元/吨度，价格暂时持稳，行情仍有继续向上运行迹象。行情短期利好，之前部分商家场外观望，近期开始逐步参与市场。栾川某商家表示，前期矿商停产较多，贸易商多以低库存场外等待行情好转。虽然近期钼精矿价格开始有所好转，但是上调的步伐依然较慢。与成本相比，盈利空间较小。期待后期继续上行。\n                    \n                    　　钼铁市场：钼铁价格暂时保持平稳，市场主流报价10.7-11万元/吨（现款-承兑）。当前，在行情利好带动下，有商家报价呈现虚高状况，整体现款报价期间10.6-10.8万元/吨为主，承兑10.9-11.1万元/吨左右。市场需求尚无完全释放，高价成交偏少。月底部分钢厂招标会逐步启动，钼铁厂家有继续挺价迹象。从近期的钢厂招标来看，钢厂60钼铁的承兑招标价格10.4-10.6万元/吨较为常见，后期有提升空间。\n                    \n                    　　12月21日LME钼期货报价整体保持平稳，3月期钼报价25250/25750美元/吨；15月期钼报价25720/26720美元/吨，LME期钼持仓132手。今日简讯：明年贷款需求将相对旺盛，城镇化为信贷投放重点；中金：新型城镇化难以支持新一轮地产投资；意大利总理蒙蒂递交辞呈，大选或于明年2月举行。\n                    \n                    　　周初外盘钼市部分产品价格仍有上调迹象，欧洲钼铁、氧化钼等都有一定涨幅；美国市场稍显平稳，价格暂稳波动。其次，欧亚将钼氧化物进口关税从5%降至零，这有利增加外部市场对该产品的需求，降低钼铁合金的生产成本，提高外部市场行业竞争力。国内行情运行平稳，主要钼产品价格继续保持在相对高位。同时，市场部分商家报价仍有抬高迹象，加之年底逼近，后期钢厂招标或有新的改观。', '1', '钼,行情,美元', '1', 'lizhili', '2013-01-31 00:00:00', '2013-01-31 00:00:00', '1');
INSERT INTO mu_article VALUES ('113', '钼铁的牌号及其用途', 'lizhili', '20', '　钼精矿市场：今日40-45%钼精矿主流报价1540-1570元/吨度附近，47%及以上品位1560-1580元/吨度，价格暂时持稳，行情仍有继续向上运行迹象。行情短期利好，之前部分商家场外观望，近期开始逐步参与市场。栾川某商家表示，前期矿商停产较多，贸易商多以低库存场外等待行情好转。虽然近期钼精矿价格开始有所好转，但是上调的步伐依然较慢。与成本相比，盈利空间较小。期待后期继续上行。\n                    \n                    　　钼铁市场：钼铁价格暂时保持平稳，市场主流报价10.7-11万元/吨（现款-承兑）。当前，在行情利好带动下，有商家报价呈现虚高状况，整体现款报价期间10.6-10.8万元/吨为主，承兑10.9-11.1万元/吨左右。市场需求尚无完全释放，高价成交偏少。月底部分钢厂招标会逐步启动，钼铁厂家有继续挺价迹象。从近期的钢厂招标来看，钢厂60钼铁的承兑招标价格10.4-10.6万元/吨较为常见，后期有提升空间。\n                    \n                    　　12月21日LME钼期货报价整体保持平稳，3月期钼报价25250/25750美元/吨；15月期钼报价25720/26720美元/吨，LME期钼持仓132手。今日简讯：明年贷款需求将相对旺盛，城镇化为信贷投放重点；中金：新型城镇化难以支持新一轮地产投资；意大利总理蒙蒂递交辞呈，大选或于明年2月举行。\n                    \n                    　　周初外盘钼市部分产品价格仍有上调迹象，欧洲钼铁、氧化钼等都有一定涨幅；美国市场稍显平稳，价格暂稳波动。其次，欧亚将钼氧化物进口关税从5%降至零，这有利增加外部市场对该产品的需求，降低钼铁合金的生产成本，提高外部市场行业竞争力。国内行情运行平稳，主要钼产品价格继续保持在相对高位。同时，市场部分商家报价仍有抬高迹象，加之年底逼近，后期钢厂招标或有新的改观。', '1', '钼,行情,美元', '1', 'lizhili', '2013-01-31 00:00:00', '2013-01-31 00:00:00', '0');
INSERT INTO mu_article VALUES ('114', '金堆城钼业公司选矿工艺现状分析', 'lizhili', '20', '　钼精矿市场：今日40-45%钼精矿主流报价1540-1570元/吨度附近，47%及以上品位1560-1580元/吨度，价格暂时持稳，行情仍有继续向上运行迹象。行情短期利好，之前部分商家场外观望，近期开始逐步参与市场。栾川某商家表示，前期矿商停产较多，贸易商多以低库存场外等待行情好转。虽然近期钼精矿价格开始有所好转，但是上调的步伐依然较慢。与成本相比，盈利空间较小。期待后期继续上行。\n                    \n                    　　钼铁市场：钼铁价格暂时保持平稳，市场主流报价10.7-11万元/吨（现款-承兑）。当前，在行情利好带动下，有商家报价呈现虚高状况，整体现款报价期间10.6-10.8万元/吨为主，承兑10.9-11.1万元/吨左右。市场需求尚无完全释放，高价成交偏少。月底部分钢厂招标会逐步启动，钼铁厂家有继续挺价迹象。从近期的钢厂招标来看，钢厂60钼铁的承兑招标价格10.4-10.6万元/吨较为常见，后期有提升空间。\n                    \n                    　　12月21日LME钼期货报价整体保持平稳，3月期钼报价25250/25750美元/吨；15月期钼报价25720/26720美元/吨，LME期钼持仓132手。今日简讯：明年贷款需求将相对旺盛，城镇化为信贷投放重点；中金：新型城镇化难以支持新一轮地产投资；意大利总理蒙蒂递交辞呈，大选或于明年2月举行。\n                    \n                    　　周初外盘钼市部分产品价格仍有上调迹象，欧洲钼铁、氧化钼等都有一定涨幅；美国市场稍显平稳，价格暂稳波动。其次，欧亚将钼氧化物进口关税从5%降至零，这有利增加外部市场对该产品的需求，降低钼铁合金的生产成本，提高外部市场行业竞争力。国内行情运行平稳，主要钼产品价格继续保持在相对高位。同时，市场部分商家报价仍有抬高迹象，加之年底逼近，后期钢厂招标或有新的改观。', '1', '钼,行情,美元', '1', 'lizhili', '2013-01-31 00:00:00', '2013-01-31 00:00:00', '1');
INSERT INTO mu_article VALUES ('115', '关于钼的一般常识', 'lizhili', '20', '　钼精矿市场：今日40-45%钼精矿主流报价1540-1570元/吨度附近，47%及以上品位1560-1580元/吨度，价格暂时持稳，行情仍有继续向上运行迹象。行情短期利好，之前部分商家场外观望，近期开始逐步参与市场。栾川某商家表示，前期矿商停产较多，贸易商多以低库存场外等待行情好转。虽然近期钼精矿价格开始有所好转，但是上调的步伐依然较慢。与成本相比，盈利空间较小。期待后期继续上行。\n                    \n                    　　钼铁市场：钼铁价格暂时保持平稳，市场主流报价10.7-11万元/吨（现款-承兑）。当前，在行情利好带动下，有商家报价呈现虚高状况，整体现款报价期间10.6-10.8万元/吨为主，承兑10.9-11.1万元/吨左右。市场需求尚无完全释放，高价成交偏少。月底部分钢厂招标会逐步启动，钼铁厂家有继续挺价迹象。从近期的钢厂招标来看，钢厂60钼铁的承兑招标价格10.4-10.6万元/吨较为常见，后期有提升空间。\n                    \n                    　　12月21日LME钼期货报价整体保持平稳，3月期钼报价25250/25750美元/吨；15月期钼报价25720/26720美元/吨，LME期钼持仓132手。今日简讯：明年贷款需求将相对旺盛，城镇化为信贷投放重点；中金：新型城镇化难以支持新一轮地产投资；意大利总理蒙蒂递交辞呈，大选或于明年2月举行。\n                    \n                    　　周初外盘钼市部分产品价格仍有上调迹象，欧洲钼铁、氧化钼等都有一定涨幅；美国市场稍显平稳，价格暂稳波动。其次，欧亚将钼氧化物进口关税从5%降至零，这有利增加外部市场对该产品的需求，降低钼铁合金的生产成本，提高外部市场行业竞争力。国内行情运行平稳，主要钼产品价格继续保持在相对高位。同时，市场部分商家报价仍有抬高迹象，加之年底逼近，后期钢厂招标或有新的改观。', '1', '钼,行情,美元', '1', 'lizhili', '2013-01-31 00:00:00', '2013-01-31 00:00:00', '1');
INSERT INTO mu_article VALUES ('116', '关于钼的一般常识', 'lizhili', '20', '　钼精矿市场：今日40-45%钼精矿主流报价1540-1570元/吨度附近，47%及以上品位1560-1580元/吨度，价格暂时持稳，行情仍有继续向上运行迹象。行情短期利好，之前部分商家场外观望，近期开始逐步参与市场。栾川某商家表示，前期矿商停产较多，贸易商多以低库存场外等待行情好转。虽然近期钼精矿价格开始有所好转，但是上调的步伐依然较慢。与成本相比，盈利空间较小。期待后期继续上行。\n                    \n                    　　钼铁市场：钼铁价格暂时保持平稳，市场主流报价10.7-11万元/吨（现款-承兑）。当前，在行情利好带动下，有商家报价呈现虚高状况，整体现款报价期间10.6-10.8万元/吨为主，承兑10.9-11.1万元/吨左右。市场需求尚无完全释放，高价成交偏少。月底部分钢厂招标会逐步启动，钼铁厂家有继续挺价迹象。从近期的钢厂招标来看，钢厂60钼铁的承兑招标价格10.4-10.6万元/吨较为常见，后期有提升空间。\n                    \n                    　　12月21日LME钼期货报价整体保持平稳，3月期钼报价25250/25750美元/吨；15月期钼报价25720/26720美元/吨，LME期钼持仓132手。今日简讯：明年贷款需求将相对旺盛，城镇化为信贷投放重点；中金：新型城镇化难以支持新一轮地产投资；意大利总理蒙蒂递交辞呈，大选或于明年2月举行。\n                    \n                    　　周初外盘钼市部分产品价格仍有上调迹象，欧洲钼铁、氧化钼等都有一定涨幅；美国市场稍显平稳，价格暂稳波动。其次，欧亚将钼氧化物进口关税从5%降至零，这有利增加外部市场对该产品的需求，降低钼铁合金的生产成本，提高外部市场行业竞争力。国内行情运行平稳，主要钼产品价格继续保持在相对高位。同时，市场部分商家报价仍有抬高迹象，加之年底逼近，后期钢厂招标或有新的改观。', '1', '钼,行情,美元', '1', 'lizhili', '2013-01-31 00:00:00', '2013-01-31 00:00:00', '0');
INSERT INTO mu_article VALUES ('117', '钼矿及其处理', 'lizhili', '20', '　钼精矿市场：今日40-45%钼精矿主流报价1540-1570元/吨度附近，47%及以上品位1560-1580元/吨度，价格暂时持稳，行情仍有继续向上运行迹象。行情短期利好，之前部分商家场外观望，近期开始逐步参与市场。栾川某商家表示，前期矿商停产较多，贸易商多以低库存场外等待行情好转。虽然近期钼精矿价格开始有所好转，但是上调的步伐依然较慢。与成本相比，盈利空间较小。期待后期继续上行。\n                    \n                    　　钼铁市场：钼铁价格暂时保持平稳，市场主流报价10.7-11万元/吨（现款-承兑）。当前，在行情利好带动下，有商家报价呈现虚高状况，整体现款报价期间10.6-10.8万元/吨为主，承兑10.9-11.1万元/吨左右。市场需求尚无完全释放，高价成交偏少。月底部分钢厂招标会逐步启动，钼铁厂家有继续挺价迹象。从近期的钢厂招标来看，钢厂60钼铁的承兑招标价格10.4-10.6万元/吨较为常见，后期有提升空间。\n                    \n                    　　12月21日LME钼期货报价整体保持平稳，3月期钼报价25250/25750美元/吨；15月期钼报价25720/26720美元/吨，LME期钼持仓132手。今日简讯：明年贷款需求将相对旺盛，城镇化为信贷投放重点；中金：新型城镇化难以支持新一轮地产投资；意大利总理蒙蒂递交辞呈，大选或于明年2月举行。\n                    \n                    　　周初外盘钼市部分产品价格仍有上调迹象，欧洲钼铁、氧化钼等都有一定涨幅；美国市场稍显平稳，价格暂稳波动。其次，欧亚将钼氧化物进口关税从5%降至零，这有利增加外部市场对该产品的需求，降低钼铁合金的生产成本，提高外部市场行业竞争力。国内行情运行平稳，主要钼产品价格继续保持在相对高位。同时，市场部分商家报价仍有抬高迹象，加之年底逼近，后期钢厂招标或有新的改观。', '1', '钼,行情,美元', '1', 'lizhili', '2013-01-31 00:00:00', '2013-01-31 00:00:00', '0');
INSERT INTO mu_article VALUES ('118', '金堆城钼业公司选矿工艺现状分析', 'lizhili', '20', '　钼精矿市场：今日40-45%钼精矿主流报价1540-1570元/吨度附近，47%及以上品位1560-1580元/吨度，价格暂时持稳，行情仍有继续向上运行迹象。行情短期利好，之前部分商家场外观望，近期开始逐步参与市场。栾川某商家表示，前期矿商停产较多，贸易商多以低库存场外等待行情好转。虽然近期钼精矿价格开始有所好转，但是上调的步伐依然较慢。与成本相比，盈利空间较小。期待后期继续上行。\n                    \n                    　　钼铁市场：钼铁价格暂时保持平稳，市场主流报价10.7-11万元/吨（现款-承兑）。当前，在行情利好带动下，有商家报价呈现虚高状况，整体现款报价期间10.6-10.8万元/吨为主，承兑10.9-11.1万元/吨左右。市场需求尚无完全释放，高价成交偏少。月底部分钢厂招标会逐步启动，钼铁厂家有继续挺价迹象。从近期的钢厂招标来看，钢厂60钼铁的承兑招标价格10.4-10.6万元/吨较为常见，后期有提升空间。\n                    \n                    　　12月21日LME钼期货报价整体保持平稳，3月期钼报价25250/25750美元/吨；15月期钼报价25720/26720美元/吨，LME期钼持仓132手。今日简讯：明年贷款需求将相对旺盛，城镇化为信贷投放重点；中金：新型城镇化难以支持新一轮地产投资；意大利总理蒙蒂递交辞呈，大选或于明年2月举行。\n                    \n                    　　周初外盘钼市部分产品价格仍有上调迹象，欧洲钼铁、氧化钼等都有一定涨幅；美国市场稍显平稳，价格暂稳波动。其次，欧亚将钼氧化物进口关税从5%降至零，这有利增加外部市场对该产品的需求，降低钼铁合金的生产成本，提高外部市场行业竞争力。国内行情运行平稳，主要钼产品价格继续保持在相对高位。同时，市场部分商家报价仍有抬高迹象，加之年底逼近，后期钢厂招标或有新的改观。', '1', '钼,行情,美元', '1', 'lizhili', '2013-01-31 00:00:00', '2013-01-31 00:00:00', '0');
INSERT INTO mu_article VALUES ('119', '钼铁的牌号及其用途', 'lizhili', '20', '　钼精矿市场：今日40-45%钼精矿主流报价1540-1570元/吨度附近，47%及以上品位1560-1580元/吨度，价格暂时持稳，行情仍有继续向上运行迹象。行情短期利好，之前部分商家场外观望，近期开始逐步参与市场。栾川某商家表示，前期矿商停产较多，贸易商多以低库存场外等待行情好转。虽然近期钼精矿价格开始有所好转，但是上调的步伐依然较慢。与成本相比，盈利空间较小。期待后期继续上行。\n                    \n                    　　钼铁市场：钼铁价格暂时保持平稳，市场主流报价10.7-11万元/吨（现款-承兑）。当前，在行情利好带动下，有商家报价呈现虚高状况，整体现款报价期间10.6-10.8万元/吨为主，承兑10.9-11.1万元/吨左右。市场需求尚无完全释放，高价成交偏少。月底部分钢厂招标会逐步启动，钼铁厂家有继续挺价迹象。从近期的钢厂招标来看，钢厂60钼铁的承兑招标价格10.4-10.6万元/吨较为常见，后期有提升空间。\n                    \n                    　　12月21日LME钼期货报价整体保持平稳，3月期钼报价25250/25750美元/吨；15月期钼报价25720/26720美元/吨，LME期钼持仓132手。今日简讯：明年贷款需求将相对旺盛，城镇化为信贷投放重点；中金：新型城镇化难以支持新一轮地产投资；意大利总理蒙蒂递交辞呈，大选或于明年2月举行。\n                    \n                    　　周初外盘钼市部分产品价格仍有上调迹象，欧洲钼铁、氧化钼等都有一定涨幅；美国市场稍显平稳，价格暂稳波动。其次，欧亚将钼氧化物进口关税从5%降至零，这有利增加外部市场对该产品的需求，降低钼铁合金的生产成本，提高外部市场行业竞争力。国内行情运行平稳，主要钼产品价格继续保持在相对高位。同时，市场部分商家报价仍有抬高迹象，加之年底逼近，后期钢厂招标或有新的改观。', '1', '钼,行情,美元', '1', 'lizhili', '2013-01-31 00:00:00', '2013-01-31 00:00:00', '1');
INSERT INTO mu_article VALUES ('120', '钼及其化合物的物理化学性质', 'lizhili', '20', '　钼精矿市场：今日40-45%钼精矿主流报价1540-1570元/吨度附近，47%及以上品位1560-1580元/吨度，价格暂时持稳，行情仍有继续向上运行迹象。行情短期利好，之前部分商家场外观望，近期开始逐步参与市场。栾川某商家表示，前期矿商停产较多，贸易商多以低库存场外等待行情好转。虽然近期钼精矿价格开始有所好转，但是上调的步伐依然较慢。与成本相比，盈利空间较小。期待后期继续上行。\n                    \n                    　　钼铁市场：钼铁价格暂时保持平稳，市场主流报价10.7-11万元/吨（现款-承兑）。当前，在行情利好带动下，有商家报价呈现虚高状况，整体现款报价期间10.6-10.8万元/吨为主，承兑10.9-11.1万元/吨左右。市场需求尚无完全释放，高价成交偏少。月底部分钢厂招标会逐步启动，钼铁厂家有继续挺价迹象。从近期的钢厂招标来看，钢厂60钼铁的承兑招标价格10.4-10.6万元/吨较为常见，后期有提升空间。\n                    \n                    　　12月21日LME钼期货报价整体保持平稳，3月期钼报价25250/25750美元/吨；15月期钼报价25720/26720美元/吨，LME期钼持仓132手。今日简讯：明年贷款需求将相对旺盛，城镇化为信贷投放重点；中金：新型城镇化难以支持新一轮地产投资；意大利总理蒙蒂递交辞呈，大选或于明年2月举行。\n                    \n                    　　周初外盘钼市部分产品价格仍有上调迹象，欧洲钼铁、氧化钼等都有一定涨幅；美国市场稍显平稳，价格暂稳波动。其次，欧亚将钼氧化物进口关税从5%降至零，这有利增加外部市场对该产品的需求，降低钼铁合金的生产成本，提高外部市场行业竞争力。国内行情运行平稳，主要钼产品价格继续保持在相对高位。同时，市场部分商家报价仍有抬高迹象，加之年底逼近，后期钢厂招标或有新的改观。', '1', '钼,行情,美元', '1', 'lizhili', '2013-01-31 00:00:00', '2013-01-31 00:00:00', '1');
INSERT INTO mu_article VALUES ('121', '钼铁的冶炼', 'lizhili', '20', '　钼精矿市场：今日40-45%钼精矿主流报价1540-1570元/吨度附近，47%及以上品位1560-1580元/吨度，价格暂时持稳，行情仍有继续向上运行迹象。行情短期利好，之前部分商家场外观望，近期开始逐步参与市场。栾川某商家表示，前期矿商停产较多，贸易商多以低库存场外等待行情好转。虽然近期钼精矿价格开始有所好转，但是上调的步伐依然较慢。与成本相比，盈利空间较小。期待后期继续上行。\n                    \n                    　　钼铁市场：钼铁价格暂时保持平稳，市场主流报价10.7-11万元/吨（现款-承兑）。当前，在行情利好带动下，有商家报价呈现虚高状况，整体现款报价期间10.6-10.8万元/吨为主，承兑10.9-11.1万元/吨左右。市场需求尚无完全释放，高价成交偏少。月底部分钢厂招标会逐步启动，钼铁厂家有继续挺价迹象。从近期的钢厂招标来看，钢厂60钼铁的承兑招标价格10.4-10.6万元/吨较为常见，后期有提升空间。\n                    \n                    　　12月21日LME钼期货报价整体保持平稳，3月期钼报价25250/25750美元/吨；15月期钼报价25720/26720美元/吨，LME期钼持仓132手。今日简讯：明年贷款需求将相对旺盛，城镇化为信贷投放重点；中金：新型城镇化难以支持新一轮地产投资；意大利总理蒙蒂递交辞呈，大选或于明年2月举行。\n                    \n                    　　周初外盘钼市部分产品价格仍有上调迹象，欧洲钼铁、氧化钼等都有一定涨幅；美国市场稍显平稳，价格暂稳波动。其次，欧亚将钼氧化物进口关税从5%降至零，这有利增加外部市场对该产品的需求，降低钼铁合金的生产成本，提高外部市场行业竞争力。国内行情运行平稳，主要钼产品价格继续保持在相对高位。同时，市场部分商家报价仍有抬高迹象，加之年底逼近，后期钢厂招标或有新的改观。', '1', '钼,行情,美元', '1', 'lizhili', '2013-01-31 00:00:00', '2013-01-31 00:00:00', '0');
INSERT INTO mu_article VALUES ('122', '钼铁的牌号及其用途', 'lizhili', '20', '　钼精矿市场：今日40-45%钼精矿主流报价1540-1570元/吨度附近，47%及以上品位1560-1580元/吨度，价格暂时持稳，行情仍有继续向上运行迹象。行情短期利好，之前部分商家场外观望，近期开始逐步参与市场。栾川某商家表示，前期矿商停产较多，贸易商多以低库存场外等待行情好转。虽然近期钼精矿价格开始有所好转，但是上调的步伐依然较慢。与成本相比，盈利空间较小。期待后期继续上行。\n                    \n                    　　钼铁市场：钼铁价格暂时保持平稳，市场主流报价10.7-11万元/吨（现款-承兑）。当前，在行情利好带动下，有商家报价呈现虚高状况，整体现款报价期间10.6-10.8万元/吨为主，承兑10.9-11.1万元/吨左右。市场需求尚无完全释放，高价成交偏少。月底部分钢厂招标会逐步启动，钼铁厂家有继续挺价迹象。从近期的钢厂招标来看，钢厂60钼铁的承兑招标价格10.4-10.6万元/吨较为常见，后期有提升空间。\n                    \n                    　　12月21日LME钼期货报价整体保持平稳，3月期钼报价25250/25750美元/吨；15月期钼报价25720/26720美元/吨，LME期钼持仓132手。今日简讯：明年贷款需求将相对旺盛，城镇化为信贷投放重点；中金：新型城镇化难以支持新一轮地产投资；意大利总理蒙蒂递交辞呈，大选或于明年2月举行。\n                    \n                    　　周初外盘钼市部分产品价格仍有上调迹象，欧洲钼铁、氧化钼等都有一定涨幅；美国市场稍显平稳，价格暂稳波动。其次，欧亚将钼氧化物进口关税从5%降至零，这有利增加外部市场对该产品的需求，降低钼铁合金的生产成本，提高外部市场行业竞争力。国内行情运行平稳，主要钼产品价格继续保持在相对高位。同时，市场部分商家报价仍有抬高迹象，加之年底逼近，后期钢厂招标或有新的改观。', '1', '钼,行情,美元', '1', 'lizhili', '2013-01-31 00:00:00', '2013-01-31 00:00:00', '0');
INSERT INTO mu_article VALUES ('123', '钼钨氧化矿选矿工艺', 'lizhili', '20', '　钼精矿市场：今日40-45%钼精矿主流报价1540-1570元/吨度附近，47%及以上品位1560-1580元/吨度，价格暂时持稳，行情仍有继续向上运行迹象。行情短期利好，之前部分商家场外观望，近期开始逐步参与市场。栾川某商家表示，前期矿商停产较多，贸易商多以低库存场外等待行情好转。虽然近期钼精矿价格开始有所好转，但是上调的步伐依然较慢。与成本相比，盈利空间较小。期待后期继续上行。\n                    \n                    　　钼铁市场：钼铁价格暂时保持平稳，市场主流报价10.7-11万元/吨（现款-承兑）。当前，在行情利好带动下，有商家报价呈现虚高状况，整体现款报价期间10.6-10.8万元/吨为主，承兑10.9-11.1万元/吨左右。市场需求尚无完全释放，高价成交偏少。月底部分钢厂招标会逐步启动，钼铁厂家有继续挺价迹象。从近期的钢厂招标来看，钢厂60钼铁的承兑招标价格10.4-10.6万元/吨较为常见，后期有提升空间。\n                    \n                    　　12月21日LME钼期货报价整体保持平稳，3月期钼报价25250/25750美元/吨；15月期钼报价25720/26720美元/吨，LME期钼持仓132手。今日简讯：明年贷款需求将相对旺盛，城镇化为信贷投放重点；中金：新型城镇化难以支持新一轮地产投资；意大利总理蒙蒂递交辞呈，大选或于明年2月举行。\n                    \n                    　　周初外盘钼市部分产品价格仍有上调迹象，欧洲钼铁、氧化钼等都有一定涨幅；美国市场稍显平稳，价格暂稳波动。其次，欧亚将钼氧化物进口关税从5%降至零，这有利增加外部市场对该产品的需求，降低钼铁合金的生产成本，提高外部市场行业竞争力。国内行情运行平稳，主要钼产品价格继续保持在相对高位。同时，市场部分商家报价仍有抬高迹象，加之年底逼近，后期钢厂招标或有新的改观。', '1', '钼,行情,美元', '1', 'lizhili', '2013-01-31 00:00:00', '2013-01-31 00:00:00', '0');
INSERT INTO mu_article VALUES ('124', '钼矿及其处理', 'lizhili', '20', '　钼精矿市场：今日40-45%钼精矿主流报价1540-1570元/吨度附近，47%及以上品位1560-1580元/吨度，价格暂时持稳，行情仍有继续向上运行迹象。行情短期利好，之前部分商家场外观望，近期开始逐步参与市场。栾川某商家表示，前期矿商停产较多，贸易商多以低库存场外等待行情好转。虽然近期钼精矿价格开始有所好转，但是上调的步伐依然较慢。与成本相比，盈利空间较小。期待后期继续上行。\n                    \n                    　　钼铁市场：钼铁价格暂时保持平稳，市场主流报价10.7-11万元/吨（现款-承兑）。当前，在行情利好带动下，有商家报价呈现虚高状况，整体现款报价期间10.6-10.8万元/吨为主，承兑10.9-11.1万元/吨左右。市场需求尚无完全释放，高价成交偏少。月底部分钢厂招标会逐步启动，钼铁厂家有继续挺价迹象。从近期的钢厂招标来看，钢厂60钼铁的承兑招标价格10.4-10.6万元/吨较为常见，后期有提升空间。\n                    \n                    　　12月21日LME钼期货报价整体保持平稳，3月期钼报价25250/25750美元/吨；15月期钼报价25720/26720美元/吨，LME期钼持仓132手。今日简讯：明年贷款需求将相对旺盛，城镇化为信贷投放重点；中金：新型城镇化难以支持新一轮地产投资；意大利总理蒙蒂递交辞呈，大选或于明年2月举行。\n                    \n                    　　周初外盘钼市部分产品价格仍有上调迹象，欧洲钼铁、氧化钼等都有一定涨幅；美国市场稍显平稳，价格暂稳波动。其次，欧亚将钼氧化物进口关税从5%降至零，这有利增加外部市场对该产品的需求，降低钼铁合金的生产成本，提高外部市场行业竞争力。国内行情运行平稳，主要钼产品价格继续保持在相对高位。同时，市场部分商家报价仍有抬高迹象，加之年底逼近，后期钢厂招标或有新的改观。', '1', '钼,行情,美元', '1', 'lizhili', '2013-01-31 00:00:00', '2013-01-31 00:00:00', '1');
INSERT INTO mu_article VALUES ('125', '钼钨氧化矿选矿工艺', 'lizhili', '20', '　钼精矿市场：今日40-45%钼精矿主流报价1540-1570元/吨度附近，47%及以上品位1560-1580元/吨度，价格暂时持稳，行情仍有继续向上运行迹象。行情短期利好，之前部分商家场外观望，近期开始逐步参与市场。栾川某商家表示，前期矿商停产较多，贸易商多以低库存场外等待行情好转。虽然近期钼精矿价格开始有所好转，但是上调的步伐依然较慢。与成本相比，盈利空间较小。期待后期继续上行。\n                    \n                    　　钼铁市场：钼铁价格暂时保持平稳，市场主流报价10.7-11万元/吨（现款-承兑）。当前，在行情利好带动下，有商家报价呈现虚高状况，整体现款报价期间10.6-10.8万元/吨为主，承兑10.9-11.1万元/吨左右。市场需求尚无完全释放，高价成交偏少。月底部分钢厂招标会逐步启动，钼铁厂家有继续挺价迹象。从近期的钢厂招标来看，钢厂60钼铁的承兑招标价格10.4-10.6万元/吨较为常见，后期有提升空间。\n                    \n                    　　12月21日LME钼期货报价整体保持平稳，3月期钼报价25250/25750美元/吨；15月期钼报价25720/26720美元/吨，LME期钼持仓132手。今日简讯：明年贷款需求将相对旺盛，城镇化为信贷投放重点；中金：新型城镇化难以支持新一轮地产投资；意大利总理蒙蒂递交辞呈，大选或于明年2月举行。\n                    \n                    　　周初外盘钼市部分产品价格仍有上调迹象，欧洲钼铁、氧化钼等都有一定涨幅；美国市场稍显平稳，价格暂稳波动。其次，欧亚将钼氧化物进口关税从5%降至零，这有利增加外部市场对该产品的需求，降低钼铁合金的生产成本，提高外部市场行业竞争力。国内行情运行平稳，主要钼产品价格继续保持在相对高位。同时，市场部分商家报价仍有抬高迹象，加之年底逼近，后期钢厂招标或有新的改观。', '1', '钼,行情,美元', '1', 'lizhili', '2013-01-31 00:00:00', '2013-01-31 00:00:00', '1');
INSERT INTO mu_article VALUES ('126', '钼铁的牌号及其用途', 'lizhili', '20', '　钼精矿市场：今日40-45%钼精矿主流报价1540-1570元/吨度附近，47%及以上品位1560-1580元/吨度，价格暂时持稳，行情仍有继续向上运行迹象。行情短期利好，之前部分商家场外观望，近期开始逐步参与市场。栾川某商家表示，前期矿商停产较多，贸易商多以低库存场外等待行情好转。虽然近期钼精矿价格开始有所好转，但是上调的步伐依然较慢。与成本相比，盈利空间较小。期待后期继续上行。\n                    \n                    　　钼铁市场：钼铁价格暂时保持平稳，市场主流报价10.7-11万元/吨（现款-承兑）。当前，在行情利好带动下，有商家报价呈现虚高状况，整体现款报价期间10.6-10.8万元/吨为主，承兑10.9-11.1万元/吨左右。市场需求尚无完全释放，高价成交偏少。月底部分钢厂招标会逐步启动，钼铁厂家有继续挺价迹象。从近期的钢厂招标来看，钢厂60钼铁的承兑招标价格10.4-10.6万元/吨较为常见，后期有提升空间。\n                    \n                    　　12月21日LME钼期货报价整体保持平稳，3月期钼报价25250/25750美元/吨；15月期钼报价25720/26720美元/吨，LME期钼持仓132手。今日简讯：明年贷款需求将相对旺盛，城镇化为信贷投放重点；中金：新型城镇化难以支持新一轮地产投资；意大利总理蒙蒂递交辞呈，大选或于明年2月举行。\n                    \n                    　　周初外盘钼市部分产品价格仍有上调迹象，欧洲钼铁、氧化钼等都有一定涨幅；美国市场稍显平稳，价格暂稳波动。其次，欧亚将钼氧化物进口关税从5%降至零，这有利增加外部市场对该产品的需求，降低钼铁合金的生产成本，提高外部市场行业竞争力。国内行情运行平稳，主要钼产品价格继续保持在相对高位。同时，市场部分商家报价仍有抬高迹象，加之年底逼近，后期钢厂招标或有新的改观。', '1', '钼,行情,美元', '1', 'lizhili', '2013-01-31 00:00:00', '2013-01-31 00:00:00', '0');
INSERT INTO mu_article VALUES ('127', '钼及其化合物的物理化学性质', 'lizhili', '20', '　钼精矿市场：今日40-45%钼精矿主流报价1540-1570元/吨度附近，47%及以上品位1560-1580元/吨度，价格暂时持稳，行情仍有继续向上运行迹象。行情短期利好，之前部分商家场外观望，近期开始逐步参与市场。栾川某商家表示，前期矿商停产较多，贸易商多以低库存场外等待行情好转。虽然近期钼精矿价格开始有所好转，但是上调的步伐依然较慢。与成本相比，盈利空间较小。期待后期继续上行。\n                    \n                    　　钼铁市场：钼铁价格暂时保持平稳，市场主流报价10.7-11万元/吨（现款-承兑）。当前，在行情利好带动下，有商家报价呈现虚高状况，整体现款报价期间10.6-10.8万元/吨为主，承兑10.9-11.1万元/吨左右。市场需求尚无完全释放，高价成交偏少。月底部分钢厂招标会逐步启动，钼铁厂家有继续挺价迹象。从近期的钢厂招标来看，钢厂60钼铁的承兑招标价格10.4-10.6万元/吨较为常见，后期有提升空间。\n                    \n                    　　12月21日LME钼期货报价整体保持平稳，3月期钼报价25250/25750美元/吨；15月期钼报价25720/26720美元/吨，LME期钼持仓132手。今日简讯：明年贷款需求将相对旺盛，城镇化为信贷投放重点；中金：新型城镇化难以支持新一轮地产投资；意大利总理蒙蒂递交辞呈，大选或于明年2月举行。\n                    \n                    　　周初外盘钼市部分产品价格仍有上调迹象，欧洲钼铁、氧化钼等都有一定涨幅；美国市场稍显平稳，价格暂稳波动。其次，欧亚将钼氧化物进口关税从5%降至零，这有利增加外部市场对该产品的需求，降低钼铁合金的生产成本，提高外部市场行业竞争力。国内行情运行平稳，主要钼产品价格继续保持在相对高位。同时，市场部分商家报价仍有抬高迹象，加之年底逼近，后期钢厂招标或有新的改观。', '1', '钼,行情,美元', '1', 'lizhili', '2013-01-31 00:00:00', '2013-01-31 00:00:00', '1');
INSERT INTO mu_article VALUES ('128', '钼铁的冶炼', 'lizhili', '20', '　钼精矿市场：今日40-45%钼精矿主流报价1540-1570元/吨度附近，47%及以上品位1560-1580元/吨度，价格暂时持稳，行情仍有继续向上运行迹象。行情短期利好，之前部分商家场外观望，近期开始逐步参与市场。栾川某商家表示，前期矿商停产较多，贸易商多以低库存场外等待行情好转。虽然近期钼精矿价格开始有所好转，但是上调的步伐依然较慢。与成本相比，盈利空间较小。期待后期继续上行。\n                    \n                    　　钼铁市场：钼铁价格暂时保持平稳，市场主流报价10.7-11万元/吨（现款-承兑）。当前，在行情利好带动下，有商家报价呈现虚高状况，整体现款报价期间10.6-10.8万元/吨为主，承兑10.9-11.1万元/吨左右。市场需求尚无完全释放，高价成交偏少。月底部分钢厂招标会逐步启动，钼铁厂家有继续挺价迹象。从近期的钢厂招标来看，钢厂60钼铁的承兑招标价格10.4-10.6万元/吨较为常见，后期有提升空间。\n                    \n                    　　12月21日LME钼期货报价整体保持平稳，3月期钼报价25250/25750美元/吨；15月期钼报价25720/26720美元/吨，LME期钼持仓132手。今日简讯：明年贷款需求将相对旺盛，城镇化为信贷投放重点；中金：新型城镇化难以支持新一轮地产投资；意大利总理蒙蒂递交辞呈，大选或于明年2月举行。\n                    \n                    　　周初外盘钼市部分产品价格仍有上调迹象，欧洲钼铁、氧化钼等都有一定涨幅；美国市场稍显平稳，价格暂稳波动。其次，欧亚将钼氧化物进口关税从5%降至零，这有利增加外部市场对该产品的需求，降低钼铁合金的生产成本，提高外部市场行业竞争力。国内行情运行平稳，主要钼产品价格继续保持在相对高位。同时，市场部分商家报价仍有抬高迹象，加之年底逼近，后期钢厂招标或有新的改观。', '1', '钼,行情,美元', '1', 'lizhili', '2013-01-31 00:00:00', '2013-01-31 00:00:00', '1');
INSERT INTO mu_article VALUES ('129', '钼钨氧化矿选矿工艺', 'lizhili', '20', '　钼精矿市场：今日40-45%钼精矿主流报价1540-1570元/吨度附近，47%及以上品位1560-1580元/吨度，价格暂时持稳，行情仍有继续向上运行迹象。行情短期利好，之前部分商家场外观望，近期开始逐步参与市场。栾川某商家表示，前期矿商停产较多，贸易商多以低库存场外等待行情好转。虽然近期钼精矿价格开始有所好转，但是上调的步伐依然较慢。与成本相比，盈利空间较小。期待后期继续上行。\n                    \n                    　　钼铁市场：钼铁价格暂时保持平稳，市场主流报价10.7-11万元/吨（现款-承兑）。当前，在行情利好带动下，有商家报价呈现虚高状况，整体现款报价期间10.6-10.8万元/吨为主，承兑10.9-11.1万元/吨左右。市场需求尚无完全释放，高价成交偏少。月底部分钢厂招标会逐步启动，钼铁厂家有继续挺价迹象。从近期的钢厂招标来看，钢厂60钼铁的承兑招标价格10.4-10.6万元/吨较为常见，后期有提升空间。\n                    \n                    　　12月21日LME钼期货报价整体保持平稳，3月期钼报价25250/25750美元/吨；15月期钼报价25720/26720美元/吨，LME期钼持仓132手。今日简讯：明年贷款需求将相对旺盛，城镇化为信贷投放重点；中金：新型城镇化难以支持新一轮地产投资；意大利总理蒙蒂递交辞呈，大选或于明年2月举行。\n                    \n                    　　周初外盘钼市部分产品价格仍有上调迹象，欧洲钼铁、氧化钼等都有一定涨幅；美国市场稍显平稳，价格暂稳波动。其次，欧亚将钼氧化物进口关税从5%降至零，这有利增加外部市场对该产品的需求，降低钼铁合金的生产成本，提高外部市场行业竞争力。国内行情运行平稳，主要钼产品价格继续保持在相对高位。同时，市场部分商家报价仍有抬高迹象，加之年底逼近，后期钢厂招标或有新的改观。', '1', '钼,行情,美元', '1', 'lizhili', '2013-01-31 00:00:00', '2013-01-31 00:00:00', '1');
INSERT INTO mu_article VALUES ('130', '钼矿及其处理', 'lizhili', '20', '　钼精矿市场：今日40-45%钼精矿主流报价1540-1570元/吨度附近，47%及以上品位1560-1580元/吨度，价格暂时持稳，行情仍有继续向上运行迹象。行情短期利好，之前部分商家场外观望，近期开始逐步参与市场。栾川某商家表示，前期矿商停产较多，贸易商多以低库存场外等待行情好转。虽然近期钼精矿价格开始有所好转，但是上调的步伐依然较慢。与成本相比，盈利空间较小。期待后期继续上行。\n                    \n                    　　钼铁市场：钼铁价格暂时保持平稳，市场主流报价10.7-11万元/吨（现款-承兑）。当前，在行情利好带动下，有商家报价呈现虚高状况，整体现款报价期间10.6-10.8万元/吨为主，承兑10.9-11.1万元/吨左右。市场需求尚无完全释放，高价成交偏少。月底部分钢厂招标会逐步启动，钼铁厂家有继续挺价迹象。从近期的钢厂招标来看，钢厂60钼铁的承兑招标价格10.4-10.6万元/吨较为常见，后期有提升空间。\n                    \n                    　　12月21日LME钼期货报价整体保持平稳，3月期钼报价25250/25750美元/吨；15月期钼报价25720/26720美元/吨，LME期钼持仓132手。今日简讯：明年贷款需求将相对旺盛，城镇化为信贷投放重点；中金：新型城镇化难以支持新一轮地产投资；意大利总理蒙蒂递交辞呈，大选或于明年2月举行。\n                    \n                    　　周初外盘钼市部分产品价格仍有上调迹象，欧洲钼铁、氧化钼等都有一定涨幅；美国市场稍显平稳，价格暂稳波动。其次，欧亚将钼氧化物进口关税从5%降至零，这有利增加外部市场对该产品的需求，降低钼铁合金的生产成本，提高外部市场行业竞争力。国内行情运行平稳，主要钼产品价格继续保持在相对高位。同时，市场部分商家报价仍有抬高迹象，加之年底逼近，后期钢厂招标或有新的改观。', '1', '钼,行情,美元', '1', 'lizhili', '2013-01-31 00:00:00', '2013-01-31 00:00:00', '0');
INSERT INTO mu_article VALUES ('131', '钼矿及其处理', 'lizhili', '20', '　钼精矿市场：今日40-45%钼精矿主流报价1540-1570元/吨度附近，47%及以上品位1560-1580元/吨度，价格暂时持稳，行情仍有继续向上运行迹象。行情短期利好，之前部分商家场外观望，近期开始逐步参与市场。栾川某商家表示，前期矿商停产较多，贸易商多以低库存场外等待行情好转。虽然近期钼精矿价格开始有所好转，但是上调的步伐依然较慢。与成本相比，盈利空间较小。期待后期继续上行。\n                    \n                    　　钼铁市场：钼铁价格暂时保持平稳，市场主流报价10.7-11万元/吨（现款-承兑）。当前，在行情利好带动下，有商家报价呈现虚高状况，整体现款报价期间10.6-10.8万元/吨为主，承兑10.9-11.1万元/吨左右。市场需求尚无完全释放，高价成交偏少。月底部分钢厂招标会逐步启动，钼铁厂家有继续挺价迹象。从近期的钢厂招标来看，钢厂60钼铁的承兑招标价格10.4-10.6万元/吨较为常见，后期有提升空间。\n                    \n                    　　12月21日LME钼期货报价整体保持平稳，3月期钼报价25250/25750美元/吨；15月期钼报价25720/26720美元/吨，LME期钼持仓132手。今日简讯：明年贷款需求将相对旺盛，城镇化为信贷投放重点；中金：新型城镇化难以支持新一轮地产投资；意大利总理蒙蒂递交辞呈，大选或于明年2月举行。\n                    \n                    　　周初外盘钼市部分产品价格仍有上调迹象，欧洲钼铁、氧化钼等都有一定涨幅；美国市场稍显平稳，价格暂稳波动。其次，欧亚将钼氧化物进口关税从5%降至零，这有利增加外部市场对该产品的需求，降低钼铁合金的生产成本，提高外部市场行业竞争力。国内行情运行平稳，主要钼产品价格继续保持在相对高位。同时，市场部分商家报价仍有抬高迹象，加之年底逼近，后期钢厂招标或有新的改观。', '1', '钼,行情,美元', '1', 'lizhili', '2013-01-31 00:00:00', '2013-01-31 00:00:00', '0');
INSERT INTO mu_article VALUES ('132', '金堆城钼业公司选矿工艺现状分析', 'lizhili', '20', '　钼精矿市场：今日40-45%钼精矿主流报价1540-1570元/吨度附近，47%及以上品位1560-1580元/吨度，价格暂时持稳，行情仍有继续向上运行迹象。行情短期利好，之前部分商家场外观望，近期开始逐步参与市场。栾川某商家表示，前期矿商停产较多，贸易商多以低库存场外等待行情好转。虽然近期钼精矿价格开始有所好转，但是上调的步伐依然较慢。与成本相比，盈利空间较小。期待后期继续上行。\n                    \n                    　　钼铁市场：钼铁价格暂时保持平稳，市场主流报价10.7-11万元/吨（现款-承兑）。当前，在行情利好带动下，有商家报价呈现虚高状况，整体现款报价期间10.6-10.8万元/吨为主，承兑10.9-11.1万元/吨左右。市场需求尚无完全释放，高价成交偏少。月底部分钢厂招标会逐步启动，钼铁厂家有继续挺价迹象。从近期的钢厂招标来看，钢厂60钼铁的承兑招标价格10.4-10.6万元/吨较为常见，后期有提升空间。\n                    \n                    　　12月21日LME钼期货报价整体保持平稳，3月期钼报价25250/25750美元/吨；15月期钼报价25720/26720美元/吨，LME期钼持仓132手。今日简讯：明年贷款需求将相对旺盛，城镇化为信贷投放重点；中金：新型城镇化难以支持新一轮地产投资；意大利总理蒙蒂递交辞呈，大选或于明年2月举行。\n                    \n                    　　周初外盘钼市部分产品价格仍有上调迹象，欧洲钼铁、氧化钼等都有一定涨幅；美国市场稍显平稳，价格暂稳波动。其次，欧亚将钼氧化物进口关税从5%降至零，这有利增加外部市场对该产品的需求，降低钼铁合金的生产成本，提高外部市场行业竞争力。国内行情运行平稳，主要钼产品价格继续保持在相对高位。同时，市场部分商家报价仍有抬高迹象，加之年底逼近，后期钢厂招标或有新的改观。', '1', '钼,行情,美元', '1', 'lizhili', '2013-01-31 00:00:00', '2013-01-31 00:00:00', '1');
INSERT INTO mu_article VALUES ('133', '钼铁的冶炼', 'lizhili', '20', '　钼精矿市场：今日40-45%钼精矿主流报价1540-1570元/吨度附近，47%及以上品位1560-1580元/吨度，价格暂时持稳，行情仍有继续向上运行迹象。行情短期利好，之前部分商家场外观望，近期开始逐步参与市场。栾川某商家表示，前期矿商停产较多，贸易商多以低库存场外等待行情好转。虽然近期钼精矿价格开始有所好转，但是上调的步伐依然较慢。与成本相比，盈利空间较小。期待后期继续上行。\n                    \n                    　　钼铁市场：钼铁价格暂时保持平稳，市场主流报价10.7-11万元/吨（现款-承兑）。当前，在行情利好带动下，有商家报价呈现虚高状况，整体现款报价期间10.6-10.8万元/吨为主，承兑10.9-11.1万元/吨左右。市场需求尚无完全释放，高价成交偏少。月底部分钢厂招标会逐步启动，钼铁厂家有继续挺价迹象。从近期的钢厂招标来看，钢厂60钼铁的承兑招标价格10.4-10.6万元/吨较为常见，后期有提升空间。\n                    \n                    　　12月21日LME钼期货报价整体保持平稳，3月期钼报价25250/25750美元/吨；15月期钼报价25720/26720美元/吨，LME期钼持仓132手。今日简讯：明年贷款需求将相对旺盛，城镇化为信贷投放重点；中金：新型城镇化难以支持新一轮地产投资；意大利总理蒙蒂递交辞呈，大选或于明年2月举行。\n                    \n                    　　周初外盘钼市部分产品价格仍有上调迹象，欧洲钼铁、氧化钼等都有一定涨幅；美国市场稍显平稳，价格暂稳波动。其次，欧亚将钼氧化物进口关税从5%降至零，这有利增加外部市场对该产品的需求，降低钼铁合金的生产成本，提高外部市场行业竞争力。国内行情运行平稳，主要钼产品价格继续保持在相对高位。同时，市场部分商家报价仍有抬高迹象，加之年底逼近，后期钢厂招标或有新的改观。', '1', '钼,行情,美元', '1', 'lizhili', '2013-01-31 00:00:00', '2013-01-31 00:00:00', '0');
INSERT INTO mu_article VALUES ('134', '钼矿及其处理', 'lizhili', '20', '　钼精矿市场：今日40-45%钼精矿主流报价1540-1570元/吨度附近，47%及以上品位1560-1580元/吨度，价格暂时持稳，行情仍有继续向上运行迹象。行情短期利好，之前部分商家场外观望，近期开始逐步参与市场。栾川某商家表示，前期矿商停产较多，贸易商多以低库存场外等待行情好转。虽然近期钼精矿价格开始有所好转，但是上调的步伐依然较慢。与成本相比，盈利空间较小。期待后期继续上行。\n                    \n                    　　钼铁市场：钼铁价格暂时保持平稳，市场主流报价10.7-11万元/吨（现款-承兑）。当前，在行情利好带动下，有商家报价呈现虚高状况，整体现款报价期间10.6-10.8万元/吨为主，承兑10.9-11.1万元/吨左右。市场需求尚无完全释放，高价成交偏少。月底部分钢厂招标会逐步启动，钼铁厂家有继续挺价迹象。从近期的钢厂招标来看，钢厂60钼铁的承兑招标价格10.4-10.6万元/吨较为常见，后期有提升空间。\n                    \n                    　　12月21日LME钼期货报价整体保持平稳，3月期钼报价25250/25750美元/吨；15月期钼报价25720/26720美元/吨，LME期钼持仓132手。今日简讯：明年贷款需求将相对旺盛，城镇化为信贷投放重点；中金：新型城镇化难以支持新一轮地产投资；意大利总理蒙蒂递交辞呈，大选或于明年2月举行。\n                    \n                    　　周初外盘钼市部分产品价格仍有上调迹象，欧洲钼铁、氧化钼等都有一定涨幅；美国市场稍显平稳，价格暂稳波动。其次，欧亚将钼氧化物进口关税从5%降至零，这有利增加外部市场对该产品的需求，降低钼铁合金的生产成本，提高外部市场行业竞争力。国内行情运行平稳，主要钼产品价格继续保持在相对高位。同时，市场部分商家报价仍有抬高迹象，加之年底逼近，后期钢厂招标或有新的改观。', '1', '钼,行情,美元', '1', 'lizhili', '2013-01-31 00:00:00', '2013-01-31 00:00:00', '0');
INSERT INTO mu_article VALUES ('135', '钼及其化合物的物理化学性质', 'lizhili', '20', '　钼精矿市场：今日40-45%钼精矿主流报价1540-1570元/吨度附近，47%及以上品位1560-1580元/吨度，价格暂时持稳，行情仍有继续向上运行迹象。行情短期利好，之前部分商家场外观望，近期开始逐步参与市场。栾川某商家表示，前期矿商停产较多，贸易商多以低库存场外等待行情好转。虽然近期钼精矿价格开始有所好转，但是上调的步伐依然较慢。与成本相比，盈利空间较小。期待后期继续上行。\n                    \n                    　　钼铁市场：钼铁价格暂时保持平稳，市场主流报价10.7-11万元/吨（现款-承兑）。当前，在行情利好带动下，有商家报价呈现虚高状况，整体现款报价期间10.6-10.8万元/吨为主，承兑10.9-11.1万元/吨左右。市场需求尚无完全释放，高价成交偏少。月底部分钢厂招标会逐步启动，钼铁厂家有继续挺价迹象。从近期的钢厂招标来看，钢厂60钼铁的承兑招标价格10.4-10.6万元/吨较为常见，后期有提升空间。\n                    \n                    　　12月21日LME钼期货报价整体保持平稳，3月期钼报价25250/25750美元/吨；15月期钼报价25720/26720美元/吨，LME期钼持仓132手。今日简讯：明年贷款需求将相对旺盛，城镇化为信贷投放重点；中金：新型城镇化难以支持新一轮地产投资；意大利总理蒙蒂递交辞呈，大选或于明年2月举行。\n                    \n                    　　周初外盘钼市部分产品价格仍有上调迹象，欧洲钼铁、氧化钼等都有一定涨幅；美国市场稍显平稳，价格暂稳波动。其次，欧亚将钼氧化物进口关税从5%降至零，这有利增加外部市场对该产品的需求，降低钼铁合金的生产成本，提高外部市场行业竞争力。国内行情运行平稳，主要钼产品价格继续保持在相对高位。同时，市场部分商家报价仍有抬高迹象，加之年底逼近，后期钢厂招标或有新的改观。', '1', '钼,行情,美元', '1', 'lizhili', '2013-01-31 00:00:00', '2013-01-31 00:00:00', '0');
INSERT INTO mu_article VALUES ('136', '钼钨氧化矿选矿工艺', 'lizhili', '20', '　钼精矿市场：今日40-45%钼精矿主流报价1540-1570元/吨度附近，47%及以上品位1560-1580元/吨度，价格暂时持稳，行情仍有继续向上运行迹象。行情短期利好，之前部分商家场外观望，近期开始逐步参与市场。栾川某商家表示，前期矿商停产较多，贸易商多以低库存场外等待行情好转。虽然近期钼精矿价格开始有所好转，但是上调的步伐依然较慢。与成本相比，盈利空间较小。期待后期继续上行。\n                    \n                    　　钼铁市场：钼铁价格暂时保持平稳，市场主流报价10.7-11万元/吨（现款-承兑）。当前，在行情利好带动下，有商家报价呈现虚高状况，整体现款报价期间10.6-10.8万元/吨为主，承兑10.9-11.1万元/吨左右。市场需求尚无完全释放，高价成交偏少。月底部分钢厂招标会逐步启动，钼铁厂家有继续挺价迹象。从近期的钢厂招标来看，钢厂60钼铁的承兑招标价格10.4-10.6万元/吨较为常见，后期有提升空间。\n                    \n                    　　12月21日LME钼期货报价整体保持平稳，3月期钼报价25250/25750美元/吨；15月期钼报价25720/26720美元/吨，LME期钼持仓132手。今日简讯：明年贷款需求将相对旺盛，城镇化为信贷投放重点；中金：新型城镇化难以支持新一轮地产投资；意大利总理蒙蒂递交辞呈，大选或于明年2月举行。\n                    \n                    　　周初外盘钼市部分产品价格仍有上调迹象，欧洲钼铁、氧化钼等都有一定涨幅；美国市场稍显平稳，价格暂稳波动。其次，欧亚将钼氧化物进口关税从5%降至零，这有利增加外部市场对该产品的需求，降低钼铁合金的生产成本，提高外部市场行业竞争力。国内行情运行平稳，主要钼产品价格继续保持在相对高位。同时，市场部分商家报价仍有抬高迹象，加之年底逼近，后期钢厂招标或有新的改观。', '1', '钼,行情,美元', '1', 'lizhili', '2013-01-31 00:00:00', '2013-01-31 00:00:00', '0');
INSERT INTO mu_article VALUES ('137', '钼钨氧化矿选矿工艺', 'lizhili', '20', '　钼精矿市场：今日40-45%钼精矿主流报价1540-1570元/吨度附近，47%及以上品位1560-1580元/吨度，价格暂时持稳，行情仍有继续向上运行迹象。行情短期利好，之前部分商家场外观望，近期开始逐步参与市场。栾川某商家表示，前期矿商停产较多，贸易商多以低库存场外等待行情好转。虽然近期钼精矿价格开始有所好转，但是上调的步伐依然较慢。与成本相比，盈利空间较小。期待后期继续上行。\n                    \n                    　　钼铁市场：钼铁价格暂时保持平稳，市场主流报价10.7-11万元/吨（现款-承兑）。当前，在行情利好带动下，有商家报价呈现虚高状况，整体现款报价期间10.6-10.8万元/吨为主，承兑10.9-11.1万元/吨左右。市场需求尚无完全释放，高价成交偏少。月底部分钢厂招标会逐步启动，钼铁厂家有继续挺价迹象。从近期的钢厂招标来看，钢厂60钼铁的承兑招标价格10.4-10.6万元/吨较为常见，后期有提升空间。\n                    \n                    　　12月21日LME钼期货报价整体保持平稳，3月期钼报价25250/25750美元/吨；15月期钼报价25720/26720美元/吨，LME期钼持仓132手。今日简讯：明年贷款需求将相对旺盛，城镇化为信贷投放重点；中金：新型城镇化难以支持新一轮地产投资；意大利总理蒙蒂递交辞呈，大选或于明年2月举行。\n                    \n                    　　周初外盘钼市部分产品价格仍有上调迹象，欧洲钼铁、氧化钼等都有一定涨幅；美国市场稍显平稳，价格暂稳波动。其次，欧亚将钼氧化物进口关税从5%降至零，这有利增加外部市场对该产品的需求，降低钼铁合金的生产成本，提高外部市场行业竞争力。国内行情运行平稳，主要钼产品价格继续保持在相对高位。同时，市场部分商家报价仍有抬高迹象，加之年底逼近，后期钢厂招标或有新的改观。', '1', '钼,行情,美元', '1', 'lizhili', '2013-01-31 00:00:00', '2013-01-31 00:00:00', '0');
INSERT INTO mu_article VALUES ('138', '钼矿及其处理', 'lizhili', '20', '　钼精矿市场：今日40-45%钼精矿主流报价1540-1570元/吨度附近，47%及以上品位1560-1580元/吨度，价格暂时持稳，行情仍有继续向上运行迹象。行情短期利好，之前部分商家场外观望，近期开始逐步参与市场。栾川某商家表示，前期矿商停产较多，贸易商多以低库存场外等待行情好转。虽然近期钼精矿价格开始有所好转，但是上调的步伐依然较慢。与成本相比，盈利空间较小。期待后期继续上行。\n                    \n                    　　钼铁市场：钼铁价格暂时保持平稳，市场主流报价10.7-11万元/吨（现款-承兑）。当前，在行情利好带动下，有商家报价呈现虚高状况，整体现款报价期间10.6-10.8万元/吨为主，承兑10.9-11.1万元/吨左右。市场需求尚无完全释放，高价成交偏少。月底部分钢厂招标会逐步启动，钼铁厂家有继续挺价迹象。从近期的钢厂招标来看，钢厂60钼铁的承兑招标价格10.4-10.6万元/吨较为常见，后期有提升空间。\n                    \n                    　　12月21日LME钼期货报价整体保持平稳，3月期钼报价25250/25750美元/吨；15月期钼报价25720/26720美元/吨，LME期钼持仓132手。今日简讯：明年贷款需求将相对旺盛，城镇化为信贷投放重点；中金：新型城镇化难以支持新一轮地产投资；意大利总理蒙蒂递交辞呈，大选或于明年2月举行。\n                    \n                    　　周初外盘钼市部分产品价格仍有上调迹象，欧洲钼铁、氧化钼等都有一定涨幅；美国市场稍显平稳，价格暂稳波动。其次，欧亚将钼氧化物进口关税从5%降至零，这有利增加外部市场对该产品的需求，降低钼铁合金的生产成本，提高外部市场行业竞争力。国内行情运行平稳，主要钼产品价格继续保持在相对高位。同时，市场部分商家报价仍有抬高迹象，加之年底逼近，后期钢厂招标或有新的改观。', '1', '钼,行情,美元', '1', 'lizhili', '2013-01-31 00:00:00', '2013-01-31 00:00:00', '0');
INSERT INTO mu_article VALUES ('139', '钼铁的冶炼', 'lizhili', '20', '　钼精矿市场：今日40-45%钼精矿主流报价1540-1570元/吨度附近，47%及以上品位1560-1580元/吨度，价格暂时持稳，行情仍有继续向上运行迹象。行情短期利好，之前部分商家场外观望，近期开始逐步参与市场。栾川某商家表示，前期矿商停产较多，贸易商多以低库存场外等待行情好转。虽然近期钼精矿价格开始有所好转，但是上调的步伐依然较慢。与成本相比，盈利空间较小。期待后期继续上行。\n                    \n                    　　钼铁市场：钼铁价格暂时保持平稳，市场主流报价10.7-11万元/吨（现款-承兑）。当前，在行情利好带动下，有商家报价呈现虚高状况，整体现款报价期间10.6-10.8万元/吨为主，承兑10.9-11.1万元/吨左右。市场需求尚无完全释放，高价成交偏少。月底部分钢厂招标会逐步启动，钼铁厂家有继续挺价迹象。从近期的钢厂招标来看，钢厂60钼铁的承兑招标价格10.4-10.6万元/吨较为常见，后期有提升空间。\n                    \n                    　　12月21日LME钼期货报价整体保持平稳，3月期钼报价25250/25750美元/吨；15月期钼报价25720/26720美元/吨，LME期钼持仓132手。今日简讯：明年贷款需求将相对旺盛，城镇化为信贷投放重点；中金：新型城镇化难以支持新一轮地产投资；意大利总理蒙蒂递交辞呈，大选或于明年2月举行。\n                    \n                    　　周初外盘钼市部分产品价格仍有上调迹象，欧洲钼铁、氧化钼等都有一定涨幅；美国市场稍显平稳，价格暂稳波动。其次，欧亚将钼氧化物进口关税从5%降至零，这有利增加外部市场对该产品的需求，降低钼铁合金的生产成本，提高外部市场行业竞争力。国内行情运行平稳，主要钼产品价格继续保持在相对高位。同时，市场部分商家报价仍有抬高迹象，加之年底逼近，后期钢厂招标或有新的改观。', '1', '钼,行情,美元', '1', 'lizhili', '2013-01-31 00:00:00', '2013-01-31 00:00:00', '0');
INSERT INTO mu_article VALUES ('140', '金堆城钼业公司选矿工艺现状分析', 'lizhili', '20', '　钼精矿市场：今日40-45%钼精矿主流报价1540-1570元/吨度附近，47%及以上品位1560-1580元/吨度，价格暂时持稳，行情仍有继续向上运行迹象。行情短期利好，之前部分商家场外观望，近期开始逐步参与市场。栾川某商家表示，前期矿商停产较多，贸易商多以低库存场外等待行情好转。虽然近期钼精矿价格开始有所好转，但是上调的步伐依然较慢。与成本相比，盈利空间较小。期待后期继续上行。\n                    \n                    　　钼铁市场：钼铁价格暂时保持平稳，市场主流报价10.7-11万元/吨（现款-承兑）。当前，在行情利好带动下，有商家报价呈现虚高状况，整体现款报价期间10.6-10.8万元/吨为主，承兑10.9-11.1万元/吨左右。市场需求尚无完全释放，高价成交偏少。月底部分钢厂招标会逐步启动，钼铁厂家有继续挺价迹象。从近期的钢厂招标来看，钢厂60钼铁的承兑招标价格10.4-10.6万元/吨较为常见，后期有提升空间。\n                    \n                    　　12月21日LME钼期货报价整体保持平稳，3月期钼报价25250/25750美元/吨；15月期钼报价25720/26720美元/吨，LME期钼持仓132手。今日简讯：明年贷款需求将相对旺盛，城镇化为信贷投放重点；中金：新型城镇化难以支持新一轮地产投资；意大利总理蒙蒂递交辞呈，大选或于明年2月举行。\n                    \n                    　　周初外盘钼市部分产品价格仍有上调迹象，欧洲钼铁、氧化钼等都有一定涨幅；美国市场稍显平稳，价格暂稳波动。其次，欧亚将钼氧化物进口关税从5%降至零，这有利增加外部市场对该产品的需求，降低钼铁合金的生产成本，提高外部市场行业竞争力。国内行情运行平稳，主要钼产品价格继续保持在相对高位。同时，市场部分商家报价仍有抬高迹象，加之年底逼近，后期钢厂招标或有新的改观。', '1', '钼,行情,美元', '1', 'lizhili', '2013-01-31 00:00:00', '2013-01-31 00:00:00', '1');
INSERT INTO mu_article VALUES ('141', '钼及其化合物的物理化学性质', 'lizhili', '20', '　钼精矿市场：今日40-45%钼精矿主流报价1540-1570元/吨度附近，47%及以上品位1560-1580元/吨度，价格暂时持稳，行情仍有继续向上运行迹象。行情短期利好，之前部分商家场外观望，近期开始逐步参与市场。栾川某商家表示，前期矿商停产较多，贸易商多以低库存场外等待行情好转。虽然近期钼精矿价格开始有所好转，但是上调的步伐依然较慢。与成本相比，盈利空间较小。期待后期继续上行。\n                    \n                    　　钼铁市场：钼铁价格暂时保持平稳，市场主流报价10.7-11万元/吨（现款-承兑）。当前，在行情利好带动下，有商家报价呈现虚高状况，整体现款报价期间10.6-10.8万元/吨为主，承兑10.9-11.1万元/吨左右。市场需求尚无完全释放，高价成交偏少。月底部分钢厂招标会逐步启动，钼铁厂家有继续挺价迹象。从近期的钢厂招标来看，钢厂60钼铁的承兑招标价格10.4-10.6万元/吨较为常见，后期有提升空间。\n                    \n                    　　12月21日LME钼期货报价整体保持平稳，3月期钼报价25250/25750美元/吨；15月期钼报价25720/26720美元/吨，LME期钼持仓132手。今日简讯：明年贷款需求将相对旺盛，城镇化为信贷投放重点；中金：新型城镇化难以支持新一轮地产投资；意大利总理蒙蒂递交辞呈，大选或于明年2月举行。\n                    \n                    　　周初外盘钼市部分产品价格仍有上调迹象，欧洲钼铁、氧化钼等都有一定涨幅；美国市场稍显平稳，价格暂稳波动。其次，欧亚将钼氧化物进口关税从5%降至零，这有利增加外部市场对该产品的需求，降低钼铁合金的生产成本，提高外部市场行业竞争力。国内行情运行平稳，主要钼产品价格继续保持在相对高位。同时，市场部分商家报价仍有抬高迹象，加之年底逼近，后期钢厂招标或有新的改观。', '1', '钼,行情,美元', '1', 'lizhili', '2013-01-31 00:00:00', '2013-01-31 00:00:00', '0');
INSERT INTO mu_article VALUES ('142', '钼铁的冶炼', 'lizhili', '20', '　钼精矿市场：今日40-45%钼精矿主流报价1540-1570元/吨度附近，47%及以上品位1560-1580元/吨度，价格暂时持稳，行情仍有继续向上运行迹象。行情短期利好，之前部分商家场外观望，近期开始逐步参与市场。栾川某商家表示，前期矿商停产较多，贸易商多以低库存场外等待行情好转。虽然近期钼精矿价格开始有所好转，但是上调的步伐依然较慢。与成本相比，盈利空间较小。期待后期继续上行。\n                    \n                    　　钼铁市场：钼铁价格暂时保持平稳，市场主流报价10.7-11万元/吨（现款-承兑）。当前，在行情利好带动下，有商家报价呈现虚高状况，整体现款报价期间10.6-10.8万元/吨为主，承兑10.9-11.1万元/吨左右。市场需求尚无完全释放，高价成交偏少。月底部分钢厂招标会逐步启动，钼铁厂家有继续挺价迹象。从近期的钢厂招标来看，钢厂60钼铁的承兑招标价格10.4-10.6万元/吨较为常见，后期有提升空间。\n                    \n                    　　12月21日LME钼期货报价整体保持平稳，3月期钼报价25250/25750美元/吨；15月期钼报价25720/26720美元/吨，LME期钼持仓132手。今日简讯：明年贷款需求将相对旺盛，城镇化为信贷投放重点；中金：新型城镇化难以支持新一轮地产投资；意大利总理蒙蒂递交辞呈，大选或于明年2月举行。\n                    \n                    　　周初外盘钼市部分产品价格仍有上调迹象，欧洲钼铁、氧化钼等都有一定涨幅；美国市场稍显平稳，价格暂稳波动。其次，欧亚将钼氧化物进口关税从5%降至零，这有利增加外部市场对该产品的需求，降低钼铁合金的生产成本，提高外部市场行业竞争力。国内行情运行平稳，主要钼产品价格继续保持在相对高位。同时，市场部分商家报价仍有抬高迹象，加之年底逼近，后期钢厂招标或有新的改观。', '1', '钼,行情,美元', '1', 'lizhili', '2013-01-31 00:00:00', '2013-01-31 00:00:00', '1');
INSERT INTO mu_article VALUES ('143', '钼铁的牌号及其用途', 'lizhili', '20', '　钼精矿市场：今日40-45%钼精矿主流报价1540-1570元/吨度附近，47%及以上品位1560-1580元/吨度，价格暂时持稳，行情仍有继续向上运行迹象。行情短期利好，之前部分商家场外观望，近期开始逐步参与市场。栾川某商家表示，前期矿商停产较多，贸易商多以低库存场外等待行情好转。虽然近期钼精矿价格开始有所好转，但是上调的步伐依然较慢。与成本相比，盈利空间较小。期待后期继续上行。\n                    \n                    　　钼铁市场：钼铁价格暂时保持平稳，市场主流报价10.7-11万元/吨（现款-承兑）。当前，在行情利好带动下，有商家报价呈现虚高状况，整体现款报价期间10.6-10.8万元/吨为主，承兑10.9-11.1万元/吨左右。市场需求尚无完全释放，高价成交偏少。月底部分钢厂招标会逐步启动，钼铁厂家有继续挺价迹象。从近期的钢厂招标来看，钢厂60钼铁的承兑招标价格10.4-10.6万元/吨较为常见，后期有提升空间。\n                    \n                    　　12月21日LME钼期货报价整体保持平稳，3月期钼报价25250/25750美元/吨；15月期钼报价25720/26720美元/吨，LME期钼持仓132手。今日简讯：明年贷款需求将相对旺盛，城镇化为信贷投放重点；中金：新型城镇化难以支持新一轮地产投资；意大利总理蒙蒂递交辞呈，大选或于明年2月举行。\n                    \n                    　　周初外盘钼市部分产品价格仍有上调迹象，欧洲钼铁、氧化钼等都有一定涨幅；美国市场稍显平稳，价格暂稳波动。其次，欧亚将钼氧化物进口关税从5%降至零，这有利增加外部市场对该产品的需求，降低钼铁合金的生产成本，提高外部市场行业竞争力。国内行情运行平稳，主要钼产品价格继续保持在相对高位。同时，市场部分商家报价仍有抬高迹象，加之年底逼近，后期钢厂招标或有新的改观。', '1', '钼,行情,美元', '1', 'lizhili', '2013-01-31 00:00:00', '2013-01-31 00:00:00', '0');
INSERT INTO mu_article VALUES ('144', '磨矿介质对钼精矿碳含量影响研究', 'lizhili', '20', '　钼精矿市场：今日40-45%钼精矿主流报价1540-1570元/吨度附近，47%及以上品位1560-1580元/吨度，价格暂时持稳，行情仍有继续向上运行迹象。行情短期利好，之前部分商家场外观望，近期开始逐步参与市场。栾川某商家表示，前期矿商停产较多，贸易商多以低库存场外等待行情好转。虽然近期钼精矿价格开始有所好转，但是上调的步伐依然较慢。与成本相比，盈利空间较小。期待后期继续上行。\n                    \n                    　　钼铁市场：钼铁价格暂时保持平稳，市场主流报价10.7-11万元/吨（现款-承兑）。当前，在行情利好带动下，有商家报价呈现虚高状况，整体现款报价期间10.6-10.8万元/吨为主，承兑10.9-11.1万元/吨左右。市场需求尚无完全释放，高价成交偏少。月底部分钢厂招标会逐步启动，钼铁厂家有继续挺价迹象。从近期的钢厂招标来看，钢厂60钼铁的承兑招标价格10.4-10.6万元/吨较为常见，后期有提升空间。\n                    \n                    　　12月21日LME钼期货报价整体保持平稳，3月期钼报价25250/25750美元/吨；15月期钼报价25720/26720美元/吨，LME期钼持仓132手。今日简讯：明年贷款需求将相对旺盛，城镇化为信贷投放重点；中金：新型城镇化难以支持新一轮地产投资；意大利总理蒙蒂递交辞呈，大选或于明年2月举行。\n                    \n                    　　周初外盘钼市部分产品价格仍有上调迹象，欧洲钼铁、氧化钼等都有一定涨幅；美国市场稍显平稳，价格暂稳波动。其次，欧亚将钼氧化物进口关税从5%降至零，这有利增加外部市场对该产品的需求，降低钼铁合金的生产成本，提高外部市场行业竞争力。国内行情运行平稳，主要钼产品价格继续保持在相对高位。同时，市场部分商家报价仍有抬高迹象，加之年底逼近，后期钢厂招标或有新的改观。', '1', '钼,行情,美元', '1', 'lizhili', '2013-01-31 00:00:00', '2013-01-31 00:00:00', '1');
INSERT INTO mu_article VALUES ('145', '钼铁的冶炼', 'lizhili', '20', '　钼精矿市场：今日40-45%钼精矿主流报价1540-1570元/吨度附近，47%及以上品位1560-1580元/吨度，价格暂时持稳，行情仍有继续向上运行迹象。行情短期利好，之前部分商家场外观望，近期开始逐步参与市场。栾川某商家表示，前期矿商停产较多，贸易商多以低库存场外等待行情好转。虽然近期钼精矿价格开始有所好转，但是上调的步伐依然较慢。与成本相比，盈利空间较小。期待后期继续上行。\n                    \n                    　　钼铁市场：钼铁价格暂时保持平稳，市场主流报价10.7-11万元/吨（现款-承兑）。当前，在行情利好带动下，有商家报价呈现虚高状况，整体现款报价期间10.6-10.8万元/吨为主，承兑10.9-11.1万元/吨左右。市场需求尚无完全释放，高价成交偏少。月底部分钢厂招标会逐步启动，钼铁厂家有继续挺价迹象。从近期的钢厂招标来看，钢厂60钼铁的承兑招标价格10.4-10.6万元/吨较为常见，后期有提升空间。\n                    \n                    　　12月21日LME钼期货报价整体保持平稳，3月期钼报价25250/25750美元/吨；15月期钼报价25720/26720美元/吨，LME期钼持仓132手。今日简讯：明年贷款需求将相对旺盛，城镇化为信贷投放重点；中金：新型城镇化难以支持新一轮地产投资；意大利总理蒙蒂递交辞呈，大选或于明年2月举行。\n                    \n                    　　周初外盘钼市部分产品价格仍有上调迹象，欧洲钼铁、氧化钼等都有一定涨幅；美国市场稍显平稳，价格暂稳波动。其次，欧亚将钼氧化物进口关税从5%降至零，这有利增加外部市场对该产品的需求，降低钼铁合金的生产成本，提高外部市场行业竞争力。国内行情运行平稳，主要钼产品价格继续保持在相对高位。同时，市场部分商家报价仍有抬高迹象，加之年底逼近，后期钢厂招标或有新的改观。', '1', '钼,行情,美元', '1', 'lizhili', '2013-01-31 00:00:00', '2013-01-31 00:00:00', '1');
INSERT INTO mu_article VALUES ('146', '金堆城钼业公司选矿工艺现状分析', 'lizhili', '20', '　钼精矿市场：今日40-45%钼精矿主流报价1540-1570元/吨度附近，47%及以上品位1560-1580元/吨度，价格暂时持稳，行情仍有继续向上运行迹象。行情短期利好，之前部分商家场外观望，近期开始逐步参与市场。栾川某商家表示，前期矿商停产较多，贸易商多以低库存场外等待行情好转。虽然近期钼精矿价格开始有所好转，但是上调的步伐依然较慢。与成本相比，盈利空间较小。期待后期继续上行。\n                    \n                    　　钼铁市场：钼铁价格暂时保持平稳，市场主流报价10.7-11万元/吨（现款-承兑）。当前，在行情利好带动下，有商家报价呈现虚高状况，整体现款报价期间10.6-10.8万元/吨为主，承兑10.9-11.1万元/吨左右。市场需求尚无完全释放，高价成交偏少。月底部分钢厂招标会逐步启动，钼铁厂家有继续挺价迹象。从近期的钢厂招标来看，钢厂60钼铁的承兑招标价格10.4-10.6万元/吨较为常见，后期有提升空间。\n                    \n                    　　12月21日LME钼期货报价整体保持平稳，3月期钼报价25250/25750美元/吨；15月期钼报价25720/26720美元/吨，LME期钼持仓132手。今日简讯：明年贷款需求将相对旺盛，城镇化为信贷投放重点；中金：新型城镇化难以支持新一轮地产投资；意大利总理蒙蒂递交辞呈，大选或于明年2月举行。\n                    \n                    　　周初外盘钼市部分产品价格仍有上调迹象，欧洲钼铁、氧化钼等都有一定涨幅；美国市场稍显平稳，价格暂稳波动。其次，欧亚将钼氧化物进口关税从5%降至零，这有利增加外部市场对该产品的需求，降低钼铁合金的生产成本，提高外部市场行业竞争力。国内行情运行平稳，主要钼产品价格继续保持在相对高位。同时，市场部分商家报价仍有抬高迹象，加之年底逼近，后期钢厂招标或有新的改观。', '1', '钼,行情,美元', '1', 'lizhili', '2013-01-31 00:00:00', '2013-01-31 00:00:00', '0');
INSERT INTO mu_article VALUES ('147', '钼矿及其处理', 'lizhili', '20', '　钼精矿市场：今日40-45%钼精矿主流报价1540-1570元/吨度附近，47%及以上品位1560-1580元/吨度，价格暂时持稳，行情仍有继续向上运行迹象。行情短期利好，之前部分商家场外观望，近期开始逐步参与市场。栾川某商家表示，前期矿商停产较多，贸易商多以低库存场外等待行情好转。虽然近期钼精矿价格开始有所好转，但是上调的步伐依然较慢。与成本相比，盈利空间较小。期待后期继续上行。\n                    \n                    　　钼铁市场：钼铁价格暂时保持平稳，市场主流报价10.7-11万元/吨（现款-承兑）。当前，在行情利好带动下，有商家报价呈现虚高状况，整体现款报价期间10.6-10.8万元/吨为主，承兑10.9-11.1万元/吨左右。市场需求尚无完全释放，高价成交偏少。月底部分钢厂招标会逐步启动，钼铁厂家有继续挺价迹象。从近期的钢厂招标来看，钢厂60钼铁的承兑招标价格10.4-10.6万元/吨较为常见，后期有提升空间。\n                    \n                    　　12月21日LME钼期货报价整体保持平稳，3月期钼报价25250/25750美元/吨；15月期钼报价25720/26720美元/吨，LME期钼持仓132手。今日简讯：明年贷款需求将相对旺盛，城镇化为信贷投放重点；中金：新型城镇化难以支持新一轮地产投资；意大利总理蒙蒂递交辞呈，大选或于明年2月举行。\n                    \n                    　　周初外盘钼市部分产品价格仍有上调迹象，欧洲钼铁、氧化钼等都有一定涨幅；美国市场稍显平稳，价格暂稳波动。其次，欧亚将钼氧化物进口关税从5%降至零，这有利增加外部市场对该产品的需求，降低钼铁合金的生产成本，提高外部市场行业竞争力。国内行情运行平稳，主要钼产品价格继续保持在相对高位。同时，市场部分商家报价仍有抬高迹象，加之年底逼近，后期钢厂招标或有新的改观。', '1', '钼,行情,美元', '1', 'lizhili', '2013-01-31 00:00:00', '2013-01-31 00:00:00', '1');
INSERT INTO mu_article VALUES ('148', '金堆城钼业公司选矿工艺现状分析', 'lizhili', '20', '　钼精矿市场：今日40-45%钼精矿主流报价1540-1570元/吨度附近，47%及以上品位1560-1580元/吨度，价格暂时持稳，行情仍有继续向上运行迹象。行情短期利好，之前部分商家场外观望，近期开始逐步参与市场。栾川某商家表示，前期矿商停产较多，贸易商多以低库存场外等待行情好转。虽然近期钼精矿价格开始有所好转，但是上调的步伐依然较慢。与成本相比，盈利空间较小。期待后期继续上行。\n                    \n                    　　钼铁市场：钼铁价格暂时保持平稳，市场主流报价10.7-11万元/吨（现款-承兑）。当前，在行情利好带动下，有商家报价呈现虚高状况，整体现款报价期间10.6-10.8万元/吨为主，承兑10.9-11.1万元/吨左右。市场需求尚无完全释放，高价成交偏少。月底部分钢厂招标会逐步启动，钼铁厂家有继续挺价迹象。从近期的钢厂招标来看，钢厂60钼铁的承兑招标价格10.4-10.6万元/吨较为常见，后期有提升空间。\n                    \n                    　　12月21日LME钼期货报价整体保持平稳，3月期钼报价25250/25750美元/吨；15月期钼报价25720/26720美元/吨，LME期钼持仓132手。今日简讯：明年贷款需求将相对旺盛，城镇化为信贷投放重点；中金：新型城镇化难以支持新一轮地产投资；意大利总理蒙蒂递交辞呈，大选或于明年2月举行。\n                    \n                    　　周初外盘钼市部分产品价格仍有上调迹象，欧洲钼铁、氧化钼等都有一定涨幅；美国市场稍显平稳，价格暂稳波动。其次，欧亚将钼氧化物进口关税从5%降至零，这有利增加外部市场对该产品的需求，降低钼铁合金的生产成本，提高外部市场行业竞争力。国内行情运行平稳，主要钼产品价格继续保持在相对高位。同时，市场部分商家报价仍有抬高迹象，加之年底逼近，后期钢厂招标或有新的改观。', '1', '钼,行情,美元', '1', 'lizhili', '2013-01-31 00:00:00', '2013-01-31 00:00:00', '1');
INSERT INTO mu_article VALUES ('149', '钼铁的牌号及其用途', 'lizhili', '20', '　钼精矿市场：今日40-45%钼精矿主流报价1540-1570元/吨度附近，47%及以上品位1560-1580元/吨度，价格暂时持稳，行情仍有继续向上运行迹象。行情短期利好，之前部分商家场外观望，近期开始逐步参与市场。栾川某商家表示，前期矿商停产较多，贸易商多以低库存场外等待行情好转。虽然近期钼精矿价格开始有所好转，但是上调的步伐依然较慢。与成本相比，盈利空间较小。期待后期继续上行。\n                    \n                    　　钼铁市场：钼铁价格暂时保持平稳，市场主流报价10.7-11万元/吨（现款-承兑）。当前，在行情利好带动下，有商家报价呈现虚高状况，整体现款报价期间10.6-10.8万元/吨为主，承兑10.9-11.1万元/吨左右。市场需求尚无完全释放，高价成交偏少。月底部分钢厂招标会逐步启动，钼铁厂家有继续挺价迹象。从近期的钢厂招标来看，钢厂60钼铁的承兑招标价格10.4-10.6万元/吨较为常见，后期有提升空间。\n                    \n                    　　12月21日LME钼期货报价整体保持平稳，3月期钼报价25250/25750美元/吨；15月期钼报价25720/26720美元/吨，LME期钼持仓132手。今日简讯：明年贷款需求将相对旺盛，城镇化为信贷投放重点；中金：新型城镇化难以支持新一轮地产投资；意大利总理蒙蒂递交辞呈，大选或于明年2月举行。\n                    \n                    　　周初外盘钼市部分产品价格仍有上调迹象，欧洲钼铁、氧化钼等都有一定涨幅；美国市场稍显平稳，价格暂稳波动。其次，欧亚将钼氧化物进口关税从5%降至零，这有利增加外部市场对该产品的需求，降低钼铁合金的生产成本，提高外部市场行业竞争力。国内行情运行平稳，主要钼产品价格继续保持在相对高位。同时，市场部分商家报价仍有抬高迹象，加之年底逼近，后期钢厂招标或有新的改观。', '1', '钼,行情,美元', '1', 'lizhili', '2013-01-31 00:00:00', '2013-01-31 00:00:00', '0');
INSERT INTO mu_article VALUES ('150', '钼矿及其处理', 'lizhili', '20', '　钼精矿市场：今日40-45%钼精矿主流报价1540-1570元/吨度附近，47%及以上品位1560-1580元/吨度，价格暂时持稳，行情仍有继续向上运行迹象。行情短期利好，之前部分商家场外观望，近期开始逐步参与市场。栾川某商家表示，前期矿商停产较多，贸易商多以低库存场外等待行情好转。虽然近期钼精矿价格开始有所好转，但是上调的步伐依然较慢。与成本相比，盈利空间较小。期待后期继续上行。\n                    \n                    　　钼铁市场：钼铁价格暂时保持平稳，市场主流报价10.7-11万元/吨（现款-承兑）。当前，在行情利好带动下，有商家报价呈现虚高状况，整体现款报价期间10.6-10.8万元/吨为主，承兑10.9-11.1万元/吨左右。市场需求尚无完全释放，高价成交偏少。月底部分钢厂招标会逐步启动，钼铁厂家有继续挺价迹象。从近期的钢厂招标来看，钢厂60钼铁的承兑招标价格10.4-10.6万元/吨较为常见，后期有提升空间。\n                    \n                    　　12月21日LME钼期货报价整体保持平稳，3月期钼报价25250/25750美元/吨；15月期钼报价25720/26720美元/吨，LME期钼持仓132手。今日简讯：明年贷款需求将相对旺盛，城镇化为信贷投放重点；中金：新型城镇化难以支持新一轮地产投资；意大利总理蒙蒂递交辞呈，大选或于明年2月举行。\n                    \n                    　　周初外盘钼市部分产品价格仍有上调迹象，欧洲钼铁、氧化钼等都有一定涨幅；美国市场稍显平稳，价格暂稳波动。其次，欧亚将钼氧化物进口关税从5%降至零，这有利增加外部市场对该产品的需求，降低钼铁合金的生产成本，提高外部市场行业竞争力。国内行情运行平稳，主要钼产品价格继续保持在相对高位。同时，市场部分商家报价仍有抬高迹象，加之年底逼近，后期钢厂招标或有新的改观。', '1', '钼,行情,美元', '1', 'lizhili', '2013-01-31 00:00:00', '2013-01-31 00:00:00', '0');
INSERT INTO mu_article VALUES ('151', '  2013年固定资产投资预计增8万亿 多省GDP预增1', 'lizhili', '17', '中新网1月30日电 随着春节逐渐临近，每年唯一的烟花爆竹销售燃放季即将开始，这对原本已经屡屡爆表的空气质量无异于雪上加霜。根据媒体报道，2012年除夕夜北京PM2.5数据在短短几小时内暴增80倍，市民开始对是否燃放烟花爆竹进行反思，相对应的，却是节能减排相应政策法规对烟花爆竹燃放监管的缺失。\n\n                   北京雾霾又来侵袭，多日不见阳光，空气中弥散着烟灰的味道，看不见摸不着的PM2.5让人心生恐慌，新一轮口罩采购潮涌起。上一次雾霾的消散基本靠“吹”，而本轮还只能依靠冷空气吗？\n\n                   北京2013年春节烟花爆竹将于2月5日也就是腊月二十五正式开卖，现在烟花鞭炮公司已经开始向各个销售网点配送烟花。10天后，大量烟花爆竹将在城市、乡村的各个角落中升腾、炸响。已经不堪重负的北京空气恐将愈加不堪。', '1', '钼', '1', 'lizhili', '2013-01-31 00:00:00', '2013-01-31 00:00:00', '0');
INSERT INTO mu_article VALUES ('152', '  2012年我国新增铁、锰、镍、钨、钼矿资源储量', 'lizhili', '17', '中新网1月30日电 随着春节逐渐临近，每年唯一的烟花爆竹销售燃放季即将开始，这对原本已经屡屡爆表的空气质量无异于雪上加霜。根据媒体报道，2012年除夕夜北京PM2.5数据在短短几小时内暴增80倍，市民开始对是否燃放烟花爆竹进行反思，相对应的，却是节能减排相应政策法规对烟花爆竹燃放监管的缺失。\n\n                   北京雾霾又来侵袭，多日不见阳光，空气中弥散着烟灰的味道，看不见摸不着的PM2.5让人心生恐慌，新一轮口罩采购潮涌起。上一次雾霾的消散基本靠“吹”，而本轮还只能依靠冷空气吗？\n\n                   北京2013年春节烟花爆竹将于2月5日也就是腊月二十五正式开卖，现在烟花鞭炮公司已经开始向各个销售网点配送烟花。10天后，大量烟花爆竹将在城市、乡村的各个角落中升腾、炸响。已经不堪重负的北京空气恐将愈加不堪。', '1', '钼', '1', 'lizhili', '2013-01-31 00:00:00', '2013-01-31 00:00:00', '0');
INSERT INTO mu_article VALUES ('153', '  2012年全国粗钢产量同比增长3.1%', 'lizhili', '17', '中新网1月30日电 随着春节逐渐临近，每年唯一的烟花爆竹销售燃放季即将开始，这对原本已经屡屡爆表的空气质量无异于雪上加霜。根据媒体报道，2012年除夕夜北京PM2.5数据在短短几小时内暴增80倍，市民开始对是否燃放烟花爆竹进行反思，相对应的，却是节能减排相应政策法规对烟花爆竹燃放监管的缺失。\n\n                   北京雾霾又来侵袭，多日不见阳光，空气中弥散着烟灰的味道，看不见摸不着的PM2.5让人心生恐慌，新一轮口罩采购潮涌起。上一次雾霾的消散基本靠“吹”，而本轮还只能依靠冷空气吗？\n\n                   北京2013年春节烟花爆竹将于2月5日也就是腊月二十五正式开卖，现在烟花鞭炮公司已经开始向各个销售网点配送烟花。10天后，大量烟花爆竹将在城市、乡村的各个角落中升腾、炸响。已经不堪重负的北京空气恐将愈加不堪。', '1', '钼', '1', 'lizhili', '2013-01-31 00:00:00', '2013-01-31 00:00:00', '1');
INSERT INTO mu_article VALUES ('154', '  2012年我国新增铁、锰、镍、钨、钼矿资源储量', 'lizhili', '17', '中新网1月30日电 随着春节逐渐临近，每年唯一的烟花爆竹销售燃放季即将开始，这对原本已经屡屡爆表的空气质量无异于雪上加霜。根据媒体报道，2012年除夕夜北京PM2.5数据在短短几小时内暴增80倍，市民开始对是否燃放烟花爆竹进行反思，相对应的，却是节能减排相应政策法规对烟花爆竹燃放监管的缺失。\n\n                   北京雾霾又来侵袭，多日不见阳光，空气中弥散着烟灰的味道，看不见摸不着的PM2.5让人心生恐慌，新一轮口罩采购潮涌起。上一次雾霾的消散基本靠“吹”，而本轮还只能依靠冷空气吗？\n\n                   北京2013年春节烟花爆竹将于2月5日也就是腊月二十五正式开卖，现在烟花鞭炮公司已经开始向各个销售网点配送烟花。10天后，大量烟花爆竹将在城市、乡村的各个角落中升腾、炸响。已经不堪重负的北京空气恐将愈加不堪。', '1', '钼', '1', 'lizhili', '2013-01-31 00:00:00', '2013-01-31 00:00:00', '0');
INSERT INTO mu_article VALUES ('155', '  2012年12月全国进口铁合金分国别统计', 'lizhili', '17', '中新网1月30日电 随着春节逐渐临近，每年唯一的烟花爆竹销售燃放季即将开始，这对原本已经屡屡爆表的空气质量无异于雪上加霜。根据媒体报道，2012年除夕夜北京PM2.5数据在短短几小时内暴增80倍，市民开始对是否燃放烟花爆竹进行反思，相对应的，却是节能减排相应政策法规对烟花爆竹燃放监管的缺失。\n\n                   北京雾霾又来侵袭，多日不见阳光，空气中弥散着烟灰的味道，看不见摸不着的PM2.5让人心生恐慌，新一轮口罩采购潮涌起。上一次雾霾的消散基本靠“吹”，而本轮还只能依靠冷空气吗？\n\n                   北京2013年春节烟花爆竹将于2月5日也就是腊月二十五正式开卖，现在烟花鞭炮公司已经开始向各个销售网点配送烟花。10天后，大量烟花爆竹将在城市、乡村的各个角落中升腾、炸响。已经不堪重负的北京空气恐将愈加不堪。', '1', '钼', '1', 'lizhili', '2013-01-31 00:00:00', '2013-01-31 00:00:00', '1');
INSERT INTO mu_article VALUES ('156', '  铁路货运提价或上半年推出 提价一分约增收200', 'lizhili', '17', '中新网1月30日电 随着春节逐渐临近，每年唯一的烟花爆竹销售燃放季即将开始，这对原本已经屡屡爆表的空气质量无异于雪上加霜。根据媒体报道，2012年除夕夜北京PM2.5数据在短短几小时内暴增80倍，市民开始对是否燃放烟花爆竹进行反思，相对应的，却是节能减排相应政策法规对烟花爆竹燃放监管的缺失。\n\n                   北京雾霾又来侵袭，多日不见阳光，空气中弥散着烟灰的味道，看不见摸不着的PM2.5让人心生恐慌，新一轮口罩采购潮涌起。上一次雾霾的消散基本靠“吹”，而本轮还只能依靠冷空气吗？\n\n                   北京2013年春节烟花爆竹将于2月5日也就是腊月二十五正式开卖，现在烟花鞭炮公司已经开始向各个销售网点配送烟花。10天后，大量烟花爆竹将在城市、乡村的各个角落中升腾、炸响。已经不堪重负的北京空气恐将愈加不堪。', '1', '钼', '1', 'lizhili', '2013-01-31 00:00:00', '2013-01-31 00:00:00', '1');
INSERT INTO mu_article VALUES ('157', '  辽宁发生5.1级地震 当地矿企未受影响', 'lizhili', '17', '中新网1月30日电 随着春节逐渐临近，每年唯一的烟花爆竹销售燃放季即将开始，这对原本已经屡屡爆表的空气质量无异于雪上加霜。根据媒体报道，2012年除夕夜北京PM2.5数据在短短几小时内暴增80倍，市民开始对是否燃放烟花爆竹进行反思，相对应的，却是节能减排相应政策法规对烟花爆竹燃放监管的缺失。\n\n                   北京雾霾又来侵袭，多日不见阳光，空气中弥散着烟灰的味道，看不见摸不着的PM2.5让人心生恐慌，新一轮口罩采购潮涌起。上一次雾霾的消散基本靠“吹”，而本轮还只能依靠冷空气吗？\n\n                   北京2013年春节烟花爆竹将于2月5日也就是腊月二十五正式开卖，现在烟花鞭炮公司已经开始向各个销售网点配送烟花。10天后，大量烟花爆竹将在城市、乡村的各个角落中升腾、炸响。已经不堪重负的北京空气恐将愈加不堪。', '1', '钼', '1', 'lizhili', '2013-01-31 00:00:00', '2013-01-31 00:00:00', '1');
INSERT INTO mu_article VALUES ('158', '  近期钢厂钼铁招标汇总（920吨/6家）', 'lizhili', '17', '中新网1月30日电 随着春节逐渐临近，每年唯一的烟花爆竹销售燃放季即将开始，这对原本已经屡屡爆表的空气质量无异于雪上加霜。根据媒体报道，2012年除夕夜北京PM2.5数据在短短几小时内暴增80倍，市民开始对是否燃放烟花爆竹进行反思，相对应的，却是节能减排相应政策法规对烟花爆竹燃放监管的缺失。\n\n                   北京雾霾又来侵袭，多日不见阳光，空气中弥散着烟灰的味道，看不见摸不着的PM2.5让人心生恐慌，新一轮口罩采购潮涌起。上一次雾霾的消散基本靠“吹”，而本轮还只能依靠冷空气吗？\n\n                   北京2013年春节烟花爆竹将于2月5日也就是腊月二十五正式开卖，现在烟花鞭炮公司已经开始向各个销售网点配送烟花。10天后，大量烟花爆竹将在城市、乡村的各个角落中升腾、炸响。已经不堪重负的北京空气恐将愈加不堪。', '1', '钼', '1', 'lizhili', '2013-01-31 00:00:00', '2013-01-31 00:00:00', '0');
INSERT INTO mu_article VALUES ('159', '  近期钢厂钼铁招标汇总（920吨/6家）', 'lizhili', '17', '中新网1月30日电 随着春节逐渐临近，每年唯一的烟花爆竹销售燃放季即将开始，这对原本已经屡屡爆表的空气质量无异于雪上加霜。根据媒体报道，2012年除夕夜北京PM2.5数据在短短几小时内暴增80倍，市民开始对是否燃放烟花爆竹进行反思，相对应的，却是节能减排相应政策法规对烟花爆竹燃放监管的缺失。\n\n                   北京雾霾又来侵袭，多日不见阳光，空气中弥散着烟灰的味道，看不见摸不着的PM2.5让人心生恐慌，新一轮口罩采购潮涌起。上一次雾霾的消散基本靠“吹”，而本轮还只能依靠冷空气吗？\n\n                   北京2013年春节烟花爆竹将于2月5日也就是腊月二十五正式开卖，现在烟花鞭炮公司已经开始向各个销售网点配送烟花。10天后，大量烟花爆竹将在城市、乡村的各个角落中升腾、炸响。已经不堪重负的北京空气恐将愈加不堪。', '1', '钼', '1', 'lizhili', '2013-01-31 00:00:00', '2013-01-31 00:00:00', '1');
INSERT INTO mu_article VALUES ('160', '  2012年12月全国进口铁合金分国别统计', 'lizhili', '17', '中新网1月30日电 随着春节逐渐临近，每年唯一的烟花爆竹销售燃放季即将开始，这对原本已经屡屡爆表的空气质量无异于雪上加霜。根据媒体报道，2012年除夕夜北京PM2.5数据在短短几小时内暴增80倍，市民开始对是否燃放烟花爆竹进行反思，相对应的，却是节能减排相应政策法规对烟花爆竹燃放监管的缺失。\n\n                   北京雾霾又来侵袭，多日不见阳光，空气中弥散着烟灰的味道，看不见摸不着的PM2.5让人心生恐慌，新一轮口罩采购潮涌起。上一次雾霾的消散基本靠“吹”，而本轮还只能依靠冷空气吗？\n\n                   北京2013年春节烟花爆竹将于2月5日也就是腊月二十五正式开卖，现在烟花鞭炮公司已经开始向各个销售网点配送烟花。10天后，大量烟花爆竹将在城市、乡村的各个角落中升腾、炸响。已经不堪重负的北京空气恐将愈加不堪。', '1', '钼', '1', 'lizhili', '2013-01-31 00:00:00', '2013-01-31 00:00:00', '0');
INSERT INTO mu_article VALUES ('161', '  武钢预计今年减税7300万', 'lizhili', '17', '中新网1月30日电 随着春节逐渐临近，每年唯一的烟花爆竹销售燃放季即将开始，这对原本已经屡屡爆表的空气质量无异于雪上加霜。根据媒体报道，2012年除夕夜北京PM2.5数据在短短几小时内暴增80倍，市民开始对是否燃放烟花爆竹进行反思，相对应的，却是节能减排相应政策法规对烟花爆竹燃放监管的缺失。\n\n                   北京雾霾又来侵袭，多日不见阳光，空气中弥散着烟灰的味道，看不见摸不着的PM2.5让人心生恐慌，新一轮口罩采购潮涌起。上一次雾霾的消散基本靠“吹”，而本轮还只能依靠冷空气吗？\n\n                   北京2013年春节烟花爆竹将于2月5日也就是腊月二十五正式开卖，现在烟花鞭炮公司已经开始向各个销售网点配送烟花。10天后，大量烟花爆竹将在城市、乡村的各个角落中升腾、炸响。已经不堪重负的北京空气恐将愈加不堪。', '1', '钼', '1', 'lizhili', '2013-01-31 00:00:00', '2013-01-31 00:00:00', '0');
INSERT INTO mu_article VALUES ('162', '  我国确定今年工业节能减排目标', 'lizhili', '17', '中新网1月30日电 随着春节逐渐临近，每年唯一的烟花爆竹销售燃放季即将开始，这对原本已经屡屡爆表的空气质量无异于雪上加霜。根据媒体报道，2012年除夕夜北京PM2.5数据在短短几小时内暴增80倍，市民开始对是否燃放烟花爆竹进行反思，相对应的，却是节能减排相应政策法规对烟花爆竹燃放监管的缺失。\n\n                   北京雾霾又来侵袭，多日不见阳光，空气中弥散着烟灰的味道，看不见摸不着的PM2.5让人心生恐慌，新一轮口罩采购潮涌起。上一次雾霾的消散基本靠“吹”，而本轮还只能依靠冷空气吗？\n\n                   北京2013年春节烟花爆竹将于2月5日也就是腊月二十五正式开卖，现在烟花鞭炮公司已经开始向各个销售网点配送烟花。10天后，大量烟花爆竹将在城市、乡村的各个角落中升腾、炸响。已经不堪重负的北京空气恐将愈加不堪。', '1', '钼', '1', 'lizhili', '2013-01-31 00:00:00', '2013-01-31 00:00:00', '0');
INSERT INTO mu_article VALUES ('163', '  辽宁发生5.1级地震 当地矿企未受影响', 'lizhili', '17', '中新网1月30日电 随着春节逐渐临近，每年唯一的烟花爆竹销售燃放季即将开始，这对原本已经屡屡爆表的空气质量无异于雪上加霜。根据媒体报道，2012年除夕夜北京PM2.5数据在短短几小时内暴增80倍，市民开始对是否燃放烟花爆竹进行反思，相对应的，却是节能减排相应政策法规对烟花爆竹燃放监管的缺失。\n\n                   北京雾霾又来侵袭，多日不见阳光，空气中弥散着烟灰的味道，看不见摸不着的PM2.5让人心生恐慌，新一轮口罩采购潮涌起。上一次雾霾的消散基本靠“吹”，而本轮还只能依靠冷空气吗？\n\n                   北京2013年春节烟花爆竹将于2月5日也就是腊月二十五正式开卖，现在烟花鞭炮公司已经开始向各个销售网点配送烟花。10天后，大量烟花爆竹将在城市、乡村的各个角落中升腾、炸响。已经不堪重负的北京空气恐将愈加不堪。', '1', '钼', '1', 'lizhili', '2013-01-31 00:00:00', '2013-01-31 00:00:00', '1');
INSERT INTO mu_article VALUES ('164', '  武钢预计今年减税7300万', 'lizhili', '17', '中新网1月30日电 随着春节逐渐临近，每年唯一的烟花爆竹销售燃放季即将开始，这对原本已经屡屡爆表的空气质量无异于雪上加霜。根据媒体报道，2012年除夕夜北京PM2.5数据在短短几小时内暴增80倍，市民开始对是否燃放烟花爆竹进行反思，相对应的，却是节能减排相应政策法规对烟花爆竹燃放监管的缺失。\n\n                   北京雾霾又来侵袭，多日不见阳光，空气中弥散着烟灰的味道，看不见摸不着的PM2.5让人心生恐慌，新一轮口罩采购潮涌起。上一次雾霾的消散基本靠“吹”，而本轮还只能依靠冷空气吗？\n\n                   北京2013年春节烟花爆竹将于2月5日也就是腊月二十五正式开卖，现在烟花鞭炮公司已经开始向各个销售网点配送烟花。10天后，大量烟花爆竹将在城市、乡村的各个角落中升腾、炸响。已经不堪重负的北京空气恐将愈加不堪。', '1', '钼', '1', 'lizhili', '2013-01-31 00:00:00', '2013-01-31 00:00:00', '0');
INSERT INTO mu_article VALUES ('165', '  近期钢厂钼铁招标汇总（920吨/6家）', 'lizhili', '17', '中新网1月30日电 随着春节逐渐临近，每年唯一的烟花爆竹销售燃放季即将开始，这对原本已经屡屡爆表的空气质量无异于雪上加霜。根据媒体报道，2012年除夕夜北京PM2.5数据在短短几小时内暴增80倍，市民开始对是否燃放烟花爆竹进行反思，相对应的，却是节能减排相应政策法规对烟花爆竹燃放监管的缺失。\n\n                   北京雾霾又来侵袭，多日不见阳光，空气中弥散着烟灰的味道，看不见摸不着的PM2.5让人心生恐慌，新一轮口罩采购潮涌起。上一次雾霾的消散基本靠“吹”，而本轮还只能依靠冷空气吗？\n\n                   北京2013年春节烟花爆竹将于2月5日也就是腊月二十五正式开卖，现在烟花鞭炮公司已经开始向各个销售网点配送烟花。10天后，大量烟花爆竹将在城市、乡村的各个角落中升腾、炸响。已经不堪重负的北京空气恐将愈加不堪。', '1', '钼', '1', 'lizhili', '2013-01-31 00:00:00', '2013-01-31 00:00:00', '1');
INSERT INTO mu_article VALUES ('166', '  2012国内粗钢产量7.17亿吨 钢铁转向低速增长', 'lizhili', '17', '中新网1月30日电 随着春节逐渐临近，每年唯一的烟花爆竹销售燃放季即将开始，这对原本已经屡屡爆表的空气质量无异于雪上加霜。根据媒体报道，2012年除夕夜北京PM2.5数据在短短几小时内暴增80倍，市民开始对是否燃放烟花爆竹进行反思，相对应的，却是节能减排相应政策法规对烟花爆竹燃放监管的缺失。\n\n                   北京雾霾又来侵袭，多日不见阳光，空气中弥散着烟灰的味道，看不见摸不着的PM2.5让人心生恐慌，新一轮口罩采购潮涌起。上一次雾霾的消散基本靠“吹”，而本轮还只能依靠冷空气吗？\n\n                   北京2013年春节烟花爆竹将于2月5日也就是腊月二十五正式开卖，现在烟花鞭炮公司已经开始向各个销售网点配送烟花。10天后，大量烟花爆竹将在城市、乡村的各个角落中升腾、炸响。已经不堪重负的北京空气恐将愈加不堪。', '1', '钼', '1', 'lizhili', '2013-01-31 00:00:00', '2013-01-31 00:00:00', '0');
INSERT INTO mu_article VALUES ('167', '  武钢预计今年减税7300万', 'lizhili', '17', '中新网1月30日电 随着春节逐渐临近，每年唯一的烟花爆竹销售燃放季即将开始，这对原本已经屡屡爆表的空气质量无异于雪上加霜。根据媒体报道，2012年除夕夜北京PM2.5数据在短短几小时内暴增80倍，市民开始对是否燃放烟花爆竹进行反思，相对应的，却是节能减排相应政策法规对烟花爆竹燃放监管的缺失。\n\n                   北京雾霾又来侵袭，多日不见阳光，空气中弥散着烟灰的味道，看不见摸不着的PM2.5让人心生恐慌，新一轮口罩采购潮涌起。上一次雾霾的消散基本靠“吹”，而本轮还只能依靠冷空气吗？\n\n                   北京2013年春节烟花爆竹将于2月5日也就是腊月二十五正式开卖，现在烟花鞭炮公司已经开始向各个销售网点配送烟花。10天后，大量烟花爆竹将在城市、乡村的各个角落中升腾、炸响。已经不堪重负的北京空气恐将愈加不堪。', '1', '钼', '1', 'lizhili', '2013-01-31 00:00:00', '2013-01-31 00:00:00', '1');
INSERT INTO mu_article VALUES ('168', '  近期钢厂钼铁招标汇总（920吨/6家）', 'lizhili', '17', '中新网1月30日电 随着春节逐渐临近，每年唯一的烟花爆竹销售燃放季即将开始，这对原本已经屡屡爆表的空气质量无异于雪上加霜。根据媒体报道，2012年除夕夜北京PM2.5数据在短短几小时内暴增80倍，市民开始对是否燃放烟花爆竹进行反思，相对应的，却是节能减排相应政策法规对烟花爆竹燃放监管的缺失。\n\n                   北京雾霾又来侵袭，多日不见阳光，空气中弥散着烟灰的味道，看不见摸不着的PM2.5让人心生恐慌，新一轮口罩采购潮涌起。上一次雾霾的消散基本靠“吹”，而本轮还只能依靠冷空气吗？\n\n                   北京2013年春节烟花爆竹将于2月5日也就是腊月二十五正式开卖，现在烟花鞭炮公司已经开始向各个销售网点配送烟花。10天后，大量烟花爆竹将在城市、乡村的各个角落中升腾、炸响。已经不堪重负的北京空气恐将愈加不堪。', '1', '钼', '1', 'lizhili', '2013-01-31 00:00:00', '2013-01-31 00:00:00', '1');
INSERT INTO mu_article VALUES ('169', '  2012国内粗钢产量7.17亿吨 钢铁转向低速增长', 'lizhili', '17', '中新网1月30日电 随着春节逐渐临近，每年唯一的烟花爆竹销售燃放季即将开始，这对原本已经屡屡爆表的空气质量无异于雪上加霜。根据媒体报道，2012年除夕夜北京PM2.5数据在短短几小时内暴增80倍，市民开始对是否燃放烟花爆竹进行反思，相对应的，却是节能减排相应政策法规对烟花爆竹燃放监管的缺失。\n\n                   北京雾霾又来侵袭，多日不见阳光，空气中弥散着烟灰的味道，看不见摸不着的PM2.5让人心生恐慌，新一轮口罩采购潮涌起。上一次雾霾的消散基本靠“吹”，而本轮还只能依靠冷空气吗？\n\n                   北京2013年春节烟花爆竹将于2月5日也就是腊月二十五正式开卖，现在烟花鞭炮公司已经开始向各个销售网点配送烟花。10天后，大量烟花爆竹将在城市、乡村的各个角落中升腾、炸响。已经不堪重负的北京空气恐将愈加不堪。', '1', '钼', '1', 'lizhili', '2013-01-31 00:00:00', '2013-01-31 00:00:00', '0');
INSERT INTO mu_article VALUES ('170', '  我国确定今年工业节能减排目标', 'lizhili', '17', '中新网1月30日电 随着春节逐渐临近，每年唯一的烟花爆竹销售燃放季即将开始，这对原本已经屡屡爆表的空气质量无异于雪上加霜。根据媒体报道，2012年除夕夜北京PM2.5数据在短短几小时内暴增80倍，市民开始对是否燃放烟花爆竹进行反思，相对应的，却是节能减排相应政策法规对烟花爆竹燃放监管的缺失。\n\n                   北京雾霾又来侵袭，多日不见阳光，空气中弥散着烟灰的味道，看不见摸不着的PM2.5让人心生恐慌，新一轮口罩采购潮涌起。上一次雾霾的消散基本靠“吹”，而本轮还只能依靠冷空气吗？\n\n                   北京2013年春节烟花爆竹将于2月5日也就是腊月二十五正式开卖，现在烟花鞭炮公司已经开始向各个销售网点配送烟花。10天后，大量烟花爆竹将在城市、乡村的各个角落中升腾、炸响。已经不堪重负的北京空气恐将愈加不堪。', '1', '钼', '1', 'lizhili', '2013-01-31 00:00:00', '2013-01-31 00:00:00', '1');
INSERT INTO mu_article VALUES ('171', '  乌海三美国际矿业高管拜访中信锦州公司', 'lizhili', '17', '中新网1月30日电 随着春节逐渐临近，每年唯一的烟花爆竹销售燃放季即将开始，这对原本已经屡屡爆表的空气质量无异于雪上加霜。根据媒体报道，2012年除夕夜北京PM2.5数据在短短几小时内暴增80倍，市民开始对是否燃放烟花爆竹进行反思，相对应的，却是节能减排相应政策法规对烟花爆竹燃放监管的缺失。\n\n                   北京雾霾又来侵袭，多日不见阳光，空气中弥散着烟灰的味道，看不见摸不着的PM2.5让人心生恐慌，新一轮口罩采购潮涌起。上一次雾霾的消散基本靠“吹”，而本轮还只能依靠冷空气吗？\n\n                   北京2013年春节烟花爆竹将于2月5日也就是腊月二十五正式开卖，现在烟花鞭炮公司已经开始向各个销售网点配送烟花。10天后，大量烟花爆竹将在城市、乡村的各个角落中升腾、炸响。已经不堪重负的北京空气恐将愈加不堪。', '1', '钼', '1', 'lizhili', '2013-01-31 00:00:00', '2013-01-31 00:00:00', '1');
INSERT INTO mu_article VALUES ('172', '  钼股份荣获“陕西省质量信用等级A级企业”称', 'lizhili', '17', '中新网1月30日电 随着春节逐渐临近，每年唯一的烟花爆竹销售燃放季即将开始，这对原本已经屡屡爆表的空气质量无异于雪上加霜。根据媒体报道，2012年除夕夜北京PM2.5数据在短短几小时内暴增80倍，市民开始对是否燃放烟花爆竹进行反思，相对应的，却是节能减排相应政策法规对烟花爆竹燃放监管的缺失。\n\n                   北京雾霾又来侵袭，多日不见阳光，空气中弥散着烟灰的味道，看不见摸不着的PM2.5让人心生恐慌，新一轮口罩采购潮涌起。上一次雾霾的消散基本靠“吹”，而本轮还只能依靠冷空气吗？\n\n                   北京2013年春节烟花爆竹将于2月5日也就是腊月二十五正式开卖，现在烟花鞭炮公司已经开始向各个销售网点配送烟花。10天后，大量烟花爆竹将在城市、乡村的各个角落中升腾、炸响。已经不堪重负的北京空气恐将愈加不堪。', '1', '钼', '1', 'lizhili', '2013-01-31 00:00:00', '2013-01-31 00:00:00', '0');
INSERT INTO mu_article VALUES ('173', '  2012年12月全国进口铁合金分关别统计', 'lizhili', '17', '中新网1月30日电 随着春节逐渐临近，每年唯一的烟花爆竹销售燃放季即将开始，这对原本已经屡屡爆表的空气质量无异于雪上加霜。根据媒体报道，2012年除夕夜北京PM2.5数据在短短几小时内暴增80倍，市民开始对是否燃放烟花爆竹进行反思，相对应的，却是节能减排相应政策法规对烟花爆竹燃放监管的缺失。\n\n                   北京雾霾又来侵袭，多日不见阳光，空气中弥散着烟灰的味道，看不见摸不着的PM2.5让人心生恐慌，新一轮口罩采购潮涌起。上一次雾霾的消散基本靠“吹”，而本轮还只能依靠冷空气吗？\n\n                   北京2013年春节烟花爆竹将于2月5日也就是腊月二十五正式开卖，现在烟花鞭炮公司已经开始向各个销售网点配送烟花。10天后，大量烟花爆竹将在城市、乡村的各个角落中升腾、炸响。已经不堪重负的北京空气恐将愈加不堪。', '1', '钼', '1', 'lizhili', '2013-01-31 00:00:00', '2013-01-31 00:00:00', '1');
INSERT INTO mu_article VALUES ('174', '  我国确定今年工业节能减排目标', 'lizhili', '17', '中新网1月30日电 随着春节逐渐临近，每年唯一的烟花爆竹销售燃放季即将开始，这对原本已经屡屡爆表的空气质量无异于雪上加霜。根据媒体报道，2012年除夕夜北京PM2.5数据在短短几小时内暴增80倍，市民开始对是否燃放烟花爆竹进行反思，相对应的，却是节能减排相应政策法规对烟花爆竹燃放监管的缺失。\n\n                   北京雾霾又来侵袭，多日不见阳光，空气中弥散着烟灰的味道，看不见摸不着的PM2.5让人心生恐慌，新一轮口罩采购潮涌起。上一次雾霾的消散基本靠“吹”，而本轮还只能依靠冷空气吗？\n\n                   北京2013年春节烟花爆竹将于2月5日也就是腊月二十五正式开卖，现在烟花鞭炮公司已经开始向各个销售网点配送烟花。10天后，大量烟花爆竹将在城市、乡村的各个角落中升腾、炸响。已经不堪重负的北京空气恐将愈加不堪。', '1', '钼', '1', 'lizhili', '2013-01-31 00:00:00', '2013-01-31 00:00:00', '0');
INSERT INTO mu_article VALUES ('175', '  近期钢厂钼铁招标汇总（920吨/6家）', 'lizhili', '17', '中新网1月30日电 随着春节逐渐临近，每年唯一的烟花爆竹销售燃放季即将开始，这对原本已经屡屡爆表的空气质量无异于雪上加霜。根据媒体报道，2012年除夕夜北京PM2.5数据在短短几小时内暴增80倍，市民开始对是否燃放烟花爆竹进行反思，相对应的，却是节能减排相应政策法规对烟花爆竹燃放监管的缺失。\n\n                   北京雾霾又来侵袭，多日不见阳光，空气中弥散着烟灰的味道，看不见摸不着的PM2.5让人心生恐慌，新一轮口罩采购潮涌起。上一次雾霾的消散基本靠“吹”，而本轮还只能依靠冷空气吗？\n\n                   北京2013年春节烟花爆竹将于2月5日也就是腊月二十五正式开卖，现在烟花鞭炮公司已经开始向各个销售网点配送烟花。10天后，大量烟花爆竹将在城市、乡村的各个角落中升腾、炸响。已经不堪重负的北京空气恐将愈加不堪。', '1', '钼', '1', 'lizhili', '2013-01-31 00:00:00', '2013-01-31 00:00:00', '0');
INSERT INTO mu_article VALUES ('176', '  2012年12月全国进口铁合金分关别统计', 'lizhili', '17', '中新网1月30日电 随着春节逐渐临近，每年唯一的烟花爆竹销售燃放季即将开始，这对原本已经屡屡爆表的空气质量无异于雪上加霜。根据媒体报道，2012年除夕夜北京PM2.5数据在短短几小时内暴增80倍，市民开始对是否燃放烟花爆竹进行反思，相对应的，却是节能减排相应政策法规对烟花爆竹燃放监管的缺失。\n\n                   北京雾霾又来侵袭，多日不见阳光，空气中弥散着烟灰的味道，看不见摸不着的PM2.5让人心生恐慌，新一轮口罩采购潮涌起。上一次雾霾的消散基本靠“吹”，而本轮还只能依靠冷空气吗？\n\n                   北京2013年春节烟花爆竹将于2月5日也就是腊月二十五正式开卖，现在烟花鞭炮公司已经开始向各个销售网点配送烟花。10天后，大量烟花爆竹将在城市、乡村的各个角落中升腾、炸响。已经不堪重负的北京空气恐将愈加不堪。', '1', '钼', '1', 'lizhili', '2013-01-31 00:00:00', '2013-01-31 00:00:00', '0');
INSERT INTO mu_article VALUES ('177', '  2012年12月全国进口铁合金分关别统计', 'lizhili', '17', '中新网1月30日电 随着春节逐渐临近，每年唯一的烟花爆竹销售燃放季即将开始，这对原本已经屡屡爆表的空气质量无异于雪上加霜。根据媒体报道，2012年除夕夜北京PM2.5数据在短短几小时内暴增80倍，市民开始对是否燃放烟花爆竹进行反思，相对应的，却是节能减排相应政策法规对烟花爆竹燃放监管的缺失。\n\n                   北京雾霾又来侵袭，多日不见阳光，空气中弥散着烟灰的味道，看不见摸不着的PM2.5让人心生恐慌，新一轮口罩采购潮涌起。上一次雾霾的消散基本靠“吹”，而本轮还只能依靠冷空气吗？\n\n                   北京2013年春节烟花爆竹将于2月5日也就是腊月二十五正式开卖，现在烟花鞭炮公司已经开始向各个销售网点配送烟花。10天后，大量烟花爆竹将在城市、乡村的各个角落中升腾、炸响。已经不堪重负的北京空气恐将愈加不堪。', '1', '钼', '1', 'lizhili', '2013-01-31 00:00:00', '2013-01-31 00:00:00', '0');
INSERT INTO mu_article VALUES ('178', '  有色金属行业:钓鱼岛争端升温,战争金属上火,', 'lizhili', '17', '中新网1月30日电 随着春节逐渐临近，每年唯一的烟花爆竹销售燃放季即将开始，这对原本已经屡屡爆表的空气质量无异于雪上加霜。根据媒体报道，2012年除夕夜北京PM2.5数据在短短几小时内暴增80倍，市民开始对是否燃放烟花爆竹进行反思，相对应的，却是节能减排相应政策法规对烟花爆竹燃放监管的缺失。\n\n                   北京雾霾又来侵袭，多日不见阳光，空气中弥散着烟灰的味道，看不见摸不着的PM2.5让人心生恐慌，新一轮口罩采购潮涌起。上一次雾霾的消散基本靠“吹”，而本轮还只能依靠冷空气吗？\n\n                   北京2013年春节烟花爆竹将于2月5日也就是腊月二十五正式开卖，现在烟花鞭炮公司已经开始向各个销售网点配送烟花。10天后，大量烟花爆竹将在城市、乡村的各个角落中升腾、炸响。已经不堪重负的北京空气恐将愈加不堪。', '1', '钼', '1', 'lizhili', '2013-01-31 00:00:00', '2013-01-31 00:00:00', '1');
INSERT INTO mu_article VALUES ('179', '  宝钢提前大幅上调3月份钢价', 'lizhili', '17', '中新网1月30日电 随着春节逐渐临近，每年唯一的烟花爆竹销售燃放季即将开始，这对原本已经屡屡爆表的空气质量无异于雪上加霜。根据媒体报道，2012年除夕夜北京PM2.5数据在短短几小时内暴增80倍，市民开始对是否燃放烟花爆竹进行反思，相对应的，却是节能减排相应政策法规对烟花爆竹燃放监管的缺失。\n\n                   北京雾霾又来侵袭，多日不见阳光，空气中弥散着烟灰的味道，看不见摸不着的PM2.5让人心生恐慌，新一轮口罩采购潮涌起。上一次雾霾的消散基本靠“吹”，而本轮还只能依靠冷空气吗？\n\n                   北京2013年春节烟花爆竹将于2月5日也就是腊月二十五正式开卖，现在烟花鞭炮公司已经开始向各个销售网点配送烟花。10天后，大量烟花爆竹将在城市、乡村的各个角落中升腾、炸响。已经不堪重负的北京空气恐将愈加不堪。', '1', '钼', '1', 'lizhili', '2013-01-31 00:00:00', '2013-01-31 00:00:00', '1');
INSERT INTO mu_article VALUES ('180', '  2013年固定资产投资预计增8万亿 多省GDP预增1', 'lizhili', '17', '中新网1月30日电 随着春节逐渐临近，每年唯一的烟花爆竹销售燃放季即将开始，这对原本已经屡屡爆表的空气质量无异于雪上加霜。根据媒体报道，2012年除夕夜北京PM2.5数据在短短几小时内暴增80倍，市民开始对是否燃放烟花爆竹进行反思，相对应的，却是节能减排相应政策法规对烟花爆竹燃放监管的缺失。\n\n                   北京雾霾又来侵袭，多日不见阳光，空气中弥散着烟灰的味道，看不见摸不着的PM2.5让人心生恐慌，新一轮口罩采购潮涌起。上一次雾霾的消散基本靠“吹”，而本轮还只能依靠冷空气吗？\n\n                   北京2013年春节烟花爆竹将于2月5日也就是腊月二十五正式开卖，现在烟花鞭炮公司已经开始向各个销售网点配送烟花。10天后，大量烟花爆竹将在城市、乡村的各个角落中升腾、炸响。已经不堪重负的北京空气恐将愈加不堪。', '1', '钼', '1', 'lizhili', '2013-01-31 00:00:00', '2013-01-31 00:00:00', '1');
INSERT INTO mu_article VALUES ('181', '  我国确定今年工业节能减排目标', 'lizhili', '17', '中新网1月30日电 随着春节逐渐临近，每年唯一的烟花爆竹销售燃放季即将开始，这对原本已经屡屡爆表的空气质量无异于雪上加霜。根据媒体报道，2012年除夕夜北京PM2.5数据在短短几小时内暴增80倍，市民开始对是否燃放烟花爆竹进行反思，相对应的，却是节能减排相应政策法规对烟花爆竹燃放监管的缺失。\n\n                   北京雾霾又来侵袭，多日不见阳光，空气中弥散着烟灰的味道，看不见摸不着的PM2.5让人心生恐慌，新一轮口罩采购潮涌起。上一次雾霾的消散基本靠“吹”，而本轮还只能依靠冷空气吗？\n\n                   北京2013年春节烟花爆竹将于2月5日也就是腊月二十五正式开卖，现在烟花鞭炮公司已经开始向各个销售网点配送烟花。10天后，大量烟花爆竹将在城市、乡村的各个角落中升腾、炸响。已经不堪重负的北京空气恐将愈加不堪。', '1', '钼', '1', 'lizhili', '2013-01-31 00:00:00', '2013-01-31 00:00:00', '0');
INSERT INTO mu_article VALUES ('182', '  钼股份荣获“陕西省质量信用等级A级企业”称', 'lizhili', '17', '中新网1月30日电 随着春节逐渐临近，每年唯一的烟花爆竹销售燃放季即将开始，这对原本已经屡屡爆表的空气质量无异于雪上加霜。根据媒体报道，2012年除夕夜北京PM2.5数据在短短几小时内暴增80倍，市民开始对是否燃放烟花爆竹进行反思，相对应的，却是节能减排相应政策法规对烟花爆竹燃放监管的缺失。\n\n                   北京雾霾又来侵袭，多日不见阳光，空气中弥散着烟灰的味道，看不见摸不着的PM2.5让人心生恐慌，新一轮口罩采购潮涌起。上一次雾霾的消散基本靠“吹”，而本轮还只能依靠冷空气吗？\n\n                   北京2013年春节烟花爆竹将于2月5日也就是腊月二十五正式开卖，现在烟花鞭炮公司已经开始向各个销售网点配送烟花。10天后，大量烟花爆竹将在城市、乡村的各个角落中升腾、炸响。已经不堪重负的北京空气恐将愈加不堪。', '1', '钼', '1', 'lizhili', '2013-01-31 00:00:00', '2013-01-31 00:00:00', '0');
INSERT INTO mu_article VALUES ('183', '  2012国内粗钢产量7.17亿吨 钢铁转向低速增长', 'lizhili', '17', '中新网1月30日电 随着春节逐渐临近，每年唯一的烟花爆竹销售燃放季即将开始，这对原本已经屡屡爆表的空气质量无异于雪上加霜。根据媒体报道，2012年除夕夜北京PM2.5数据在短短几小时内暴增80倍，市民开始对是否燃放烟花爆竹进行反思，相对应的，却是节能减排相应政策法规对烟花爆竹燃放监管的缺失。\n\n                   北京雾霾又来侵袭，多日不见阳光，空气中弥散着烟灰的味道，看不见摸不着的PM2.5让人心生恐慌，新一轮口罩采购潮涌起。上一次雾霾的消散基本靠“吹”，而本轮还只能依靠冷空气吗？\n\n                   北京2013年春节烟花爆竹将于2月5日也就是腊月二十五正式开卖，现在烟花鞭炮公司已经开始向各个销售网点配送烟花。10天后，大量烟花爆竹将在城市、乡村的各个角落中升腾、炸响。已经不堪重负的北京空气恐将愈加不堪。', '1', '钼', '1', 'lizhili', '2013-01-31 00:00:00', '2013-01-31 00:00:00', '1');
INSERT INTO mu_article VALUES ('184', '  辽宁发生5.1级地震 当地矿企未受影响', 'lizhili', '17', '中新网1月30日电 随着春节逐渐临近，每年唯一的烟花爆竹销售燃放季即将开始，这对原本已经屡屡爆表的空气质量无异于雪上加霜。根据媒体报道，2012年除夕夜北京PM2.5数据在短短几小时内暴增80倍，市民开始对是否燃放烟花爆竹进行反思，相对应的，却是节能减排相应政策法规对烟花爆竹燃放监管的缺失。\n\n                   北京雾霾又来侵袭，多日不见阳光，空气中弥散着烟灰的味道，看不见摸不着的PM2.5让人心生恐慌，新一轮口罩采购潮涌起。上一次雾霾的消散基本靠“吹”，而本轮还只能依靠冷空气吗？\n\n                   北京2013年春节烟花爆竹将于2月5日也就是腊月二十五正式开卖，现在烟花鞭炮公司已经开始向各个销售网点配送烟花。10天后，大量烟花爆竹将在城市、乡村的各个角落中升腾、炸响。已经不堪重负的北京空气恐将愈加不堪。', '1', '钼', '1', 'lizhili', '2013-01-31 00:00:00', '2013-01-31 00:00:00', '0');
INSERT INTO mu_article VALUES ('185', '  2012年全国粗钢产量同比增长3.1%', 'lizhili', '17', '中新网1月30日电 随着春节逐渐临近，每年唯一的烟花爆竹销售燃放季即将开始，这对原本已经屡屡爆表的空气质量无异于雪上加霜。根据媒体报道，2012年除夕夜北京PM2.5数据在短短几小时内暴增80倍，市民开始对是否燃放烟花爆竹进行反思，相对应的，却是节能减排相应政策法规对烟花爆竹燃放监管的缺失。\n\n                   北京雾霾又来侵袭，多日不见阳光，空气中弥散着烟灰的味道，看不见摸不着的PM2.5让人心生恐慌，新一轮口罩采购潮涌起。上一次雾霾的消散基本靠“吹”，而本轮还只能依靠冷空气吗？\n\n                   北京2013年春节烟花爆竹将于2月5日也就是腊月二十五正式开卖，现在烟花鞭炮公司已经开始向各个销售网点配送烟花。10天后，大量烟花爆竹将在城市、乡村的各个角落中升腾、炸响。已经不堪重负的北京空气恐将愈加不堪。', '1', '钼', '1', 'lizhili', '2013-01-31 00:00:00', '2013-01-31 00:00:00', '1');
INSERT INTO mu_article VALUES ('186', '  2012年12月全国进口铁合金分关别统计', 'lizhili', '17', '中新网1月30日电 随着春节逐渐临近，每年唯一的烟花爆竹销售燃放季即将开始，这对原本已经屡屡爆表的空气质量无异于雪上加霜。根据媒体报道，2012年除夕夜北京PM2.5数据在短短几小时内暴增80倍，市民开始对是否燃放烟花爆竹进行反思，相对应的，却是节能减排相应政策法规对烟花爆竹燃放监管的缺失。\n\n                   北京雾霾又来侵袭，多日不见阳光，空气中弥散着烟灰的味道，看不见摸不着的PM2.5让人心生恐慌，新一轮口罩采购潮涌起。上一次雾霾的消散基本靠“吹”，而本轮还只能依靠冷空气吗？\n\n                   北京2013年春节烟花爆竹将于2月5日也就是腊月二十五正式开卖，现在烟花鞭炮公司已经开始向各个销售网点配送烟花。10天后，大量烟花爆竹将在城市、乡村的各个角落中升腾、炸响。已经不堪重负的北京空气恐将愈加不堪。', '1', '钼', '1', 'lizhili', '2013-01-31 00:00:00', '2013-01-31 00:00:00', '0');
INSERT INTO mu_article VALUES ('187', '  2012国内粗钢产量7.17亿吨 钢铁转向低速增长', 'lizhili', '17', '中新网1月30日电 随着春节逐渐临近，每年唯一的烟花爆竹销售燃放季即将开始，这对原本已经屡屡爆表的空气质量无异于雪上加霜。根据媒体报道，2012年除夕夜北京PM2.5数据在短短几小时内暴增80倍，市民开始对是否燃放烟花爆竹进行反思，相对应的，却是节能减排相应政策法规对烟花爆竹燃放监管的缺失。\n\n                   北京雾霾又来侵袭，多日不见阳光，空气中弥散着烟灰的味道，看不见摸不着的PM2.5让人心生恐慌，新一轮口罩采购潮涌起。上一次雾霾的消散基本靠“吹”，而本轮还只能依靠冷空气吗？\n\n                   北京2013年春节烟花爆竹将于2月5日也就是腊月二十五正式开卖，现在烟花鞭炮公司已经开始向各个销售网点配送烟花。10天后，大量烟花爆竹将在城市、乡村的各个角落中升腾、炸响。已经不堪重负的北京空气恐将愈加不堪。', '1', '钼', '1', 'lizhili', '2013-01-31 00:00:00', '2013-01-31 00:00:00', '1');
INSERT INTO mu_article VALUES ('188', '  2012年全国粗钢产量同比增长3.1%', 'lizhili', '17', '中新网1月30日电 随着春节逐渐临近，每年唯一的烟花爆竹销售燃放季即将开始，这对原本已经屡屡爆表的空气质量无异于雪上加霜。根据媒体报道，2012年除夕夜北京PM2.5数据在短短几小时内暴增80倍，市民开始对是否燃放烟花爆竹进行反思，相对应的，却是节能减排相应政策法规对烟花爆竹燃放监管的缺失。\n\n                   北京雾霾又来侵袭，多日不见阳光，空气中弥散着烟灰的味道，看不见摸不着的PM2.5让人心生恐慌，新一轮口罩采购潮涌起。上一次雾霾的消散基本靠“吹”，而本轮还只能依靠冷空气吗？\n\n                   北京2013年春节烟花爆竹将于2月5日也就是腊月二十五正式开卖，现在烟花鞭炮公司已经开始向各个销售网点配送烟花。10天后，大量烟花爆竹将在城市、乡村的各个角落中升腾、炸响。已经不堪重负的北京空气恐将愈加不堪。', '1', '钼', '1', 'lizhili', '2013-01-31 00:00:00', '2013-01-31 00:00:00', '1');
INSERT INTO mu_article VALUES ('189', '  近期钢厂钼铁招标汇总（920吨/6家）', 'lizhili', '17', '中新网1月30日电 随着春节逐渐临近，每年唯一的烟花爆竹销售燃放季即将开始，这对原本已经屡屡爆表的空气质量无异于雪上加霜。根据媒体报道，2012年除夕夜北京PM2.5数据在短短几小时内暴增80倍，市民开始对是否燃放烟花爆竹进行反思，相对应的，却是节能减排相应政策法规对烟花爆竹燃放监管的缺失。\n\n                   北京雾霾又来侵袭，多日不见阳光，空气中弥散着烟灰的味道，看不见摸不着的PM2.5让人心生恐慌，新一轮口罩采购潮涌起。上一次雾霾的消散基本靠“吹”，而本轮还只能依靠冷空气吗？\n\n                   北京2013年春节烟花爆竹将于2月5日也就是腊月二十五正式开卖，现在烟花鞭炮公司已经开始向各个销售网点配送烟花。10天后，大量烟花爆竹将在城市、乡村的各个角落中升腾、炸响。已经不堪重负的北京空气恐将愈加不堪。', '1', '钼', '1', 'lizhili', '2013-01-31 00:00:00', '2013-01-31 00:00:00', '1');
INSERT INTO mu_article VALUES ('190', '  宝钢提前大幅上调3月份钢价', 'lizhili', '17', '中新网1月30日电 随着春节逐渐临近，每年唯一的烟花爆竹销售燃放季即将开始，这对原本已经屡屡爆表的空气质量无异于雪上加霜。根据媒体报道，2012年除夕夜北京PM2.5数据在短短几小时内暴增80倍，市民开始对是否燃放烟花爆竹进行反思，相对应的，却是节能减排相应政策法规对烟花爆竹燃放监管的缺失。\n\n                   北京雾霾又来侵袭，多日不见阳光，空气中弥散着烟灰的味道，看不见摸不着的PM2.5让人心生恐慌，新一轮口罩采购潮涌起。上一次雾霾的消散基本靠“吹”，而本轮还只能依靠冷空气吗？\n\n                   北京2013年春节烟花爆竹将于2月5日也就是腊月二十五正式开卖，现在烟花鞭炮公司已经开始向各个销售网点配送烟花。10天后，大量烟花爆竹将在城市、乡村的各个角落中升腾、炸响。已经不堪重负的北京空气恐将愈加不堪。', '1', '钼', '1', 'lizhili', '2013-01-31 00:00:00', '2013-01-31 00:00:00', '1');
INSERT INTO mu_article VALUES ('191', '  乌海三美国际矿业高管拜访中信锦州公司', 'lizhili', '17', '中新网1月30日电 随着春节逐渐临近，每年唯一的烟花爆竹销售燃放季即将开始，这对原本已经屡屡爆表的空气质量无异于雪上加霜。根据媒体报道，2012年除夕夜北京PM2.5数据在短短几小时内暴增80倍，市民开始对是否燃放烟花爆竹进行反思，相对应的，却是节能减排相应政策法规对烟花爆竹燃放监管的缺失。\n\n                   北京雾霾又来侵袭，多日不见阳光，空气中弥散着烟灰的味道，看不见摸不着的PM2.5让人心生恐慌，新一轮口罩采购潮涌起。上一次雾霾的消散基本靠“吹”，而本轮还只能依靠冷空气吗？\n\n                   北京2013年春节烟花爆竹将于2月5日也就是腊月二十五正式开卖，现在烟花鞭炮公司已经开始向各个销售网点配送烟花。10天后，大量烟花爆竹将在城市、乡村的各个角落中升腾、炸响。已经不堪重负的北京空气恐将愈加不堪。', '1', '钼', '1', 'lizhili', '2013-01-31 00:00:00', '2013-01-31 00:00:00', '0');
INSERT INTO mu_article VALUES ('192', '  铁路货运提价或上半年推出 提价一分约增收200', 'lizhili', '17', '中新网1月30日电 随着春节逐渐临近，每年唯一的烟花爆竹销售燃放季即将开始，这对原本已经屡屡爆表的空气质量无异于雪上加霜。根据媒体报道，2012年除夕夜北京PM2.5数据在短短几小时内暴增80倍，市民开始对是否燃放烟花爆竹进行反思，相对应的，却是节能减排相应政策法规对烟花爆竹燃放监管的缺失。\n\n                   北京雾霾又来侵袭，多日不见阳光，空气中弥散着烟灰的味道，看不见摸不着的PM2.5让人心生恐慌，新一轮口罩采购潮涌起。上一次雾霾的消散基本靠“吹”，而本轮还只能依靠冷空气吗？\n\n                   北京2013年春节烟花爆竹将于2月5日也就是腊月二十五正式开卖，现在烟花鞭炮公司已经开始向各个销售网点配送烟花。10天后，大量烟花爆竹将在城市、乡村的各个角落中升腾、炸响。已经不堪重负的北京空气恐将愈加不堪。', '1', '钼', '1', 'lizhili', '2013-01-31 00:00:00', '2013-01-31 00:00:00', '1');
INSERT INTO mu_article VALUES ('193', '  宝钢提前大幅上调3月份钢价', 'lizhili', '17', '中新网1月30日电 随着春节逐渐临近，每年唯一的烟花爆竹销售燃放季即将开始，这对原本已经屡屡爆表的空气质量无异于雪上加霜。根据媒体报道，2012年除夕夜北京PM2.5数据在短短几小时内暴增80倍，市民开始对是否燃放烟花爆竹进行反思，相对应的，却是节能减排相应政策法规对烟花爆竹燃放监管的缺失。\n\n                   北京雾霾又来侵袭，多日不见阳光，空气中弥散着烟灰的味道，看不见摸不着的PM2.5让人心生恐慌，新一轮口罩采购潮涌起。上一次雾霾的消散基本靠“吹”，而本轮还只能依靠冷空气吗？\n\n                   北京2013年春节烟花爆竹将于2月5日也就是腊月二十五正式开卖，现在烟花鞭炮公司已经开始向各个销售网点配送烟花。10天后，大量烟花爆竹将在城市、乡村的各个角落中升腾、炸响。已经不堪重负的北京空气恐将愈加不堪。', '1', '钼', '1', 'lizhili', '2013-01-31 00:00:00', '2013-01-31 00:00:00', '0');
INSERT INTO mu_article VALUES ('194', '  铁路货运提价或上半年推出 提价一分约增收200', 'lizhili', '17', '中新网1月30日电 随着春节逐渐临近，每年唯一的烟花爆竹销售燃放季即将开始，这对原本已经屡屡爆表的空气质量无异于雪上加霜。根据媒体报道，2012年除夕夜北京PM2.5数据在短短几小时内暴增80倍，市民开始对是否燃放烟花爆竹进行反思，相对应的，却是节能减排相应政策法规对烟花爆竹燃放监管的缺失。\n\n                   北京雾霾又来侵袭，多日不见阳光，空气中弥散着烟灰的味道，看不见摸不着的PM2.5让人心生恐慌，新一轮口罩采购潮涌起。上一次雾霾的消散基本靠“吹”，而本轮还只能依靠冷空气吗？\n\n                   北京2013年春节烟花爆竹将于2月5日也就是腊月二十五正式开卖，现在烟花鞭炮公司已经开始向各个销售网点配送烟花。10天后，大量烟花爆竹将在城市、乡村的各个角落中升腾、炸响。已经不堪重负的北京空气恐将愈加不堪。', '1', '钼', '1', 'lizhili', '2013-01-31 00:00:00', '2013-01-31 00:00:00', '1');
INSERT INTO mu_article VALUES ('195', '  2013年固定资产投资预计增8万亿 多省GDP预增1', 'lizhili', '17', '中新网1月30日电 随着春节逐渐临近，每年唯一的烟花爆竹销售燃放季即将开始，这对原本已经屡屡爆表的空气质量无异于雪上加霜。根据媒体报道，2012年除夕夜北京PM2.5数据在短短几小时内暴增80倍，市民开始对是否燃放烟花爆竹进行反思，相对应的，却是节能减排相应政策法规对烟花爆竹燃放监管的缺失。\n\n                   北京雾霾又来侵袭，多日不见阳光，空气中弥散着烟灰的味道，看不见摸不着的PM2.5让人心生恐慌，新一轮口罩采购潮涌起。上一次雾霾的消散基本靠“吹”，而本轮还只能依靠冷空气吗？\n\n                   北京2013年春节烟花爆竹将于2月5日也就是腊月二十五正式开卖，现在烟花鞭炮公司已经开始向各个销售网点配送烟花。10天后，大量烟花爆竹将在城市、乡村的各个角落中升腾、炸响。已经不堪重负的北京空气恐将愈加不堪。', '1', '钼', '1', 'lizhili', '2013-01-31 00:00:00', '2013-01-31 00:00:00', '0');
INSERT INTO mu_article VALUES ('196', '  宝钢提前大幅上调3月份钢价', 'lizhili', '17', '中新网1月30日电 随着春节逐渐临近，每年唯一的烟花爆竹销售燃放季即将开始，这对原本已经屡屡爆表的空气质量无异于雪上加霜。根据媒体报道，2012年除夕夜北京PM2.5数据在短短几小时内暴增80倍，市民开始对是否燃放烟花爆竹进行反思，相对应的，却是节能减排相应政策法规对烟花爆竹燃放监管的缺失。\n\n                   北京雾霾又来侵袭，多日不见阳光，空气中弥散着烟灰的味道，看不见摸不着的PM2.5让人心生恐慌，新一轮口罩采购潮涌起。上一次雾霾的消散基本靠“吹”，而本轮还只能依靠冷空气吗？\n\n                   北京2013年春节烟花爆竹将于2月5日也就是腊月二十五正式开卖，现在烟花鞭炮公司已经开始向各个销售网点配送烟花。10天后，大量烟花爆竹将在城市、乡村的各个角落中升腾、炸响。已经不堪重负的北京空气恐将愈加不堪。', '1', '钼', '1', 'lizhili', '2013-01-31 00:00:00', '2013-01-31 00:00:00', '0');
INSERT INTO mu_article VALUES ('197', '  2012年12月全国进口铁合金分国别统计', 'lizhili', '17', '中新网1月30日电 随着春节逐渐临近，每年唯一的烟花爆竹销售燃放季即将开始，这对原本已经屡屡爆表的空气质量无异于雪上加霜。根据媒体报道，2012年除夕夜北京PM2.5数据在短短几小时内暴增80倍，市民开始对是否燃放烟花爆竹进行反思，相对应的，却是节能减排相应政策法规对烟花爆竹燃放监管的缺失。\n\n                   北京雾霾又来侵袭，多日不见阳光，空气中弥散着烟灰的味道，看不见摸不着的PM2.5让人心生恐慌，新一轮口罩采购潮涌起。上一次雾霾的消散基本靠“吹”，而本轮还只能依靠冷空气吗？\n\n                   北京2013年春节烟花爆竹将于2月5日也就是腊月二十五正式开卖，现在烟花鞭炮公司已经开始向各个销售网点配送烟花。10天后，大量烟花爆竹将在城市、乡村的各个角落中升腾、炸响。已经不堪重负的北京空气恐将愈加不堪。', '1', '钼', '1', 'lizhili', '2013-01-31 00:00:00', '2013-01-31 00:00:00', '1');
INSERT INTO mu_article VALUES ('198', '  2012年我国新增铁、锰、镍、钨、钼矿资源储量', 'lizhili', '17', '中新网1月30日电 随着春节逐渐临近，每年唯一的烟花爆竹销售燃放季即将开始，这对原本已经屡屡爆表的空气质量无异于雪上加霜。根据媒体报道，2012年除夕夜北京PM2.5数据在短短几小时内暴增80倍，市民开始对是否燃放烟花爆竹进行反思，相对应的，却是节能减排相应政策法规对烟花爆竹燃放监管的缺失。\n\n                   北京雾霾又来侵袭，多日不见阳光，空气中弥散着烟灰的味道，看不见摸不着的PM2.5让人心生恐慌，新一轮口罩采购潮涌起。上一次雾霾的消散基本靠“吹”，而本轮还只能依靠冷空气吗？\n\n                   北京2013年春节烟花爆竹将于2月5日也就是腊月二十五正式开卖，现在烟花鞭炮公司已经开始向各个销售网点配送烟花。10天后，大量烟花爆竹将在城市、乡村的各个角落中升腾、炸响。已经不堪重负的北京空气恐将愈加不堪。', '1', '钼', '1', 'lizhili', '2013-01-31 00:00:00', '2013-01-31 00:00:00', '1');
INSERT INTO mu_article VALUES ('199', '  宝钢提前大幅上调3月份钢价', 'lizhili', '17', '中新网1月30日电 随着春节逐渐临近，每年唯一的烟花爆竹销售燃放季即将开始，这对原本已经屡屡爆表的空气质量无异于雪上加霜。根据媒体报道，2012年除夕夜北京PM2.5数据在短短几小时内暴增80倍，市民开始对是否燃放烟花爆竹进行反思，相对应的，却是节能减排相应政策法规对烟花爆竹燃放监管的缺失。\n\n                   北京雾霾又来侵袭，多日不见阳光，空气中弥散着烟灰的味道，看不见摸不着的PM2.5让人心生恐慌，新一轮口罩采购潮涌起。上一次雾霾的消散基本靠“吹”，而本轮还只能依靠冷空气吗？\n\n                   北京2013年春节烟花爆竹将于2月5日也就是腊月二十五正式开卖，现在烟花鞭炮公司已经开始向各个销售网点配送烟花。10天后，大量烟花爆竹将在城市、乡村的各个角落中升腾、炸响。已经不堪重负的北京空气恐将愈加不堪。', '1', '钼', '1', 'lizhili', '2013-01-31 00:00:00', '2013-01-31 00:00:00', '1');
INSERT INTO mu_article VALUES ('200', '  有色金属行业:钓鱼岛争端升温,战争金属上火,', 'lizhili', '17', '中新网1月30日电 随着春节逐渐临近，每年唯一的烟花爆竹销售燃放季即将开始，这对原本已经屡屡爆表的空气质量无异于雪上加霜。根据媒体报道，2012年除夕夜北京PM2.5数据在短短几小时内暴增80倍，市民开始对是否燃放烟花爆竹进行反思，相对应的，却是节能减排相应政策法规对烟花爆竹燃放监管的缺失。\n\n                   北京雾霾又来侵袭，多日不见阳光，空气中弥散着烟灰的味道，看不见摸不着的PM2.5让人心生恐慌，新一轮口罩采购潮涌起。上一次雾霾的消散基本靠“吹”，而本轮还只能依靠冷空气吗？\n\n                   北京2013年春节烟花爆竹将于2月5日也就是腊月二十五正式开卖，现在烟花鞭炮公司已经开始向各个销售网点配送烟花。10天后，大量烟花爆竹将在城市、乡村的各个角落中升腾、炸响。已经不堪重负的北京空气恐将愈加不堪。', '1', '钼', '1', 'lizhili', '2013-01-31 00:00:00', '2013-01-31 00:00:00', '1');
INSERT INTO mu_article VALUES ('201', '  辽宁发生5.1级地震 当地矿企未受影响', 'lizhili', '21', '中新网1月30日电 随着春节逐渐临近，每年唯一的烟花爆竹销售燃放季即将开始，这对原本已经屡屡爆表的空气质量无异于雪上加霜。根据媒体报道，2012年除夕夜北京PM2.5数据在短短几小时内暴增80倍，市民开始对是否燃放烟花爆竹进行反思，相对应的，却是节能减排相应政策法规对烟花爆竹燃放监管的缺失。\n\n                   北京雾霾又来侵袭，多日不见阳光，空气中弥散着烟灰的味道，看不见摸不着的PM2.5让人心生恐慌，新一轮口罩采购潮涌起。上一次雾霾的消散基本靠“吹”，而本轮还只能依靠冷空气吗？\n\n                   北京2013年春节烟花爆竹将于2月5日也就是腊月二十五正式开卖，现在烟花鞭炮公司已经开始向各个销售网点配送烟花。10天后，大量烟花爆竹将在城市、乡村的各个角落中升腾、炸响。已经不堪重负的北京空气恐将愈加不堪。', '1', '钼', '1', 'lizhili', '2013-01-31 00:00:00', '2013-01-31 00:00:00', '1');
INSERT INTO mu_article VALUES ('202', '  铁路货运提价或上半年推出 提价一分约增收200', 'lizhili', '21', '中新网1月30日电 随着春节逐渐临近，每年唯一的烟花爆竹销售燃放季即将开始，这对原本已经屡屡爆表的空气质量无异于雪上加霜。根据媒体报道，2012年除夕夜北京PM2.5数据在短短几小时内暴增80倍，市民开始对是否燃放烟花爆竹进行反思，相对应的，却是节能减排相应政策法规对烟花爆竹燃放监管的缺失。\n\n                   北京雾霾又来侵袭，多日不见阳光，空气中弥散着烟灰的味道，看不见摸不着的PM2.5让人心生恐慌，新一轮口罩采购潮涌起。上一次雾霾的消散基本靠“吹”，而本轮还只能依靠冷空气吗？\n\n                   北京2013年春节烟花爆竹将于2月5日也就是腊月二十五正式开卖，现在烟花鞭炮公司已经开始向各个销售网点配送烟花。10天后，大量烟花爆竹将在城市、乡村的各个角落中升腾、炸响。已经不堪重负的北京空气恐将愈加不堪。', '1', '钼', '1', 'lizhili', '2013-01-31 00:00:00', '2013-01-31 00:00:00', '1');
INSERT INTO mu_article VALUES ('203', '  乌海三美国际矿业高管拜访中信锦州公司', 'lizhili', '21', '中新网1月30日电 随着春节逐渐临近，每年唯一的烟花爆竹销售燃放季即将开始，这对原本已经屡屡爆表的空气质量无异于雪上加霜。根据媒体报道，2012年除夕夜北京PM2.5数据在短短几小时内暴增80倍，市民开始对是否燃放烟花爆竹进行反思，相对应的，却是节能减排相应政策法规对烟花爆竹燃放监管的缺失。\n\n                   北京雾霾又来侵袭，多日不见阳光，空气中弥散着烟灰的味道，看不见摸不着的PM2.5让人心生恐慌，新一轮口罩采购潮涌起。上一次雾霾的消散基本靠“吹”，而本轮还只能依靠冷空气吗？\n\n                   北京2013年春节烟花爆竹将于2月5日也就是腊月二十五正式开卖，现在烟花鞭炮公司已经开始向各个销售网点配送烟花。10天后，大量烟花爆竹将在城市、乡村的各个角落中升腾、炸响。已经不堪重负的北京空气恐将愈加不堪。', '1', '钼', '1', 'lizhili', '2013-01-31 00:00:00', '2013-01-31 00:00:00', '0');
INSERT INTO mu_article VALUES ('204', '  2013年固定资产投资预计增8万亿 多省GDP预增1', 'lizhili', '21', '中新网1月30日电 随着春节逐渐临近，每年唯一的烟花爆竹销售燃放季即将开始，这对原本已经屡屡爆表的空气质量无异于雪上加霜。根据媒体报道，2012年除夕夜北京PM2.5数据在短短几小时内暴增80倍，市民开始对是否燃放烟花爆竹进行反思，相对应的，却是节能减排相应政策法规对烟花爆竹燃放监管的缺失。\n\n                   北京雾霾又来侵袭，多日不见阳光，空气中弥散着烟灰的味道，看不见摸不着的PM2.5让人心生恐慌，新一轮口罩采购潮涌起。上一次雾霾的消散基本靠“吹”，而本轮还只能依靠冷空气吗？\n\n                   北京2013年春节烟花爆竹将于2月5日也就是腊月二十五正式开卖，现在烟花鞭炮公司已经开始向各个销售网点配送烟花。10天后，大量烟花爆竹将在城市、乡村的各个角落中升腾、炸响。已经不堪重负的北京空气恐将愈加不堪。', '1', '钼', '1', 'lizhili', '2013-01-31 00:00:00', '2013-01-31 00:00:00', '1');
INSERT INTO mu_article VALUES ('205', '  武钢预计今年减税7300万', 'lizhili', '21', '中新网1月30日电 随着春节逐渐临近，每年唯一的烟花爆竹销售燃放季即将开始，这对原本已经屡屡爆表的空气质量无异于雪上加霜。根据媒体报道，2012年除夕夜北京PM2.5数据在短短几小时内暴增80倍，市民开始对是否燃放烟花爆竹进行反思，相对应的，却是节能减排相应政策法规对烟花爆竹燃放监管的缺失。\n\n                   北京雾霾又来侵袭，多日不见阳光，空气中弥散着烟灰的味道，看不见摸不着的PM2.5让人心生恐慌，新一轮口罩采购潮涌起。上一次雾霾的消散基本靠“吹”，而本轮还只能依靠冷空气吗？\n\n                   北京2013年春节烟花爆竹将于2月5日也就是腊月二十五正式开卖，现在烟花鞭炮公司已经开始向各个销售网点配送烟花。10天后，大量烟花爆竹将在城市、乡村的各个角落中升腾、炸响。已经不堪重负的北京空气恐将愈加不堪。', '1', '钼', '1', 'lizhili', '2013-01-31 00:00:00', '2013-01-31 00:00:00', '0');
INSERT INTO mu_article VALUES ('206', '  2013年固定资产投资预计增8万亿 多省GDP预增1', 'lizhili', '21', '中新网1月30日电 随着春节逐渐临近，每年唯一的烟花爆竹销售燃放季即将开始，这对原本已经屡屡爆表的空气质量无异于雪上加霜。根据媒体报道，2012年除夕夜北京PM2.5数据在短短几小时内暴增80倍，市民开始对是否燃放烟花爆竹进行反思，相对应的，却是节能减排相应政策法规对烟花爆竹燃放监管的缺失。\n\n                   北京雾霾又来侵袭，多日不见阳光，空气中弥散着烟灰的味道，看不见摸不着的PM2.5让人心生恐慌，新一轮口罩采购潮涌起。上一次雾霾的消散基本靠“吹”，而本轮还只能依靠冷空气吗？\n\n                   北京2013年春节烟花爆竹将于2月5日也就是腊月二十五正式开卖，现在烟花鞭炮公司已经开始向各个销售网点配送烟花。10天后，大量烟花爆竹将在城市、乡村的各个角落中升腾、炸响。已经不堪重负的北京空气恐将愈加不堪。', '1', '钼', '1', 'lizhili', '2013-01-31 00:00:00', '2013-01-31 00:00:00', '0');
INSERT INTO mu_article VALUES ('207', '  武钢预计今年减税7300万', 'lizhili', '21', '中新网1月30日电 随着春节逐渐临近，每年唯一的烟花爆竹销售燃放季即将开始，这对原本已经屡屡爆表的空气质量无异于雪上加霜。根据媒体报道，2012年除夕夜北京PM2.5数据在短短几小时内暴增80倍，市民开始对是否燃放烟花爆竹进行反思，相对应的，却是节能减排相应政策法规对烟花爆竹燃放监管的缺失。\n\n                   北京雾霾又来侵袭，多日不见阳光，空气中弥散着烟灰的味道，看不见摸不着的PM2.5让人心生恐慌，新一轮口罩采购潮涌起。上一次雾霾的消散基本靠“吹”，而本轮还只能依靠冷空气吗？\n\n                   北京2013年春节烟花爆竹将于2月5日也就是腊月二十五正式开卖，现在烟花鞭炮公司已经开始向各个销售网点配送烟花。10天后，大量烟花爆竹将在城市、乡村的各个角落中升腾、炸响。已经不堪重负的北京空气恐将愈加不堪。', '1', '钼', '1', 'lizhili', '2013-01-31 00:00:00', '2013-01-31 00:00:00', '1');
INSERT INTO mu_article VALUES ('208', '  乌海三美国际矿业高管拜访中信锦州公司', 'lizhili', '21', '中新网1月30日电 随着春节逐渐临近，每年唯一的烟花爆竹销售燃放季即将开始，这对原本已经屡屡爆表的空气质量无异于雪上加霜。根据媒体报道，2012年除夕夜北京PM2.5数据在短短几小时内暴增80倍，市民开始对是否燃放烟花爆竹进行反思，相对应的，却是节能减排相应政策法规对烟花爆竹燃放监管的缺失。\n\n                   北京雾霾又来侵袭，多日不见阳光，空气中弥散着烟灰的味道，看不见摸不着的PM2.5让人心生恐慌，新一轮口罩采购潮涌起。上一次雾霾的消散基本靠“吹”，而本轮还只能依靠冷空气吗？\n\n                   北京2013年春节烟花爆竹将于2月5日也就是腊月二十五正式开卖，现在烟花鞭炮公司已经开始向各个销售网点配送烟花。10天后，大量烟花爆竹将在城市、乡村的各个角落中升腾、炸响。已经不堪重负的北京空气恐将愈加不堪。', '1', '钼', '1', 'lizhili', '2013-01-31 00:00:00', '2013-01-31 00:00:00', '1');
INSERT INTO mu_article VALUES ('209', '  我国确定今年工业节能减排目标', 'lizhili', '21', '中新网1月30日电 随着春节逐渐临近，每年唯一的烟花爆竹销售燃放季即将开始，这对原本已经屡屡爆表的空气质量无异于雪上加霜。根据媒体报道，2012年除夕夜北京PM2.5数据在短短几小时内暴增80倍，市民开始对是否燃放烟花爆竹进行反思，相对应的，却是节能减排相应政策法规对烟花爆竹燃放监管的缺失。\n\n                   北京雾霾又来侵袭，多日不见阳光，空气中弥散着烟灰的味道，看不见摸不着的PM2.5让人心生恐慌，新一轮口罩采购潮涌起。上一次雾霾的消散基本靠“吹”，而本轮还只能依靠冷空气吗？\n\n                   北京2013年春节烟花爆竹将于2月5日也就是腊月二十五正式开卖，现在烟花鞭炮公司已经开始向各个销售网点配送烟花。10天后，大量烟花爆竹将在城市、乡村的各个角落中升腾、炸响。已经不堪重负的北京空气恐将愈加不堪。', '1', '钼', '1', 'lizhili', '2013-01-31 00:00:00', '2013-01-31 00:00:00', '1');
INSERT INTO mu_article VALUES ('210', '  2013年固定资产投资预计增8万亿 多省GDP预增1', 'lizhili', '21', '中新网1月30日电 随着春节逐渐临近，每年唯一的烟花爆竹销售燃放季即将开始，这对原本已经屡屡爆表的空气质量无异于雪上加霜。根据媒体报道，2012年除夕夜北京PM2.5数据在短短几小时内暴增80倍，市民开始对是否燃放烟花爆竹进行反思，相对应的，却是节能减排相应政策法规对烟花爆竹燃放监管的缺失。\n\n                   北京雾霾又来侵袭，多日不见阳光，空气中弥散着烟灰的味道，看不见摸不着的PM2.5让人心生恐慌，新一轮口罩采购潮涌起。上一次雾霾的消散基本靠“吹”，而本轮还只能依靠冷空气吗？\n\n                   北京2013年春节烟花爆竹将于2月5日也就是腊月二十五正式开卖，现在烟花鞭炮公司已经开始向各个销售网点配送烟花。10天后，大量烟花爆竹将在城市、乡村的各个角落中升腾、炸响。已经不堪重负的北京空气恐将愈加不堪。', '1', '钼', '1', 'lizhili', '2013-01-31 00:00:00', '2013-01-31 00:00:00', '1');
INSERT INTO mu_article VALUES ('211', '  2012年12月全国进口铁合金分国别统计', 'lizhili', '21', '中新网1月30日电 随着春节逐渐临近，每年唯一的烟花爆竹销售燃放季即将开始，这对原本已经屡屡爆表的空气质量无异于雪上加霜。根据媒体报道，2012年除夕夜北京PM2.5数据在短短几小时内暴增80倍，市民开始对是否燃放烟花爆竹进行反思，相对应的，却是节能减排相应政策法规对烟花爆竹燃放监管的缺失。\n\n                   北京雾霾又来侵袭，多日不见阳光，空气中弥散着烟灰的味道，看不见摸不着的PM2.5让人心生恐慌，新一轮口罩采购潮涌起。上一次雾霾的消散基本靠“吹”，而本轮还只能依靠冷空气吗？\n\n                   北京2013年春节烟花爆竹将于2月5日也就是腊月二十五正式开卖，现在烟花鞭炮公司已经开始向各个销售网点配送烟花。10天后，大量烟花爆竹将在城市、乡村的各个角落中升腾、炸响。已经不堪重负的北京空气恐将愈加不堪。', '1', '钼', '1', 'lizhili', '2013-01-31 00:00:00', '2013-01-31 00:00:00', '1');
INSERT INTO mu_article VALUES ('212', '  武钢预计今年减税7300万', 'lizhili', '21', '中新网1月30日电 随着春节逐渐临近，每年唯一的烟花爆竹销售燃放季即将开始，这对原本已经屡屡爆表的空气质量无异于雪上加霜。根据媒体报道，2012年除夕夜北京PM2.5数据在短短几小时内暴增80倍，市民开始对是否燃放烟花爆竹进行反思，相对应的，却是节能减排相应政策法规对烟花爆竹燃放监管的缺失。\n\n                   北京雾霾又来侵袭，多日不见阳光，空气中弥散着烟灰的味道，看不见摸不着的PM2.5让人心生恐慌，新一轮口罩采购潮涌起。上一次雾霾的消散基本靠“吹”，而本轮还只能依靠冷空气吗？\n\n                   北京2013年春节烟花爆竹将于2月5日也就是腊月二十五正式开卖，现在烟花鞭炮公司已经开始向各个销售网点配送烟花。10天后，大量烟花爆竹将在城市、乡村的各个角落中升腾、炸响。已经不堪重负的北京空气恐将愈加不堪。', '1', '钼', '1', 'lizhili', '2013-01-31 00:00:00', '2013-01-31 00:00:00', '1');
INSERT INTO mu_article VALUES ('213', '  近期钢厂钼铁招标汇总（920吨/6家）', 'lizhili', '21', '中新网1月30日电 随着春节逐渐临近，每年唯一的烟花爆竹销售燃放季即将开始，这对原本已经屡屡爆表的空气质量无异于雪上加霜。根据媒体报道，2012年除夕夜北京PM2.5数据在短短几小时内暴增80倍，市民开始对是否燃放烟花爆竹进行反思，相对应的，却是节能减排相应政策法规对烟花爆竹燃放监管的缺失。\n\n                   北京雾霾又来侵袭，多日不见阳光，空气中弥散着烟灰的味道，看不见摸不着的PM2.5让人心生恐慌，新一轮口罩采购潮涌起。上一次雾霾的消散基本靠“吹”，而本轮还只能依靠冷空气吗？\n\n                   北京2013年春节烟花爆竹将于2月5日也就是腊月二十五正式开卖，现在烟花鞭炮公司已经开始向各个销售网点配送烟花。10天后，大量烟花爆竹将在城市、乡村的各个角落中升腾、炸响。已经不堪重负的北京空气恐将愈加不堪。', '1', '钼', '1', 'lizhili', '2013-01-31 00:00:00', '2013-01-31 00:00:00', '0');
INSERT INTO mu_article VALUES ('214', '  辽宁发生5.1级地震 当地矿企未受影响', 'lizhili', '21', '中新网1月30日电 随着春节逐渐临近，每年唯一的烟花爆竹销售燃放季即将开始，这对原本已经屡屡爆表的空气质量无异于雪上加霜。根据媒体报道，2012年除夕夜北京PM2.5数据在短短几小时内暴增80倍，市民开始对是否燃放烟花爆竹进行反思，相对应的，却是节能减排相应政策法规对烟花爆竹燃放监管的缺失。\n\n                   北京雾霾又来侵袭，多日不见阳光，空气中弥散着烟灰的味道，看不见摸不着的PM2.5让人心生恐慌，新一轮口罩采购潮涌起。上一次雾霾的消散基本靠“吹”，而本轮还只能依靠冷空气吗？\n\n                   北京2013年春节烟花爆竹将于2月5日也就是腊月二十五正式开卖，现在烟花鞭炮公司已经开始向各个销售网点配送烟花。10天后，大量烟花爆竹将在城市、乡村的各个角落中升腾、炸响。已经不堪重负的北京空气恐将愈加不堪。', '1', '钼', '1', 'lizhili', '2013-01-31 00:00:00', '2013-01-31 00:00:00', '0');
INSERT INTO mu_article VALUES ('215', '  2012年我国新增铁、锰、镍、钨、钼矿资源储量', 'lizhili', '21', '中新网1月30日电 随着春节逐渐临近，每年唯一的烟花爆竹销售燃放季即将开始，这对原本已经屡屡爆表的空气质量无异于雪上加霜。根据媒体报道，2012年除夕夜北京PM2.5数据在短短几小时内暴增80倍，市民开始对是否燃放烟花爆竹进行反思，相对应的，却是节能减排相应政策法规对烟花爆竹燃放监管的缺失。\n\n                   北京雾霾又来侵袭，多日不见阳光，空气中弥散着烟灰的味道，看不见摸不着的PM2.5让人心生恐慌，新一轮口罩采购潮涌起。上一次雾霾的消散基本靠“吹”，而本轮还只能依靠冷空气吗？\n\n                   北京2013年春节烟花爆竹将于2月5日也就是腊月二十五正式开卖，现在烟花鞭炮公司已经开始向各个销售网点配送烟花。10天后，大量烟花爆竹将在城市、乡村的各个角落中升腾、炸响。已经不堪重负的北京空气恐将愈加不堪。', '1', '钼', '1', 'lizhili', '2013-01-31 00:00:00', '2013-01-31 00:00:00', '0');
INSERT INTO mu_article VALUES ('216', '  辽宁发生5.1级地震 当地矿企未受影响', 'lizhili', '21', '中新网1月30日电 随着春节逐渐临近，每年唯一的烟花爆竹销售燃放季即将开始，这对原本已经屡屡爆表的空气质量无异于雪上加霜。根据媒体报道，2012年除夕夜北京PM2.5数据在短短几小时内暴增80倍，市民开始对是否燃放烟花爆竹进行反思，相对应的，却是节能减排相应政策法规对烟花爆竹燃放监管的缺失。\n\n                   北京雾霾又来侵袭，多日不见阳光，空气中弥散着烟灰的味道，看不见摸不着的PM2.5让人心生恐慌，新一轮口罩采购潮涌起。上一次雾霾的消散基本靠“吹”，而本轮还只能依靠冷空气吗？\n\n                   北京2013年春节烟花爆竹将于2月5日也就是腊月二十五正式开卖，现在烟花鞭炮公司已经开始向各个销售网点配送烟花。10天后，大量烟花爆竹将在城市、乡村的各个角落中升腾、炸响。已经不堪重负的北京空气恐将愈加不堪。', '1', '钼', '1', 'lizhili', '2013-01-31 00:00:00', '2013-01-31 00:00:00', '0');
INSERT INTO mu_article VALUES ('217', '  2013年固定资产投资预计增8万亿 多省GDP预增1', 'lizhili', '21', '中新网1月30日电 随着春节逐渐临近，每年唯一的烟花爆竹销售燃放季即将开始，这对原本已经屡屡爆表的空气质量无异于雪上加霜。根据媒体报道，2012年除夕夜北京PM2.5数据在短短几小时内暴增80倍，市民开始对是否燃放烟花爆竹进行反思，相对应的，却是节能减排相应政策法规对烟花爆竹燃放监管的缺失。\n\n                   北京雾霾又来侵袭，多日不见阳光，空气中弥散着烟灰的味道，看不见摸不着的PM2.5让人心生恐慌，新一轮口罩采购潮涌起。上一次雾霾的消散基本靠“吹”，而本轮还只能依靠冷空气吗？\n\n                   北京2013年春节烟花爆竹将于2月5日也就是腊月二十五正式开卖，现在烟花鞭炮公司已经开始向各个销售网点配送烟花。10天后，大量烟花爆竹将在城市、乡村的各个角落中升腾、炸响。已经不堪重负的北京空气恐将愈加不堪。', '1', '钼', '1', 'lizhili', '2013-01-31 00:00:00', '2013-01-31 00:00:00', '1');
INSERT INTO mu_article VALUES ('218', '  宝钢提前大幅上调3月份钢价', 'lizhili', '21', '中新网1月30日电 随着春节逐渐临近，每年唯一的烟花爆竹销售燃放季即将开始，这对原本已经屡屡爆表的空气质量无异于雪上加霜。根据媒体报道，2012年除夕夜北京PM2.5数据在短短几小时内暴增80倍，市民开始对是否燃放烟花爆竹进行反思，相对应的，却是节能减排相应政策法规对烟花爆竹燃放监管的缺失。\n\n                   北京雾霾又来侵袭，多日不见阳光，空气中弥散着烟灰的味道，看不见摸不着的PM2.5让人心生恐慌，新一轮口罩采购潮涌起。上一次雾霾的消散基本靠“吹”，而本轮还只能依靠冷空气吗？\n\n                   北京2013年春节烟花爆竹将于2月5日也就是腊月二十五正式开卖，现在烟花鞭炮公司已经开始向各个销售网点配送烟花。10天后，大量烟花爆竹将在城市、乡村的各个角落中升腾、炸响。已经不堪重负的北京空气恐将愈加不堪。', '1', '钼', '1', 'lizhili', '2013-01-31 00:00:00', '2013-01-31 00:00:00', '1');
INSERT INTO mu_article VALUES ('219', '  近期钢厂钼铁招标汇总（920吨/6家）', 'lizhili', '21', '中新网1月30日电 随着春节逐渐临近，每年唯一的烟花爆竹销售燃放季即将开始，这对原本已经屡屡爆表的空气质量无异于雪上加霜。根据媒体报道，2012年除夕夜北京PM2.5数据在短短几小时内暴增80倍，市民开始对是否燃放烟花爆竹进行反思，相对应的，却是节能减排相应政策法规对烟花爆竹燃放监管的缺失。\n\n                   北京雾霾又来侵袭，多日不见阳光，空气中弥散着烟灰的味道，看不见摸不着的PM2.5让人心生恐慌，新一轮口罩采购潮涌起。上一次雾霾的消散基本靠“吹”，而本轮还只能依靠冷空气吗？\n\n                   北京2013年春节烟花爆竹将于2月5日也就是腊月二十五正式开卖，现在烟花鞭炮公司已经开始向各个销售网点配送烟花。10天后，大量烟花爆竹将在城市、乡村的各个角落中升腾、炸响。已经不堪重负的北京空气恐将愈加不堪。', '1', '钼', '1', 'lizhili', '2013-01-31 00:00:00', '2013-01-31 00:00:00', '0');
INSERT INTO mu_article VALUES ('220', '  2012国内粗钢产量7.17亿吨 钢铁转向低速增长', 'lizhili', '21', '中新网1月30日电 随着春节逐渐临近，每年唯一的烟花爆竹销售燃放季即将开始，这对原本已经屡屡爆表的空气质量无异于雪上加霜。根据媒体报道，2012年除夕夜北京PM2.5数据在短短几小时内暴增80倍，市民开始对是否燃放烟花爆竹进行反思，相对应的，却是节能减排相应政策法规对烟花爆竹燃放监管的缺失。\n\n                   北京雾霾又来侵袭，多日不见阳光，空气中弥散着烟灰的味道，看不见摸不着的PM2.5让人心生恐慌，新一轮口罩采购潮涌起。上一次雾霾的消散基本靠“吹”，而本轮还只能依靠冷空气吗？\n\n                   北京2013年春节烟花爆竹将于2月5日也就是腊月二十五正式开卖，现在烟花鞭炮公司已经开始向各个销售网点配送烟花。10天后，大量烟花爆竹将在城市、乡村的各个角落中升腾、炸响。已经不堪重负的北京空气恐将愈加不堪。', '1', '钼', '1', 'lizhili', '2013-01-31 00:00:00', '2013-01-31 00:00:00', '1');
INSERT INTO mu_article VALUES ('221', '  钼股份荣获“陕西省质量信用等级A级企业”称', 'lizhili', '21', '中新网1月30日电 随着春节逐渐临近，每年唯一的烟花爆竹销售燃放季即将开始，这对原本已经屡屡爆表的空气质量无异于雪上加霜。根据媒体报道，2012年除夕夜北京PM2.5数据在短短几小时内暴增80倍，市民开始对是否燃放烟花爆竹进行反思，相对应的，却是节能减排相应政策法规对烟花爆竹燃放监管的缺失。\n\n                   北京雾霾又来侵袭，多日不见阳光，空气中弥散着烟灰的味道，看不见摸不着的PM2.5让人心生恐慌，新一轮口罩采购潮涌起。上一次雾霾的消散基本靠“吹”，而本轮还只能依靠冷空气吗？\n\n                   北京2013年春节烟花爆竹将于2月5日也就是腊月二十五正式开卖，现在烟花鞭炮公司已经开始向各个销售网点配送烟花。10天后，大量烟花爆竹将在城市、乡村的各个角落中升腾、炸响。已经不堪重负的北京空气恐将愈加不堪。', '1', '钼', '1', 'lizhili', '2013-01-31 00:00:00', '2013-01-31 00:00:00', '1');
INSERT INTO mu_article VALUES ('222', '  有色金属行业:钓鱼岛争端升温,战争金属上火,', 'lizhili', '21', '中新网1月30日电 随着春节逐渐临近，每年唯一的烟花爆竹销售燃放季即将开始，这对原本已经屡屡爆表的空气质量无异于雪上加霜。根据媒体报道，2012年除夕夜北京PM2.5数据在短短几小时内暴增80倍，市民开始对是否燃放烟花爆竹进行反思，相对应的，却是节能减排相应政策法规对烟花爆竹燃放监管的缺失。\n\n                   北京雾霾又来侵袭，多日不见阳光，空气中弥散着烟灰的味道，看不见摸不着的PM2.5让人心生恐慌，新一轮口罩采购潮涌起。上一次雾霾的消散基本靠“吹”，而本轮还只能依靠冷空气吗？\n\n                   北京2013年春节烟花爆竹将于2月5日也就是腊月二十五正式开卖，现在烟花鞭炮公司已经开始向各个销售网点配送烟花。10天后，大量烟花爆竹将在城市、乡村的各个角落中升腾、炸响。已经不堪重负的北京空气恐将愈加不堪。', '1', '钼', '1', 'lizhili', '2013-01-31 00:00:00', '2013-01-31 00:00:00', '0');
INSERT INTO mu_article VALUES ('223', '  2012年12月全国进口铁合金分关别统计', 'lizhili', '21', '中新网1月30日电 随着春节逐渐临近，每年唯一的烟花爆竹销售燃放季即将开始，这对原本已经屡屡爆表的空气质量无异于雪上加霜。根据媒体报道，2012年除夕夜北京PM2.5数据在短短几小时内暴增80倍，市民开始对是否燃放烟花爆竹进行反思，相对应的，却是节能减排相应政策法规对烟花爆竹燃放监管的缺失。\n\n                   北京雾霾又来侵袭，多日不见阳光，空气中弥散着烟灰的味道，看不见摸不着的PM2.5让人心生恐慌，新一轮口罩采购潮涌起。上一次雾霾的消散基本靠“吹”，而本轮还只能依靠冷空气吗？\n\n                   北京2013年春节烟花爆竹将于2月5日也就是腊月二十五正式开卖，现在烟花鞭炮公司已经开始向各个销售网点配送烟花。10天后，大量烟花爆竹将在城市、乡村的各个角落中升腾、炸响。已经不堪重负的北京空气恐将愈加不堪。', '1', '钼', '1', 'lizhili', '2013-01-31 00:00:00', '2013-01-31 00:00:00', '1');
INSERT INTO mu_article VALUES ('224', '  武钢预计今年减税7300万', 'lizhili', '21', '中新网1月30日电 随着春节逐渐临近，每年唯一的烟花爆竹销售燃放季即将开始，这对原本已经屡屡爆表的空气质量无异于雪上加霜。根据媒体报道，2012年除夕夜北京PM2.5数据在短短几小时内暴增80倍，市民开始对是否燃放烟花爆竹进行反思，相对应的，却是节能减排相应政策法规对烟花爆竹燃放监管的缺失。\n\n                   北京雾霾又来侵袭，多日不见阳光，空气中弥散着烟灰的味道，看不见摸不着的PM2.5让人心生恐慌，新一轮口罩采购潮涌起。上一次雾霾的消散基本靠“吹”，而本轮还只能依靠冷空气吗？\n\n                   北京2013年春节烟花爆竹将于2月5日也就是腊月二十五正式开卖，现在烟花鞭炮公司已经开始向各个销售网点配送烟花。10天后，大量烟花爆竹将在城市、乡村的各个角落中升腾、炸响。已经不堪重负的北京空气恐将愈加不堪。', '1', '钼', '1', 'lizhili', '2013-01-31 00:00:00', '2013-01-31 00:00:00', '1');
INSERT INTO mu_article VALUES ('225', '  2012年12月全国进口铁合金分国别统计', 'lizhili', '21', '中新网1月30日电 随着春节逐渐临近，每年唯一的烟花爆竹销售燃放季即将开始，这对原本已经屡屡爆表的空气质量无异于雪上加霜。根据媒体报道，2012年除夕夜北京PM2.5数据在短短几小时内暴增80倍，市民开始对是否燃放烟花爆竹进行反思，相对应的，却是节能减排相应政策法规对烟花爆竹燃放监管的缺失。\n\n                   北京雾霾又来侵袭，多日不见阳光，空气中弥散着烟灰的味道，看不见摸不着的PM2.5让人心生恐慌，新一轮口罩采购潮涌起。上一次雾霾的消散基本靠“吹”，而本轮还只能依靠冷空气吗？\n\n                   北京2013年春节烟花爆竹将于2月5日也就是腊月二十五正式开卖，现在烟花鞭炮公司已经开始向各个销售网点配送烟花。10天后，大量烟花爆竹将在城市、乡村的各个角落中升腾、炸响。已经不堪重负的北京空气恐将愈加不堪。', '1', '钼', '1', 'lizhili', '2013-01-31 00:00:00', '2013-01-31 00:00:00', '1');
INSERT INTO mu_article VALUES ('226', '  2012年12月全国进口铁合金分国别统计', 'lizhili', '21', '中新网1月30日电 随着春节逐渐临近，每年唯一的烟花爆竹销售燃放季即将开始，这对原本已经屡屡爆表的空气质量无异于雪上加霜。根据媒体报道，2012年除夕夜北京PM2.5数据在短短几小时内暴增80倍，市民开始对是否燃放烟花爆竹进行反思，相对应的，却是节能减排相应政策法规对烟花爆竹燃放监管的缺失。\n\n                   北京雾霾又来侵袭，多日不见阳光，空气中弥散着烟灰的味道，看不见摸不着的PM2.5让人心生恐慌，新一轮口罩采购潮涌起。上一次雾霾的消散基本靠“吹”，而本轮还只能依靠冷空气吗？\n\n                   北京2013年春节烟花爆竹将于2月5日也就是腊月二十五正式开卖，现在烟花鞭炮公司已经开始向各个销售网点配送烟花。10天后，大量烟花爆竹将在城市、乡村的各个角落中升腾、炸响。已经不堪重负的北京空气恐将愈加不堪。', '1', '钼', '1', 'lizhili', '2013-01-31 00:00:00', '2013-01-31 00:00:00', '0');
INSERT INTO mu_article VALUES ('227', '  2012年全国粗钢产量同比增长3.1%', 'lizhili', '21', '中新网1月30日电 随着春节逐渐临近，每年唯一的烟花爆竹销售燃放季即将开始，这对原本已经屡屡爆表的空气质量无异于雪上加霜。根据媒体报道，2012年除夕夜北京PM2.5数据在短短几小时内暴增80倍，市民开始对是否燃放烟花爆竹进行反思，相对应的，却是节能减排相应政策法规对烟花爆竹燃放监管的缺失。\n\n                   北京雾霾又来侵袭，多日不见阳光，空气中弥散着烟灰的味道，看不见摸不着的PM2.5让人心生恐慌，新一轮口罩采购潮涌起。上一次雾霾的消散基本靠“吹”，而本轮还只能依靠冷空气吗？\n\n                   北京2013年春节烟花爆竹将于2月5日也就是腊月二十五正式开卖，现在烟花鞭炮公司已经开始向各个销售网点配送烟花。10天后，大量烟花爆竹将在城市、乡村的各个角落中升腾、炸响。已经不堪重负的北京空气恐将愈加不堪。', '1', '钼', '1', 'lizhili', '2013-01-31 00:00:00', '2013-01-31 00:00:00', '0');
INSERT INTO mu_article VALUES ('228', '  乌海三美国际矿业高管拜访中信锦州公司', 'lizhili', '21', '中新网1月30日电 随着春节逐渐临近，每年唯一的烟花爆竹销售燃放季即将开始，这对原本已经屡屡爆表的空气质量无异于雪上加霜。根据媒体报道，2012年除夕夜北京PM2.5数据在短短几小时内暴增80倍，市民开始对是否燃放烟花爆竹进行反思，相对应的，却是节能减排相应政策法规对烟花爆竹燃放监管的缺失。\n\n                   北京雾霾又来侵袭，多日不见阳光，空气中弥散着烟灰的味道，看不见摸不着的PM2.5让人心生恐慌，新一轮口罩采购潮涌起。上一次雾霾的消散基本靠“吹”，而本轮还只能依靠冷空气吗？\n\n                   北京2013年春节烟花爆竹将于2月5日也就是腊月二十五正式开卖，现在烟花鞭炮公司已经开始向各个销售网点配送烟花。10天后，大量烟花爆竹将在城市、乡村的各个角落中升腾、炸响。已经不堪重负的北京空气恐将愈加不堪。', '1', '钼', '1', 'lizhili', '2013-01-31 00:00:00', '2013-01-31 00:00:00', '1');
INSERT INTO mu_article VALUES ('229', '  钼股份荣获“陕西省质量信用等级A级企业”称', 'lizhili', '21', '中新网1月30日电 随着春节逐渐临近，每年唯一的烟花爆竹销售燃放季即将开始，这对原本已经屡屡爆表的空气质量无异于雪上加霜。根据媒体报道，2012年除夕夜北京PM2.5数据在短短几小时内暴增80倍，市民开始对是否燃放烟花爆竹进行反思，相对应的，却是节能减排相应政策法规对烟花爆竹燃放监管的缺失。\n\n                   北京雾霾又来侵袭，多日不见阳光，空气中弥散着烟灰的味道，看不见摸不着的PM2.5让人心生恐慌，新一轮口罩采购潮涌起。上一次雾霾的消散基本靠“吹”，而本轮还只能依靠冷空气吗？\n\n                   北京2013年春节烟花爆竹将于2月5日也就是腊月二十五正式开卖，现在烟花鞭炮公司已经开始向各个销售网点配送烟花。10天后，大量烟花爆竹将在城市、乡村的各个角落中升腾、炸响。已经不堪重负的北京空气恐将愈加不堪。', '1', '钼', '1', 'lizhili', '2013-01-31 00:00:00', '2013-01-31 00:00:00', '0');
INSERT INTO mu_article VALUES ('230', '  2012年12月全国进口铁合金分关别统计', 'lizhili', '21', '中新网1月30日电 随着春节逐渐临近，每年唯一的烟花爆竹销售燃放季即将开始，这对原本已经屡屡爆表的空气质量无异于雪上加霜。根据媒体报道，2012年除夕夜北京PM2.5数据在短短几小时内暴增80倍，市民开始对是否燃放烟花爆竹进行反思，相对应的，却是节能减排相应政策法规对烟花爆竹燃放监管的缺失。\n\n                   北京雾霾又来侵袭，多日不见阳光，空气中弥散着烟灰的味道，看不见摸不着的PM2.5让人心生恐慌，新一轮口罩采购潮涌起。上一次雾霾的消散基本靠“吹”，而本轮还只能依靠冷空气吗？\n\n                   北京2013年春节烟花爆竹将于2月5日也就是腊月二十五正式开卖，现在烟花鞭炮公司已经开始向各个销售网点配送烟花。10天后，大量烟花爆竹将在城市、乡村的各个角落中升腾、炸响。已经不堪重负的北京空气恐将愈加不堪。', '1', '钼', '1', 'lizhili', '2013-01-31 00:00:00', '2013-01-31 00:00:00', '0');
INSERT INTO mu_article VALUES ('231', '  我国确定今年工业节能减排目标', 'lizhili', '21', '中新网1月30日电 随着春节逐渐临近，每年唯一的烟花爆竹销售燃放季即将开始，这对原本已经屡屡爆表的空气质量无异于雪上加霜。根据媒体报道，2012年除夕夜北京PM2.5数据在短短几小时内暴增80倍，市民开始对是否燃放烟花爆竹进行反思，相对应的，却是节能减排相应政策法规对烟花爆竹燃放监管的缺失。\n\n                   北京雾霾又来侵袭，多日不见阳光，空气中弥散着烟灰的味道，看不见摸不着的PM2.5让人心生恐慌，新一轮口罩采购潮涌起。上一次雾霾的消散基本靠“吹”，而本轮还只能依靠冷空气吗？\n\n                   北京2013年春节烟花爆竹将于2月5日也就是腊月二十五正式开卖，现在烟花鞭炮公司已经开始向各个销售网点配送烟花。10天后，大量烟花爆竹将在城市、乡村的各个角落中升腾、炸响。已经不堪重负的北京空气恐将愈加不堪。', '1', '钼', '1', 'lizhili', '2013-01-31 00:00:00', '2013-01-31 00:00:00', '1');
INSERT INTO mu_article VALUES ('232', '  2013年固定资产投资预计增8万亿 多省GDP预增1', 'lizhili', '21', '中新网1月30日电 随着春节逐渐临近，每年唯一的烟花爆竹销售燃放季即将开始，这对原本已经屡屡爆表的空气质量无异于雪上加霜。根据媒体报道，2012年除夕夜北京PM2.5数据在短短几小时内暴增80倍，市民开始对是否燃放烟花爆竹进行反思，相对应的，却是节能减排相应政策法规对烟花爆竹燃放监管的缺失。\n\n                   北京雾霾又来侵袭，多日不见阳光，空气中弥散着烟灰的味道，看不见摸不着的PM2.5让人心生恐慌，新一轮口罩采购潮涌起。上一次雾霾的消散基本靠“吹”，而本轮还只能依靠冷空气吗？\n\n                   北京2013年春节烟花爆竹将于2月5日也就是腊月二十五正式开卖，现在烟花鞭炮公司已经开始向各个销售网点配送烟花。10天后，大量烟花爆竹将在城市、乡村的各个角落中升腾、炸响。已经不堪重负的北京空气恐将愈加不堪。', '1', '钼', '1', 'lizhili', '2013-01-31 00:00:00', '2013-01-31 00:00:00', '0');
INSERT INTO mu_article VALUES ('233', '  钼股份荣获“陕西省质量信用等级A级企业”称', 'lizhili', '21', '中新网1月30日电 随着春节逐渐临近，每年唯一的烟花爆竹销售燃放季即将开始，这对原本已经屡屡爆表的空气质量无异于雪上加霜。根据媒体报道，2012年除夕夜北京PM2.5数据在短短几小时内暴增80倍，市民开始对是否燃放烟花爆竹进行反思，相对应的，却是节能减排相应政策法规对烟花爆竹燃放监管的缺失。\n\n                   北京雾霾又来侵袭，多日不见阳光，空气中弥散着烟灰的味道，看不见摸不着的PM2.5让人心生恐慌，新一轮口罩采购潮涌起。上一次雾霾的消散基本靠“吹”，而本轮还只能依靠冷空气吗？\n\n                   北京2013年春节烟花爆竹将于2月5日也就是腊月二十五正式开卖，现在烟花鞭炮公司已经开始向各个销售网点配送烟花。10天后，大量烟花爆竹将在城市、乡村的各个角落中升腾、炸响。已经不堪重负的北京空气恐将愈加不堪。', '1', '钼', '1', 'lizhili', '2013-01-31 00:00:00', '2013-01-31 00:00:00', '1');
INSERT INTO mu_article VALUES ('234', '  2012年12月全国进口铁合金分国别统计', 'lizhili', '21', '中新网1月30日电 随着春节逐渐临近，每年唯一的烟花爆竹销售燃放季即将开始，这对原本已经屡屡爆表的空气质量无异于雪上加霜。根据媒体报道，2012年除夕夜北京PM2.5数据在短短几小时内暴增80倍，市民开始对是否燃放烟花爆竹进行反思，相对应的，却是节能减排相应政策法规对烟花爆竹燃放监管的缺失。\n\n                   北京雾霾又来侵袭，多日不见阳光，空气中弥散着烟灰的味道，看不见摸不着的PM2.5让人心生恐慌，新一轮口罩采购潮涌起。上一次雾霾的消散基本靠“吹”，而本轮还只能依靠冷空气吗？\n\n                   北京2013年春节烟花爆竹将于2月5日也就是腊月二十五正式开卖，现在烟花鞭炮公司已经开始向各个销售网点配送烟花。10天后，大量烟花爆竹将在城市、乡村的各个角落中升腾、炸响。已经不堪重负的北京空气恐将愈加不堪。', '1', '钼', '1', 'lizhili', '2013-01-31 00:00:00', '2013-01-31 00:00:00', '1');
INSERT INTO mu_article VALUES ('235', '  乌海三美国际矿业高管拜访中信锦州公司', 'lizhili', '21', '中新网1月30日电 随着春节逐渐临近，每年唯一的烟花爆竹销售燃放季即将开始，这对原本已经屡屡爆表的空气质量无异于雪上加霜。根据媒体报道，2012年除夕夜北京PM2.5数据在短短几小时内暴增80倍，市民开始对是否燃放烟花爆竹进行反思，相对应的，却是节能减排相应政策法规对烟花爆竹燃放监管的缺失。\n\n                   北京雾霾又来侵袭，多日不见阳光，空气中弥散着烟灰的味道，看不见摸不着的PM2.5让人心生恐慌，新一轮口罩采购潮涌起。上一次雾霾的消散基本靠“吹”，而本轮还只能依靠冷空气吗？\n\n                   北京2013年春节烟花爆竹将于2月5日也就是腊月二十五正式开卖，现在烟花鞭炮公司已经开始向各个销售网点配送烟花。10天后，大量烟花爆竹将在城市、乡村的各个角落中升腾、炸响。已经不堪重负的北京空气恐将愈加不堪。', '1', '钼', '1', 'lizhili', '2013-01-31 00:00:00', '2013-01-31 00:00:00', '0');
INSERT INTO mu_article VALUES ('236', '  2012年12月全国进口铁合金分关别统计', 'lizhili', '21', '中新网1月30日电 随着春节逐渐临近，每年唯一的烟花爆竹销售燃放季即将开始，这对原本已经屡屡爆表的空气质量无异于雪上加霜。根据媒体报道，2012年除夕夜北京PM2.5数据在短短几小时内暴增80倍，市民开始对是否燃放烟花爆竹进行反思，相对应的，却是节能减排相应政策法规对烟花爆竹燃放监管的缺失。\n\n                   北京雾霾又来侵袭，多日不见阳光，空气中弥散着烟灰的味道，看不见摸不着的PM2.5让人心生恐慌，新一轮口罩采购潮涌起。上一次雾霾的消散基本靠“吹”，而本轮还只能依靠冷空气吗？\n\n                   北京2013年春节烟花爆竹将于2月5日也就是腊月二十五正式开卖，现在烟花鞭炮公司已经开始向各个销售网点配送烟花。10天后，大量烟花爆竹将在城市、乡村的各个角落中升腾、炸响。已经不堪重负的北京空气恐将愈加不堪。', '1', '钼', '1', 'lizhili', '2013-01-31 00:00:00', '2013-01-31 00:00:00', '1');
INSERT INTO mu_article VALUES ('237', '  2012年全国粗钢产量同比增长3.1%', 'lizhili', '21', '中新网1月30日电 随着春节逐渐临近，每年唯一的烟花爆竹销售燃放季即将开始，这对原本已经屡屡爆表的空气质量无异于雪上加霜。根据媒体报道，2012年除夕夜北京PM2.5数据在短短几小时内暴增80倍，市民开始对是否燃放烟花爆竹进行反思，相对应的，却是节能减排相应政策法规对烟花爆竹燃放监管的缺失。\n\n                   北京雾霾又来侵袭，多日不见阳光，空气中弥散着烟灰的味道，看不见摸不着的PM2.5让人心生恐慌，新一轮口罩采购潮涌起。上一次雾霾的消散基本靠“吹”，而本轮还只能依靠冷空气吗？\n\n                   北京2013年春节烟花爆竹将于2月5日也就是腊月二十五正式开卖，现在烟花鞭炮公司已经开始向各个销售网点配送烟花。10天后，大量烟花爆竹将在城市、乡村的各个角落中升腾、炸响。已经不堪重负的北京空气恐将愈加不堪。', '1', '钼', '1', 'lizhili', '2013-01-31 00:00:00', '2013-01-31 00:00:00', '0');
INSERT INTO mu_article VALUES ('238', '  钼股份荣获“陕西省质量信用等级A级企业”称', 'lizhili', '21', '中新网1月30日电 随着春节逐渐临近，每年唯一的烟花爆竹销售燃放季即将开始，这对原本已经屡屡爆表的空气质量无异于雪上加霜。根据媒体报道，2012年除夕夜北京PM2.5数据在短短几小时内暴增80倍，市民开始对是否燃放烟花爆竹进行反思，相对应的，却是节能减排相应政策法规对烟花爆竹燃放监管的缺失。\n\n                   北京雾霾又来侵袭，多日不见阳光，空气中弥散着烟灰的味道，看不见摸不着的PM2.5让人心生恐慌，新一轮口罩采购潮涌起。上一次雾霾的消散基本靠“吹”，而本轮还只能依靠冷空气吗？\n\n                   北京2013年春节烟花爆竹将于2月5日也就是腊月二十五正式开卖，现在烟花鞭炮公司已经开始向各个销售网点配送烟花。10天后，大量烟花爆竹将在城市、乡村的各个角落中升腾、炸响。已经不堪重负的北京空气恐将愈加不堪。', '1', '钼', '1', 'lizhili', '2013-01-31 00:00:00', '2013-01-31 00:00:00', '0');
INSERT INTO mu_article VALUES ('239', '  2012国内粗钢产量7.17亿吨 钢铁转向低速增长', 'lizhili', '21', '中新网1月30日电 随着春节逐渐临近，每年唯一的烟花爆竹销售燃放季即将开始，这对原本已经屡屡爆表的空气质量无异于雪上加霜。根据媒体报道，2012年除夕夜北京PM2.5数据在短短几小时内暴增80倍，市民开始对是否燃放烟花爆竹进行反思，相对应的，却是节能减排相应政策法规对烟花爆竹燃放监管的缺失。\n\n                   北京雾霾又来侵袭，多日不见阳光，空气中弥散着烟灰的味道，看不见摸不着的PM2.5让人心生恐慌，新一轮口罩采购潮涌起。上一次雾霾的消散基本靠“吹”，而本轮还只能依靠冷空气吗？\n\n                   北京2013年春节烟花爆竹将于2月5日也就是腊月二十五正式开卖，现在烟花鞭炮公司已经开始向各个销售网点配送烟花。10天后，大量烟花爆竹将在城市、乡村的各个角落中升腾、炸响。已经不堪重负的北京空气恐将愈加不堪。', '1', '钼', '1', 'lizhili', '2013-01-31 00:00:00', '2013-01-31 00:00:00', '0');
INSERT INTO mu_article VALUES ('240', '  2013年固定资产投资预计增8万亿 多省GDP预增1', 'lizhili', '21', '中新网1月30日电 随着春节逐渐临近，每年唯一的烟花爆竹销售燃放季即将开始，这对原本已经屡屡爆表的空气质量无异于雪上加霜。根据媒体报道，2012年除夕夜北京PM2.5数据在短短几小时内暴增80倍，市民开始对是否燃放烟花爆竹进行反思，相对应的，却是节能减排相应政策法规对烟花爆竹燃放监管的缺失。\n\n                   北京雾霾又来侵袭，多日不见阳光，空气中弥散着烟灰的味道，看不见摸不着的PM2.5让人心生恐慌，新一轮口罩采购潮涌起。上一次雾霾的消散基本靠“吹”，而本轮还只能依靠冷空气吗？\n\n                   北京2013年春节烟花爆竹将于2月5日也就是腊月二十五正式开卖，现在烟花鞭炮公司已经开始向各个销售网点配送烟花。10天后，大量烟花爆竹将在城市、乡村的各个角落中升腾、炸响。已经不堪重负的北京空气恐将愈加不堪。', '1', '钼', '1', 'lizhili', '2013-01-31 00:00:00', '2013-01-31 00:00:00', '1');
INSERT INTO mu_article VALUES ('241', '  宝钢提前大幅上调3月份钢价', 'lizhili', '21', '中新网1月30日电 随着春节逐渐临近，每年唯一的烟花爆竹销售燃放季即将开始，这对原本已经屡屡爆表的空气质量无异于雪上加霜。根据媒体报道，2012年除夕夜北京PM2.5数据在短短几小时内暴增80倍，市民开始对是否燃放烟花爆竹进行反思，相对应的，却是节能减排相应政策法规对烟花爆竹燃放监管的缺失。\n\n                   北京雾霾又来侵袭，多日不见阳光，空气中弥散着烟灰的味道，看不见摸不着的PM2.5让人心生恐慌，新一轮口罩采购潮涌起。上一次雾霾的消散基本靠“吹”，而本轮还只能依靠冷空气吗？\n\n                   北京2013年春节烟花爆竹将于2月5日也就是腊月二十五正式开卖，现在烟花鞭炮公司已经开始向各个销售网点配送烟花。10天后，大量烟花爆竹将在城市、乡村的各个角落中升腾、炸响。已经不堪重负的北京空气恐将愈加不堪。', '1', '钼', '1', 'lizhili', '2013-01-31 00:00:00', '2013-01-31 00:00:00', '0');
INSERT INTO mu_article VALUES ('242', '  铁路货运提价或上半年推出 提价一分约增收200', 'lizhili', '21', '中新网1月30日电 随着春节逐渐临近，每年唯一的烟花爆竹销售燃放季即将开始，这对原本已经屡屡爆表的空气质量无异于雪上加霜。根据媒体报道，2012年除夕夜北京PM2.5数据在短短几小时内暴增80倍，市民开始对是否燃放烟花爆竹进行反思，相对应的，却是节能减排相应政策法规对烟花爆竹燃放监管的缺失。\n\n                   北京雾霾又来侵袭，多日不见阳光，空气中弥散着烟灰的味道，看不见摸不着的PM2.5让人心生恐慌，新一轮口罩采购潮涌起。上一次雾霾的消散基本靠“吹”，而本轮还只能依靠冷空气吗？\n\n                   北京2013年春节烟花爆竹将于2月5日也就是腊月二十五正式开卖，现在烟花鞭炮公司已经开始向各个销售网点配送烟花。10天后，大量烟花爆竹将在城市、乡村的各个角落中升腾、炸响。已经不堪重负的北京空气恐将愈加不堪。', '1', '钼', '1', 'lizhili', '2013-01-31 00:00:00', '2013-01-31 00:00:00', '1');
INSERT INTO mu_article VALUES ('243', '  2012年全国粗钢产量同比增长3.1%', 'lizhili', '21', '中新网1月30日电 随着春节逐渐临近，每年唯一的烟花爆竹销售燃放季即将开始，这对原本已经屡屡爆表的空气质量无异于雪上加霜。根据媒体报道，2012年除夕夜北京PM2.5数据在短短几小时内暴增80倍，市民开始对是否燃放烟花爆竹进行反思，相对应的，却是节能减排相应政策法规对烟花爆竹燃放监管的缺失。\n\n                   北京雾霾又来侵袭，多日不见阳光，空气中弥散着烟灰的味道，看不见摸不着的PM2.5让人心生恐慌，新一轮口罩采购潮涌起。上一次雾霾的消散基本靠“吹”，而本轮还只能依靠冷空气吗？\n\n                   北京2013年春节烟花爆竹将于2月5日也就是腊月二十五正式开卖，现在烟花鞭炮公司已经开始向各个销售网点配送烟花。10天后，大量烟花爆竹将在城市、乡村的各个角落中升腾、炸响。已经不堪重负的北京空气恐将愈加不堪。', '1', '钼', '1', 'lizhili', '2013-01-31 00:00:00', '2013-01-31 00:00:00', '0');
INSERT INTO mu_article VALUES ('244', '  辽宁发生5.1级地震 当地矿企未受影响', 'lizhili', '21', '中新网1月30日电 随着春节逐渐临近，每年唯一的烟花爆竹销售燃放季即将开始，这对原本已经屡屡爆表的空气质量无异于雪上加霜。根据媒体报道，2012年除夕夜北京PM2.5数据在短短几小时内暴增80倍，市民开始对是否燃放烟花爆竹进行反思，相对应的，却是节能减排相应政策法规对烟花爆竹燃放监管的缺失。\n\n                   北京雾霾又来侵袭，多日不见阳光，空气中弥散着烟灰的味道，看不见摸不着的PM2.5让人心生恐慌，新一轮口罩采购潮涌起。上一次雾霾的消散基本靠“吹”，而本轮还只能依靠冷空气吗？\n\n                   北京2013年春节烟花爆竹将于2月5日也就是腊月二十五正式开卖，现在烟花鞭炮公司已经开始向各个销售网点配送烟花。10天后，大量烟花爆竹将在城市、乡村的各个角落中升腾、炸响。已经不堪重负的北京空气恐将愈加不堪。', '1', '钼', '1', 'lizhili', '2013-01-31 00:00:00', '2013-01-31 00:00:00', '0');
INSERT INTO mu_article VALUES ('245', '  辽宁发生5.1级地震 当地矿企未受影响', 'lizhili', '21', '中新网1月30日电 随着春节逐渐临近，每年唯一的烟花爆竹销售燃放季即将开始，这对原本已经屡屡爆表的空气质量无异于雪上加霜。根据媒体报道，2012年除夕夜北京PM2.5数据在短短几小时内暴增80倍，市民开始对是否燃放烟花爆竹进行反思，相对应的，却是节能减排相应政策法规对烟花爆竹燃放监管的缺失。\n\n                   北京雾霾又来侵袭，多日不见阳光，空气中弥散着烟灰的味道，看不见摸不着的PM2.5让人心生恐慌，新一轮口罩采购潮涌起。上一次雾霾的消散基本靠“吹”，而本轮还只能依靠冷空气吗？\n\n                   北京2013年春节烟花爆竹将于2月5日也就是腊月二十五正式开卖，现在烟花鞭炮公司已经开始向各个销售网点配送烟花。10天后，大量烟花爆竹将在城市、乡村的各个角落中升腾、炸响。已经不堪重负的北京空气恐将愈加不堪。', '1', '钼', '1', 'lizhili', '2013-01-31 00:00:00', '2013-01-31 00:00:00', '0');
INSERT INTO mu_article VALUES ('246', '  宝钢提前大幅上调3月份钢价', 'lizhili', '21', '中新网1月30日电 随着春节逐渐临近，每年唯一的烟花爆竹销售燃放季即将开始，这对原本已经屡屡爆表的空气质量无异于雪上加霜。根据媒体报道，2012年除夕夜北京PM2.5数据在短短几小时内暴增80倍，市民开始对是否燃放烟花爆竹进行反思，相对应的，却是节能减排相应政策法规对烟花爆竹燃放监管的缺失。\n\n                   北京雾霾又来侵袭，多日不见阳光，空气中弥散着烟灰的味道，看不见摸不着的PM2.5让人心生恐慌，新一轮口罩采购潮涌起。上一次雾霾的消散基本靠“吹”，而本轮还只能依靠冷空气吗？\n\n                   北京2013年春节烟花爆竹将于2月5日也就是腊月二十五正式开卖，现在烟花鞭炮公司已经开始向各个销售网点配送烟花。10天后，大量烟花爆竹将在城市、乡村的各个角落中升腾、炸响。已经不堪重负的北京空气恐将愈加不堪。', '1', '钼', '1', 'lizhili', '2013-01-31 00:00:00', '2013-01-31 00:00:00', '1');
INSERT INTO mu_article VALUES ('247', '  有色金属行业:钓鱼岛争端升温,战争金属上火,', 'lizhili', '21', '中新网1月30日电 随着春节逐渐临近，每年唯一的烟花爆竹销售燃放季即将开始，这对原本已经屡屡爆表的空气质量无异于雪上加霜。根据媒体报道，2012年除夕夜北京PM2.5数据在短短几小时内暴增80倍，市民开始对是否燃放烟花爆竹进行反思，相对应的，却是节能减排相应政策法规对烟花爆竹燃放监管的缺失。\n\n                   北京雾霾又来侵袭，多日不见阳光，空气中弥散着烟灰的味道，看不见摸不着的PM2.5让人心生恐慌，新一轮口罩采购潮涌起。上一次雾霾的消散基本靠“吹”，而本轮还只能依靠冷空气吗？\n\n                   北京2013年春节烟花爆竹将于2月5日也就是腊月二十五正式开卖，现在烟花鞭炮公司已经开始向各个销售网点配送烟花。10天后，大量烟花爆竹将在城市、乡村的各个角落中升腾、炸响。已经不堪重负的北京空气恐将愈加不堪。', '1', '钼', '1', 'lizhili', '2013-01-31 00:00:00', '2013-01-31 00:00:00', '0');
INSERT INTO mu_article VALUES ('248', '  宝钢提前大幅上调3月份钢价', 'lizhili', '21', '中新网1月30日电 随着春节逐渐临近，每年唯一的烟花爆竹销售燃放季即将开始，这对原本已经屡屡爆表的空气质量无异于雪上加霜。根据媒体报道，2012年除夕夜北京PM2.5数据在短短几小时内暴增80倍，市民开始对是否燃放烟花爆竹进行反思，相对应的，却是节能减排相应政策法规对烟花爆竹燃放监管的缺失。\n\n                   北京雾霾又来侵袭，多日不见阳光，空气中弥散着烟灰的味道，看不见摸不着的PM2.5让人心生恐慌，新一轮口罩采购潮涌起。上一次雾霾的消散基本靠“吹”，而本轮还只能依靠冷空气吗？\n\n                   北京2013年春节烟花爆竹将于2月5日也就是腊月二十五正式开卖，现在烟花鞭炮公司已经开始向各个销售网点配送烟花。10天后，大量烟花爆竹将在城市、乡村的各个角落中升腾、炸响。已经不堪重负的北京空气恐将愈加不堪。', '1', '钼', '1', 'lizhili', '2013-01-31 00:00:00', '2013-01-31 00:00:00', '1');
INSERT INTO mu_article VALUES ('249', '  2012年我国新增铁、锰、镍、钨、钼矿资源储量', 'lizhili', '21', '中新网1月30日电 随着春节逐渐临近，每年唯一的烟花爆竹销售燃放季即将开始，这对原本已经屡屡爆表的空气质量无异于雪上加霜。根据媒体报道，2012年除夕夜北京PM2.5数据在短短几小时内暴增80倍，市民开始对是否燃放烟花爆竹进行反思，相对应的，却是节能减排相应政策法规对烟花爆竹燃放监管的缺失。\n\n                   北京雾霾又来侵袭，多日不见阳光，空气中弥散着烟灰的味道，看不见摸不着的PM2.5让人心生恐慌，新一轮口罩采购潮涌起。上一次雾霾的消散基本靠“吹”，而本轮还只能依靠冷空气吗？\n\n                   北京2013年春节烟花爆竹将于2月5日也就是腊月二十五正式开卖，现在烟花鞭炮公司已经开始向各个销售网点配送烟花。10天后，大量烟花爆竹将在城市、乡村的各个角落中升腾、炸响。已经不堪重负的北京空气恐将愈加不堪。', '1', '钼', '1', 'lizhili', '2013-01-31 00:00:00', '2013-01-31 00:00:00', '0');
INSERT INTO mu_article VALUES ('250', '  2012年我国新增铁、锰、镍、钨、钼矿资源储量', 'lizhili', '21', '中新网1月30日电 随着春节逐渐临近，每年唯一的烟花爆竹销售燃放季即将开始，这对原本已经屡屡爆表的空气质量无异于雪上加霜。根据媒体报道，2012年除夕夜北京PM2.5数据在短短几小时内暴增80倍，市民开始对是否燃放烟花爆竹进行反思，相对应的，却是节能减排相应政策法规对烟花爆竹燃放监管的缺失。\n\n                   北京雾霾又来侵袭，多日不见阳光，空气中弥散着烟灰的味道，看不见摸不着的PM2.5让人心生恐慌，新一轮口罩采购潮涌起。上一次雾霾的消散基本靠“吹”，而本轮还只能依靠冷空气吗？\n\n                   北京2013年春节烟花爆竹将于2月5日也就是腊月二十五正式开卖，现在烟花鞭炮公司已经开始向各个销售网点配送烟花。10天后，大量烟花爆竹将在城市、乡村的各个角落中升腾、炸响。已经不堪重负的北京空气恐将愈加不堪。', '1', '钼', '1', 'lizhili', '2013-01-31 00:00:00', '2013-01-31 00:00:00', '0');

-- ----------------------------
-- Table structure for `mu_city`
-- ----------------------------
DROP TABLE IF EXISTS `mu_city`;
CREATE TABLE `mu_city` (
  `city_id` int(11) NOT NULL AUTO_INCREMENT,
  `city_name` varchar(128) NOT NULL,
  `city_parent` int(11) NOT NULL DEFAULT '0',
  `city_level` tinyint(4) DEFAULT NULL,
  `city_order` tinyint(4) DEFAULT '0',
  `city_open` tinyint(4) DEFAULT '1',
  PRIMARY KEY (`city_id`)
) ENGINE=MyISAM AUTO_INCREMENT=8 DEFAULT CHARSET=utf8 COMMENT='省市联动表';

-- ----------------------------
-- Records of mu_city
-- ----------------------------
INSERT INTO mu_city VALUES ('1', '西南', '0', '1', '1', null);
INSERT INTO mu_city VALUES ('2', '重庆', '1', '2', '1', null);
INSERT INTO mu_city VALUES ('3', '大>足', '2', '3', '1', null);
INSERT INTO mu_city VALUES ('4', '渝中区', '2', '3', '2', null);
INSERT INTO mu_city VALUES ('5', '华北', '0', null, null, null);
INSERT INTO mu_city VALUES ('6', '河南', '5', null, null, null);
INSERT INTO mu_city VALUES ('7', '平顶山', '6', null, null, null);

-- ----------------------------
-- Table structure for `mu_favorite`
-- ----------------------------
DROP TABLE IF EXISTS `mu_favorite`;
CREATE TABLE `mu_favorite` (
  `favorite_id` bigint(20) NOT NULL AUTO_INCREMENT,
  `favorited_object_id` bigint(20) NOT NULL COMMENT '供求ID 现货ID',
  `favorited_object_type` tinyint(4) NOT NULL COMMENT '1 供求 2现货 ',
  `favorit_user_id` int(11) DEFAULT NULL COMMENT '收藏人',
  `favorite_time` datetime DEFAULT NULL COMMENT '''添加时间''',
  PRIMARY KEY (`favorite_id`)
) ENGINE=MyISAM DEFAULT CHARSET=utf8;

-- ----------------------------
-- Records of mu_favorite
-- ----------------------------

-- ----------------------------
-- Table structure for `mu_find_passwd`
-- ----------------------------
DROP TABLE IF EXISTS `mu_find_passwd`;
CREATE TABLE `mu_find_passwd` (
  `find_id` bigint(20) NOT NULL,
  `find_user_id` int(11) NOT NULL,
  `find_new_passwd` varchar(45) DEFAULT NULL,
  `find_status` tinyint(4) DEFAULT NULL,
  `find_mobile_no` varchar(45) DEFAULT NULL,
  `find_date` tinyint(4) DEFAULT NULL,
  PRIMARY KEY (`find_id`)
) ENGINE=MyISAM DEFAULT CHARSET=utf8 COMMENT='找回密码功能';

-- ----------------------------
-- Records of mu_find_passwd
-- ----------------------------

-- ----------------------------
-- Table structure for `mu_friend_link`
-- ----------------------------
DROP TABLE IF EXISTS `mu_friend_link`;
CREATE TABLE `mu_friend_link` (
  `flink_id` int(11) NOT NULL,
  `flink_name` varchar(128) NOT NULL,
  `flink_url` varchar(512) DEFAULT NULL,
  `flink_status` tinyint(4) DEFAULT NULL,
  `flink_create_date` datetime DEFAULT NULL,
  PRIMARY KEY (`flink_id`)
) ENGINE=MyISAM DEFAULT CHARSET=utf8 COMMENT='友情链接';

-- ----------------------------
-- Records of mu_friend_link
-- ----------------------------

-- ----------------------------
-- Table structure for `mu_func`
-- ----------------------------
DROP TABLE IF EXISTS `mu_func`;
CREATE TABLE `mu_func` (
  `func_id` int(11) NOT NULL,
  `func_name` varchar(128) NOT NULL,
  `func_action` varchar(1024) DEFAULT NULL,
  PRIMARY KEY (`func_id`)
) ENGINE=MyISAM DEFAULT CHARSET=utf8;

-- ----------------------------
-- Records of mu_func
-- ----------------------------

-- ----------------------------
-- Table structure for `mu_point_rule`
-- ----------------------------
DROP TABLE IF EXISTS `mu_point_rule`;
CREATE TABLE `mu_point_rule` (
  `rule_id` int(11) NOT NULL,
  `func_id` tinyint(4) NOT NULL,
  `action_point` tinyint(4) NOT NULL DEFAULT '0',
  PRIMARY KEY (`rule_id`)
) ENGINE=MyISAM DEFAULT CHARSET=utf8;

-- ----------------------------
-- Records of mu_point_rule
-- ----------------------------

-- ----------------------------
-- Table structure for `mu_product`
-- ----------------------------
DROP TABLE IF EXISTS `mu_product`;
CREATE TABLE `mu_product` (
  `product_id` bigint(20) NOT NULL AUTO_INCREMENT,
  `product_user_id` int(11) NOT NULL COMMENT '用户ID',
  `product_keyword` varchar(128) DEFAULT NULL COMMENT '用户ID',
  `product_name` varchar(45) NOT NULL,
  `product_quanity` int(11) DEFAULT NULL COMMENT '数量',
  `product_unit` int(11) DEFAULT NULL COMMENT '数量单位:吨,公斤等',
  `product_type_id` int(4) DEFAULT NULL COMMENT '产品分类',
  `product_price` decimal(10,0) DEFAULT NULL COMMENT '0表示电议',
  `product_status` int(4) DEFAULT NULL COMMENT '在售',
  `product_city_id` int(4) DEFAULT NULL COMMENT '在售',
  `product_content` text COMMENT '在售',
  `product_location` varchar(100) DEFAULT NULL COMMENT '''存货地''',
  `product_special` int(1) DEFAULT NULL COMMENT '是否特价',
  `product_join_date` datetime DEFAULT NULL,
  `product_image_src` varchar(128) DEFAULT NULL,
  `product_check_by` varchar(128) DEFAULT NULL,
  PRIMARY KEY (`product_id`),
  KEY `product_user_id` (`product_user_id`)
) ENGINE=MyISAM AUTO_INCREMENT=200 DEFAULT CHARSET=utf8 COMMENT='现货';

-- ----------------------------
-- Records of mu_product
-- ----------------------------
INSERT INTO mu_product VALUES ('1', '1', '钼铁，钼矿', '银靶，锡靶，钼靶，钼靶，钽靶，钨靶，铌靶', '990', '11', '22', '504', '1', '4', null, '深圳龙华大浪石光工业区', '0', '0000-00-00 00:00:00', 'http://www.zhuzao.com/UploadFile/Baikeuppic/1230873708.jpg', null);
INSERT INTO mu_product VALUES ('2', '1', '钼铁，钼矿', '银靶，锡靶，钼靶，钼靶，钽靶，钨靶，铌靶', '354', '11', '22', '851', '1', '3', null, '深圳龙华大浪石光工业区', '1', '0000-00-00 00:00:00', 'http://www.zhuzao.com/UploadFile/Baikeuppic/1230873708.jpg', null);
INSERT INTO mu_product VALUES ('3', '1', '钼铁，钼矿', '工业炉用钼制品', '425', '11', '22', '987', '1', '6', null, '深圳龙华大浪石光工业区', '1', '0000-00-00 00:00:00', 'http://www.zhuzao.com/UploadFile/Baikeuppic/1230873708.jpg', null);
INSERT INTO mu_product VALUES ('4', '1', '钼铁，钼矿', 'C-276万能的抗腐蚀镍-铬-钼合金', '300', '11', '21', '135', '1', '4', null, '深圳龙华大浪石光工业区', '0', '0000-00-00 00:00:00', 'http://www.zhuzao.com/UploadFile/Baikeuppic/1230873708.jpg', null);
INSERT INTO mu_product VALUES ('5', '1', '钼铁，钼矿', '钨粉，钨条，钨铁，钨钼合金粉，钨锭', '466', '11', '21', '887', '1', '6', null, '深圳龙华大浪石光工业区', '1', '0000-00-00 00:00:00', 'http://www.zhuzao.com/UploadFile/Baikeuppic/1230873708.jpg', null);
INSERT INTO mu_product VALUES ('6', '1', '钼铁，钼矿', '钼板', '874', '11', '21', '752', '1', '6', null, '深圳龙华大浪石光工业区', '1', '0000-00-00 00:00:00', 'http://www.zhuzao.com/UploadFile/Baikeuppic/1230873708.jpg', null);
INSERT INTO mu_product VALUES ('7', '1', '钼铁，钼矿', '钛,钛合金钨钼等稀有金属', '383', '11', '22', '735', '1', '3', null, '深圳龙华大浪石光工业区', '1', '0000-00-00 00:00:00', 'http://www.zhuzao.com/UploadFile/Baikeuppic/1230873708.jpg', null);
INSERT INTO mu_product VALUES ('8', '1', '钼铁，钼矿', '钼盒', '500', '11', '22', '524', '1', '4', null, '深圳龙华大浪石光工业区', '0', '0000-00-00 00:00:00', 'http://www.zhuzao.com/UploadFile/Baikeuppic/1230873708.jpg', null);
INSERT INTO mu_product VALUES ('9', '1', '钼铁，钼矿', '钛,钛合金钨钼等稀有金属', '554', '11', '21', '456', '1', '3', null, '深圳龙华大浪石光工业区', '1', '0000-00-00 00:00:00', 'http://www.zhuzao.com/UploadFile/Baikeuppic/1230873708.jpg', null);
INSERT INTO mu_product VALUES ('10', '1', '钼铁，钼矿', '银靶，锡靶，钼靶，钼靶，钽靶，钨靶，铌靶', '160', '11', '22', '131', '1', '6', null, '深圳龙华大浪石光工业区', '1', '0000-00-00 00:00:00', 'http://www.zhuzao.com/UploadFile/Baikeuppic/1230873708.jpg', null);
INSERT INTO mu_product VALUES ('11', '1', '钼铁，钼矿', '钛,钛合金钨钼等稀有金属', '240', '11', '21', '750', '1', '4', null, '深圳龙华大浪石光工业区', '1', '0000-00-00 00:00:00', 'http://www.zhuzao.com/UploadFile/Baikeuppic/1230873708.jpg', null);
INSERT INTO mu_product VALUES ('12', '1', '钼铁，钼矿', '钼片', '697', '11', '21', '684', '1', '3', null, '深圳龙华大浪石光工业区', '1', '0000-00-00 00:00:00', 'http://www.zhuzao.com/UploadFile/Baikeuppic/1230873708.jpg', null);
INSERT INTO mu_product VALUES ('13', '1', '钼铁，钼矿', 'C-276万能的抗腐蚀镍-铬-钼合金', '993', '11', '22', '298', '1', '6', null, '深圳龙华大浪石光工业区', '1', '0000-00-00 00:00:00', 'http://www.zhuzao.com/UploadFile/Baikeuppic/1230873708.jpg', null);
INSERT INTO mu_product VALUES ('14', '1', '钼铁，钼矿', '钛,钛合金钨钼等稀有金属', '492', '11', '21', '29', '1', '3', null, '深圳龙华大浪石光工业区', '1', '0000-00-00 00:00:00', 'http://www.zhuzao.com/UploadFile/Baikeuppic/1230873708.jpg', null);
INSERT INTO mu_product VALUES ('15', '1', '钼铁，钼矿', '钼板', '723', '11', '21', '308', '1', '4', null, '深圳龙华大浪石光工业区', '1', '0000-00-00 00:00:00', 'http://www.zhuzao.com/UploadFile/Baikeuppic/1230873708.jpg', null);
INSERT INTO mu_product VALUES ('16', '1', '钼铁，钼矿', '进口金属钼、钼棒、钼带、钼粉、钼条、钼合金', '347', '11', '22', '777', '1', '4', null, '深圳龙华大浪石光工业区', '1', '0000-00-00 00:00:00', 'http://www.zhuzao.com/UploadFile/Baikeuppic/1230873708.jpg', null);
INSERT INTO mu_product VALUES ('17', '1', '钼铁，钼矿', '钼板', '956', '11', '21', '672', '1', '4', null, '深圳龙华大浪石光工业区', '0', '0000-00-00 00:00:00', 'http://www.zhuzao.com/UploadFile/Baikeuppic/1230873708.jpg', null);
INSERT INTO mu_product VALUES ('18', '1', '钼铁，钼矿', '钼片', '566', '11', '22', '309', '1', '4', null, '深圳龙华大浪石光工业区', '1', '0000-00-00 00:00:00', 'http://www.zhuzao.com/UploadFile/Baikeuppic/1230873708.jpg', null);
INSERT INTO mu_product VALUES ('19', '1', '钼铁，钼矿', '钼丝网', '990', '11', '22', '884', '1', '6', null, '深圳龙华大浪石光工业区', '0', '0000-00-00 00:00:00', 'http://www.zhuzao.com/UploadFile/Baikeuppic/1230873708.jpg', null);
INSERT INTO mu_product VALUES ('20', '1', '钼铁，钼矿', '钼片', '417', '11', '21', '169', '1', '4', null, '深圳龙华大浪石光工业区', '0', '0000-00-00 00:00:00', 'http://www.zhuzao.com/UploadFile/Baikeuppic/1230873708.jpg', null);
INSERT INTO mu_product VALUES ('21', '1', '钼铁，钼矿', '钼网', '139', '11', '22', '155', '1', '3', null, '深圳龙华大浪石光工业区', '1', '0000-00-00 00:00:00', 'http://www.zhuzao.com/UploadFile/Baikeuppic/1230873708.jpg', null);
INSERT INTO mu_product VALUES ('22', '1', '钼铁，钼矿', '钼丝网', '701', '11', '22', '665', '1', '3', null, '深圳龙华大浪石光工业区', '0', '0000-00-00 00:00:00', 'http://www.zhuzao.com/UploadFile/Baikeuppic/1230873708.jpg', null);
INSERT INTO mu_product VALUES ('23', '1', '钼铁，钼矿', '钼丝网', '284', '11', '22', '855', '1', '4', null, '深圳龙华大浪石光工业区', '0', '0000-00-00 00:00:00', 'http://www.zhuzao.com/UploadFile/Baikeuppic/1230873708.jpg', null);
INSERT INTO mu_product VALUES ('24', '1', '钼铁，钼矿', '钼丝网', '338', '11', '21', '359', '1', '3', null, '深圳龙华大浪石光工业区', '1', '0000-00-00 00:00:00', 'http://www.zhuzao.com/UploadFile/Baikeuppic/1230873708.jpg', null);
INSERT INTO mu_product VALUES ('25', '1', '钼铁，钼矿', '工业炉用钼制品', '723', '11', '22', '225', '1', '3', null, '深圳龙华大浪石光工业区', '1', '0000-00-00 00:00:00', 'http://www.zhuzao.com/UploadFile/Baikeuppic/1230873708.jpg', null);
INSERT INTO mu_product VALUES ('26', '1', '钼铁，钼矿', '银靶，锡靶，钼靶，钼靶，钽靶，钨靶，铌靶', '509', '11', '22', '315', '1', '3', null, '深圳龙华大浪石光工业区', '1', '0000-00-00 00:00:00', 'http://www.zhuzao.com/UploadFile/Baikeuppic/1230873708.jpg', null);
INSERT INTO mu_product VALUES ('27', '1', '钼铁，钼矿', '钼盒', '968', '11', '22', '679', '1', '3', null, '深圳龙华大浪石光工业区', '0', '0000-00-00 00:00:00', 'http://www.zhuzao.com/UploadFile/Baikeuppic/1230873708.jpg', null);
INSERT INTO mu_product VALUES ('28', '1', '钼铁，钼矿', '钼杆/钼棒', '769', '11', '22', '990', '1', '4', null, '深圳龙华大浪石光工业区', '1', '0000-00-00 00:00:00', 'http://www.zhuzao.com/UploadFile/Baikeuppic/1230873708.jpg', null);
INSERT INTO mu_product VALUES ('29', '1', '钼铁，钼矿', 'C-276万能的抗腐蚀镍-铬-钼合金', '871', '11', '22', '556', '1', '6', null, '深圳龙华大浪石光工业区', '1', '0000-00-00 00:00:00', 'http://www.zhuzao.com/UploadFile/Baikeuppic/1230873708.jpg', null);
INSERT INTO mu_product VALUES ('30', '1', '钼铁，钼矿', '钼粉/纳米钼粉', '733', '11', '21', '80', '1', '6', null, '深圳龙华大浪石光工业区', '1', '0000-00-00 00:00:00', 'http://www.zhuzao.com/UploadFile/Baikeuppic/1230873708.jpg', null);
INSERT INTO mu_product VALUES ('31', '1', '钼铁，钼矿', '供应三氧化钼', '795', '11', '22', '772', '1', '3', null, '深圳龙华大浪石光工业区', '0', '0000-00-00 00:00:00', 'http://www.zhuzao.com/UploadFile/Baikeuppic/1230873708.jpg', null);
INSERT INTO mu_product VALUES ('32', '1', '钼铁，钼矿', '钼板', '628', '11', '22', '717', '1', '3', null, '深圳龙华大浪石光工业区', '0', '0000-00-00 00:00:00', 'http://www.zhuzao.com/UploadFile/Baikeuppic/1230873708.jpg', null);
INSERT INTO mu_product VALUES ('33', '1', '钼铁，钼矿', '银靶，锡靶，钼靶，钼靶，钽靶，钨靶，铌靶', '438', '11', '22', '549', '1', '6', null, '深圳龙华大浪石光工业区', '0', '0000-00-00 00:00:00', 'http://www.zhuzao.com/UploadFile/Baikeuppic/1230873708.jpg', null);
INSERT INTO mu_product VALUES ('34', '1', '钼铁，钼矿', '钼丝网', '758', '11', '21', '504', '1', '6', null, '深圳龙华大浪石光工业区', '0', '0000-00-00 00:00:00', 'http://www.zhuzao.com/UploadFile/Baikeuppic/1230873708.jpg', null);
INSERT INTO mu_product VALUES ('35', '1', '钼铁，钼矿', '工业炉用钼制品', '322', '11', '21', '135', '1', '6', null, '深圳龙华大浪石光工业区', '1', '0000-00-00 00:00:00', 'http://www.zhuzao.com/UploadFile/Baikeuppic/1230873708.jpg', null);
INSERT INTO mu_product VALUES ('36', '1', '钼铁，钼矿', 'TZM', '741', '11', '22', '986', '1', '6', null, '深圳龙华大浪石光工业区', '0', '0000-00-00 00:00:00', 'http://www.zhuzao.com/UploadFile/Baikeuppic/1230873708.jpg', null);
INSERT INTO mu_product VALUES ('37', '1', '钼铁，钼矿', '钼网', '644', '11', '21', '728', '1', '6', null, '深圳龙华大浪石光工业区', '1', '0000-00-00 00:00:00', 'http://www.zhuzao.com/UploadFile/Baikeuppic/1230873708.jpg', null);
INSERT INTO mu_product VALUES ('38', '1', '钼铁，钼矿', '供应三氧化钼', '700', '11', '21', '873', '1', '4', null, '深圳龙华大浪石光工业区', '1', '0000-00-00 00:00:00', 'http://www.zhuzao.com/UploadFile/Baikeuppic/1230873708.jpg', null);
INSERT INTO mu_product VALUES ('39', '1', '钼铁，钼矿', '钛丝网除沫器', '120', '11', '22', '587', '1', '4', null, '深圳龙华大浪石光工业区', '1', '0000-00-00 00:00:00', 'http://www.zhuzao.com/UploadFile/Baikeuppic/1230873708.jpg', null);
INSERT INTO mu_product VALUES ('40', '1', '钼铁，钼矿', '钼粉/纳米钼粉', '147', '11', '21', '173', '1', '4', null, '深圳龙华大浪石光工业区', '1', '0000-00-00 00:00:00', 'http://www.zhuzao.com/UploadFile/Baikeuppic/1230873708.jpg', null);
INSERT INTO mu_product VALUES ('41', '1', '钼铁，钼矿', '钼丝', '643', '11', '22', '896', '1', '3', null, '深圳龙华大浪石光工业区', '1', '0000-00-00 00:00:00', 'http://www.zhuzao.com/UploadFile/Baikeuppic/1230873708.jpg', null);
INSERT INTO mu_product VALUES ('42', '1', '钼铁，钼矿', '钼板', '189', '11', '21', '564', '1', '6', null, '深圳龙华大浪石光工业区', '1', '0000-00-00 00:00:00', 'http://www.zhuzao.com/UploadFile/Baikeuppic/1230873708.jpg', null);
INSERT INTO mu_product VALUES ('43', '1', '钼铁，钼矿', '钛,钛合金钨钼等稀有金属', '405', '11', '22', '159', '1', '6', null, '深圳龙华大浪石光工业区', '0', '0000-00-00 00:00:00', 'http://www.zhuzao.com/UploadFile/Baikeuppic/1230873708.jpg', null);
INSERT INTO mu_product VALUES ('44', '1', '钼铁，钼矿', '钼丝网', '749', '11', '21', '47', '1', '6', null, '深圳龙华大浪石光工业区', '0', '0000-00-00 00:00:00', 'http://www.zhuzao.com/UploadFile/Baikeuppic/1230873708.jpg', null);
INSERT INTO mu_product VALUES ('45', '1', '钼铁，钼矿', '钼片', '291', '11', '22', '31', '1', '3', null, '深圳龙华大浪石光工业区', '1', '0000-00-00 00:00:00', 'http://www.zhuzao.com/UploadFile/Baikeuppic/1230873708.jpg', null);
INSERT INTO mu_product VALUES ('46', '1', '钼铁，钼矿', '钨粉，钨条，钨铁，钨钼合金粉，钨锭', '193', '11', '21', '680', '1', '4', null, '深圳龙华大浪石光工业区', '1', '0000-00-00 00:00:00', 'http://www.zhuzao.com/UploadFile/Baikeuppic/1230873708.jpg', null);
INSERT INTO mu_product VALUES ('47', '1', '钼铁，钼矿', '钼盒', '381', '11', '22', '545', '1', '6', null, '深圳龙华大浪石光工业区', '1', '0000-00-00 00:00:00', 'http://www.zhuzao.com/UploadFile/Baikeuppic/1230873708.jpg', null);
INSERT INTO mu_product VALUES ('48', '1', '钼铁，钼矿', '工业炉用钼制品', '983', '11', '21', '875', '1', '6', null, '深圳龙华大浪石光工业区', '0', '0000-00-00 00:00:00', 'http://www.zhuzao.com/UploadFile/Baikeuppic/1230873708.jpg', null);
INSERT INTO mu_product VALUES ('49', '1', '钼铁，钼矿', '钛,钛合金钨钼等稀有金属', '171', '11', '22', '491', '1', '4', null, '深圳龙华大浪石光工业区', '0', '0000-00-00 00:00:00', 'http://www.zhuzao.com/UploadFile/Baikeuppic/1230873708.jpg', null);
INSERT INTO mu_product VALUES ('50', '1', '钼铁，钼矿', '供应三氧化钼', '854', '11', '21', '90', '1', '6', null, '深圳龙华大浪石光工业区', '0', '0000-00-00 00:00:00', 'http://www.zhuzao.com/UploadFile/Baikeuppic/1230873708.jpg', null);
INSERT INTO mu_product VALUES ('51', '1', '钼铁，钼矿', 'C-276万能的抗腐蚀镍-铬-钼合金', '276', '11', '21', '364', '1', '6', null, '深圳龙华大浪石光工业区', '0', '0000-00-00 00:00:00', 'http://www.zhuzao.com/UploadFile/Baikeuppic/1230873708.jpg', null);
INSERT INTO mu_product VALUES ('52', '1', '钼铁，钼矿', '钼坩埚', '268', '11', '21', '930', '1', '4', null, '深圳龙华大浪石光工业区', '0', '0000-00-00 00:00:00', 'http://www.zhuzao.com/UploadFile/Baikeuppic/1230873708.jpg', null);
INSERT INTO mu_product VALUES ('53', '1', '钼铁，钼矿', '钼盒', '394', '11', '22', '111', '1', '4', null, '深圳龙华大浪石光工业区', '0', '0000-00-00 00:00:00', 'http://www.zhuzao.com/UploadFile/Baikeuppic/1230873708.jpg', null);
INSERT INTO mu_product VALUES ('54', '1', '钼铁，钼矿', '钼杆/钼棒', '777', '11', '21', '625', '1', '4', null, '深圳龙华大浪石光工业区', '1', '0000-00-00 00:00:00', 'http://www.zhuzao.com/UploadFile/Baikeuppic/1230873708.jpg', null);
INSERT INTO mu_product VALUES ('55', '1', '钼铁，钼矿', '钼杆/钼棒', '483', '11', '22', '322', '1', '4', null, '深圳龙华大浪石光工业区', '1', '0000-00-00 00:00:00', 'http://www.zhuzao.com/UploadFile/Baikeuppic/1230873708.jpg', null);
INSERT INTO mu_product VALUES ('56', '1', '钼铁，钼矿', 'TZM', '903', '11', '22', '222', '1', '6', null, '深圳龙华大浪石光工业区', '1', '0000-00-00 00:00:00', 'http://www.zhuzao.com/UploadFile/Baikeuppic/1230873708.jpg', null);
INSERT INTO mu_product VALUES ('57', '1', '钼铁，钼矿', '钼盒', '285', '11', '22', '967', '1', '6', null, '深圳龙华大浪石光工业区', '0', '0000-00-00 00:00:00', 'http://www.zhuzao.com/UploadFile/Baikeuppic/1230873708.jpg', null);
INSERT INTO mu_product VALUES ('58', '1', '钼铁，钼矿', '钼丝', '377', '11', '21', '736', '1', '4', null, '深圳龙华大浪石光工业区', '1', '0000-00-00 00:00:00', 'http://www.zhuzao.com/UploadFile/Baikeuppic/1230873708.jpg', null);
INSERT INTO mu_product VALUES ('59', '1', '钼铁，钼矿', '钼丝网', '265', '11', '22', '449', '1', '6', null, '深圳龙华大浪石光工业区', '0', '0000-00-00 00:00:00', 'http://www.zhuzao.com/UploadFile/Baikeuppic/1230873708.jpg', null);
INSERT INTO mu_product VALUES ('60', '1', '钼铁，钼矿', '废钼回收', '428', '11', '21', '134', '1', '6', null, '深圳龙华大浪石光工业区', '0', '0000-00-00 00:00:00', 'http://www.zhuzao.com/UploadFile/Baikeuppic/1230873708.jpg', null);
INSERT INTO mu_product VALUES ('61', '1', '钼铁，钼矿', '工业炉用钼制品', '822', '11', '21', '862', '1', '3', null, '深圳龙华大浪石光工业区', '0', '0000-00-00 00:00:00', 'http://www.zhuzao.com/UploadFile/Baikeuppic/1230873708.jpg', null);
INSERT INTO mu_product VALUES ('62', '1', '钼铁，钼矿', '废钼回收', '800', '11', '22', '831', '1', '3', null, '深圳龙华大浪石光工业区', '0', '0000-00-00 00:00:00', 'http://www.zhuzao.com/UploadFile/Baikeuppic/1230873708.jpg', null);
INSERT INTO mu_product VALUES ('63', '1', '钼铁，钼矿', '钼坩埚', '999', '11', '21', '81', '1', '4', null, '深圳龙华大浪石光工业区', '1', '0000-00-00 00:00:00', 'http://www.zhuzao.com/UploadFile/Baikeuppic/1230873708.jpg', null);
INSERT INTO mu_product VALUES ('64', '1', '钼铁，钼矿', '钼丝', '180', '11', '22', '960', '1', '6', null, '深圳龙华大浪石光工业区', '0', '0000-00-00 00:00:00', 'http://www.zhuzao.com/UploadFile/Baikeuppic/1230873708.jpg', null);
INSERT INTO mu_product VALUES ('65', '1', '钼铁，钼矿', '钼靶材', '201', '11', '22', '31', '1', '4', null, '深圳龙华大浪石光工业区', '0', '0000-00-00 00:00:00', 'http://www.zhuzao.com/UploadFile/Baikeuppic/1230873708.jpg', null);
INSERT INTO mu_product VALUES ('66', '1', '钼铁，钼矿', '钛,钛合金钨钼等稀有金属', '612', '11', '22', '662', '1', '4', null, '深圳龙华大浪石光工业区', '0', '0000-00-00 00:00:00', 'http://www.zhuzao.com/UploadFile/Baikeuppic/1230873708.jpg', null);
INSERT INTO mu_product VALUES ('67', '1', '钼铁，钼矿', '钼粉,电解钼粉,金属钼粉,纳米钼粉,纳米碳化钼粉', '255', '11', '21', '1000', '1', '3', null, '深圳龙华大浪石光工业区', '1', '0000-00-00 00:00:00', 'http://www.zhuzao.com/UploadFile/Baikeuppic/1230873708.jpg', null);
INSERT INTO mu_product VALUES ('68', '1', '钼铁，钼矿', '钨粉，钨条，钨铁，钨钼合金粉，钨锭', '911', '11', '22', '493', '1', '4', null, '深圳龙华大浪石光工业区', '0', '0000-00-00 00:00:00', 'http://www.zhuzao.com/UploadFile/Baikeuppic/1230873708.jpg', null);
INSERT INTO mu_product VALUES ('69', '1', '钼铁，钼矿', '钼丝', '680', '11', '22', '35', '1', '3', null, '深圳龙华大浪石光工业区', '0', '0000-00-00 00:00:00', 'http://www.zhuzao.com/UploadFile/Baikeuppic/1230873708.jpg', null);
INSERT INTO mu_product VALUES ('70', '1', '钼铁，钼矿', '钼坩埚', '872', '11', '21', '969', '1', '4', null, '深圳龙华大浪石光工业区', '0', '0000-00-00 00:00:00', 'http://www.zhuzao.com/UploadFile/Baikeuppic/1230873708.jpg', null);
INSERT INTO mu_product VALUES ('71', '1', '钼铁，钼矿', 'TZM', '897', '11', '21', '525', '1', '3', null, '深圳龙华大浪石光工业区', '1', '0000-00-00 00:00:00', 'http://www.zhuzao.com/UploadFile/Baikeuppic/1230873708.jpg', null);
INSERT INTO mu_product VALUES ('72', '1', '钼铁，钼矿', '钼板', '503', '11', '22', '489', '1', '4', null, '深圳龙华大浪石光工业区', '0', '0000-00-00 00:00:00', 'http://www.zhuzao.com/UploadFile/Baikeuppic/1230873708.jpg', null);
INSERT INTO mu_product VALUES ('73', '1', '钼铁，钼矿', '进口金属钼、钼棒、钼带、钼粉、钼条、钼合金', '252', '11', '22', '269', '1', '4', null, '深圳龙华大浪石光工业区', '1', '0000-00-00 00:00:00', 'http://www.zhuzao.com/UploadFile/Baikeuppic/1230873708.jpg', null);
INSERT INTO mu_product VALUES ('74', '1', '钼铁，钼矿', '钛丝网除沫器', '913', '11', '21', '589', '1', '4', null, '深圳龙华大浪石光工业区', '1', '0000-00-00 00:00:00', 'http://www.zhuzao.com/UploadFile/Baikeuppic/1230873708.jpg', null);
INSERT INTO mu_product VALUES ('75', '1', '钼铁，钼矿', '钼杆/钼棒', '170', '11', '21', '546', '1', '6', null, '深圳龙华大浪石光工业区', '1', '0000-00-00 00:00:00', 'http://www.zhuzao.com/UploadFile/Baikeuppic/1230873708.jpg', null);
INSERT INTO mu_product VALUES ('76', '1', '钼铁，钼矿', '钼杆/钼棒', '768', '11', '21', '919', '1', '6', null, '深圳龙华大浪石光工业区', '0', '0000-00-00 00:00:00', 'http://www.zhuzao.com/UploadFile/Baikeuppic/1230873708.jpg', null);
INSERT INTO mu_product VALUES ('77', '1', '钼铁，钼矿', '钛,钛合金钨钼等稀有金属', '256', '11', '21', '87', '1', '3', null, '深圳龙华大浪石光工业区', '1', '0000-00-00 00:00:00', 'http://www.zhuzao.com/UploadFile/Baikeuppic/1230873708.jpg', null);
INSERT INTO mu_product VALUES ('78', '1', '钼铁，钼矿', '钛,钛合金钨钼等稀有金属', '335', '11', '22', '15', '1', '3', null, '深圳龙华大浪石光工业区', '1', '0000-00-00 00:00:00', 'http://www.zhuzao.com/UploadFile/Baikeuppic/1230873708.jpg', null);
INSERT INTO mu_product VALUES ('79', '1', '钼铁，钼矿', '供应三氧化钼', '153', '11', '22', '36', '1', '6', null, '深圳龙华大浪石光工业区', '0', '0000-00-00 00:00:00', 'http://www.zhuzao.com/UploadFile/Baikeuppic/1230873708.jpg', null);
INSERT INTO mu_product VALUES ('80', '1', '钼铁，钼矿', '钼杆/钼棒', '277', '11', '22', '77', '1', '4', null, '深圳龙华大浪石光工业区', '0', '0000-00-00 00:00:00', 'http://www.zhuzao.com/UploadFile/Baikeuppic/1230873708.jpg', null);
INSERT INTO mu_product VALUES ('81', '1', '钼铁，钼矿', '钼粉/纳米钼粉', '740', '11', '21', '590', '1', '3', null, '深圳龙华大浪石光工业区', '0', '0000-00-00 00:00:00', 'http://www.zhuzao.com/UploadFile/Baikeuppic/1230873708.jpg', null);
INSERT INTO mu_product VALUES ('82', '1', '钼铁，钼矿', '钛,钛合金钨钼等稀有金属', '935', '11', '21', '58', '1', '3', null, '深圳龙华大浪石光工业区', '1', '0000-00-00 00:00:00', 'http://www.zhuzao.com/UploadFile/Baikeuppic/1230873708.jpg', null);
INSERT INTO mu_product VALUES ('83', '1', '钼铁，钼矿', '废钼回收', '792', '11', '22', '490', '1', '6', null, '深圳龙华大浪石光工业区', '0', '0000-00-00 00:00:00', 'http://www.zhuzao.com/UploadFile/Baikeuppic/1230873708.jpg', null);
INSERT INTO mu_product VALUES ('84', '1', '钼铁，钼矿', '钼板', '557', '11', '22', '120', '1', '4', null, '深圳龙华大浪石光工业区', '1', '0000-00-00 00:00:00', 'http://www.zhuzao.com/UploadFile/Baikeuppic/1230873708.jpg', null);
INSERT INTO mu_product VALUES ('85', '1', '钼铁，钼矿', '钨粉，钨条，钨铁，钨钼合金粉，钨锭', '311', '11', '22', '277', '1', '4', null, '深圳龙华大浪石光工业区', '0', '0000-00-00 00:00:00', 'http://www.zhuzao.com/UploadFile/Baikeuppic/1230873708.jpg', null);
INSERT INTO mu_product VALUES ('86', '1', '钼铁，钼矿', '钨粉，钨条，钨铁，钨钼合金粉，钨锭', '157', '11', '22', '916', '1', '4', null, '深圳龙华大浪石光工业区', '1', '0000-00-00 00:00:00', 'http://www.zhuzao.com/UploadFile/Baikeuppic/1230873708.jpg', null);
INSERT INTO mu_product VALUES ('87', '1', '钼铁，钼矿', '钨粉，钨条，钨铁，钨钼合金粉，钨锭', '137', '11', '22', '126', '1', '4', null, '深圳龙华大浪石光工业区', '0', '0000-00-00 00:00:00', 'http://www.zhuzao.com/UploadFile/Baikeuppic/1230873708.jpg', null);
INSERT INTO mu_product VALUES ('88', '1', '钼铁，钼矿', '钼网', '579', '11', '21', '699', '1', '4', null, '深圳龙华大浪石光工业区', '0', '0000-00-00 00:00:00', 'http://www.zhuzao.com/UploadFile/Baikeuppic/1230873708.jpg', null);
INSERT INTO mu_product VALUES ('89', '1', '钼铁，钼矿', '钼盒', '974', '11', '22', '375', '1', '4', null, '深圳龙华大浪石光工业区', '0', '0000-00-00 00:00:00', 'http://www.zhuzao.com/UploadFile/Baikeuppic/1230873708.jpg', null);
INSERT INTO mu_product VALUES ('90', '1', '钼铁，钼矿', '钼板', '943', '11', '21', '578', '1', '6', null, '深圳龙华大浪石光工业区', '0', '0000-00-00 00:00:00', 'http://www.zhuzao.com/UploadFile/Baikeuppic/1230873708.jpg', null);
INSERT INTO mu_product VALUES ('91', '1', '钼铁，钼矿', '钼丝', '469', '11', '21', '596', '1', '3', null, '深圳龙华大浪石光工业区', '1', '0000-00-00 00:00:00', 'http://www.zhuzao.com/UploadFile/Baikeuppic/1230873708.jpg', null);
INSERT INTO mu_product VALUES ('92', '1', '钼铁，钼矿', '钼盒', '794', '11', '21', '379', '1', '3', null, '深圳龙华大浪石光工业区', '0', '0000-00-00 00:00:00', 'http://www.zhuzao.com/UploadFile/Baikeuppic/1230873708.jpg', null);
INSERT INTO mu_product VALUES ('93', '1', '钼铁，钼矿', '钼杆/钼棒', '328', '11', '21', '679', '1', '6', null, '深圳龙华大浪石光工业区', '1', '0000-00-00 00:00:00', 'http://www.zhuzao.com/UploadFile/Baikeuppic/1230873708.jpg', null);
INSERT INTO mu_product VALUES ('94', '1', '钼铁，钼矿', '钼网', '413', '11', '21', '22', '1', '3', null, '深圳龙华大浪石光工业区', '0', '0000-00-00 00:00:00', 'http://www.zhuzao.com/UploadFile/Baikeuppic/1230873708.jpg', null);
INSERT INTO mu_product VALUES ('95', '1', '钼铁，钼矿', '供应三氧化钼', '349', '11', '22', '792', '1', '3', null, '深圳龙华大浪石光工业区', '0', '0000-00-00 00:00:00', 'http://www.zhuzao.com/UploadFile/Baikeuppic/1230873708.jpg', null);
INSERT INTO mu_product VALUES ('96', '1', '钼铁，钼矿', '钛丝网除沫器', '341', '11', '21', '655', '1', '4', null, '深圳龙华大浪石光工业区', '0', '0000-00-00 00:00:00', 'http://www.zhuzao.com/UploadFile/Baikeuppic/1230873708.jpg', null);
INSERT INTO mu_product VALUES ('97', '1', '钼铁，钼矿', 'TZM', '134', '11', '21', '155', '1', '6', null, '深圳龙华大浪石光工业区', '0', '0000-00-00 00:00:00', 'http://www.zhuzao.com/UploadFile/Baikeuppic/1230873708.jpg', null);
INSERT INTO mu_product VALUES ('98', '1', '钼铁，钼矿', '钼粉,电解钼粉,金属钼粉,纳米钼粉,纳米碳化钼粉', '691', '11', '21', '684', '1', '4', null, '深圳龙华大浪石光工业区', '0', '0000-00-00 00:00:00', 'http://www.zhuzao.com/UploadFile/Baikeuppic/1230873708.jpg', null);
INSERT INTO mu_product VALUES ('99', '1', '钼铁，钼矿', '钼丝网', '271', '11', '21', '986', '1', '4', null, '深圳龙华大浪石光工业区', '1', '0000-00-00 00:00:00', 'http://www.zhuzao.com/UploadFile/Baikeuppic/1230873708.jpg', null);
INSERT INTO mu_product VALUES ('100', '1', '钼铁，钼矿', '进口金属钼、钼棒、钼带、钼粉、钼条、钼合金', '319', '11', '21', '76', '1', '4', null, '深圳龙华大浪石光工业区', '0', '0000-00-00 00:00:00', 'http://www.zhuzao.com/UploadFile/Baikeuppic/1230873708.jpg', null);
INSERT INTO mu_product VALUES ('101', '1', '钼铁，钼矿', '钼板', '648', '11', '22', '958', '1', '4', null, '深圳龙华大浪石光工业区', '1', '0000-00-00 00:00:00', 'http://www.zhuzao.com/UploadFile/Baikeuppic/1230873708.jpg', null);
INSERT INTO mu_product VALUES ('102', '1', '钼铁，钼矿', '钼杆/钼棒', '669', '11', '22', '626', '1', '4', null, '深圳龙华大浪石光工业区', '0', '0000-00-00 00:00:00', 'http://www.zhuzao.com/UploadFile/Baikeuppic/1230873708.jpg', null);
INSERT INTO mu_product VALUES ('103', '1', '钼铁，钼矿', '钛丝网除沫器', '106', '11', '22', '185', '1', '4', null, '深圳龙华大浪石光工业区', '1', '0000-00-00 00:00:00', 'http://www.zhuzao.com/UploadFile/Baikeuppic/1230873708.jpg', null);
INSERT INTO mu_product VALUES ('104', '1', '钼铁，钼矿', '钼网', '817', '11', '22', '871', '1', '6', null, '深圳龙华大浪石光工业区', '1', '0000-00-00 00:00:00', 'http://www.zhuzao.com/UploadFile/Baikeuppic/1230873708.jpg', null);
INSERT INTO mu_product VALUES ('105', '1', '钼铁，钼矿', '钨粉，钨条，钨铁，钨钼合金粉，钨锭', '994', '11', '21', '185', '1', '4', null, '深圳龙华大浪石光工业区', '1', '0000-00-00 00:00:00', 'http://www.zhuzao.com/UploadFile/Baikeuppic/1230873708.jpg', null);
INSERT INTO mu_product VALUES ('106', '1', '钼铁，钼矿', '钼粉/纳米钼粉', '411', '11', '22', '826', '1', '3', null, '深圳龙华大浪石光工业区', '0', '0000-00-00 00:00:00', 'http://www.zhuzao.com/UploadFile/Baikeuppic/1230873708.jpg', null);
INSERT INTO mu_product VALUES ('107', '1', '钼铁，钼矿', '钼盒', '700', '11', '22', '818', '1', '6', null, '深圳龙华大浪石光工业区', '0', '0000-00-00 00:00:00', 'http://www.zhuzao.com/UploadFile/Baikeuppic/1230873708.jpg', null);
INSERT INTO mu_product VALUES ('108', '1', '钼铁，钼矿', '钼粉,电解钼粉,金属钼粉,纳米钼粉,纳米碳化钼粉', '493', '11', '22', '138', '1', '3', null, '深圳龙华大浪石光工业区', '1', '0000-00-00 00:00:00', 'http://www.zhuzao.com/UploadFile/Baikeuppic/1230873708.jpg', null);
INSERT INTO mu_product VALUES ('109', '1', '钼铁，钼矿', '供应三氧化钼', '339', '11', '22', '751', '1', '3', null, '深圳龙华大浪石光工业区', '1', '0000-00-00 00:00:00', 'http://www.zhuzao.com/UploadFile/Baikeuppic/1230873708.jpg', null);
INSERT INTO mu_product VALUES ('110', '1', '钼铁，钼矿', '工业炉用钼制品', '403', '11', '22', '744', '1', '6', null, '深圳龙华大浪石光工业区', '0', '0000-00-00 00:00:00', 'http://www.zhuzao.com/UploadFile/Baikeuppic/1230873708.jpg', null);
INSERT INTO mu_product VALUES ('111', '1', '钼铁，钼矿', '钼靶材', '802', '11', '22', '625', '1', '3', null, '深圳龙华大浪石光工业区', '1', '0000-00-00 00:00:00', 'http://www.zhuzao.com/UploadFile/Baikeuppic/1230873708.jpg', null);
INSERT INTO mu_product VALUES ('112', '1', '钼铁，钼矿', '钼粉/纳米钼粉', '954', '11', '22', '587', '1', '4', null, '深圳龙华大浪石光工业区', '0', '0000-00-00 00:00:00', 'http://www.zhuzao.com/UploadFile/Baikeuppic/1230873708.jpg', null);
INSERT INTO mu_product VALUES ('113', '1', '钼铁，钼矿', '进口金属钼、钼棒、钼带、钼粉、钼条、钼合金', '126', '11', '22', '110', '1', '6', null, '深圳龙华大浪石光工业区', '1', '0000-00-00 00:00:00', 'http://www.zhuzao.com/UploadFile/Baikeuppic/1230873708.jpg', null);
INSERT INTO mu_product VALUES ('114', '1', '钼铁，钼矿', 'C-276万能的抗腐蚀镍-铬-钼合金', '305', '11', '21', '660', '1', '6', null, '深圳龙华大浪石光工业区', '0', '0000-00-00 00:00:00', 'http://www.zhuzao.com/UploadFile/Baikeuppic/1230873708.jpg', null);
INSERT INTO mu_product VALUES ('115', '1', '钼铁，钼矿', 'TZM', '162', '11', '22', '597', '1', '4', null, '深圳龙华大浪石光工业区', '1', '0000-00-00 00:00:00', 'http://www.zhuzao.com/UploadFile/Baikeuppic/1230873708.jpg', null);
INSERT INTO mu_product VALUES ('116', '1', '钼铁，钼矿', '钨粉，钨条，钨铁，钨钼合金粉，钨锭', '996', '11', '21', '433', '1', '4', null, '深圳龙华大浪石光工业区', '0', '0000-00-00 00:00:00', 'http://www.zhuzao.com/UploadFile/Baikeuppic/1230873708.jpg', null);
INSERT INTO mu_product VALUES ('117', '1', '钼铁，钼矿', '钛,钛合金钨钼等稀有金属', '645', '11', '22', '453', '1', '6', null, '深圳龙华大浪石光工业区', '0', '0000-00-00 00:00:00', 'http://www.zhuzao.com/UploadFile/Baikeuppic/1230873708.jpg', null);
INSERT INTO mu_product VALUES ('118', '1', '钼铁，钼矿', '钛,钛合金钨钼等稀有金属', '817', '11', '21', '914', '1', '6', null, '深圳龙华大浪石光工业区', '1', '0000-00-00 00:00:00', 'http://www.zhuzao.com/UploadFile/Baikeuppic/1230873708.jpg', null);
INSERT INTO mu_product VALUES ('119', '1', '钼铁，钼矿', '钛丝网除沫器', '102', '11', '22', '210', '1', '4', null, '深圳龙华大浪石光工业区', '1', '0000-00-00 00:00:00', 'http://www.zhuzao.com/UploadFile/Baikeuppic/1230873708.jpg', null);
INSERT INTO mu_product VALUES ('120', '1', '钼铁，钼矿', '钼网', '820', '11', '21', '872', '1', '4', null, '深圳龙华大浪石光工业区', '0', '0000-00-00 00:00:00', 'http://www.zhuzao.com/UploadFile/Baikeuppic/1230873708.jpg', null);
INSERT INTO mu_product VALUES ('121', '1', '钼铁，钼矿', '钛,钛合金钨钼等稀有金属', '366', '11', '21', '685', '1', '3', null, '深圳龙华大浪石光工业区', '0', '0000-00-00 00:00:00', 'http://www.zhuzao.com/UploadFile/Baikeuppic/1230873708.jpg', null);
INSERT INTO mu_product VALUES ('122', '1', '钼铁，钼矿', 'TZM', '280', '11', '22', '589', '1', '3', null, '深圳龙华大浪石光工业区', '0', '0000-00-00 00:00:00', 'http://www.zhuzao.com/UploadFile/Baikeuppic/1230873708.jpg', null);
INSERT INTO mu_product VALUES ('123', '1', '钼铁，钼矿', '钼板', '330', '11', '21', '575', '1', '4', null, '深圳龙华大浪石光工业区', '0', '0000-00-00 00:00:00', 'http://www.zhuzao.com/UploadFile/Baikeuppic/1230873708.jpg', null);
INSERT INTO mu_product VALUES ('124', '1', '钼铁，钼矿', '钛,钛合金钨钼等稀有金属', '601', '11', '22', '627', '1', '3', null, '深圳龙华大浪石光工业区', '0', '0000-00-00 00:00:00', 'http://www.zhuzao.com/UploadFile/Baikeuppic/1230873708.jpg', null);
INSERT INTO mu_product VALUES ('125', '1', '钼铁，钼矿', '钛,钛合金钨钼等稀有金属', '1000', '11', '21', '436', '1', '3', null, '深圳龙华大浪石光工业区', '0', '0000-00-00 00:00:00', 'http://www.zhuzao.com/UploadFile/Baikeuppic/1230873708.jpg', null);
INSERT INTO mu_product VALUES ('126', '1', '钼铁，钼矿', '钼丝网', '114', '11', '21', '498', '1', '6', null, '深圳龙华大浪石光工业区', '1', '0000-00-00 00:00:00', 'http://www.zhuzao.com/UploadFile/Baikeuppic/1230873708.jpg', null);
INSERT INTO mu_product VALUES ('127', '1', '钼铁，钼矿', '钼丝网', '118', '11', '21', '339', '1', '4', null, '深圳龙华大浪石光工业区', '0', '0000-00-00 00:00:00', 'http://www.zhuzao.com/UploadFile/Baikeuppic/1230873708.jpg', null);
INSERT INTO mu_product VALUES ('128', '1', '钼铁，钼矿', '钼板', '673', '11', '22', '162', '1', '6', null, '深圳龙华大浪石光工业区', '1', '0000-00-00 00:00:00', 'http://www.zhuzao.com/UploadFile/Baikeuppic/1230873708.jpg', null);
INSERT INTO mu_product VALUES ('129', '1', '钼铁，钼矿', '银靶，锡靶，钼靶，钼靶，钽靶，钨靶，铌靶', '791', '11', '21', '46', '1', '4', null, '深圳龙华大浪石光工业区', '1', '0000-00-00 00:00:00', 'http://www.zhuzao.com/UploadFile/Baikeuppic/1230873708.jpg', null);
INSERT INTO mu_product VALUES ('130', '1', '钼铁，钼矿', '钼盒', '499', '11', '22', '905', '1', '3', null, '深圳龙华大浪石光工业区', '1', '0000-00-00 00:00:00', 'http://www.zhuzao.com/UploadFile/Baikeuppic/1230873708.jpg', null);
INSERT INTO mu_product VALUES ('131', '1', '钼铁，钼矿', '钨粉，钨条，钨铁，钨钼合金粉，钨锭', '155', '11', '21', '657', '1', '4', null, '深圳龙华大浪石光工业区', '1', '0000-00-00 00:00:00', 'http://www.zhuzao.com/UploadFile/Baikeuppic/1230873708.jpg', null);
INSERT INTO mu_product VALUES ('132', '1', '钼铁，钼矿', '进口金属钼、钼棒、钼带、钼粉、钼条、钼合金', '794', '11', '21', '996', '1', '6', null, '深圳龙华大浪石光工业区', '1', '0000-00-00 00:00:00', 'http://www.zhuzao.com/UploadFile/Baikeuppic/1230873708.jpg', null);
INSERT INTO mu_product VALUES ('133', '1', '钼铁，钼矿', '银靶，锡靶，钼靶，钼靶，钽靶，钨靶，铌靶', '283', '11', '22', '641', '1', '6', null, '深圳龙华大浪石光工业区', '0', '0000-00-00 00:00:00', 'http://www.zhuzao.com/UploadFile/Baikeuppic/1230873708.jpg', null);
INSERT INTO mu_product VALUES ('134', '1', '钼铁，钼矿', '钼片', '133', '11', '21', '610', '1', '4', null, '深圳龙华大浪石光工业区', '0', '0000-00-00 00:00:00', 'http://www.zhuzao.com/UploadFile/Baikeuppic/1230873708.jpg', null);
INSERT INTO mu_product VALUES ('135', '1', '钼铁，钼矿', '钼盒', '356', '11', '22', '301', '1', '6', null, '深圳龙华大浪石光工业区', '0', '0000-00-00 00:00:00', 'http://www.zhuzao.com/UploadFile/Baikeuppic/1230873708.jpg', null);
INSERT INTO mu_product VALUES ('136', '1', '钼铁，钼矿', '钼杆/钼棒', '855', '11', '22', '931', '1', '4', null, '深圳龙华大浪石光工业区', '1', '0000-00-00 00:00:00', 'http://www.zhuzao.com/UploadFile/Baikeuppic/1230873708.jpg', null);
INSERT INTO mu_product VALUES ('137', '1', '钼铁，钼矿', '钼网', '809', '11', '21', '956', '1', '6', null, '深圳龙华大浪石光工业区', '0', '0000-00-00 00:00:00', 'http://www.zhuzao.com/UploadFile/Baikeuppic/1230873708.jpg', null);
INSERT INTO mu_product VALUES ('138', '1', '钼铁，钼矿', '钼丝网', '912', '11', '21', '680', '1', '6', null, '深圳龙华大浪石光工业区', '0', '0000-00-00 00:00:00', 'http://www.zhuzao.com/UploadFile/Baikeuppic/1230873708.jpg', null);
INSERT INTO mu_product VALUES ('139', '1', '钼铁，钼矿', '钼坩埚', '844', '11', '22', '233', '1', '3', null, '深圳龙华大浪石光工业区', '0', '0000-00-00 00:00:00', 'http://www.zhuzao.com/UploadFile/Baikeuppic/1230873708.jpg', null);
INSERT INTO mu_product VALUES ('140', '1', '钼铁，钼矿', '银靶，锡靶，钼靶，钼靶，钽靶，钨靶，铌靶', '383', '11', '22', '96', '1', '6', null, '深圳龙华大浪石光工业区', '1', '0000-00-00 00:00:00', 'http://www.zhuzao.com/UploadFile/Baikeuppic/1230873708.jpg', null);
INSERT INTO mu_product VALUES ('141', '1', '钼铁，钼矿', '进口金属钼、钼棒、钼带、钼粉、钼条、钼合金', '761', '11', '22', '811', '1', '3', null, '深圳龙华大浪石光工业区', '1', '0000-00-00 00:00:00', 'http://www.zhuzao.com/UploadFile/Baikeuppic/1230873708.jpg', null);
INSERT INTO mu_product VALUES ('142', '1', '钼铁，钼矿', '银靶，锡靶，钼靶，钼靶，钽靶，钨靶，铌靶', '911', '11', '22', '351', '1', '4', null, '深圳龙华大浪石光工业区', '1', '0000-00-00 00:00:00', 'http://www.zhuzao.com/UploadFile/Baikeuppic/1230873708.jpg', null);
INSERT INTO mu_product VALUES ('143', '1', '钼铁，钼矿', '进口金属钼、钼棒、钼带、钼粉、钼条、钼合金', '140', '11', '22', '863', '1', '3', null, '深圳龙华大浪石光工业区', '0', '0000-00-00 00:00:00', 'http://www.zhuzao.com/UploadFile/Baikeuppic/1230873708.jpg', null);
INSERT INTO mu_product VALUES ('144', '1', '钼铁，钼矿', '钼网', '903', '11', '22', '301', '1', '3', null, '深圳龙华大浪石光工业区', '1', '0000-00-00 00:00:00', 'http://www.zhuzao.com/UploadFile/Baikeuppic/1230873708.jpg', null);
INSERT INTO mu_product VALUES ('145', '1', '钼铁，钼矿', '钛,钛合金钨钼等稀有金属', '348', '11', '21', '399', '1', '3', null, '深圳龙华大浪石光工业区', '1', '0000-00-00 00:00:00', 'http://www.zhuzao.com/UploadFile/Baikeuppic/1230873708.jpg', null);
INSERT INTO mu_product VALUES ('146', '1', '钼铁，钼矿', '钼片', '362', '11', '21', '106', '1', '3', null, '深圳龙华大浪石光工业区', '0', '0000-00-00 00:00:00', 'http://www.zhuzao.com/UploadFile/Baikeuppic/1230873708.jpg', null);
INSERT INTO mu_product VALUES ('147', '1', '钼铁，钼矿', '工业炉用钼制品', '726', '11', '21', '805', '1', '3', null, '深圳龙华大浪石光工业区', '1', '0000-00-00 00:00:00', 'http://www.zhuzao.com/UploadFile/Baikeuppic/1230873708.jpg', null);
INSERT INTO mu_product VALUES ('148', '1', '钼铁，钼矿', '钛,钛合金钨钼等稀有金属', '168', '11', '21', '140', '1', '6', null, '深圳龙华大浪石光工业区', '1', '0000-00-00 00:00:00', 'http://www.zhuzao.com/UploadFile/Baikeuppic/1230873708.jpg', null);
INSERT INTO mu_product VALUES ('149', '1', '钼铁，钼矿', '钼丝网', '992', '11', '22', '436', '1', '6', null, '深圳龙华大浪石光工业区', '0', '0000-00-00 00:00:00', 'http://www.zhuzao.com/UploadFile/Baikeuppic/1230873708.jpg', null);
INSERT INTO mu_product VALUES ('150', '1', '钼铁，钼矿', '进口金属钼、钼棒、钼带、钼粉、钼条、钼合金', '806', '11', '22', '459', '1', '4', null, '深圳龙华大浪石光工业区', '1', '0000-00-00 00:00:00', 'http://www.zhuzao.com/UploadFile/Baikeuppic/1230873708.jpg', null);
INSERT INTO mu_product VALUES ('151', '1', '钼铁，钼矿', '钼盒', '112', '11', '21', '96', '1', '3', null, '深圳龙华大浪石光工业区', '0', '0000-00-00 00:00:00', 'http://www.zhuzao.com/UploadFile/Baikeuppic/1230873708.jpg', null);
INSERT INTO mu_product VALUES ('152', '1', '钼铁，钼矿', '钛,钛合金钨钼等稀有金属', '930', '11', '22', '281', '1', '4', null, '深圳龙华大浪石光工业区', '1', '0000-00-00 00:00:00', 'http://www.zhuzao.com/UploadFile/Baikeuppic/1230873708.jpg', null);
INSERT INTO mu_product VALUES ('153', '1', '钼铁，钼矿', '钼片', '810', '11', '21', '871', '1', '3', null, '深圳龙华大浪石光工业区', '0', '0000-00-00 00:00:00', 'http://www.zhuzao.com/UploadFile/Baikeuppic/1230873708.jpg', null);
INSERT INTO mu_product VALUES ('154', '1', '钼铁，钼矿', '钼网', '407', '11', '22', '276', '1', '4', null, '深圳龙华大浪石光工业区', '1', '0000-00-00 00:00:00', 'http://www.zhuzao.com/UploadFile/Baikeuppic/1230873708.jpg', null);
INSERT INTO mu_product VALUES ('155', '1', '钼铁，钼矿', '钼片', '158', '11', '21', '598', '1', '3', null, '深圳龙华大浪石光工业区', '1', '0000-00-00 00:00:00', 'http://www.zhuzao.com/UploadFile/Baikeuppic/1230873708.jpg', null);
INSERT INTO mu_product VALUES ('156', '1', '钼铁，钼矿', '钼坩埚', '392', '11', '22', '547', '1', '6', null, '深圳龙华大浪石光工业区', '1', '0000-00-00 00:00:00', 'http://www.zhuzao.com/UploadFile/Baikeuppic/1230873708.jpg', null);
INSERT INTO mu_product VALUES ('157', '1', '钼铁，钼矿', '钛,钛合金钨钼等稀有金属', '422', '11', '22', '661', '1', '3', null, '深圳龙华大浪石光工业区', '0', '0000-00-00 00:00:00', 'http://www.zhuzao.com/UploadFile/Baikeuppic/1230873708.jpg', null);
INSERT INTO mu_product VALUES ('158', '1', '钼铁，钼矿', '钼盒', '828', '11', '22', '974', '1', '6', null, '深圳龙华大浪石光工业区', '1', '0000-00-00 00:00:00', 'http://www.zhuzao.com/UploadFile/Baikeuppic/1230873708.jpg', null);
INSERT INTO mu_product VALUES ('159', '1', '钼铁，钼矿', '钼丝网', '568', '11', '22', '973', '1', '6', null, '深圳龙华大浪石光工业区', '0', '0000-00-00 00:00:00', 'http://www.zhuzao.com/UploadFile/Baikeuppic/1230873708.jpg', null);
INSERT INTO mu_product VALUES ('160', '1', '钼铁，钼矿', '钼丝网', '644', '11', '21', '297', '1', '3', null, '深圳龙华大浪石光工业区', '0', '0000-00-00 00:00:00', 'http://www.zhuzao.com/UploadFile/Baikeuppic/1230873708.jpg', null);
INSERT INTO mu_product VALUES ('161', '1', '钼铁，钼矿', '钨粉，钨条，钨铁，钨钼合金粉，钨锭', '465', '11', '22', '344', '1', '6', null, '深圳龙华大浪石光工业区', '1', '0000-00-00 00:00:00', 'http://www.zhuzao.com/UploadFile/Baikeuppic/1230873708.jpg', null);
INSERT INTO mu_product VALUES ('162', '1', '钼铁，钼矿', '钼丝网', '791', '11', '21', '188', '1', '4', null, '深圳龙华大浪石光工业区', '1', '0000-00-00 00:00:00', 'http://www.zhuzao.com/UploadFile/Baikeuppic/1230873708.jpg', null);
INSERT INTO mu_product VALUES ('163', '1', '钼铁，钼矿', '钼丝网', '964', '11', '21', '933', '1', '3', null, '深圳龙华大浪石光工业区', '1', '0000-00-00 00:00:00', 'http://www.zhuzao.com/UploadFile/Baikeuppic/1230873708.jpg', null);
INSERT INTO mu_product VALUES ('164', '1', '钼铁，钼矿', '钼网', '798', '11', '22', '967', '1', '4', null, '深圳龙华大浪石光工业区', '1', '0000-00-00 00:00:00', 'http://www.zhuzao.com/UploadFile/Baikeuppic/1230873708.jpg', null);
INSERT INTO mu_product VALUES ('165', '1', '钼铁，钼矿', '钼板', '969', '11', '22', '503', '1', '6', null, '深圳龙华大浪石光工业区', '1', '0000-00-00 00:00:00', 'http://www.zhuzao.com/UploadFile/Baikeuppic/1230873708.jpg', null);
INSERT INTO mu_product VALUES ('166', '1', '钼铁，钼矿', '废钼回收', '642', '11', '21', '202', '1', '4', null, '深圳龙华大浪石光工业区', '0', '0000-00-00 00:00:00', 'http://www.zhuzao.com/UploadFile/Baikeuppic/1230873708.jpg', null);
INSERT INTO mu_product VALUES ('167', '1', '钼铁，钼矿', '钼片', '803', '11', '22', '353', '1', '4', null, '深圳龙华大浪石光工业区', '1', '0000-00-00 00:00:00', 'http://www.zhuzao.com/UploadFile/Baikeuppic/1230873708.jpg', null);
INSERT INTO mu_product VALUES ('168', '1', '钼铁，钼矿', '钛丝网除沫器', '630', '11', '21', '512', '1', '3', null, '深圳龙华大浪石光工业区', '1', '0000-00-00 00:00:00', 'http://www.zhuzao.com/UploadFile/Baikeuppic/1230873708.jpg', null);
INSERT INTO mu_product VALUES ('169', '1', '钼铁，钼矿', '供应三氧化钼', '657', '11', '21', '602', '1', '3', null, '深圳龙华大浪石光工业区', '0', '0000-00-00 00:00:00', 'http://www.zhuzao.com/UploadFile/Baikeuppic/1230873708.jpg', null);
INSERT INTO mu_product VALUES ('170', '1', '钼铁，钼矿', '工业炉用钼制品', '225', '11', '21', '15', '1', '3', null, '深圳龙华大浪石光工业区', '1', '0000-00-00 00:00:00', 'http://www.zhuzao.com/UploadFile/Baikeuppic/1230873708.jpg', null);
INSERT INTO mu_product VALUES ('171', '1', '钼铁，钼矿', '钼板', '526', '11', '22', '569', '1', '4', null, '深圳龙华大浪石光工业区', '0', '0000-00-00 00:00:00', 'http://www.zhuzao.com/UploadFile/Baikeuppic/1230873708.jpg', null);
INSERT INTO mu_product VALUES ('172', '1', '钼铁，钼矿', '钼坩埚', '970', '11', '22', '409', '1', '6', null, '深圳龙华大浪石光工业区', '1', '0000-00-00 00:00:00', 'http://www.zhuzao.com/UploadFile/Baikeuppic/1230873708.jpg', null);
INSERT INTO mu_product VALUES ('173', '1', '钼铁，钼矿', '钼杆/钼棒', '198', '11', '21', '66', '1', '4', null, '深圳龙华大浪石光工业区', '0', '0000-00-00 00:00:00', 'http://www.zhuzao.com/UploadFile/Baikeuppic/1230873708.jpg', null);
INSERT INTO mu_product VALUES ('174', '1', '钼铁，钼矿', '工业炉用钼制品', '454', '11', '22', '111', '1', '6', null, '深圳龙华大浪石光工业区', '1', '0000-00-00 00:00:00', 'http://www.zhuzao.com/UploadFile/Baikeuppic/1230873708.jpg', null);
INSERT INTO mu_product VALUES ('175', '1', '钼铁，钼矿', '钼板', '656', '11', '22', '768', '1', '4', null, '深圳龙华大浪石光工业区', '1', '0000-00-00 00:00:00', 'http://www.zhuzao.com/UploadFile/Baikeuppic/1230873708.jpg', null);
INSERT INTO mu_product VALUES ('176', '1', '钼铁，钼矿', '钼丝网', '391', '11', '21', '959', '1', '6', null, '深圳龙华大浪石光工业区', '0', '0000-00-00 00:00:00', 'http://www.zhuzao.com/UploadFile/Baikeuppic/1230873708.jpg', null);
INSERT INTO mu_product VALUES ('177', '1', '钼铁，钼矿', '钼网', '360', '11', '22', '902', '1', '4', null, '深圳龙华大浪石光工业区', '0', '0000-00-00 00:00:00', 'http://www.zhuzao.com/UploadFile/Baikeuppic/1230873708.jpg', null);
INSERT INTO mu_product VALUES ('178', '1', '钼铁，钼矿', '钼网', '172', '11', '22', '908', '1', '6', null, '深圳龙华大浪石光工业区', '1', '0000-00-00 00:00:00', 'http://www.zhuzao.com/UploadFile/Baikeuppic/1230873708.jpg', null);
INSERT INTO mu_product VALUES ('179', '1', '钼铁，钼矿', '银靶，锡靶，钼靶，钼靶，钽靶，钨靶，铌靶', '446', '11', '21', '995', '1', '4', null, '深圳龙华大浪石光工业区', '0', '0000-00-00 00:00:00', 'http://www.zhuzao.com/UploadFile/Baikeuppic/1230873708.jpg', null);
INSERT INTO mu_product VALUES ('180', '1', '钼铁，钼矿', '钼粉,电解钼粉,金属钼粉,纳米钼粉,纳米碳化钼粉', '309', '11', '22', '474', '1', '3', null, '深圳龙华大浪石光工业区', '0', '0000-00-00 00:00:00', 'http://www.zhuzao.com/UploadFile/Baikeuppic/1230873708.jpg', null);
INSERT INTO mu_product VALUES ('181', '1', '钼铁，钼矿', 'C-276万能的抗腐蚀镍-铬-钼合金', '439', '11', '22', '318', '1', '3', null, '深圳龙华大浪石光工业区', '0', '0000-00-00 00:00:00', 'http://www.zhuzao.com/UploadFile/Baikeuppic/1230873708.jpg', null);
INSERT INTO mu_product VALUES ('182', '1', '钼铁，钼矿', '钼丝网', '425', '11', '21', '807', '1', '6', null, '深圳龙华大浪石光工业区', '1', '0000-00-00 00:00:00', 'http://www.zhuzao.com/UploadFile/Baikeuppic/1230873708.jpg', null);
INSERT INTO mu_product VALUES ('183', '1', '钼铁，钼矿', '钼杆/钼棒', '329', '11', '21', '961', '1', '4', null, '深圳龙华大浪石光工业区', '0', '0000-00-00 00:00:00', 'http://www.zhuzao.com/UploadFile/Baikeuppic/1230873708.jpg', null);
INSERT INTO mu_product VALUES ('184', '1', '钼铁，钼矿', '钼盒', '414', '11', '21', '667', '1', '6', null, '深圳龙华大浪石光工业区', '1', '0000-00-00 00:00:00', 'http://www.zhuzao.com/UploadFile/Baikeuppic/1230873708.jpg', null);
INSERT INTO mu_product VALUES ('185', '1', '钼铁，钼矿', '钼片', '690', '11', '22', '672', '1', '6', null, '深圳龙华大浪石光工业区', '1', '0000-00-00 00:00:00', 'http://www.zhuzao.com/UploadFile/Baikeuppic/1230873708.jpg', null);
INSERT INTO mu_product VALUES ('186', '1', '钼铁，钼矿', '钛,钛合金钨钼等稀有金属', '188', '11', '21', '876', '1', '3', null, '深圳龙华大浪石光工业区', '0', '0000-00-00 00:00:00', 'http://www.zhuzao.com/UploadFile/Baikeuppic/1230873708.jpg', null);
INSERT INTO mu_product VALUES ('187', '1', '钼铁，钼矿', '工业炉用钼制品', '503', '11', '22', '243', '1', '6', null, '深圳龙华大浪石光工业区', '0', '0000-00-00 00:00:00', 'http://www.zhuzao.com/UploadFile/Baikeuppic/1230873708.jpg', null);
INSERT INTO mu_product VALUES ('188', '1', '钼铁，钼矿', '钼粉/纳米钼粉', '420', '11', '21', '263', '1', '6', null, '深圳龙华大浪石光工业区', '0', '0000-00-00 00:00:00', 'http://www.zhuzao.com/UploadFile/Baikeuppic/1230873708.jpg', null);
INSERT INTO mu_product VALUES ('189', '1', '钼铁，钼矿', '钼盒', '844', '11', '21', '811', '1', '6', null, '深圳龙华大浪石光工业区', '0', '0000-00-00 00:00:00', 'http://www.zhuzao.com/UploadFile/Baikeuppic/1230873708.jpg', null);
INSERT INTO mu_product VALUES ('190', '1', '钼铁，钼矿', '供应三氧化钼', '475', '11', '21', '491', '1', '6', null, '深圳龙华大浪石光工业区', '0', '0000-00-00 00:00:00', 'http://www.zhuzao.com/UploadFile/Baikeuppic/1230873708.jpg', null);
INSERT INTO mu_product VALUES ('191', '1', '钼铁，钼矿', '钼板', '256', '11', '21', '708', '1', '6', null, '深圳龙华大浪石光工业区', '1', '0000-00-00 00:00:00', 'http://www.zhuzao.com/UploadFile/Baikeuppic/1230873708.jpg', null);
INSERT INTO mu_product VALUES ('192', '1', '钼铁，钼矿', 'C-276万能的抗腐蚀镍-铬-钼合金', '692', '11', '21', '237', '1', '4', null, '深圳龙华大浪石光工业区', '1', '0000-00-00 00:00:00', 'http://www.zhuzao.com/UploadFile/Baikeuppic/1230873708.jpg', null);
INSERT INTO mu_product VALUES ('193', '1', '钼铁，钼矿', '废钼回收', '804', '11', '21', '456', '1', '6', null, '深圳龙华大浪石光工业区', '1', '0000-00-00 00:00:00', 'http://www.zhuzao.com/UploadFile/Baikeuppic/1230873708.jpg', null);
INSERT INTO mu_product VALUES ('194', '1', '钼铁，钼矿', '钛,钛合金钨钼等稀有金属', '647', '11', '22', '952', '1', '6', null, '深圳龙华大浪石光工业区', '1', '0000-00-00 00:00:00', 'http://www.zhuzao.com/UploadFile/Baikeuppic/1230873708.jpg', null);
INSERT INTO mu_product VALUES ('195', '1', '钼铁，钼矿', '钨粉，钨条，钨铁，钨钼合金粉，钨锭', '486', '11', '22', '439', '1', '4', null, '深圳龙华大浪石光工业区', '1', '0000-00-00 00:00:00', 'http://www.zhuzao.com/UploadFile/Baikeuppic/1230873708.jpg', null);
INSERT INTO mu_product VALUES ('196', '1', '钼铁，钼矿', '废钼回收', '408', '11', '22', '297', '1', '6', null, '深圳龙华大浪石光工业区', '1', '0000-00-00 00:00:00', 'http://www.zhuzao.com/UploadFile/Baikeuppic/1230873708.jpg', null);
INSERT INTO mu_product VALUES ('197', '1', '钼铁，钼矿', '钼杆/钼棒', '739', '11', '22', '624', '1', '6', null, '深圳龙华大浪石光工业区', '0', '0000-00-00 00:00:00', 'http://www.zhuzao.com/UploadFile/Baikeuppic/1230873708.jpg', null);
INSERT INTO mu_product VALUES ('198', '1', '钼铁，钼矿', '钛丝网除沫器', '418', '11', '22', '711', '1', '6', null, '深圳龙华大浪石光工业区', '0', '0000-00-00 00:00:00', 'http://www.zhuzao.com/UploadFile/Baikeuppic/1230873708.jpg', null);
INSERT INTO mu_product VALUES ('199', '1', '钼铁，钼矿', '钼靶材', '823', '11', '22', '990', '1', '4', null, '深圳龙华大浪石光工业区', '0', '0000-00-00 00:00:00', 'http://www.zhuzao.com/UploadFile/Baikeuppic/1230873708.jpg', null);

-- ----------------------------
-- Table structure for `mu_recommend`
-- ----------------------------
DROP TABLE IF EXISTS `mu_recommend`;
CREATE TABLE `mu_recommend` (
  `recommend_id` int(11) NOT NULL,
  `recommend_object_id` bigint(20) NOT NULL COMMENT '用户,文章,供求等',
  `recommend_type` tinyint(11) NOT NULL,
  `recommend_position` tinyint(11) NOT NULL,
  `recommend_status` tinyint(4) DEFAULT NULL,
  `recommend_time` datetime DEFAULT NULL,
  PRIMARY KEY (`recommend_id`)
) ENGINE=MyISAM DEFAULT CHARSET=utf8;

-- ----------------------------
-- Records of mu_recommend
-- ----------------------------

-- ----------------------------
-- Table structure for `mu_right_assignment`
-- ----------------------------
DROP TABLE IF EXISTS `mu_right_assignment`;
CREATE TABLE `mu_right_assignment` (
  `itemname` varchar(64) NOT NULL,
  `userid` int(11) NOT NULL,
  `bizrule` varchar(1024) DEFAULT NULL,
  `data` varchar(1024) DEFAULT NULL,
  PRIMARY KEY (`userid`,`itemname`)
) ENGINE=MyISAM DEFAULT CHARSET=utf8;

-- ----------------------------
-- Records of mu_right_assignment
-- ----------------------------

-- ----------------------------
-- Table structure for `mu_right_item`
-- ----------------------------
DROP TABLE IF EXISTS `mu_right_item`;
CREATE TABLE `mu_right_item` (
  `name` varchar(64) NOT NULL,
  `type` int(11) NOT NULL,
  `description` varchar(1024) CHARACTER SET gbk DEFAULT NULL,
  `bizrule` varchar(1024) CHARACTER SET gbk DEFAULT NULL COMMENT 'php script for eval',
  `data` varchar(1024) CHARACTER SET gbk DEFAULT NULL,
  PRIMARY KEY (`name`)
) ENGINE=MyISAM DEFAULT CHARSET=utf8;

-- ----------------------------
-- Records of mu_right_item
-- ----------------------------

-- ----------------------------
-- Table structure for `mu_right_itemchildren`
-- ----------------------------
DROP TABLE IF EXISTS `mu_right_itemchildren`;
CREATE TABLE `mu_right_itemchildren` (
  `parent` varchar(64) NOT NULL,
  `child` varchar(64) NOT NULL,
  PRIMARY KEY (`parent`,`child`)
) ENGINE=MyISAM DEFAULT CHARSET=utf8;

-- ----------------------------
-- Records of mu_right_itemchildren
-- ----------------------------

-- ----------------------------
-- Table structure for `mu_sms_code`
-- ----------------------------
DROP TABLE IF EXISTS `mu_sms_code`;
CREATE TABLE `mu_sms_code` (
  `sms_id` bigint(20) NOT NULL,
  `mobile_no` varchar(45) DEFAULT NULL,
  `sms_code` varchar(45) DEFAULT NULL,
  `sms_status` tinyint(4) DEFAULT NULL COMMENT '是否验证成功',
  `sms_send_date` datetime DEFAULT NULL,
  PRIMARY KEY (`sms_id`)
) ENGINE=MyISAM DEFAULT CHARSET=utf8 COMMENT='手机验证码';

-- ----------------------------
-- Records of mu_sms_code
-- ----------------------------

-- ----------------------------
-- Table structure for `mu_success_case`
-- ----------------------------
DROP TABLE IF EXISTS `mu_success_case`;
CREATE TABLE `mu_success_case` (
  `case_id` int(11) NOT NULL AUTO_INCREMENT,
  `supply_id` int(11) NOT NULL,
  `supply_user_id` int(11) NOT NULL,
  `purchase_user_id` int(11) NOT NULL,
  `purchase_amount` varchar(32) DEFAULT NULL,
  `create_time` datetime DEFAULT NULL,
  `case_status` int(11) DEFAULT NULL,
  PRIMARY KEY (`case_id`)
) ENGINE=InnoDB DEFAULT CHARSET=utf8;

-- ----------------------------
-- Records of mu_success_case
-- ----------------------------

-- ----------------------------
-- Table structure for `mu_supply`
-- ----------------------------
DROP TABLE IF EXISTS `mu_supply`;
CREATE TABLE `mu_supply` (
  `supply_id` int(11) NOT NULL AUTO_INCREMENT,
  `supply_name` varchar(218) NOT NULL,
  `supply_user_id` int(11) NOT NULL,
  `supply_type` int(11) NOT NULL COMMENT '供求类型',
  `supply_keyword` varchar(128) DEFAULT NULL COMMENT '供求类型',
  `supply_category_id` int(4) NOT NULL COMMENT '供应产品的品类',
  `supply_contractor` varchar(32) DEFAULT NULL COMMENT '''发布者''',
  `supply_content` text COMMENT '''发布内容''',
  `supply_address` varchar(100) DEFAULT NULL COMMENT '供货地址',
  `supply_city_id` int(4) DEFAULT NULL COMMENT '供货地址',
  `supply_status` int(11) DEFAULT NULL COMMENT '起草 待审核 已发布',
  `supply_phone` char(32) DEFAULT NULL COMMENT '''联系电话''',
  `supply_unit` int(11) DEFAULT NULL COMMENT '''联系电话''',
  `supply_price` decimal(8,0) DEFAULT NULL COMMENT '价钱',
  `supply_valid_date` datetime DEFAULT NULL COMMENT '''0表示长期有效''',
  `supply_check_by` varchar(128) DEFAULT NULL COMMENT '审核人',
  `supply_recommend` tinyint(4) DEFAULT '0' COMMENT '是否推荐',
  `supply_image_src` varchar(218) DEFAULT NULL COMMENT '是否推荐',
  `supply_join_date` datetime DEFAULT NULL COMMENT '''发表日期''',
  PRIMARY KEY (`supply_id`),
  KEY `supply_user_id` (`supply_user_id`)
) ENGINE=MyISAM AUTO_INCREMENT=201 DEFAULT CHARSET=utf8;

-- ----------------------------
-- Records of mu_supply
-- ----------------------------
INSERT INTO mu_supply VALUES ('31', '求购废钼催化剂', '1', '19', '钼铁，钼矿', '21', '李先生', '长期出售钼酸铵', '深圳龙华大浪石光工业区', '4', '1', '18666666', '0', '674', '0000-00-00 00:00:00', '1', '1', null, null);
INSERT INTO mu_supply VALUES ('32', '深圳废钼条回收', '1', '18', '钼铁，钼矿', '22', '李先生', '采购钼丝，钼针，钼板，钼铁', '深圳龙华大浪石光工业区', '3', '1', '18666666', '0', '277', '0000-00-00 00:00:00', '1', '1', null, null);
INSERT INTO mu_supply VALUES ('33', '钼铁钼棒回收钼片钼块回收钼渣回收上海钼丝废钼回收', '1', '18', '钼铁，钼矿', '21', '李先生', '长期出售钼酸铵', '深圳龙华大浪石光工业区', '6', '1', '18666666', '0', '592', '0000-00-00 00:00:00', '1', '1', null, null);
INSERT INTO mu_supply VALUES ('34', '求购废钼催化剂', '1', '18', '钼铁，钼矿', '21', '李先生', '求购废钼催化剂', '深圳龙华大浪石光工业区', '3', '1', '18666666', '0', '1000', '0000-00-00 00:00:00', '1', '1', null, null);
INSERT INTO mu_supply VALUES ('35', '长期钼铁出售', '1', '18', '钼铁，钼矿', '21', '李先生', '采购钼丝，钼针，钼板，钼铁', '深圳龙华大浪石光工业区', '6', '1', '18666666', '0', '321', '0000-00-00 00:00:00', '1', '1', null, null);
INSERT INTO mu_supply VALUES ('36', '采购钼丝，钼针，钼板，钼铁', '1', '19', '钼铁，钼矿', '22', '李先生', '采购钼丝，钼针，钼板，钼铁', '深圳龙华大浪石光工业区', '6', '1', '18666666', '0', '459', '0000-00-00 00:00:00', '1', '1', null, null);
INSERT INTO mu_supply VALUES ('37', '长期供应钼铁60%', '1', '18', '钼铁，钼矿', '22', '李先生', '保密现金回收钼铁', '深圳龙华大浪石光工业区', '6', '1', '18666666', '0', '684', '0000-00-00 00:00:00', '1', '1', null, null);
INSERT INTO mu_supply VALUES ('38', '长期供应钼铁60%，欢迎来电', '1', '19', '钼铁，钼矿', '21', '李先生', '采购钼丝，钼针，钼板，钼铁', '深圳龙华大浪石光工业区', '4', '1', '18666666', '0', '605', '0000-00-00 00:00:00', '1', '1', null, null);
INSERT INTO mu_supply VALUES ('39', '保密现金回收钼铁', '1', '18', '钼铁，钼矿', '22', '李先生', '长期供应钼铁60%', '深圳龙华大浪石光工业区', '6', '1', '18666666', '0', '416', '0000-00-00 00:00:00', '1', '1', null, null);
INSERT INTO mu_supply VALUES ('40', '求购废钼催化剂', '1', '18', '钼铁，钼矿', '22', '李先生', '长期供应钼铁60%，欢迎来电', '深圳龙华大浪石光工业区', '6', '1', '18666666', '0', '603', '0000-00-00 00:00:00', '1', '1', null, null);
INSERT INTO mu_supply VALUES ('41', '长期供应钼铁60%，欢迎来电', '1', '19', '钼铁，钼矿', '22', '李先生', '长期钼铁出售', '深圳龙华大浪石光工业区', '3', '1', '18666666', '0', '999', '0000-00-00 00:00:00', '1', '1', null, null);
INSERT INTO mu_supply VALUES ('42', '求购废钼催化剂', '1', '19', '钼铁，钼矿', '21', '李先生', '采购钼丝，钼针，钼板，钼铁', '深圳龙华大浪石光工业区', '4', '1', '18666666', '0', '119', '0000-00-00 00:00:00', '1', '1', null, null);
INSERT INTO mu_supply VALUES ('43', '求购废钼催化剂', '1', '19', '钼铁，钼矿', '22', '李先生', '采购钼丝，钼针，钼板，钼铁', '深圳龙华大浪石光工业区', '4', '1', '18666666', '0', '395', '0000-00-00 00:00:00', '1', '1', null, null);
INSERT INTO mu_supply VALUES ('44', '我公司长期大量求购废钼丝', '1', '18', '钼铁，钼矿', '22', '李先生', '长期供应钼铁', '深圳龙华大浪石光工业区', '3', '1', '18666666', '0', '164', '0000-00-00 00:00:00', '1', '1', null, null);
INSERT INTO mu_supply VALUES ('45', '长期钼铁出售', '1', '18', '钼铁，钼矿', '21', '李先生', '长期供应钼铁60%，欢迎来电', '深圳龙华大浪石光工业区', '3', '1', '18666666', '0', '611', '0000-00-00 00:00:00', '1', '1', null, null);
INSERT INTO mu_supply VALUES ('46', '我公司长期大量求购废钼丝', '1', '19', '钼铁，钼矿', '21', '李先生', '长期供应钼铁60%，欢迎来电', '深圳龙华大浪石光工业区', '4', '1', '18666666', '0', '524', '0000-00-00 00:00:00', '1', '1', null, null);
INSERT INTO mu_supply VALUES ('47', '求购废钼催化剂', '1', '18', '钼铁，钼矿', '22', '李先生', '深圳废钼条回收', '深圳龙华大浪石光工业区', '6', '1', '18666666', '0', '333', '0000-00-00 00:00:00', '1', '1', null, null);
INSERT INTO mu_supply VALUES ('48', '我公司长期大量求购废钼丝', '1', '19', '钼铁，钼矿', '22', '李先生', '我公司长期大量求购废钼丝', '深圳龙华大浪石光工业区', '3', '1', '18666666', '0', '781', '0000-00-00 00:00:00', '1', '1', null, null);
INSERT INTO mu_supply VALUES ('49', '求购废钼催化剂', '1', '19', '钼铁，钼矿', '21', '李先生', '供应钼铁', '深圳龙华大浪石光工业区', '3', '1', '18666666', '0', '482', '0000-00-00 00:00:00', '1', '1', null, null);
INSERT INTO mu_supply VALUES ('50', '长期供应钼铁60%，欢迎来电', '1', '19', '钼铁，钼矿', '21', '李先生', '钼铁钼棒回收钼片钼块回收钼渣回收上海钼丝废钼回收', '深圳龙华大浪石光工业区', '4', '1', '18666666', '0', '228', '0000-00-00 00:00:00', '1', '1', null, null);
INSERT INTO mu_supply VALUES ('51', '求购废钼催化剂', '1', '19', '钼铁，钼矿', '21', '李先生', '保密现金回收钼铁', '深圳龙华大浪石光工业区', '6', '1', '18666666', '0', '838', '0000-00-00 00:00:00', '1', '1', null, null);
INSERT INTO mu_supply VALUES ('52', '钼铁钼棒回收钼片钼块回收钼渣回收上海钼丝废钼回收', '1', '19', '钼铁，钼矿', '22', '李先生', '长期供应钼铁60%，欢迎来电', '深圳龙华大浪石光工业区', '4', '1', '18666666', '0', '341', '0000-00-00 00:00:00', '1', '1', null, null);
INSERT INTO mu_supply VALUES ('53', '长期供应钼铁60%', '1', '18', '钼铁，钼矿', '21', '李先生', '长期供应钼铁60%', '深圳龙华大浪石光工业区', '6', '1', '18666666', '0', '688', '0000-00-00 00:00:00', '1', '1', null, null);
INSERT INTO mu_supply VALUES ('54', '采购钼丝，钼针，钼板，钼铁', '1', '19', '钼铁，钼矿', '21', '李先生', '采购钼丝，钼针，钼板，钼铁', '深圳龙华大浪石光工业区', '4', '1', '18666666', '0', '181', '0000-00-00 00:00:00', '1', '1', null, null);
INSERT INTO mu_supply VALUES ('55', '长期供应钼铁', '1', '19', '钼铁，钼矿', '22', '李先生', '采购钼丝，钼针，钼板，钼铁', '深圳龙华大浪石光工业区', '6', '1', '18666666', '0', '434', '0000-00-00 00:00:00', '1', '1', null, null);
INSERT INTO mu_supply VALUES ('56', '供应钼铁', '1', '19', '钼铁，钼矿', '22', '李先生', '长期供应钼铁', '深圳龙华大浪石光工业区', '4', '1', '18666666', '0', '602', '0000-00-00 00:00:00', '1', '1', null, null);
INSERT INTO mu_supply VALUES ('57', '长期出售钼酸铵', '1', '19', '钼铁，钼矿', '22', '李先生', '长期出售钼酸铵', '深圳龙华大浪石光工业区', '4', '1', '18666666', '0', '614', '0000-00-00 00:00:00', '1', '1', null, null);
INSERT INTO mu_supply VALUES ('58', '采购钼丝，钼针，钼板，钼铁', '1', '19', '钼铁，钼矿', '21', '李先生', '长期供应钼铁60%，欢迎来电', '深圳龙华大浪石光工业区', '6', '1', '18666666', '0', '352', '0000-00-00 00:00:00', '1', '1', null, null);
INSERT INTO mu_supply VALUES ('59', '长期供应钼铁60%', '1', '18', '钼铁，钼矿', '22', '李先生', '采购钼丝，钼针，钼板，钼铁', '深圳龙华大浪石光工业区', '4', '1', '18666666', '0', '898', '0000-00-00 00:00:00', '1', '1', null, null);
INSERT INTO mu_supply VALUES ('60', '保密现金回收钼铁', '1', '18', '钼铁，钼矿', '21', '李先生', '采购钼丝，钼针，钼板，钼铁', '深圳龙华大浪石光工业区', '6', '1', '18666666', '0', '390', '0000-00-00 00:00:00', '1', '1', null, null);
INSERT INTO mu_supply VALUES ('61', '长期供应钼铁', '1', '19', '钼铁，钼矿', '21', '李先生', '长期供应钼铁60%', '深圳龙华大浪石光工业区', '4', '1', '18666666', '0', '179', '0000-00-00 00:00:00', '1', '1', null, null);
INSERT INTO mu_supply VALUES ('62', '长期供应钼铁60%', '1', '19', '钼铁，钼矿', '21', '李先生', '长期供应钼铁60%，欢迎来电', '深圳龙华大浪石光工业区', '4', '1', '18666666', '0', '211', '0000-00-00 00:00:00', '1', '1', null, null);
INSERT INTO mu_supply VALUES ('63', '保密现金回收钼铁', '1', '19', '钼铁，钼矿', '22', '李先生', '长期供应钼铁', '深圳龙华大浪石光工业区', '3', '1', '18666666', '0', '632', '0000-00-00 00:00:00', '1', '1', null, null);
INSERT INTO mu_supply VALUES ('64', '保密现金回收钼铁', '1', '18', '钼铁，钼矿', '22', '李先生', '深圳废钼条回收', '深圳龙华大浪石光工业区', '4', '1', '18666666', '0', '453', '0000-00-00 00:00:00', '1', '1', null, null);
INSERT INTO mu_supply VALUES ('65', '长期出售钼酸铵', '1', '19', '钼铁，钼矿', '22', '李先生', '长期供应钼铁60%', '深圳龙华大浪石光工业区', '6', '1', '18666666', '0', '264', '0000-00-00 00:00:00', '1', '1', null, null);
INSERT INTO mu_supply VALUES ('66', '长期钼铁出售', '1', '19', '钼铁，钼矿', '21', '李先生', '采购钼丝，钼针，钼板，钼铁', '深圳龙华大浪石光工业区', '6', '1', '18666666', '0', '346', '0000-00-00 00:00:00', '1', '1', null, null);
INSERT INTO mu_supply VALUES ('67', '求购废钼催化剂', '1', '18', '钼铁，钼矿', '21', '李先生', '长期供应钼铁60%，欢迎来电', '深圳龙华大浪石光工业区', '3', '1', '18666666', '0', '335', '0000-00-00 00:00:00', '1', '1', null, null);
INSERT INTO mu_supply VALUES ('68', '保密现金回收钼铁', '1', '19', '钼铁，钼矿', '21', '李先生', '长期供应钼铁60%，欢迎来电', '深圳龙华大浪石光工业区', '6', '1', '18666666', '0', '414', '0000-00-00 00:00:00', '1', '1', null, null);
INSERT INTO mu_supply VALUES ('69', '采购钼丝，钼针，钼板，钼铁', '1', '18', '钼铁，钼矿', '21', '李先生', '长期出售钼酸铵', '深圳龙华大浪石光工业区', '3', '1', '18666666', '0', '15', '0000-00-00 00:00:00', '1', '1', null, null);
INSERT INTO mu_supply VALUES ('70', '钼铁钼棒回收钼片钼块回收钼渣回收上海钼丝废钼回收', '1', '19', '钼铁，钼矿', '21', '李先生', '长期供应钼铁60%', '深圳龙华大浪石光工业区', '6', '1', '18666666', '0', '558', '0000-00-00 00:00:00', '1', '1', null, null);
INSERT INTO mu_supply VALUES ('71', '长期出售钼酸铵', '1', '18', '钼铁，钼矿', '21', '李先生', '长期钼铁出售', '深圳龙华大浪石光工业区', '4', '1', '18666666', '0', '799', '0000-00-00 00:00:00', '1', '1', null, null);
INSERT INTO mu_supply VALUES ('72', '长期供应钼铁60%', '1', '18', '钼铁，钼矿', '21', '李先生', '长期出售钼酸铵', '深圳龙华大浪石光工业区', '3', '1', '18666666', '0', '289', '0000-00-00 00:00:00', '1', '1', null, null);
INSERT INTO mu_supply VALUES ('73', '我公司长期大量求购废钼丝', '1', '18', '钼铁，钼矿', '21', '李先生', '长期供应钼铁', '深圳龙华大浪石光工业区', '3', '1', '18666666', '0', '600', '0000-00-00 00:00:00', '1', '1', null, null);
INSERT INTO mu_supply VALUES ('74', '深圳废钼条回收', '1', '19', '钼铁，钼矿', '21', '李先生', '保密现金回收钼铁', '深圳龙华大浪石光工业区', '6', '1', '18666666', '0', '794', '0000-00-00 00:00:00', '1', '1', null, null);
INSERT INTO mu_supply VALUES ('75', '长期钼铁出售', '1', '18', '钼铁，钼矿', '21', '李先生', '保密现金回收钼铁', '深圳龙华大浪石光工业区', '6', '1', '18666666', '0', '1000', '0000-00-00 00:00:00', '1', '1', null, null);
INSERT INTO mu_supply VALUES ('76', '采购钼丝，钼针，钼板，钼铁', '1', '18', '钼铁，钼矿', '21', '李先生', '保密现金回收钼铁', '深圳龙华大浪石光工业区', '6', '1', '18666666', '0', '437', '0000-00-00 00:00:00', '1', '1', null, null);
INSERT INTO mu_supply VALUES ('77', '深圳废钼条回收', '1', '19', '钼铁，钼矿', '22', '李先生', '深圳废钼条回收', '深圳龙华大浪石光工业区', '6', '1', '18666666', '0', '244', '0000-00-00 00:00:00', '1', '1', null, null);
INSERT INTO mu_supply VALUES ('78', '采购钼丝，钼针，钼板，钼铁', '1', '18', '钼铁，钼矿', '21', '李先生', '钼铁钼棒回收钼片钼块回收钼渣回收上海钼丝废钼回收', '深圳龙华大浪石光工业区', '3', '1', '18666666', '0', '529', '0000-00-00 00:00:00', '1', '1', null, null);
INSERT INTO mu_supply VALUES ('79', '长期供应钼铁', '1', '18', '钼铁，钼矿', '22', '李先生', '深圳废钼条回收', '深圳龙华大浪石光工业区', '6', '1', '18666666', '0', '83', '0000-00-00 00:00:00', '1', '1', null, null);
INSERT INTO mu_supply VALUES ('80', '采购钼丝，钼针，钼板，钼铁', '1', '19', '钼铁，钼矿', '21', '李先生', '采购钼丝，钼针，钼板，钼铁', '深圳龙华大浪石光工业区', '3', '1', '18666666', '0', '800', '0000-00-00 00:00:00', '1', '1', null, null);
INSERT INTO mu_supply VALUES ('81', '长期供应钼铁', '1', '18', '钼铁，钼矿', '22', '李先生', '求购废钼催化剂', '深圳龙华大浪石光工业区', '3', '1', '18666666', '0', '90', '0000-00-00 00:00:00', '1', '1', null, null);
INSERT INTO mu_supply VALUES ('82', '供应钼铁', '1', '19', '钼铁，钼矿', '22', '李先生', '长期供应钼铁60%，欢迎来电', '深圳龙华大浪石光工业区', '3', '1', '18666666', '0', '891', '0000-00-00 00:00:00', '1', '1', null, null);
INSERT INTO mu_supply VALUES ('83', '保密现金回收钼铁', '1', '19', '钼铁，钼矿', '22', '李先生', '采购钼丝，钼针，钼板，钼铁', '深圳龙华大浪石光工业区', '4', '1', '18666666', '0', '594', '0000-00-00 00:00:00', '1', '1', null, null);
INSERT INTO mu_supply VALUES ('84', '深圳废钼条回收', '1', '18', '钼铁，钼矿', '21', '李先生', '长期供应钼铁60%，欢迎来电', '深圳龙华大浪石光工业区', '4', '1', '18666666', '0', '124', '0000-00-00 00:00:00', '1', '1', null, null);
INSERT INTO mu_supply VALUES ('85', '长期供应钼铁60%', '1', '18', '钼铁，钼矿', '22', '李先生', '求购废钼催化剂', '深圳龙华大浪石光工业区', '4', '1', '18666666', '0', '672', '0000-00-00 00:00:00', '1', '1', null, null);
INSERT INTO mu_supply VALUES ('86', '长期钼铁出售', '1', '19', '钼铁，钼矿', '22', '李先生', '长期钼铁出售', '深圳龙华大浪石光工业区', '4', '1', '18666666', '0', '476', '0000-00-00 00:00:00', '1', '1', null, null);
INSERT INTO mu_supply VALUES ('87', '采购钼丝，钼针，钼板，钼铁', '1', '19', '钼铁，钼矿', '22', '李先生', '长期钼铁出售', '深圳龙华大浪石光工业区', '4', '1', '18666666', '0', '376', '0000-00-00 00:00:00', '1', '1', null, null);
INSERT INTO mu_supply VALUES ('88', '采购钼丝，钼针，钼板，钼铁', '1', '19', '钼铁，钼矿', '21', '李先生', '采购钼丝，钼针，钼板，钼铁', '深圳龙华大浪石光工业区', '4', '1', '18666666', '0', '370', '0000-00-00 00:00:00', '1', '1', null, null);
INSERT INTO mu_supply VALUES ('89', '长期钼铁出售', '1', '19', '钼铁，钼矿', '22', '李先生', '长期出售钼酸铵', '深圳龙华大浪石光工业区', '4', '1', '18666666', '0', '928', '0000-00-00 00:00:00', '1', '1', null, null);
INSERT INTO mu_supply VALUES ('90', '求购废钼催化剂', '1', '18', '钼铁，钼矿', '22', '李先生', '长期供应钼铁60%', '深圳龙华大浪石光工业区', '4', '1', '18666666', '0', '322', '0000-00-00 00:00:00', '1', '1', null, null);
INSERT INTO mu_supply VALUES ('91', '求购废钼催化剂', '1', '18', '钼铁，钼矿', '22', '李先生', '钼铁钼棒回收钼片钼块回收钼渣回收上海钼丝废钼回收', '深圳龙华大浪石光工业区', '6', '1', '18666666', '0', '104', '0000-00-00 00:00:00', '1', '1', null, null);
INSERT INTO mu_supply VALUES ('92', '采购钼丝，钼针，钼板，钼铁', '1', '18', '钼铁，钼矿', '21', '李先生', '长期供应钼铁', '深圳龙华大浪石光工业区', '3', '1', '18666666', '0', '878', '0000-00-00 00:00:00', '1', '1', null, null);
INSERT INTO mu_supply VALUES ('93', '长期供应钼铁60%', '1', '19', '钼铁，钼矿', '21', '李先生', '长期出售钼酸铵', '深圳龙华大浪石光工业区', '4', '1', '18666666', '0', '812', '0000-00-00 00:00:00', '1', '1', null, null);
INSERT INTO mu_supply VALUES ('94', '保密现金回收钼铁', '1', '19', '钼铁，钼矿', '21', '李先生', '长期钼铁出售', '深圳龙华大浪石光工业区', '4', '1', '18666666', '0', '86', '0000-00-00 00:00:00', '1', '1', null, null);
INSERT INTO mu_supply VALUES ('95', '长期供应钼铁', '1', '19', '钼铁，钼矿', '22', '李先生', '长期供应钼铁60%', '深圳龙华大浪石光工业区', '4', '1', '18666666', '0', '417', '0000-00-00 00:00:00', '1', '1', null, null);
INSERT INTO mu_supply VALUES ('96', '长期钼铁出售', '1', '19', '钼铁，钼矿', '22', '李先生', '保密现金回收钼铁', '深圳龙华大浪石光工业区', '3', '1', '18666666', '0', '248', '0000-00-00 00:00:00', '1', '1', null, null);
INSERT INTO mu_supply VALUES ('97', '长期供应钼铁60%，欢迎来电', '1', '19', '钼铁，钼矿', '21', '李先生', '长期供应钼铁', '深圳龙华大浪石光工业区', '4', '1', '18666666', '0', '347', '0000-00-00 00:00:00', '1', '1', null, null);
INSERT INTO mu_supply VALUES ('98', '长期钼铁出售', '1', '18', '钼铁，钼矿', '22', '李先生', '长期钼铁出售', '深圳龙华大浪石光工业区', '3', '1', '18666666', '0', '502', '0000-00-00 00:00:00', '1', '1', null, null);
INSERT INTO mu_supply VALUES ('99', '长期供应钼铁60%', '1', '19', '钼铁，钼矿', '21', '李先生', '采购钼丝，钼针，钼板，钼铁', '深圳龙华大浪石光工业区', '4', '1', '18666666', '0', '772', '0000-00-00 00:00:00', '1', '1', null, null);
INSERT INTO mu_supply VALUES ('100', '长期钼铁出售', '1', '19', '钼铁，钼矿', '21', '李先生', '采购钼丝，钼针，钼板，钼铁', '深圳龙华大浪石光工业区', '3', '1', '18666666', '0', '33', '0000-00-00 00:00:00', '1', '1', null, null);
INSERT INTO mu_supply VALUES ('101', '长期供应钼铁60%，欢迎来电', '1', '19', '钼铁，钼矿', '21', '李先生', '采购钼丝，钼针，钼板，钼铁', '深圳龙华大浪石光工业区', '3', '1', '18666666', '0', '504', '0000-00-00 00:00:00', '1', '1', null, null);
INSERT INTO mu_supply VALUES ('102', '保密现金回收钼铁', '1', '18', '钼铁，钼矿', '21', '李先生', '钼铁钼棒回收钼片钼块回收钼渣回收上海钼丝废钼回收', '深圳龙华大浪石光工业区', '4', '1', '18666666', '0', '264', '0000-00-00 00:00:00', '1', '1', null, null);
INSERT INTO mu_supply VALUES ('103', '我公司长期大量求购废钼丝', '1', '19', '钼铁，钼矿', '22', '李先生', '长期供应钼铁60%', '深圳龙华大浪石光工业区', '4', '1', '18666666', '0', '731', '0000-00-00 00:00:00', '1', '1', null, null);
INSERT INTO mu_supply VALUES ('104', '长期供应钼铁', '1', '18', '钼铁，钼矿', '21', '李先生', '采购钼丝，钼针，钼板，钼铁', '深圳龙华大浪石光工业区', '6', '1', '18666666', '0', '748', '0000-00-00 00:00:00', '1', '1', null, null);
INSERT INTO mu_supply VALUES ('105', '采购钼丝，钼针，钼板，钼铁', '1', '18', '钼铁，钼矿', '21', '李先生', '深圳废钼条回收', '深圳龙华大浪石光工业区', '4', '1', '18666666', '0', '353', '0000-00-00 00:00:00', '1', '1', null, null);
INSERT INTO mu_supply VALUES ('106', '深圳废钼条回收', '1', '18', '钼铁，钼矿', '22', '李先生', '长期出售钼酸铵', '深圳龙华大浪石光工业区', '6', '1', '18666666', '0', '830', '0000-00-00 00:00:00', '1', '1', null, null);
INSERT INTO mu_supply VALUES ('107', '长期出售钼酸铵', '1', '18', '钼铁，钼矿', '22', '李先生', '采购钼丝，钼针，钼板，钼铁', '深圳龙华大浪石光工业区', '4', '1', '18666666', '0', '195', '0000-00-00 00:00:00', '1', '1', null, null);
INSERT INTO mu_supply VALUES ('108', '长期钼铁出售', '1', '18', '钼铁，钼矿', '22', '李先生', '采购钼丝，钼针，钼板，钼铁', '深圳龙华大浪石光工业区', '4', '1', '18666666', '0', '472', '0000-00-00 00:00:00', '1', '1', null, null);
INSERT INTO mu_supply VALUES ('109', '保密现金回收钼铁', '1', '19', '钼铁，钼矿', '21', '李先生', '长期钼铁出售', '深圳龙华大浪石光工业区', '3', '1', '18666666', '0', '364', '0000-00-00 00:00:00', '1', '1', null, null);
INSERT INTO mu_supply VALUES ('110', '长期供应钼铁60%', '1', '19', '钼铁，钼矿', '21', '李先生', '我公司长期大量求购废钼丝', '深圳龙华大浪石光工业区', '3', '1', '18666666', '0', '569', '0000-00-00 00:00:00', '1', '1', null, null);
INSERT INTO mu_supply VALUES ('111', '长期供应钼铁60%，欢迎来电', '1', '19', '钼铁，钼矿', '21', '李先生', '长期供应钼铁60%', '深圳龙华大浪石光工业区', '4', '1', '18666666', '0', '956', '0000-00-00 00:00:00', '1', '1', null, null);
INSERT INTO mu_supply VALUES ('112', '钼铁钼棒回收钼片钼块回收钼渣回收上海钼丝废钼回收', '1', '19', '钼铁，钼矿', '22', '李先生', '钼铁钼棒回收钼片钼块回收钼渣回收上海钼丝废钼回收', '深圳龙华大浪石光工业区', '3', '1', '18666666', '0', '607', '0000-00-00 00:00:00', '1', '1', null, null);
INSERT INTO mu_supply VALUES ('113', '长期供应钼铁60%', '1', '19', '钼铁，钼矿', '22', '李先生', '长期出售钼酸铵', '深圳龙华大浪石光工业区', '4', '1', '18666666', '0', '182', '0000-00-00 00:00:00', '1', '1', null, null);
INSERT INTO mu_supply VALUES ('114', '采购钼丝，钼针，钼板，钼铁', '1', '18', '钼铁，钼矿', '21', '李先生', '长期出售钼酸铵', '深圳龙华大浪石光工业区', '4', '1', '18666666', '0', '650', '0000-00-00 00:00:00', '1', '1', null, null);
INSERT INTO mu_supply VALUES ('115', '深圳废钼条回收', '1', '18', '钼铁，钼矿', '21', '李先生', '我公司长期大量求购废钼丝', '深圳龙华大浪石光工业区', '4', '1', '18666666', '0', '543', '0000-00-00 00:00:00', '1', '1', null, null);
INSERT INTO mu_supply VALUES ('116', '长期供应钼铁', '1', '19', '钼铁，钼矿', '22', '李先生', '长期供应钼铁60%，欢迎来电', '深圳龙华大浪石光工业区', '6', '1', '18666666', '0', '485', '0000-00-00 00:00:00', '1', '1', null, null);
INSERT INTO mu_supply VALUES ('117', '长期供应钼铁60%', '1', '19', '钼铁，钼矿', '22', '李先生', '长期供应钼铁60%，欢迎来电', '深圳龙华大浪石光工业区', '6', '1', '18666666', '0', '741', '0000-00-00 00:00:00', '1', '1', null, null);
INSERT INTO mu_supply VALUES ('118', '供应钼铁', '1', '18', '钼铁，钼矿', '21', '李先生', '长期出售钼酸铵', '深圳龙华大浪石光工业区', '6', '1', '18666666', '0', '76', '0000-00-00 00:00:00', '1', '1', null, null);
INSERT INTO mu_supply VALUES ('119', '求购废钼催化剂', '1', '19', '钼铁，钼矿', '22', '李先生', '长期供应钼铁60%，欢迎来电', '深圳龙华大浪石光工业区', '6', '1', '18666666', '0', '486', '0000-00-00 00:00:00', '1', '1', null, null);
INSERT INTO mu_supply VALUES ('120', '长期钼铁出售', '1', '18', '钼铁，钼矿', '22', '李先生', '长期供应钼铁60%', '深圳龙华大浪石光工业区', '3', '1', '18666666', '0', '244', '0000-00-00 00:00:00', '1', '1', null, null);
INSERT INTO mu_supply VALUES ('121', '供应钼铁', '1', '19', '钼铁，钼矿', '22', '李先生', '采购钼丝，钼针，钼板，钼铁', '深圳龙华大浪石光工业区', '3', '1', '18666666', '0', '390', '0000-00-00 00:00:00', '1', '1', null, null);
INSERT INTO mu_supply VALUES ('122', '深圳废钼条回收', '1', '19', '钼铁，钼矿', '21', '李先生', '长期供应钼铁60%', '深圳龙华大浪石光工业区', '4', '1', '18666666', '0', '762', '0000-00-00 00:00:00', '1', '1', null, null);
INSERT INTO mu_supply VALUES ('123', '深圳废钼条回收', '1', '18', '钼铁，钼矿', '21', '李先生', '长期供应钼铁60%，欢迎来电', '深圳龙华大浪石光工业区', '3', '1', '18666666', '0', '205', '0000-00-00 00:00:00', '1', '1', null, null);
INSERT INTO mu_supply VALUES ('124', '采购钼丝，钼针，钼板，钼铁', '1', '19', '钼铁，钼矿', '22', '李先生', '深圳废钼条回收', '深圳龙华大浪石光工业区', '3', '1', '18666666', '0', '664', '0000-00-00 00:00:00', '1', '1', null, null);
INSERT INTO mu_supply VALUES ('125', '长期供应钼铁60%，欢迎来电', '1', '19', '钼铁，钼矿', '21', '李先生', '长期钼铁出售', '深圳龙华大浪石光工业区', '4', '1', '18666666', '0', '18', '0000-00-00 00:00:00', '1', '1', null, null);
INSERT INTO mu_supply VALUES ('126', '求购废钼催化剂', '1', '19', '钼铁，钼矿', '22', '李先生', '长期钼铁出售', '深圳龙华大浪石光工业区', '6', '1', '18666666', '0', '652', '0000-00-00 00:00:00', '1', '1', null, null);
INSERT INTO mu_supply VALUES ('127', '求购废钼催化剂', '1', '19', '钼铁，钼矿', '22', '李先生', '长期钼铁出售', '深圳龙华大浪石光工业区', '3', '1', '18666666', '0', '283', '0000-00-00 00:00:00', '1', '1', null, null);
INSERT INTO mu_supply VALUES ('128', '采购钼丝，钼针，钼板，钼铁', '1', '19', '钼铁，钼矿', '22', '李先生', '保密现金回收钼铁', '深圳龙华大浪石光工业区', '4', '1', '18666666', '0', '849', '0000-00-00 00:00:00', '1', '1', null, null);
INSERT INTO mu_supply VALUES ('129', '保密现金回收钼铁', '1', '18', '钼铁，钼矿', '22', '李先生', '长期钼铁出售', '深圳龙华大浪石光工业区', '3', '1', '18666666', '0', '380', '0000-00-00 00:00:00', '1', '1', null, null);
INSERT INTO mu_supply VALUES ('130', '深圳废钼条回收', '1', '18', '钼铁，钼矿', '21', '李先生', '保密现金回收钼铁', '深圳龙华大浪石光工业区', '6', '1', '18666666', '0', '766', '0000-00-00 00:00:00', '1', '1', null, null);
INSERT INTO mu_supply VALUES ('131', '长期供应钼铁60%，欢迎来电', '1', '18', '钼铁，钼矿', '21', '李先生', '采购钼丝，钼针，钼板，钼铁', '深圳龙华大浪石光工业区', '6', '1', '18666666', '0', '593', '0000-00-00 00:00:00', '1', '1', null, null);
INSERT INTO mu_supply VALUES ('132', '采购钼丝，钼针，钼板，钼铁', '1', '19', '钼铁，钼矿', '21', '李先生', '求购废钼催化剂', '深圳龙华大浪石光工业区', '6', '1', '18666666', '0', '295', '0000-00-00 00:00:00', '1', '1', null, null);
INSERT INTO mu_supply VALUES ('133', '采购钼丝，钼针，钼板，钼铁', '1', '18', '钼铁，钼矿', '22', '李先生', '保密现金回收钼铁', '深圳龙华大浪石光工业区', '6', '1', '18666666', '0', '344', '0000-00-00 00:00:00', '1', '1', null, null);
INSERT INTO mu_supply VALUES ('134', '采购钼丝，钼针，钼板，钼铁', '1', '19', '钼铁，钼矿', '22', '李先生', '供应钼铁', '深圳龙华大浪石光工业区', '4', '1', '18666666', '0', '120', '0000-00-00 00:00:00', '1', '1', null, null);
INSERT INTO mu_supply VALUES ('135', '长期供应钼铁60%，欢迎来电', '1', '19', '钼铁，钼矿', '22', '李先生', '供应钼铁', '深圳龙华大浪石光工业区', '3', '1', '18666666', '0', '710', '0000-00-00 00:00:00', '1', '1', null, null);
INSERT INTO mu_supply VALUES ('136', '供应钼铁', '1', '19', '钼铁，钼矿', '21', '李先生', '供应钼铁', '深圳龙华大浪石光工业区', '3', '1', '18666666', '0', '841', '0000-00-00 00:00:00', '1', '1', null, null);
INSERT INTO mu_supply VALUES ('137', '深圳废钼条回收', '1', '18', '钼铁，钼矿', '21', '李先生', '采购钼丝，钼针，钼板，钼铁', '深圳龙华大浪石光工业区', '6', '1', '18666666', '0', '828', '0000-00-00 00:00:00', '1', '1', null, null);
INSERT INTO mu_supply VALUES ('138', '长期供应钼铁60%', '1', '18', '钼铁，钼矿', '21', '李先生', '长期供应钼铁60%，欢迎来电', '深圳龙华大浪石光工业区', '3', '1', '18666666', '0', '134', '0000-00-00 00:00:00', '1', '1', null, null);
INSERT INTO mu_supply VALUES ('139', '钼铁钼棒回收钼片钼块回收钼渣回收上海钼丝废钼回收', '1', '18', '钼铁，钼矿', '21', '李先生', '长期钼铁出售', '深圳龙华大浪石光工业区', '6', '1', '18666666', '0', '899', '0000-00-00 00:00:00', '1', '1', null, null);
INSERT INTO mu_supply VALUES ('140', '长期钼铁出售', '1', '18', '钼铁，钼矿', '21', '李先生', '求购废钼催化剂', '深圳龙华大浪石光工业区', '3', '1', '18666666', '0', '458', '0000-00-00 00:00:00', '1', '1', null, null);
INSERT INTO mu_supply VALUES ('141', '供应钼铁', '1', '18', '钼铁，钼矿', '21', '李先生', '我公司长期大量求购废钼丝', '深圳龙华大浪石光工业区', '4', '1', '18666666', '0', '581', '0000-00-00 00:00:00', '1', '1', null, null);
INSERT INTO mu_supply VALUES ('142', '深圳废钼条回收', '1', '18', '钼铁，钼矿', '22', '李先生', '长期供应钼铁60%，欢迎来电', '深圳龙华大浪石光工业区', '4', '1', '18666666', '0', '847', '0000-00-00 00:00:00', '1', '1', null, null);
INSERT INTO mu_supply VALUES ('143', '采购钼丝，钼针，钼板，钼铁', '1', '18', '钼铁，钼矿', '22', '李先生', '钼铁钼棒回收钼片钼块回收钼渣回收上海钼丝废钼回收', '深圳龙华大浪石光工业区', '4', '1', '18666666', '0', '788', '0000-00-00 00:00:00', '1', '1', null, null);
INSERT INTO mu_supply VALUES ('144', '长期出售钼酸铵', '1', '18', '钼铁，钼矿', '21', '李先生', '长期供应钼铁60%，欢迎来电', '深圳龙华大浪石光工业区', '6', '1', '18666666', '0', '695', '0000-00-00 00:00:00', '1', '1', null, null);
INSERT INTO mu_supply VALUES ('145', '长期供应钼铁', '1', '19', '钼铁，钼矿', '21', '李先生', '长期供应钼铁', '深圳龙华大浪石光工业区', '3', '1', '18666666', '0', '408', '0000-00-00 00:00:00', '1', '1', null, null);
INSERT INTO mu_supply VALUES ('146', '深圳废钼条回收', '1', '18', '钼铁，钼矿', '21', '李先生', '深圳废钼条回收', '深圳龙华大浪石光工业区', '4', '1', '18666666', '0', '357', '0000-00-00 00:00:00', '1', '1', null, null);
INSERT INTO mu_supply VALUES ('147', '供应钼铁', '1', '19', '钼铁，钼矿', '22', '李先生', '采购钼丝，钼针，钼板，钼铁', '深圳龙华大浪石光工业区', '6', '1', '18666666', '0', '52', '0000-00-00 00:00:00', '1', '1', null, null);
INSERT INTO mu_supply VALUES ('148', '求购废钼催化剂', '1', '18', '钼铁，钼矿', '21', '李先生', '长期供应钼铁60%', '深圳龙华大浪石光工业区', '6', '1', '18666666', '0', '694', '0000-00-00 00:00:00', '1', '1', null, null);
INSERT INTO mu_supply VALUES ('149', '求购废钼催化剂', '1', '19', '钼铁，钼矿', '21', '李先生', '求购废钼催化剂', '深圳龙华大浪石光工业区', '4', '1', '18666666', '0', '76', '0000-00-00 00:00:00', '1', '1', null, null);
INSERT INTO mu_supply VALUES ('150', '采购钼丝，钼针，钼板，钼铁', '1', '19', '钼铁，钼矿', '22', '李先生', '保密现金回收钼铁', '深圳龙华大浪石光工业区', '4', '1', '18666666', '0', '691', '0000-00-00 00:00:00', '1', '1', null, null);
INSERT INTO mu_supply VALUES ('151', '供应钼铁', '1', '18', '钼铁，钼矿', '21', '李先生', '长期供应钼铁', '深圳龙华大浪石光工业区', '6', '1', '18666666', '0', '136', '0000-00-00 00:00:00', '1', '1', null, null);
INSERT INTO mu_supply VALUES ('152', '钼铁钼棒回收钼片钼块回收钼渣回收上海钼丝废钼回收', '1', '19', '钼铁，钼矿', '21', '李先生', '长期出售钼酸铵', '深圳龙华大浪石光工业区', '4', '1', '18666666', '0', '975', '0000-00-00 00:00:00', '1', '1', null, null);
INSERT INTO mu_supply VALUES ('153', '长期供应钼铁', '1', '18', '钼铁，钼矿', '21', '李先生', '求购废钼催化剂', '深圳龙华大浪石光工业区', '6', '1', '18666666', '0', '721', '0000-00-00 00:00:00', '1', '1', null, null);
INSERT INTO mu_supply VALUES ('154', '深圳废钼条回收', '1', '18', '钼铁，钼矿', '21', '李先生', '供应钼铁', '深圳龙华大浪石光工业区', '3', '1', '18666666', '0', '283', '0000-00-00 00:00:00', '1', '1', null, null);
INSERT INTO mu_supply VALUES ('155', '长期钼铁出售', '1', '19', '钼铁，钼矿', '22', '李先生', '长期供应钼铁60%', '深圳龙华大浪石光工业区', '3', '1', '18666666', '0', '38', '0000-00-00 00:00:00', '1', '1', null, null);
INSERT INTO mu_supply VALUES ('156', '我公司长期大量求购废钼丝', '1', '18', '钼铁，钼矿', '22', '李先生', '采购钼丝，钼针，钼板，钼铁', '深圳龙华大浪石光工业区', '3', '1', '18666666', '0', '40', '0000-00-00 00:00:00', '1', '1', null, null);
INSERT INTO mu_supply VALUES ('157', '我公司长期大量求购废钼丝', '1', '19', '钼铁，钼矿', '22', '李先生', '钼铁钼棒回收钼片钼块回收钼渣回收上海钼丝废钼回收', '深圳龙华大浪石光工业区', '4', '1', '18666666', '0', '234', '0000-00-00 00:00:00', '1', '1', null, null);
INSERT INTO mu_supply VALUES ('158', '长期钼铁出售', '1', '18', '钼铁，钼矿', '21', '李先生', '深圳废钼条回收', '深圳龙华大浪石光工业区', '6', '1', '18666666', '0', '93', '0000-00-00 00:00:00', '1', '1', null, null);
INSERT INTO mu_supply VALUES ('159', '采购钼丝，钼针，钼板，钼铁', '1', '18', '钼铁，钼矿', '21', '李先生', '深圳废钼条回收', '深圳龙华大浪石光工业区', '6', '1', '18666666', '0', '342', '0000-00-00 00:00:00', '1', '1', null, null);
INSERT INTO mu_supply VALUES ('160', '长期出售钼酸铵', '1', '19', '钼铁，钼矿', '21', '李先生', '求购废钼催化剂', '深圳龙华大浪石光工业区', '4', '1', '18666666', '0', '245', '0000-00-00 00:00:00', '1', '1', null, null);
INSERT INTO mu_supply VALUES ('161', '深圳废钼条回收', '1', '18', '钼铁，钼矿', '22', '李先生', '供应钼铁', '深圳龙华大浪石光工业区', '6', '1', '18666666', '0', '828', '0000-00-00 00:00:00', '1', '1', null, null);
INSERT INTO mu_supply VALUES ('162', '长期供应钼铁', '1', '19', '钼铁，钼矿', '22', '李先生', '采购钼丝，钼针，钼板，钼铁', '深圳龙华大浪石光工业区', '6', '1', '18666666', '0', '108', '0000-00-00 00:00:00', '1', '1', null, null);
INSERT INTO mu_supply VALUES ('163', '长期供应钼铁60%，欢迎来电', '1', '19', '钼铁，钼矿', '22', '李先生', '长期钼铁出售', '深圳龙华大浪石光工业区', '4', '1', '18666666', '0', '500', '0000-00-00 00:00:00', '1', '1', null, null);
INSERT INTO mu_supply VALUES ('164', '长期供应钼铁60%', '1', '18', '钼铁，钼矿', '22', '李先生', '采购钼丝，钼针，钼板，钼铁', '深圳龙华大浪石光工业区', '6', '1', '18666666', '0', '801', '0000-00-00 00:00:00', '1', '1', null, null);
INSERT INTO mu_supply VALUES ('165', '长期钼铁出售', '1', '19', '钼铁，钼矿', '21', '李先生', '保密现金回收钼铁', '深圳龙华大浪石光工业区', '4', '1', '18666666', '0', '242', '0000-00-00 00:00:00', '1', '1', null, null);
INSERT INTO mu_supply VALUES ('166', '长期钼铁出售', '1', '19', '钼铁，钼矿', '21', '李先生', '长期供应钼铁60%', '深圳龙华大浪石光工业区', '3', '1', '18666666', '0', '873', '0000-00-00 00:00:00', '1', '1', null, null);
INSERT INTO mu_supply VALUES ('167', '采购钼丝，钼针，钼板，钼铁', '1', '18', '钼铁，钼矿', '22', '李先生', '保密现金回收钼铁', '深圳龙华大浪石光工业区', '6', '1', '18666666', '0', '742', '0000-00-00 00:00:00', '1', '1', null, null);
INSERT INTO mu_supply VALUES ('168', '长期供应钼铁60%，欢迎来电', '1', '19', '钼铁，钼矿', '21', '李先生', '钼铁钼棒回收钼片钼块回收钼渣回收上海钼丝废钼回收', '深圳龙华大浪石光工业区', '4', '1', '18666666', '0', '958', '0000-00-00 00:00:00', '1', '1', null, null);
INSERT INTO mu_supply VALUES ('169', '求购废钼催化剂', '1', '19', '钼铁，钼矿', '21', '李先生', '长期供应钼铁60%，欢迎来电', '深圳龙华大浪石光工业区', '4', '1', '18666666', '0', '335', '0000-00-00 00:00:00', '1', '1', null, null);
INSERT INTO mu_supply VALUES ('170', '供应钼铁', '1', '18', '钼铁，钼矿', '22', '李先生', '长期出售钼酸铵', '深圳龙华大浪石光工业区', '6', '1', '18666666', '0', '617', '0000-00-00 00:00:00', '1', '1', null, null);
INSERT INTO mu_supply VALUES ('171', '保密现金回收钼铁', '1', '18', '钼铁，钼矿', '22', '李先生', '长期钼铁出售', '深圳龙华大浪石光工业区', '3', '1', '18666666', '0', '561', '0000-00-00 00:00:00', '1', '1', null, null);
INSERT INTO mu_supply VALUES ('172', '长期供应钼铁60%，欢迎来电', '1', '19', '钼铁，钼矿', '21', '李先生', '保密现金回收钼铁', '深圳龙华大浪石光工业区', '3', '1', '18666666', '0', '577', '0000-00-00 00:00:00', '1', '1', null, null);
INSERT INTO mu_supply VALUES ('173', '采购钼丝，钼针，钼板，钼铁', '1', '19', '钼铁，钼矿', '22', '李先生', '长期供应钼铁60%，欢迎来电', '深圳龙华大浪石光工业区', '6', '1', '18666666', '0', '958', '0000-00-00 00:00:00', '1', '1', null, null);
INSERT INTO mu_supply VALUES ('174', '求购废钼催化剂', '1', '18', '钼铁，钼矿', '22', '李先生', '求购废钼催化剂', '深圳龙华大浪石光工业区', '3', '1', '18666666', '0', '317', '0000-00-00 00:00:00', '1', '1', null, null);
INSERT INTO mu_supply VALUES ('175', '采购钼丝，钼针，钼板，钼铁', '1', '18', '钼铁，钼矿', '22', '李先生', '我公司长期大量求购废钼丝', '深圳龙华大浪石光工业区', '3', '1', '18666666', '0', '669', '0000-00-00 00:00:00', '1', '1', null, null);
INSERT INTO mu_supply VALUES ('176', '求购废钼催化剂', '1', '18', '钼铁，钼矿', '21', '李先生', '长期出售钼酸铵', '深圳龙华大浪石光工业区', '3', '1', '18666666', '0', '703', '0000-00-00 00:00:00', '1', '1', null, null);
INSERT INTO mu_supply VALUES ('177', '保密现金回收钼铁', '1', '19', '钼铁，钼矿', '22', '李先生', '长期供应钼铁60%', '深圳龙华大浪石光工业区', '6', '1', '18666666', '0', '811', '0000-00-00 00:00:00', '1', '1', null, null);
INSERT INTO mu_supply VALUES ('178', '保密现金回收钼铁', '1', '18', '钼铁，钼矿', '21', '李先生', '长期钼铁出售', '深圳龙华大浪石光工业区', '6', '1', '18666666', '0', '853', '0000-00-00 00:00:00', '1', '1', null, null);
INSERT INTO mu_supply VALUES ('179', '长期钼铁出售', '1', '18', '钼铁，钼矿', '22', '李先生', '求购废钼催化剂', '深圳龙华大浪石光工业区', '6', '1', '18666666', '0', '242', '0000-00-00 00:00:00', '1', '1', null, null);
INSERT INTO mu_supply VALUES ('180', '求购废钼催化剂', '1', '18', '钼铁，钼矿', '21', '李先生', '我公司长期大量求购废钼丝', '深圳龙华大浪石光工业区', '4', '1', '18666666', '0', '190', '0000-00-00 00:00:00', '1', '1', null, null);
INSERT INTO mu_supply VALUES ('181', '长期供应钼铁', '1', '19', '钼铁，钼矿', '22', '李先生', '供应钼铁', '深圳龙华大浪石光工业区', '3', '1', '18666666', '0', '541', '0000-00-00 00:00:00', '1', '1', null, null);
INSERT INTO mu_supply VALUES ('182', '长期供应钼铁60%', '1', '19', '钼铁，钼矿', '22', '李先生', '长期钼铁出售', '深圳龙华大浪石光工业区', '6', '1', '18666666', '0', '152', '0000-00-00 00:00:00', '1', '1', null, null);
INSERT INTO mu_supply VALUES ('183', '钼铁钼棒回收钼片钼块回收钼渣回收上海钼丝废钼回收', '1', '19', '钼铁，钼矿', '22', '李先生', '长期供应钼铁', '深圳龙华大浪石光工业区', '3', '1', '18666666', '0', '195', '0000-00-00 00:00:00', '1', '1', null, null);
INSERT INTO mu_supply VALUES ('184', '我公司长期大量求购废钼丝', '1', '18', '钼铁，钼矿', '21', '李先生', '长期供应钼铁60%', '深圳龙华大浪石光工业区', '3', '1', '18666666', '0', '953', '0000-00-00 00:00:00', '1', '1', null, null);
INSERT INTO mu_supply VALUES ('185', '深圳废钼条回收', '1', '18', '钼铁，钼矿', '22', '李先生', '长期供应钼铁60%，欢迎来电', '深圳龙华大浪石光工业区', '3', '1', '18666666', '0', '419', '0000-00-00 00:00:00', '1', '1', null, null);
INSERT INTO mu_supply VALUES ('186', '钼铁钼棒回收钼片钼块回收钼渣回收上海钼丝废钼回收', '1', '18', '钼铁，钼矿', '21', '李先生', '我公司长期大量求购废钼丝', '深圳龙华大浪石光工业区', '4', '1', '18666666', '0', '799', '0000-00-00 00:00:00', '1', '1', null, null);
INSERT INTO mu_supply VALUES ('187', '长期钼铁出售', '1', '19', '钼铁，钼矿', '21', '李先生', '采购钼丝，钼针，钼板，钼铁', '深圳龙华大浪石光工业区', '6', '1', '18666666', '0', '712', '0000-00-00 00:00:00', '1', '1', null, null);
INSERT INTO mu_supply VALUES ('188', '钼铁钼棒回收钼片钼块回收钼渣回收上海钼丝废钼回收', '1', '19', '钼铁，钼矿', '22', '李先生', '采购钼丝，钼针，钼板，钼铁', '深圳龙华大浪石光工业区', '4', '1', '18666666', '0', '67', '0000-00-00 00:00:00', '1', '1', null, null);
INSERT INTO mu_supply VALUES ('189', '长期供应钼铁60%，欢迎来电', '1', '18', '钼铁，钼矿', '21', '李先生', '采购钼丝，钼针，钼板，钼铁', '深圳龙华大浪石光工业区', '3', '1', '18666666', '0', '134', '0000-00-00 00:00:00', '1', '1', null, null);
INSERT INTO mu_supply VALUES ('190', '长期供应钼铁', '1', '18', '钼铁，钼矿', '22', '李先生', '保密现金回收钼铁', '深圳龙华大浪石光工业区', '4', '1', '18666666', '0', '167', '0000-00-00 00:00:00', '1', '1', null, null);
INSERT INTO mu_supply VALUES ('191', '供应钼铁', '1', '18', '钼铁，钼矿', '22', '李先生', '求购废钼催化剂', '深圳龙华大浪石光工业区', '3', '1', '18666666', '0', '571', '0000-00-00 00:00:00', '1', '1', null, null);
INSERT INTO mu_supply VALUES ('192', '我公司长期大量求购废钼丝', '1', '18', '钼铁，钼矿', '22', '李先生', '采购钼丝，钼针，钼板，钼铁', '深圳龙华大浪石光工业区', '3', '1', '18666666', '0', '317', '0000-00-00 00:00:00', '1', '1', null, null);
INSERT INTO mu_supply VALUES ('193', '求购废钼催化剂', '1', '19', '钼铁，钼矿', '22', '李先生', '深圳废钼条回收', '深圳龙华大浪石光工业区', '4', '1', '18666666', '0', '623', '0000-00-00 00:00:00', '1', '1', null, null);
INSERT INTO mu_supply VALUES ('194', '钼铁钼棒回收钼片钼块回收钼渣回收上海钼丝废钼回收', '1', '18', '钼铁，钼矿', '22', '李先生', '长期供应钼铁', '深圳龙华大浪石光工业区', '4', '1', '18666666', '0', '397', '0000-00-00 00:00:00', '1', '1', null, null);
INSERT INTO mu_supply VALUES ('195', '保密现金回收钼铁', '1', '18', '钼铁，钼矿', '21', '李先生', '采购钼丝，钼针，钼板，钼铁', '深圳龙华大浪石光工业区', '4', '1', '18666666', '0', '779', '0000-00-00 00:00:00', '1', '1', null, null);
INSERT INTO mu_supply VALUES ('196', '我公司长期大量求购废钼丝', '1', '19', '钼铁，钼矿', '22', '李先生', '长期供应钼铁', '深圳龙华大浪石光工业区', '3', '1', '18666666', '0', '111', '0000-00-00 00:00:00', '1', '1', null, null);
INSERT INTO mu_supply VALUES ('197', '深圳废钼条回收', '1', '18', '钼铁，钼矿', '22', '李先生', '长期供应钼铁60%，欢迎来电', '深圳龙华大浪石光工业区', '3', '1', '18666666', '0', '750', '0000-00-00 00:00:00', '1', '1', null, null);
INSERT INTO mu_supply VALUES ('198', '长期供应钼铁', '1', '18', '钼铁，钼矿', '22', '李先生', '我公司长期大量求购废钼丝', '深圳龙华大浪石光工业区', '6', '1', '18666666', '0', '132', '0000-00-00 00:00:00', '1', '1', null, null);
INSERT INTO mu_supply VALUES ('199', '长期钼铁出售', '1', '18', '钼铁，钼矿', '22', '李先生', '长期钼铁出售', '深圳龙华大浪石光工业区', '4', '1', '18666666', '0', '88', '0000-00-00 00:00:00', '1', '1', null, null);
INSERT INTO mu_supply VALUES ('200', '我公司长期大量求购废钼丝', '1', '18', '钼铁，钼矿', '21', '李先生', '采购钼丝，钼针，钼板，钼铁', '深圳龙华大浪石光工业区', '3', '1', '18666666', '0', '426', '0000-00-00 00:00:00', '1', '1', null, null);

-- ----------------------------
-- Table structure for `mu_term`
-- ----------------------------
DROP TABLE IF EXISTS `mu_term`;
CREATE TABLE `mu_term` (
  `term_id` int(11) NOT NULL AUTO_INCREMENT,
  `term_parent_id` int(4) DEFAULT '0',
  `term_name` varchar(128) NOT NULL,
  `term_slug` varchar(200) DEFAULT NULL COMMENT '''描述''',
  `term_group_id` int(4) NOT NULL COMMENT '比如产品分类 职位 ',
  `term_order` int(4) DEFAULT '0',
  `term_create_time` datetime DEFAULT NULL,
  PRIMARY KEY (`term_id`)
) ENGINE=MyISAM AUTO_INCREMENT=21 DEFAULT CHARSET=utf8;

-- ----------------------------
-- Records of mu_term
-- ----------------------------
INSERT INTO mu_term VALUES ('1', '0', '有效', null, '1', '0', '2013-01-20 10:27:00');
INSERT INTO mu_term VALUES ('2', '0', '无效', null, '1', '0', '2013-01-20 17:56:41');
INSERT INTO mu_term VALUES ('3', '0', '吨', null, '2', '0', '2013-01-22 22:31:17');
INSERT INTO mu_term VALUES ('4', '0', '国有企业', null, '4', '0', '2013-01-23 20:59:01');
INSERT INTO mu_term VALUES ('5', '0', '中外合资', null, '4', '0', '2013-01-23 20:59:00');
INSERT INTO mu_term VALUES ('6', '0', '采矿型', null, '5', '0', '2013-01-23 20:58:59');
INSERT INTO mu_term VALUES ('7', '0', '贸易型', null, '5', '0', '2013-01-23 20:58:57');
INSERT INTO mu_term VALUES ('8', '0', '董事长', null, '3', '0', '2013-01-23 21:02:36');
INSERT INTO mu_term VALUES ('9', '0', '图片', null, '6', '0', '2013-01-24 22:29:45');
INSERT INTO mu_term VALUES ('10', '0', 'flash', null, '6', '0', '2013-01-24 22:30:00');
INSERT INTO mu_term VALUES ('11', '0', '首页底部', null, '7', '0', '2013-01-24 22:30:22');
INSERT INTO mu_term VALUES ('12', '0', '首页幻灯片下方', null, '7', '0', '2013-01-26 23:42:01');
INSERT INTO mu_term VALUES ('13', '0', '供应信息', null, '8', '0', '2013-01-24 22:46:11');
INSERT INTO mu_term VALUES ('14', '0', '采购信息', null, '8', '0', '2013-01-24 22:46:22');
INSERT INTO mu_term VALUES ('15', '0', '首页特价信息', null, '9', '0', '2013-01-26 23:42:04');
INSERT INTO mu_term VALUES ('16', '0', '行情', null, '10', '0', '2013-01-26 23:41:46');
INSERT INTO mu_term VALUES ('17', '0', '新闻', null, '10', '0', '2013-01-26 23:41:59');
INSERT INTO mu_term VALUES ('18', '0', '供应', null, '11', '0', '2013-01-27 14:37:56');
INSERT INTO mu_term VALUES ('19', '0', '求购', null, '11', '0', '2013-01-27 14:37:54');
INSERT INTO mu_term VALUES ('20', '0', '钼知识', null, '10', '0', '2013-01-28 00:49:38');

-- ----------------------------
-- Table structure for `mu_term_group`
-- ----------------------------
DROP TABLE IF EXISTS `mu_term_group`;
CREATE TABLE `mu_term_group` (
  `group_id` int(11) NOT NULL AUTO_INCREMENT,
  `group_name` varchar(100) DEFAULT NULL,
  `group_desc` varchar(128) DEFAULT NULL,
  PRIMARY KEY (`group_id`)
) ENGINE=MyISAM AUTO_INCREMENT=12 DEFAULT CHARSET=utf8;

-- ----------------------------
-- Records of mu_term_group
-- ----------------------------
INSERT INTO mu_term_group VALUES ('1', '状态', null);
INSERT INTO mu_term_group VALUES ('2', '重量单位', null);
INSERT INTO mu_term_group VALUES ('3', '职位', null);
INSERT INTO mu_term_group VALUES ('4', '企业类型', null);
INSERT INTO mu_term_group VALUES ('5', '经营模式', null);
INSERT INTO mu_term_group VALUES ('6', '广告媒体类型', null);
INSERT INTO mu_term_group VALUES ('7', '广告位置', null);
INSERT INTO mu_term_group VALUES ('8', '推荐信息类型', null);
INSERT INTO mu_term_group VALUES ('9', '推荐位置', null);
INSERT INTO mu_term_group VALUES ('10', '文章类型', null);
INSERT INTO mu_term_group VALUES ('11', '供求类型', null);

-- ----------------------------
-- Table structure for `mu_user`
-- ----------------------------
DROP TABLE IF EXISTS `mu_user`;
CREATE TABLE `mu_user` (
  `user_id` int(11) NOT NULL AUTO_INCREMENT,
  `user_name` varchar(50) NOT NULL,
  `user_pwd` varchar(40) NOT NULL,
  `user_email` char(100) DEFAULT NULL,
  `user_nickname` varchar(20) DEFAULT NULL,
  `user_type` int(4) DEFAULT NULL COMMENT '用户类型',
  `user_mobile_no` varchar(30) DEFAULT NULL,
  `user_first_name` varchar(50) DEFAULT NULL,
  `user_last_name` varchar(50) DEFAULT NULL,
  `user_status` int(4) DEFAULT NULL,
  `user_province_id` int(4) DEFAULT NULL COMMENT '所在省市',
  `user_city_id` int(4) DEFAULT NULL COMMENT '所在城市',
  `user_subscribe` int(4) DEFAULT NULL COMMENT '用户是否订阅钼市网行情',
  `user_point` bigint(20) DEFAULT NULL COMMENT '用户积分',
  `user_join_date` datetime DEFAULT NULL COMMENT '''注册时间''',
  `user_confirm_date` datetime DEFAULT NULL COMMENT '''验证时间''',
  `user_last_login_date` datetime DEFAULT NULL COMMENT '''最近登录时间''',
  PRIMARY KEY (`user_id`),
  KEY `user_type` (`user_type`),
  KEY `user_status` (`user_status`)
) ENGINE=MyISAM AUTO_INCREMENT=100 DEFAULT CHARSET=utf8;

-- ----------------------------
-- Records of mu_user
-- ----------------------------
INSERT INTO mu_user VALUES ('1', 'ueelife', 'e10adc3949ba59abbe56e057f20f883e', null, null, null, null, null, null, '1', null, null, null, null, null, null, null);
INSERT INTO mu_user VALUES ('2', 'ueelife', 'e10adc3949ba59abbe56e057f20f883e', null, null, null, null, null, null, '1', null, null, null, null, null, null, null);
INSERT INTO mu_user VALUES ('3', 'ueelife', 'e10adc3949ba59abbe56e057f20f883e', null, null, null, null, null, null, '1', null, null, null, null, null, null, null);
INSERT INTO mu_user VALUES ('4', 'ueelife', 'e10adc3949ba59abbe56e057f20f883e', null, null, null, null, null, null, '1', null, null, null, null, null, null, null);
INSERT INTO mu_user VALUES ('5', 'ueelife', 'e10adc3949ba59abbe56e057f20f883e', null, null, null, null, null, null, '1', null, null, null, null, null, null, null);
INSERT INTO mu_user VALUES ('6', 'ueelife', 'e10adc3949ba59abbe56e057f20f883e', null, null, null, null, null, null, '1', null, null, null, null, null, null, null);
INSERT INTO mu_user VALUES ('7', 'ueelife', 'e10adc3949ba59abbe56e057f20f883e', null, null, null, null, null, null, '1', null, null, null, null, null, null, null);
INSERT INTO mu_user VALUES ('8', 'ueelife', 'e10adc3949ba59abbe56e057f20f883e', null, null, null, null, null, null, '1', null, null, null, null, null, null, null);
INSERT INTO mu_user VALUES ('9', 'ueelife', 'e10adc3949ba59abbe56e057f20f883e', null, null, null, null, null, null, '1', null, null, null, null, null, null, null);
INSERT INTO mu_user VALUES ('10', 'ueelife', 'e10adc3949ba59abbe56e057f20f883e', null, null, null, null, null, null, '1', null, null, null, null, null, null, null);
INSERT INTO mu_user VALUES ('11', 'ueelife', 'e10adc3949ba59abbe56e057f20f883e', null, null, null, null, null, null, '1', null, null, null, null, null, null, null);
INSERT INTO mu_user VALUES ('12', 'ueelife', 'e10adc3949ba59abbe56e057f20f883e', null, null, null, null, null, null, '1', null, null, null, null, null, null, null);
INSERT INTO mu_user VALUES ('13', 'ueelife', 'e10adc3949ba59abbe56e057f20f883e', null, null, null, null, null, null, '1', null, null, null, null, null, null, null);
INSERT INTO mu_user VALUES ('14', 'ueelife', 'e10adc3949ba59abbe56e057f20f883e', null, null, null, null, null, null, '1', null, null, null, null, null, null, null);
INSERT INTO mu_user VALUES ('15', 'ueelife', 'e10adc3949ba59abbe56e057f20f883e', null, null, null, null, null, null, '1', null, null, null, null, null, null, null);
INSERT INTO mu_user VALUES ('16', 'ueelife', 'e10adc3949ba59abbe56e057f20f883e', null, null, null, null, null, null, '1', null, null, null, null, null, null, null);
INSERT INTO mu_user VALUES ('17', 'ueelife', 'e10adc3949ba59abbe56e057f20f883e', null, null, null, null, null, null, '1', null, null, null, null, null, null, null);
INSERT INTO mu_user VALUES ('18', 'ueelife', 'e10adc3949ba59abbe56e057f20f883e', null, null, null, null, null, null, '1', null, null, null, null, null, null, null);
INSERT INTO mu_user VALUES ('19', 'ueelife', 'e10adc3949ba59abbe56e057f20f883e', null, null, null, null, null, null, '1', null, null, null, null, null, null, null);
INSERT INTO mu_user VALUES ('20', 'ueelife', 'e10adc3949ba59abbe56e057f20f883e', null, null, null, null, null, null, '1', null, null, null, null, null, null, null);
INSERT INTO mu_user VALUES ('21', 'ueelife', 'e10adc3949ba59abbe56e057f20f883e', null, null, null, null, null, null, '1', null, null, null, null, null, null, null);
INSERT INTO mu_user VALUES ('22', 'ueelife', 'e10adc3949ba59abbe56e057f20f883e', null, null, null, null, null, null, '1', null, null, null, null, null, null, null);
INSERT INTO mu_user VALUES ('23', 'ueelife', 'e10adc3949ba59abbe56e057f20f883e', null, null, null, null, null, null, '1', null, null, null, null, null, null, null);
INSERT INTO mu_user VALUES ('24', 'ueelife', 'e10adc3949ba59abbe56e057f20f883e', null, null, null, null, null, null, '1', null, null, null, null, null, null, null);
INSERT INTO mu_user VALUES ('25', 'ueelife', 'e10adc3949ba59abbe56e057f20f883e', null, null, null, null, null, null, '1', null, null, null, null, null, null, null);
INSERT INTO mu_user VALUES ('26', 'ueelife', 'e10adc3949ba59abbe56e057f20f883e', null, null, null, null, null, null, '1', null, null, null, null, null, null, null);
INSERT INTO mu_user VALUES ('27', 'ueelife', 'e10adc3949ba59abbe56e057f20f883e', null, null, null, null, null, null, '1', null, null, null, null, null, null, null);
INSERT INTO mu_user VALUES ('28', 'ueelife', 'e10adc3949ba59abbe56e057f20f883e', null, null, null, null, null, null, '1', null, null, null, null, null, null, null);
INSERT INTO mu_user VALUES ('29', 'ueelife', 'e10adc3949ba59abbe56e057f20f883e', null, null, null, null, null, null, '1', null, null, null, null, null, null, null);
INSERT INTO mu_user VALUES ('30', 'ueelife', 'e10adc3949ba59abbe56e057f20f883e', null, null, null, null, null, null, '1', null, null, null, null, null, null, null);
INSERT INTO mu_user VALUES ('31', 'ueelife', 'e10adc3949ba59abbe56e057f20f883e', null, null, null, null, null, null, '1', null, null, null, null, null, null, null);
INSERT INTO mu_user VALUES ('32', 'ueelife', 'e10adc3949ba59abbe56e057f20f883e', null, null, null, null, null, null, '1', null, null, null, null, null, null, null);
INSERT INTO mu_user VALUES ('33', 'ueelife', 'e10adc3949ba59abbe56e057f20f883e', null, null, null, null, null, null, '1', null, null, null, null, null, null, null);
INSERT INTO mu_user VALUES ('34', 'ueelife', 'e10adc3949ba59abbe56e057f20f883e', null, null, null, null, null, null, '1', null, null, null, null, null, null, null);
INSERT INTO mu_user VALUES ('35', 'ueelife', 'e10adc3949ba59abbe56e057f20f883e', null, null, null, null, null, null, '1', null, null, null, null, null, null, null);
INSERT INTO mu_user VALUES ('36', 'ueelife', 'e10adc3949ba59abbe56e057f20f883e', null, null, null, null, null, null, '1', null, null, null, null, null, null, null);
INSERT INTO mu_user VALUES ('37', 'ueelife', 'e10adc3949ba59abbe56e057f20f883e', null, null, null, null, null, null, '1', null, null, null, null, null, null, null);
INSERT INTO mu_user VALUES ('38', 'ueelife', 'e10adc3949ba59abbe56e057f20f883e', null, null, null, null, null, null, '1', null, null, null, null, null, null, null);
INSERT INTO mu_user VALUES ('39', 'ueelife', 'e10adc3949ba59abbe56e057f20f883e', null, null, null, null, null, null, '1', null, null, null, null, null, null, null);
INSERT INTO mu_user VALUES ('40', 'ueelife', 'e10adc3949ba59abbe56e057f20f883e', null, null, null, null, null, null, '1', null, null, null, null, null, null, null);
INSERT INTO mu_user VALUES ('41', 'ueelife', 'e10adc3949ba59abbe56e057f20f883e', null, null, null, null, null, null, '1', null, null, null, null, null, null, null);
INSERT INTO mu_user VALUES ('42', 'ueelife', 'e10adc3949ba59abbe56e057f20f883e', null, null, null, null, null, null, '1', null, null, null, null, null, null, null);
INSERT INTO mu_user VALUES ('43', 'ueelife', 'e10adc3949ba59abbe56e057f20f883e', null, null, null, null, null, null, '1', null, null, null, null, null, null, null);
INSERT INTO mu_user VALUES ('44', 'ueelife', 'e10adc3949ba59abbe56e057f20f883e', null, null, null, null, null, null, '1', null, null, null, null, null, null, null);
INSERT INTO mu_user VALUES ('45', 'ueelife', 'e10adc3949ba59abbe56e057f20f883e', null, null, null, null, null, null, '1', null, null, null, null, null, null, null);
INSERT INTO mu_user VALUES ('46', 'ueelife', 'e10adc3949ba59abbe56e057f20f883e', null, null, null, null, null, null, '1', null, null, null, null, null, null, null);
INSERT INTO mu_user VALUES ('47', 'ueelife', 'e10adc3949ba59abbe56e057f20f883e', null, null, null, null, null, null, '1', null, null, null, null, null, null, null);
INSERT INTO mu_user VALUES ('48', 'ueelife', 'e10adc3949ba59abbe56e057f20f883e', null, null, null, null, null, null, '1', null, null, null, null, null, null, null);
INSERT INTO mu_user VALUES ('49', 'ueelife', 'e10adc3949ba59abbe56e057f20f883e', null, null, null, null, null, null, '1', null, null, null, null, null, null, null);
INSERT INTO mu_user VALUES ('50', 'ueelife', 'e10adc3949ba59abbe56e057f20f883e', null, null, null, null, null, null, '1', null, null, null, null, null, null, null);
INSERT INTO mu_user VALUES ('51', 'ueelife', 'e10adc3949ba59abbe56e057f20f883e', null, null, null, null, null, null, '1', null, null, null, null, null, null, null);
INSERT INTO mu_user VALUES ('52', 'ueelife', 'e10adc3949ba59abbe56e057f20f883e', null, null, null, null, null, null, '1', null, null, null, null, null, null, null);
INSERT INTO mu_user VALUES ('53', 'ueelife', 'e10adc3949ba59abbe56e057f20f883e', null, null, null, null, null, null, '1', null, null, null, null, null, null, null);
INSERT INTO mu_user VALUES ('54', 'ueelife', 'e10adc3949ba59abbe56e057f20f883e', null, null, null, null, null, null, '1', null, null, null, null, null, null, null);
INSERT INTO mu_user VALUES ('55', 'ueelife', 'e10adc3949ba59abbe56e057f20f883e', null, null, null, null, null, null, '1', null, null, null, null, null, null, null);
INSERT INTO mu_user VALUES ('56', 'ueelife', 'e10adc3949ba59abbe56e057f20f883e', null, null, null, null, null, null, '1', null, null, null, null, null, null, null);
INSERT INTO mu_user VALUES ('57', 'ueelife', 'e10adc3949ba59abbe56e057f20f883e', null, null, null, null, null, null, '1', null, null, null, null, null, null, null);
INSERT INTO mu_user VALUES ('58', 'ueelife', 'e10adc3949ba59abbe56e057f20f883e', null, null, null, null, null, null, '1', null, null, null, null, null, null, null);
INSERT INTO mu_user VALUES ('59', 'ueelife', 'e10adc3949ba59abbe56e057f20f883e', null, null, null, null, null, null, '1', null, null, null, null, null, null, null);
INSERT INTO mu_user VALUES ('60', 'ueelife', 'e10adc3949ba59abbe56e057f20f883e', null, null, null, null, null, null, '1', null, null, null, null, null, null, null);
INSERT INTO mu_user VALUES ('61', 'ueelife', 'e10adc3949ba59abbe56e057f20f883e', null, null, null, null, null, null, '1', null, null, null, null, null, null, null);
INSERT INTO mu_user VALUES ('62', 'ueelife', 'e10adc3949ba59abbe56e057f20f883e', null, null, null, null, null, null, '1', null, null, null, null, null, null, null);
INSERT INTO mu_user VALUES ('63', 'ueelife', 'e10adc3949ba59abbe56e057f20f883e', null, null, null, null, null, null, '1', null, null, null, null, null, null, null);
INSERT INTO mu_user VALUES ('64', 'ueelife', 'e10adc3949ba59abbe56e057f20f883e', null, null, null, null, null, null, '1', null, null, null, null, null, null, null);
INSERT INTO mu_user VALUES ('65', 'ueelife', 'e10adc3949ba59abbe56e057f20f883e', null, null, null, null, null, null, '1', null, null, null, null, null, null, null);
INSERT INTO mu_user VALUES ('66', 'ueelife', 'e10adc3949ba59abbe56e057f20f883e', null, null, null, null, null, null, '1', null, null, null, null, null, null, null);
INSERT INTO mu_user VALUES ('67', 'ueelife', 'e10adc3949ba59abbe56e057f20f883e', null, null, null, null, null, null, '1', null, null, null, null, null, null, null);
INSERT INTO mu_user VALUES ('68', 'ueelife', 'e10adc3949ba59abbe56e057f20f883e', null, null, null, null, null, null, '1', null, null, null, null, null, null, null);
INSERT INTO mu_user VALUES ('69', 'ueelife', 'e10adc3949ba59abbe56e057f20f883e', null, null, null, null, null, null, '1', null, null, null, null, null, null, null);
INSERT INTO mu_user VALUES ('70', 'ueelife', 'e10adc3949ba59abbe56e057f20f883e', null, null, null, null, null, null, '1', null, null, null, null, null, null, null);
INSERT INTO mu_user VALUES ('71', 'ueelife', 'e10adc3949ba59abbe56e057f20f883e', null, null, null, null, null, null, '1', null, null, null, null, null, null, null);
INSERT INTO mu_user VALUES ('72', 'ueelife', 'e10adc3949ba59abbe56e057f20f883e', null, null, null, null, null, null, '1', null, null, null, null, null, null, null);
INSERT INTO mu_user VALUES ('73', 'ueelife', 'e10adc3949ba59abbe56e057f20f883e', null, null, null, null, null, null, '1', null, null, null, null, null, null, null);
INSERT INTO mu_user VALUES ('74', 'ueelife', 'e10adc3949ba59abbe56e057f20f883e', null, null, null, null, null, null, '1', null, null, null, null, null, null, null);
INSERT INTO mu_user VALUES ('75', 'ueelife', 'e10adc3949ba59abbe56e057f20f883e', null, null, null, null, null, null, '1', null, null, null, null, null, null, null);
INSERT INTO mu_user VALUES ('76', 'ueelife', 'e10adc3949ba59abbe56e057f20f883e', null, null, null, null, null, null, '1', null, null, null, null, null, null, null);
INSERT INTO mu_user VALUES ('77', 'ueelife', 'e10adc3949ba59abbe56e057f20f883e', null, null, null, null, null, null, '1', null, null, null, null, null, null, null);
INSERT INTO mu_user VALUES ('78', 'ueelife', 'e10adc3949ba59abbe56e057f20f883e', null, null, null, null, null, null, '1', null, null, null, null, null, null, null);
INSERT INTO mu_user VALUES ('79', 'ueelife', 'e10adc3949ba59abbe56e057f20f883e', null, null, null, null, null, null, '1', null, null, null, null, null, null, null);
INSERT INTO mu_user VALUES ('80', 'ueelife', 'e10adc3949ba59abbe56e057f20f883e', null, null, null, null, null, null, '1', null, null, null, null, null, null, null);
INSERT INTO mu_user VALUES ('81', 'ueelife', 'e10adc3949ba59abbe56e057f20f883e', null, null, null, null, null, null, '1', null, null, null, null, null, null, null);
INSERT INTO mu_user VALUES ('82', 'ueelife', 'e10adc3949ba59abbe56e057f20f883e', null, null, null, null, null, null, '1', null, null, null, null, null, null, null);
INSERT INTO mu_user VALUES ('83', 'ueelife', 'e10adc3949ba59abbe56e057f20f883e', null, null, null, null, null, null, '1', null, null, null, null, null, null, null);
INSERT INTO mu_user VALUES ('84', 'ueelife', 'e10adc3949ba59abbe56e057f20f883e', null, null, null, null, null, null, '1', null, null, null, null, null, null, null);
INSERT INTO mu_user VALUES ('85', 'ueelife', 'e10adc3949ba59abbe56e057f20f883e', null, null, null, null, null, null, '1', null, null, null, null, null, null, null);
INSERT INTO mu_user VALUES ('86', 'ueelife', 'e10adc3949ba59abbe56e057f20f883e', null, null, null, null, null, null, '1', null, null, null, null, null, null, null);
INSERT INTO mu_user VALUES ('87', 'ueelife', 'e10adc3949ba59abbe56e057f20f883e', null, null, null, null, null, null, '1', null, null, null, null, null, null, null);
INSERT INTO mu_user VALUES ('88', 'ueelife', 'e10adc3949ba59abbe56e057f20f883e', null, null, null, null, null, null, '1', null, null, null, null, null, null, null);
INSERT INTO mu_user VALUES ('89', 'ueelife', 'e10adc3949ba59abbe56e057f20f883e', null, null, null, null, null, null, '1', null, null, null, null, null, null, null);
INSERT INTO mu_user VALUES ('90', 'ueelife', 'e10adc3949ba59abbe56e057f20f883e', null, null, null, null, null, null, '1', null, null, null, null, null, null, null);
INSERT INTO mu_user VALUES ('91', 'ueelife', 'e10adc3949ba59abbe56e057f20f883e', null, null, null, null, null, null, '1', null, null, null, null, null, null, null);
INSERT INTO mu_user VALUES ('92', 'ueelife', 'e10adc3949ba59abbe56e057f20f883e', null, null, null, null, null, null, '1', null, null, null, null, null, null, null);
INSERT INTO mu_user VALUES ('93', 'ueelife', 'e10adc3949ba59abbe56e057f20f883e', null, null, null, null, null, null, '1', null, null, null, null, null, null, null);
INSERT INTO mu_user VALUES ('94', 'ueelife', 'e10adc3949ba59abbe56e057f20f883e', null, null, null, null, null, null, '1', null, null, null, null, null, null, null);
INSERT INTO mu_user VALUES ('95', 'ueelife', 'e10adc3949ba59abbe56e057f20f883e', null, null, null, null, null, null, '1', null, null, null, null, null, null, null);
INSERT INTO mu_user VALUES ('96', 'ueelife', 'e10adc3949ba59abbe56e057f20f883e', null, null, null, null, null, null, '1', null, null, null, null, null, null, null);
INSERT INTO mu_user VALUES ('97', 'ueelife', 'e10adc3949ba59abbe56e057f20f883e', null, null, null, null, null, null, '1', null, null, null, null, null, null, null);
INSERT INTO mu_user VALUES ('98', 'ueelife', 'e10adc3949ba59abbe56e057f20f883e', null, null, null, null, null, null, '1', null, null, null, null, null, null, null);
INSERT INTO mu_user VALUES ('99', 'ueelife', 'e10adc3949ba59abbe56e057f20f883e', null, null, null, null, null, null, '1', null, null, null, null, null, null, null);

-- ----------------------------
-- Table structure for `mu_user_certificate`
-- ----------------------------
DROP TABLE IF EXISTS `mu_user_certificate`;
CREATE TABLE `mu_user_certificate` (
  `cert_id` int(11) NOT NULL,
  `cert_ent_id` int(11) NOT NULL,
  `cert_title` varchar(128) DEFAULT NULL COMMENT '''资质''',
  `cert_img_src` varchar(128) DEFAULT NULL COMMENT '''图片地址''',
  PRIMARY KEY (`cert_id`)
) ENGINE=MyISAM DEFAULT CHARSET=utf8;

-- ----------------------------
-- Records of mu_user_certificate
-- ----------------------------

-- ----------------------------
-- Table structure for `mu_user_enterprise`
-- ----------------------------
DROP TABLE IF EXISTS `mu_user_enterprise`;
CREATE TABLE `mu_user_enterprise` (
  `ent_id` int(11) NOT NULL AUTO_INCREMENT,
  `ent_user_id` int(11) NOT NULL COMMENT '企业对应的网站用户',
  `ent_name` varchar(256) DEFAULT NULL COMMENT '企业对应的网站用户',
  `ent_type` int(4) DEFAULT NULL COMMENT '企业类型，如国有，私营',
  `ent_website` varchar(512) DEFAULT NULL COMMENT '''网站地址''',
  `ent_business_model` int(4) unsigned DEFAULT NULL COMMENT '经营模式，生产，贸易等',
  `ent_zipcode` char(32) DEFAULT NULL COMMENT '''邮编''',
  `ent_introduce` text COMMENT '''企业介绍''',
  `ent_location` varchar(218) DEFAULT NULL COMMENT '''企业详细地址''',
  `ent_city` int(4) DEFAULT NULL COMMENT '所在市地区',
  `ent_status` int(4) NOT NULL DEFAULT '0' COMMENT '企业状态',
  `ent_chief` varchar(128) NOT NULL COMMENT '''负责人''',
  `ent_create_time` datetime NOT NULL COMMENT '添加时间',
  `ent_chief_postion` int(11) DEFAULT NULL COMMENT '负责人职位',
  `ent_business_scope` varchar(512) DEFAULT NULL COMMENT '''经营范围''',
  `ent_registered_capital` decimal(10,0) DEFAULT NULL COMMENT '注册资金',
  `ent_recommend` tinyint(1) DEFAULT NULL COMMENT '是否推荐企业',
  `ent_logo` varchar(128) DEFAULT NULL COMMENT '公司LOGO',
  `ent_update_time` datetime DEFAULT NULL COMMENT '修改时间',
  `ent_check_by` varchar(50) DEFAULT NULL COMMENT '审核人',
  PRIMARY KEY (`ent_id`),
  KEY `ent_user_id` (`ent_user_id`)
) ENGINE=MyISAM AUTO_INCREMENT=30 DEFAULT CHARSET=utf8;

-- ----------------------------
-- Records of mu_user_enterprise
-- ----------------------------
INSERT INTO mu_user_enterprise VALUES ('1', '54', '黑龙江鸡东县金场沟矿业开发有限责任公司(钼生产型/贸易型企业)', '5', 'http://www.mushw.com', '7', '51800', '企业是从事生产、流通、服务等经济活动，以生产或服务满足社会需要，实行自主经营、独立核算、依法设立的一种盈利性的经济组织。企业主要指独立的盈利性组织。在中国计划经济时期，“企业”是与“事业单位”平行使用的常用词语。《辞海》1979年版中，“企业”的解释为：“从事生产、流通或服务活动的独立核算经济单位”；“事业单位”的解释为：“受国家机关领导，不实行经济核算的单位”。在20世纪后期中国大陆改革开放与现代化建设及信息技术领域新概念大量涌入的背景下，“企业”一词的用法有所变化，并不限于商业性或盈利组织', '深圳', '3', '2', '李总', '2013-01-31 00:00:00', '8', '网络，安全，建站', '500', '1', 'image', '2013-01-31 00:00:00', 'lizhili');
INSERT INTO mu_user_enterprise VALUES ('2', '89', '昆明昊泰钼化有限公司(钼生产型/贸易型企业)', '4', 'http://www.mushw.com', '6', '51800', '企业是从事生产、流通、服务等经济活动，以生产或服务满足社会需要，实行自主经营、独立核算、依法设立的一种盈利性的经济组织。企业主要指独立的盈利性组织。在中国计划经济时期，“企业”是与“事业单位”平行使用的常用词语。《辞海》1979年版中，“企业”的解释为：“从事生产、流通或服务活动的独立核算经济单位”；“事业单位”的解释为：“受国家机关领导，不实行经济核算的单位”。在20世纪后期中国大陆改革开放与现代化建设及信息技术领域新概念大量涌入的背景下，“企业”一词的用法有所变化，并不限于商业性或盈利组织', '深圳', '6', '2', '李总', '2013-01-31 00:00:00', '8', '网络，安全，建站', '500', '1', 'image', '2013-01-31 00:00:00', 'lizhili');
INSERT INTO mu_user_enterprise VALUES ('3', '60', '昆明昊泰钼化有限公司(钼生产型/贸易型企业)', '5', 'http://www.mushw.com', '6', '51800', '企业是从事生产、流通、服务等经济活动，以生产或服务满足社会需要，实行自主经营、独立核算、依法设立的一种盈利性的经济组织。企业主要指独立的盈利性组织。在中国计划经济时期，“企业”是与“事业单位”平行使用的常用词语。《辞海》1979年版中，“企业”的解释为：“从事生产、流通或服务活动的独立核算经济单位”；“事业单位”的解释为：“受国家机关领导，不实行经济核算的单位”。在20世纪后期中国大陆改革开放与现代化建设及信息技术领域新概念大量涌入的背景下，“企业”一词的用法有所变化，并不限于商业性或盈利组织', '深圳', '6', '1', '李总', '2013-01-31 00:00:00', '8', '网络，安全，建站', '500', '1', 'image', '2013-01-31 00:00:00', 'lizhili');
INSERT INTO mu_user_enterprise VALUES ('4', '87', '深圳优意生活科技有限公司', '4', 'http://www.mushw.com', '7', '51800', '企业是从事生产、流通、服务等经济活动，以生产或服务满足社会需要，实行自主经营、独立核算、依法设立的一种盈利性的经济组织。企业主要指独立的盈利性组织。在中国计划经济时期，“企业”是与“事业单位”平行使用的常用词语。《辞海》1979年版中，“企业”的解释为：“从事生产、流通或服务活动的独立核算经济单位”；“事业单位”的解释为：“受国家机关领导，不实行经济核算的单位”。在20世纪后期中国大陆改革开放与现代化建设及信息技术领域新概念大量涌入的背景下，“企业”一词的用法有所变化，并不限于商业性或盈利组织', '深圳', '6', '2', '李总', '2013-01-31 00:00:00', '8', '网络，安全，建站', '500', '1', 'image', '2013-01-31 00:00:00', 'lizhili');
INSERT INTO mu_user_enterprise VALUES ('5', '82', '深圳优意生活科技有限公司', '4', 'http://www.mushw.com', '6', '51800', '企业是从事生产、流通、服务等经济活动，以生产或服务满足社会需要，实行自主经营、独立核算、依法设立的一种盈利性的经济组织。企业主要指独立的盈利性组织。在中国计划经济时期，“企业”是与“事业单位”平行使用的常用词语。《辞海》1979年版中，“企业”的解释为：“从事生产、流通或服务活动的独立核算经济单位”；“事业单位”的解释为：“受国家机关领导，不实行经济核算的单位”。在20世纪后期中国大陆改革开放与现代化建设及信息技术领域新概念大量涌入的背景下，“企业”一词的用法有所变化，并不限于商业性或盈利组织', '深圳', '6', '2', '李总', '2013-01-31 00:00:00', '8', '网络，安全，建站', '500', '1', 'image', '2013-01-31 00:00:00', 'lizhili');
INSERT INTO mu_user_enterprise VALUES ('6', '50', '厦门虹鹭钨钼工业有限公司(钼生产型/贸易型企业)', '5', 'http://www.mushw.com', '6', '51800', '企业是从事生产、流通、服务等经济活动，以生产或服务满足社会需要，实行自主经营、独立核算、依法设立的一种盈利性的经济组织。企业主要指独立的盈利性组织。在中国计划经济时期，“企业”是与“事业单位”平行使用的常用词语。《辞海》1979年版中，“企业”的解释为：“从事生产、流通或服务活动的独立核算经济单位”；“事业单位”的解释为：“受国家机关领导，不实行经济核算的单位”。在20世纪后期中国大陆改革开放与现代化建设及信息技术领域新概念大量涌入的背景下，“企业”一词的用法有所变化，并不限于商业性或盈利组织', '深圳', '4', '1', '李总', '2013-01-31 00:00:00', '8', '网络，安全，建站', '500', '1', 'image', '2013-01-31 00:00:00', 'lizhili');
INSERT INTO mu_user_enterprise VALUES ('7', '65', '宝钢资源有限公司(钼贸易型企业)', '4', 'http://www.mushw.com', '7', '51800', '企业是从事生产、流通、服务等经济活动，以生产或服务满足社会需要，实行自主经营、独立核算、依法设立的一种盈利性的经济组织。企业主要指独立的盈利性组织。在中国计划经济时期，“企业”是与“事业单位”平行使用的常用词语。《辞海》1979年版中，“企业”的解释为：“从事生产、流通或服务活动的独立核算经济单位”；“事业单位”的解释为：“受国家机关领导，不实行经济核算的单位”。在20世纪后期中国大陆改革开放与现代化建设及信息技术领域新概念大量涌入的背景下，“企业”一词的用法有所变化，并不限于商业性或盈利组织', '深圳', '4', '1', '李总', '2013-01-31 00:00:00', '8', '网络，安全，建站', '500', '1', 'image', '2013-01-31 00:00:00', 'lizhili');
INSERT INTO mu_user_enterprise VALUES ('8', '66', '遵义县世纪有色金属有限责任公司(钼生产型企业)', '5', 'http://www.mushw.com', '6', '51800', '企业是从事生产、流通、服务等经济活动，以生产或服务满足社会需要，实行自主经营、独立核算、依法设立的一种盈利性的经济组织。企业主要指独立的盈利性组织。在中国计划经济时期，“企业”是与“事业单位”平行使用的常用词语。《辞海》1979年版中，“企业”的解释为：“从事生产、流通或服务活动的独立核算经济单位”；“事业单位”的解释为：“受国家机关领导，不实行经济核算的单位”。在20世纪后期中国大陆改革开放与现代化建设及信息技术领域新概念大量涌入的背景下，“企业”一词的用法有所变化，并不限于商业性或盈利组织', '深圳', '3', '2', '李总', '2013-01-31 00:00:00', '8', '网络，安全，建站', '500', '1', 'image', '2013-01-31 00:00:00', 'lizhili');
INSERT INTO mu_user_enterprise VALUES ('9', '77', '宝钢资源有限公司(钼贸易型企业)', '4', 'http://www.mushw.com', '7', '51800', '企业是从事生产、流通、服务等经济活动，以生产或服务满足社会需要，实行自主经营、独立核算、依法设立的一种盈利性的经济组织。企业主要指独立的盈利性组织。在中国计划经济时期，“企业”是与“事业单位”平行使用的常用词语。《辞海》1979年版中，“企业”的解释为：“从事生产、流通或服务活动的独立核算经济单位”；“事业单位”的解释为：“受国家机关领导，不实行经济核算的单位”。在20世纪后期中国大陆改革开放与现代化建设及信息技术领域新概念大量涌入的背景下，“企业”一词的用法有所变化，并不限于商业性或盈利组织', '深圳', '4', '1', '李总', '2013-01-31 00:00:00', '8', '网络，安全，建站', '500', '1', 'image', '2013-01-31 00:00:00', 'lizhili');
INSERT INTO mu_user_enterprise VALUES ('10', '36', '昆明昊泰钼化有限公司(钼生产型/贸易型企业)', '4', 'http://www.mushw.com', '7', '51800', '企业是从事生产、流通、服务等经济活动，以生产或服务满足社会需要，实行自主经营、独立核算、依法设立的一种盈利性的经济组织。企业主要指独立的盈利性组织。在中国计划经济时期，“企业”是与“事业单位”平行使用的常用词语。《辞海》1979年版中，“企业”的解释为：“从事生产、流通或服务活动的独立核算经济单位”；“事业单位”的解释为：“受国家机关领导，不实行经济核算的单位”。在20世纪后期中国大陆改革开放与现代化建设及信息技术领域新概念大量涌入的背景下，“企业”一词的用法有所变化，并不限于商业性或盈利组织', '深圳', '3', '1', '李总', '2013-01-31 00:00:00', '8', '网络，安全，建站', '500', '1', 'image', '2013-01-31 00:00:00', 'lizhili');
INSERT INTO mu_user_enterprise VALUES ('11', '15', '黑龙江鸡东县金场沟矿业开发有限责任公司(钼生产型/贸易型企业)', '4', 'http://www.mushw.com', '6', '51800', '企业是从事生产、流通、服务等经济活动，以生产或服务满足社会需要，实行自主经营、独立核算、依法设立的一种盈利性的经济组织。企业主要指独立的盈利性组织。在中国计划经济时期，“企业”是与“事业单位”平行使用的常用词语。《辞海》1979年版中，“企业”的解释为：“从事生产、流通或服务活动的独立核算经济单位”；“事业单位”的解释为：“受国家机关领导，不实行经济核算的单位”。在20世纪后期中国大陆改革开放与现代化建设及信息技术领域新概念大量涌入的背景下，“企业”一词的用法有所变化，并不限于商业性或盈利组织', '深圳', '3', '1', '李总', '2013-01-31 00:00:00', '8', '网络，安全，建站', '500', '1', 'image', '2013-01-31 00:00:00', 'lizhili');
INSERT INTO mu_user_enterprise VALUES ('12', '69', '广汉市天九金属材料有限公司(钼生产型企业)', '4', 'http://www.mushw.com', '6', '51800', '企业是从事生产、流通、服务等经济活动，以生产或服务满足社会需要，实行自主经营、独立核算、依法设立的一种盈利性的经济组织。企业主要指独立的盈利性组织。在中国计划经济时期，“企业”是与“事业单位”平行使用的常用词语。《辞海》1979年版中，“企业”的解释为：“从事生产、流通或服务活动的独立核算经济单位”；“事业单位”的解释为：“受国家机关领导，不实行经济核算的单位”。在20世纪后期中国大陆改革开放与现代化建设及信息技术领域新概念大量涌入的背景下，“企业”一词的用法有所变化，并不限于商业性或盈利组织', '深圳', '6', '2', '李总', '2013-01-31 00:00:00', '8', '网络，安全，建站', '500', '1', 'image', '2013-01-31 00:00:00', 'lizhili');
INSERT INTO mu_user_enterprise VALUES ('13', '89', '常州苏南铁合金有限公司(钼生产型企业)', '4', 'http://www.mushw.com', '7', '51800', '企业是从事生产、流通、服务等经济活动，以生产或服务满足社会需要，实行自主经营、独立核算、依法设立的一种盈利性的经济组织。企业主要指独立的盈利性组织。在中国计划经济时期，“企业”是与“事业单位”平行使用的常用词语。《辞海》1979年版中，“企业”的解释为：“从事生产、流通或服务活动的独立核算经济单位”；“事业单位”的解释为：“受国家机关领导，不实行经济核算的单位”。在20世纪后期中国大陆改革开放与现代化建设及信息技术领域新概念大量涌入的背景下，“企业”一词的用法有所变化，并不限于商业性或盈利组织', '深圳', '4', '1', '李总', '2013-01-31 00:00:00', '8', '网络，安全，建站', '500', '1', 'image', '2013-01-31 00:00:00', 'lizhili');
INSERT INTO mu_user_enterprise VALUES ('14', '44', '遵义县世纪有色金属有限责任公司(钼生产型企业)', '5', 'http://www.mushw.com', '7', '51800', '企业是从事生产、流通、服务等经济活动，以生产或服务满足社会需要，实行自主经营、独立核算、依法设立的一种盈利性的经济组织。企业主要指独立的盈利性组织。在中国计划经济时期，“企业”是与“事业单位”平行使用的常用词语。《辞海》1979年版中，“企业”的解释为：“从事生产、流通或服务活动的独立核算经济单位”；“事业单位”的解释为：“受国家机关领导，不实行经济核算的单位”。在20世纪后期中国大陆改革开放与现代化建设及信息技术领域新概念大量涌入的背景下，“企业”一词的用法有所变化，并不限于商业性或盈利组织', '深圳', '3', '1', '李总', '2013-01-31 00:00:00', '8', '网络，安全，建站', '500', '1', 'image', '2013-01-31 00:00:00', 'lizhili');
INSERT INTO mu_user_enterprise VALUES ('15', '41', '镇江市金广铁合金有限公司(钼贸易型企业)', '4', 'http://www.mushw.com', '7', '51800', '企业是从事生产、流通、服务等经济活动，以生产或服务满足社会需要，实行自主经营、独立核算、依法设立的一种盈利性的经济组织。企业主要指独立的盈利性组织。在中国计划经济时期，“企业”是与“事业单位”平行使用的常用词语。《辞海》1979年版中，“企业”的解释为：“从事生产、流通或服务活动的独立核算经济单位”；“事业单位”的解释为：“受国家机关领导，不实行经济核算的单位”。在20世纪后期中国大陆改革开放与现代化建设及信息技术领域新概念大量涌入的背景下，“企业”一词的用法有所变化，并不限于商业性或盈利组织', '深圳', '6', '1', '李总', '2013-01-31 00:00:00', '8', '网络，安全，建站', '500', '1', 'image', '2013-01-31 00:00:00', 'lizhili');
INSERT INTO mu_user_enterprise VALUES ('16', '80', '英国五金太平洋有限公司广州办事处(钼贸易型企业)', '4', 'http://www.mushw.com', '6', '51800', '企业是从事生产、流通、服务等经济活动，以生产或服务满足社会需要，实行自主经营、独立核算、依法设立的一种盈利性的经济组织。企业主要指独立的盈利性组织。在中国计划经济时期，“企业”是与“事业单位”平行使用的常用词语。《辞海》1979年版中，“企业”的解释为：“从事生产、流通或服务活动的独立核算经济单位”；“事业单位”的解释为：“受国家机关领导，不实行经济核算的单位”。在20世纪后期中国大陆改革开放与现代化建设及信息技术领域新概念大量涌入的背景下，“企业”一词的用法有所变化，并不限于商业性或盈利组织', '深圳', '4', '2', '李总', '2013-01-31 00:00:00', '8', '网络，安全，建站', '500', '1', 'image', '2013-01-31 00:00:00', 'lizhili');
INSERT INTO mu_user_enterprise VALUES ('17', '93', '洛阳栾川钼业集团股份有限公司销售公司(钼生产型企业)', '5', 'http://www.mushw.com', '6', '51800', '企业是从事生产、流通、服务等经济活动，以生产或服务满足社会需要，实行自主经营、独立核算、依法设立的一种盈利性的经济组织。企业主要指独立的盈利性组织。在中国计划经济时期，“企业”是与“事业单位”平行使用的常用词语。《辞海》1979年版中，“企业”的解释为：“从事生产、流通或服务活动的独立核算经济单位”；“事业单位”的解释为：“受国家机关领导，不实行经济核算的单位”。在20世纪后期中国大陆改革开放与现代化建设及信息技术领域新概念大量涌入的背景下，“企业”一词的用法有所变化，并不限于商业性或盈利组织', '深圳', '3', '2', '李总', '2013-01-31 00:00:00', '8', '网络，安全，建站', '500', '1', 'image', '2013-01-31 00:00:00', 'lizhili');
INSERT INTO mu_user_enterprise VALUES ('18', '65', '昆明昊泰钼化有限公司(钼生产型/贸易型企业)', '5', 'http://www.mushw.com', '7', '51800', '企业是从事生产、流通、服务等经济活动，以生产或服务满足社会需要，实行自主经营、独立核算、依法设立的一种盈利性的经济组织。企业主要指独立的盈利性组织。在中国计划经济时期，“企业”是与“事业单位”平行使用的常用词语。《辞海》1979年版中，“企业”的解释为：“从事生产、流通或服务活动的独立核算经济单位”；“事业单位”的解释为：“受国家机关领导，不实行经济核算的单位”。在20世纪后期中国大陆改革开放与现代化建设及信息技术领域新概念大量涌入的背景下，“企业”一词的用法有所变化，并不限于商业性或盈利组织', '深圳', '6', '2', '李总', '2013-01-31 00:00:00', '8', '网络，安全，建站', '500', '1', 'image', '2013-01-31 00:00:00', 'lizhili');
INSERT INTO mu_user_enterprise VALUES ('19', '42', '宝钢资源有限公司(钼贸易型企业)', '4', 'http://www.mushw.com', '7', '51800', '企业是从事生产、流通、服务等经济活动，以生产或服务满足社会需要，实行自主经营、独立核算、依法设立的一种盈利性的经济组织。企业主要指独立的盈利性组织。在中国计划经济时期，“企业”是与“事业单位”平行使用的常用词语。《辞海》1979年版中，“企业”的解释为：“从事生产、流通或服务活动的独立核算经济单位”；“事业单位”的解释为：“受国家机关领导，不实行经济核算的单位”。在20世纪后期中国大陆改革开放与现代化建设及信息技术领域新概念大量涌入的背景下，“企业”一词的用法有所变化，并不限于商业性或盈利组织', '深圳', '6', '2', '李总', '2013-01-31 00:00:00', '8', '网络，安全，建站', '500', '1', 'image', '2013-01-31 00:00:00', 'lizhili');
INSERT INTO mu_user_enterprise VALUES ('20', '47', '栾川县振江工贸矿业有限公司(钼生产型企业)', '5', 'http://www.mushw.com', '6', '51800', '企业是从事生产、流通、服务等经济活动，以生产或服务满足社会需要，实行自主经营、独立核算、依法设立的一种盈利性的经济组织。企业主要指独立的盈利性组织。在中国计划经济时期，“企业”是与“事业单位”平行使用的常用词语。《辞海》1979年版中，“企业”的解释为：“从事生产、流通或服务活动的独立核算经济单位”；“事业单位”的解释为：“受国家机关领导，不实行经济核算的单位”。在20世纪后期中国大陆改革开放与现代化建设及信息技术领域新概念大量涌入的背景下，“企业”一词的用法有所变化，并不限于商业性或盈利组织', '深圳', '6', '2', '李总', '2013-01-31 00:00:00', '8', '网络，安全，建站', '500', '1', 'image', '2013-01-31 00:00:00', 'lizhili');
INSERT INTO mu_user_enterprise VALUES ('21', '96', '常州苏南铁合金有限公司(钼生产型企业)', '4', 'http://www.mushw.com', '6', '51800', '企业是从事生产、流通、服务等经济活动，以生产或服务满足社会需要，实行自主经营、独立核算、依法设立的一种盈利性的经济组织。企业主要指独立的盈利性组织。在中国计划经济时期，“企业”是与“事业单位”平行使用的常用词语。《辞海》1979年版中，“企业”的解释为：“从事生产、流通或服务活动的独立核算经济单位”；“事业单位”的解释为：“受国家机关领导，不实行经济核算的单位”。在20世纪后期中国大陆改革开放与现代化建设及信息技术领域新概念大量涌入的背景下，“企业”一词的用法有所变化，并不限于商业性或盈利组织', '深圳', '6', '2', '李总', '2013-01-31 00:00:00', '8', '网络，安全，建站', '500', '1', 'image', '2013-01-31 00:00:00', 'lizhili');
INSERT INTO mu_user_enterprise VALUES ('22', '42', '昆明昊泰钼化有限公司(钼生产型/贸易型企业)', '4', 'http://www.mushw.com', '6', '51800', '企业是从事生产、流通、服务等经济活动，以生产或服务满足社会需要，实行自主经营、独立核算、依法设立的一种盈利性的经济组织。企业主要指独立的盈利性组织。在中国计划经济时期，“企业”是与“事业单位”平行使用的常用词语。《辞海》1979年版中，“企业”的解释为：“从事生产、流通或服务活动的独立核算经济单位”；“事业单位”的解释为：“受国家机关领导，不实行经济核算的单位”。在20世纪后期中国大陆改革开放与现代化建设及信息技术领域新概念大量涌入的背景下，“企业”一词的用法有所变化，并不限于商业性或盈利组织', '深圳', '3', '2', '李总', '2013-01-31 00:00:00', '8', '网络，安全，建站', '500', '1', 'image', '2013-01-31 00:00:00', 'lizhili');
INSERT INTO mu_user_enterprise VALUES ('23', '1', '广汉市天九金属材料有限公司(钼生产型企业)', '5', 'http://www.mushw.com', '7', '51800', '企业是从事生产、流通、服务等经济活动，以生产或服务满足社会需要，实行自主经营、独立核算、依法设立的一种盈利性的经济组织。企业主要指独立的盈利性组织。在中国计划经济时期，“企业”是与“事业单位”平行使用的常用词语。《辞海》1979年版中，“企业”的解释为：“从事生产、流通或服务活动的独立核算经济单位”；“事业单位”的解释为：“受国家机关领导，不实行经济核算的单位”。在20世纪后期中国大陆改革开放与现代化建设及信息技术领域新概念大量涌入的背景下，“企业”一词的用法有所变化，并不限于商业性或盈利组织', '深圳', '6', '1', '李总', '2013-01-31 00:00:00', '8', '网络，安全，建站', '500', '1', 'image', '2013-01-31 00:00:00', 'lizhili');
INSERT INTO mu_user_enterprise VALUES ('24', '61', '广汉国宏冶金炉料有限责任公司(钼生产型/贸易型企业)', '5', 'http://www.mushw.com', '6', '51800', '企业是从事生产、流通、服务等经济活动，以生产或服务满足社会需要，实行自主经营、独立核算、依法设立的一种盈利性的经济组织。企业主要指独立的盈利性组织。在中国计划经济时期，“企业”是与“事业单位”平行使用的常用词语。《辞海》1979年版中，“企业”的解释为：“从事生产、流通或服务活动的独立核算经济单位”；“事业单位”的解释为：“受国家机关领导，不实行经济核算的单位”。在20世纪后期中国大陆改革开放与现代化建设及信息技术领域新概念大量涌入的背景下，“企业”一词的用法有所变化，并不限于商业性或盈利组织', '深圳', '6', '2', '李总', '2013-01-31 00:00:00', '8', '网络，安全，建站', '500', '1', 'image', '2013-01-31 00:00:00', 'lizhili');
INSERT INTO mu_user_enterprise VALUES ('25', '6', '宝钢资源有限公司(钼贸易型企业)', '4', 'http://www.mushw.com', '7', '51800', '企业是从事生产、流通、服务等经济活动，以生产或服务满足社会需要，实行自主经营、独立核算、依法设立的一种盈利性的经济组织。企业主要指独立的盈利性组织。在中国计划经济时期，“企业”是与“事业单位”平行使用的常用词语。《辞海》1979年版中，“企业”的解释为：“从事生产、流通或服务活动的独立核算经济单位”；“事业单位”的解释为：“受国家机关领导，不实行经济核算的单位”。在20世纪后期中国大陆改革开放与现代化建设及信息技术领域新概念大量涌入的背景下，“企业”一词的用法有所变化，并不限于商业性或盈利组织', '深圳', '6', '1', '李总', '2013-01-31 00:00:00', '8', '网络，安全，建站', '500', '1', 'image', '2013-01-31 00:00:00', 'lizhili');
INSERT INTO mu_user_enterprise VALUES ('26', '95', '广汉国宏冶金炉料有限责任公司(钼生产型/贸易型企业)', '5', 'http://www.mushw.com', '6', '51800', '企业是从事生产、流通、服务等经济活动，以生产或服务满足社会需要，实行自主经营、独立核算、依法设立的一种盈利性的经济组织。企业主要指独立的盈利性组织。在中国计划经济时期，“企业”是与“事业单位”平行使用的常用词语。《辞海》1979年版中，“企业”的解释为：“从事生产、流通或服务活动的独立核算经济单位”；“事业单位”的解释为：“受国家机关领导，不实行经济核算的单位”。在20世纪后期中国大陆改革开放与现代化建设及信息技术领域新概念大量涌入的背景下，“企业”一词的用法有所变化，并不限于商业性或盈利组织', '深圳', '6', '2', '李总', '2013-01-31 00:00:00', '8', '网络，安全，建站', '500', '1', 'image', '2013-01-31 00:00:00', 'lizhili');
INSERT INTO mu_user_enterprise VALUES ('27', '64', '昆明昊泰钼化有限公司(钼生产型/贸易型企业)', '4', 'http://www.mushw.com', '6', '51800', '企业是从事生产、流通、服务等经济活动，以生产或服务满足社会需要，实行自主经营、独立核算、依法设立的一种盈利性的经济组织。企业主要指独立的盈利性组织。在中国计划经济时期，“企业”是与“事业单位”平行使用的常用词语。《辞海》1979年版中，“企业”的解释为：“从事生产、流通或服务活动的独立核算经济单位”；“事业单位”的解释为：“受国家机关领导，不实行经济核算的单位”。在20世纪后期中国大陆改革开放与现代化建设及信息技术领域新概念大量涌入的背景下，“企业”一词的用法有所变化，并不限于商业性或盈利组织', '深圳', '3', '1', '李总', '2013-01-31 00:00:00', '8', '网络，安全，建站', '500', '1', 'image', '2013-01-31 00:00:00', 'lizhili');
INSERT INTO mu_user_enterprise VALUES ('28', '95', '建水县鹏建矿业有限公司(钼生产型企业)', '4', 'http://www.mushw.com', '6', '51800', '企业是从事生产、流通、服务等经济活动，以生产或服务满足社会需要，实行自主经营、独立核算、依法设立的一种盈利性的经济组织。企业主要指独立的盈利性组织。在中国计划经济时期，“企业”是与“事业单位”平行使用的常用词语。《辞海》1979年版中，“企业”的解释为：“从事生产、流通或服务活动的独立核算经济单位”；“事业单位”的解释为：“受国家机关领导，不实行经济核算的单位”。在20世纪后期中国大陆改革开放与现代化建设及信息技术领域新概念大量涌入的背景下，“企业”一词的用法有所变化，并不限于商业性或盈利组织', '深圳', '4', '2', '李总', '2013-01-31 00:00:00', '8', '网络，安全，建站', '500', '1', 'image', '2013-01-31 00:00:00', 'lizhili');
INSERT INTO mu_user_enterprise VALUES ('29', '43', '黑龙江鸡东县金场沟矿业开发有限责任公司(钼生产型/贸易型企业)', '4', 'http://www.mushw.com', '7', '51800', '企业是从事生产、流通、服务等经济活动，以生产或服务满足社会需要，实行自主经营、独立核算、依法设立的一种盈利性的经济组织。企业主要指独立的盈利性组织。在中国计划经济时期，“企业”是与“事业单位”平行使用的常用词语。《辞海》1979年版中，“企业”的解释为：“从事生产、流通或服务活动的独立核算经济单位”；“事业单位”的解释为：“受国家机关领导，不实行经济核算的单位”。在20世纪后期中国大陆改革开放与现代化建设及信息技术领域新概念大量涌入的背景下，“企业”一词的用法有所变化，并不限于商业性或盈利组织', '深圳', '3', '2', '李总', '2013-01-31 00:00:00', '8', '网络，安全，建站', '500', '1', 'image', '2013-01-31 00:00:00', 'lizhili');
