# --------------------------------------------------------
# Host:                         127.0.0.1
# Server version:               5.1.28-rc-community
# Server OS:                    Win32
# HeidiSQL version:             6.0.0.3603
# Date/time:                    2013-02-25 01:12:27
# --------------------------------------------------------

/*!40101 SET @OLD_CHARACTER_SET_CLIENT=@@CHARACTER_SET_CLIENT */;
/*!40101 SET NAMES utf8 */;
/*!40014 SET @OLD_FOREIGN_KEY_CHECKS=@@FOREIGN_KEY_CHECKS, FOREIGN_KEY_CHECKS=0 */;
/*!40101 SET @OLD_SQL_MODE=@@SQL_MODE, SQL_MODE='NO_AUTO_VALUE_ON_ZERO' */;

# Dumping database structure for mu
DROP DATABASE IF EXISTS `mu`;
CREATE DATABASE IF NOT EXISTS `mu` /*!40100 DEFAULT CHARACTER SET utf8 */;
USE `mu`;


# Dumping structure for table mu.mu_advertisement
DROP TABLE IF EXISTS `mu_advertisement`;
CREATE TABLE IF NOT EXISTS `mu_advertisement` (
  `ad_id` int(11) NOT NULL AUTO_INCREMENT,
  `ad_user_id` int(11) NOT NULL,
  `ad_title` varchar(128) DEFAULT NULL,
  `ad_type` int(4) NOT NULL COMMENT '视频,图片,flash',
  `ad_no` int(4) NOT NULL COMMENT '''广告编号是用于指明位置''',
  `ad_link` varchar(256) DEFAULT NULL,
  `ad_status` int(4) DEFAULT NULL,
  `ad_click_num` int(11) DEFAULT NULL COMMENT '点击量',
  `ad_start_date` datetime DEFAULT NULL COMMENT '''广告的有效开始时间''',
  `ad_end_date` datetime DEFAULT NULL COMMENT '''广告的有效结束时间''',
  `ad_price` decimal(12,0) DEFAULT NULL COMMENT '广告费用',
  `ad_media_src` varchar(128) DEFAULT NULL COMMENT '广告媒体文件',
  `ad_create_time` datetime DEFAULT NULL,
  PRIMARY KEY (`ad_id`)
) ENGINE=MyISAM AUTO_INCREMENT=2 DEFAULT CHARSET=utf8;

# Dumping data for table mu.mu_advertisement: 1 rows
DELETE FROM `mu_advertisement`;
/*!40000 ALTER TABLE `mu_advertisement` DISABLE KEYS */;
INSERT INTO `mu_advertisement` (`ad_id`, `ad_user_id`, `ad_title`, `ad_type`, `ad_no`, `ad_link`, `ad_status`, `ad_click_num`, `ad_start_date`, `ad_end_date`, `ad_price`, `ad_media_src`, `ad_create_time`) VALUES
	(1, 1, '集团', 9, 12, 'http://www.baidu.com', 1, 233, '2013-01-31 22:41:02', '2013-04-28 22:41:04', 30000, NULL, '2013-01-31 22:41:16');
/*!40000 ALTER TABLE `mu_advertisement` ENABLE KEYS */;


# Dumping structure for table mu.mu_article
DROP TABLE IF EXISTS `mu_article`;
CREATE TABLE IF NOT EXISTS `mu_article` (
  `art_id` int(11) NOT NULL AUTO_INCREMENT,
  `art_title` varchar(128) NOT NULL,
  `art_source` char(128) DEFAULT NULL COMMENT '''文章出处''',
  `art_category_id` int(11) NOT NULL COMMENT '文章分类 行情 新闻 ',
  `art_subcategory_id` int(11) DEFAULT NULL,
  `art_content` text COMMENT '''文章内容''',
  `art_status` int(11) DEFAULT NULL COMMENT '起草 审核中 发布',
  `art_tags` varchar(45) DEFAULT NULL COMMENT '''文章tags''',
  `art_user_id` tinyint(4) NOT NULL COMMENT '文章发表人',
  `art_check_by` varchar(45) DEFAULT NULL COMMENT '''审核人''',
  `art_post_date` datetime DEFAULT NULL COMMENT '''发布时间''',
  `art_modified_date` datetime DEFAULT NULL COMMENT '''修改时间''',
  `art_recommend` tinyint(4) DEFAULT NULL COMMENT '文章推荐',
  PRIMARY KEY (`art_id`)
) ENGINE=MyISAM AUTO_INCREMENT=251 DEFAULT CHARSET=utf8;

# Dumping data for table mu.mu_article: 250 rows
DELETE FROM `mu_article`;
/*!40000 ALTER TABLE `mu_article` DISABLE KEYS */;
INSERT INTO `mu_article` (`art_id`, `art_title`, `art_source`, `art_category_id`, `art_subcategory_id`, `art_content`, `art_status`, `art_tags`, `art_user_id`, `art_check_by`, `art_post_date`, `art_modified_date`, `art_recommend`) VALUES
	(1, '2012年1-12月国际钼铁价格走势图', 'lizhili', 17, 35, '　钼精矿市场：今日40-45%钼精矿主流报价1540-1570元/吨度附近，47%及以上品位1560-1580元/吨度，价格暂时持稳，行情仍有继续向上运行迹象。行情短期利好，之前部分商家场外观望，近期开始逐步参与市场。栾川某商家表示，前期矿商停产较多，贸易商多以低库存场外等待行情好转。虽然近期钼精矿价格开始有所好转，但是上调的步伐依然较慢。与成本相比，盈利空间较小。期待后期继续上行。\r\n                    \r\n                    　　钼铁市场：钼铁价格暂时保持平稳，市场主流报价10.7-11万元/吨（现款-承兑）。当前，在行情利好带动下，有商家报价呈现虚高状况，整体现款报价期间10.6-10.8万元/吨为主，承兑10.9-11.1万元/吨左右。市场需求尚无完全释放，高价成交偏少。月底部分钢厂招标会逐步启动，钼铁厂家有继续挺价迹象。从近期的钢厂招标来看，钢厂60钼铁的承兑招标价格10.4-10.6万元/吨较为常见，后期有提升空间。\r\n                    \r\n                    　　12月21日LME钼期货报价整体保持平稳，3月期钼报价25250/25750美元/吨；15月期钼报价25720/26720美元/吨，LME期钼持仓132手。今日简讯：明年贷款需求将相对旺盛，城镇化为信贷投放重点；中金：新型城镇化难以支持新一轮地产投资；意大利总理蒙蒂递交辞呈，大选或于明年2月举行。\r\n                    \r\n                    　　周初外盘钼市部分产品价格仍有上调迹象，欧洲钼铁、氧化钼等都有一定涨幅；美国市场稍显平稳，价格暂稳波动。其次，欧亚将钼氧化物进口关税从5%降至零，这有利增加外部市场对该产品的需求，降低钼铁合金的生产成本，提高外部市场行业竞争力。国内行情运行平稳，主要钼产品价格继续保持在相对高位。同时，市场部分商家报价仍有抬高迹象，加之年底逼近，后期钢厂招标或有新的改观。', 2, '钼,行情,美元', 1, 'ueelife', '2013-01-31 00:00:00', '2013-01-31 00:00:00', 0),
	(2, '2012年1-12月份我国钼铁出口对比图', 'lizhili', 17, 35, '　钼精矿市场：今日40-45%钼精矿主流报价1540-1570元/吨度附近，47%及以上品位1560-1580元/吨度，价格暂时持稳，行情仍有继续向上运行迹象。行情短期利好，之前部分商家场外观望，近期开始逐步参与市场。栾川某商家表示，前期矿商停产较多，贸易商多以低库存场外等待行情好转。虽然近期钼精矿价格开始有所好转，但是上调的步伐依然较慢。与成本相比，盈利空间较小。期待后期继续上行。\n                    \n                    　　钼铁市场：钼铁价格暂时保持平稳，市场主流报价10.7-11万元/吨（现款-承兑）。当前，在行情利好带动下，有商家报价呈现虚高状况，整体现款报价期间10.6-10.8万元/吨为主，承兑10.9-11.1万元/吨左右。市场需求尚无完全释放，高价成交偏少。月底部分钢厂招标会逐步启动，钼铁厂家有继续挺价迹象。从近期的钢厂招标来看，钢厂60钼铁的承兑招标价格10.4-10.6万元/吨较为常见，后期有提升空间。\n                    \n                    　　12月21日LME钼期货报价整体保持平稳，3月期钼报价25250/25750美元/吨；15月期钼报价25720/26720美元/吨，LME期钼持仓132手。今日简讯：明年贷款需求将相对旺盛，城镇化为信贷投放重点；中金：新型城镇化难以支持新一轮地产投资；意大利总理蒙蒂递交辞呈，大选或于明年2月举行。\n                    \n                    　　周初外盘钼市部分产品价格仍有上调迹象，欧洲钼铁、氧化钼等都有一定涨幅；美国市场稍显平稳，价格暂稳波动。其次，欧亚将钼氧化物进口关税从5%降至零，这有利增加外部市场对该产品的需求，降低钼铁合金的生产成本，提高外部市场行业竞争力。国内行情运行平稳，主要钼产品价格继续保持在相对高位。同时，市场部分商家报价仍有抬高迹象，加之年底逼近，后期钢厂招标或有新的改观。', 2, '钼,行情,美元', 1, 'ueelife', '2013-01-31 00:00:00', '2013-01-31 00:00:00', 0),
	(3, '2012年1-12月国际氧化钼价格走势图', 'lizhili', 17, 35, '　钼精矿市场：今日40-45%钼精矿主流报价1540-1570元/吨度附近，47%及以上品位1560-1580元/吨度，价格暂时持稳，行情仍有继续向上运行迹象。行情短期利好，之前部分商家场外观望，近期开始逐步参与市场。栾川某商家表示，前期矿商停产较多，贸易商多以低库存场外等待行情好转。虽然近期钼精矿价格开始有所好转，但是上调的步伐依然较慢。与成本相比，盈利空间较小。期待后期继续上行。\n                    \n                    　　钼铁市场：钼铁价格暂时保持平稳，市场主流报价10.7-11万元/吨（现款-承兑）。当前，在行情利好带动下，有商家报价呈现虚高状况，整体现款报价期间10.6-10.8万元/吨为主，承兑10.9-11.1万元/吨左右。市场需求尚无完全释放，高价成交偏少。月底部分钢厂招标会逐步启动，钼铁厂家有继续挺价迹象。从近期的钢厂招标来看，钢厂60钼铁的承兑招标价格10.4-10.6万元/吨较为常见，后期有提升空间。\n                    \n                    　　12月21日LME钼期货报价整体保持平稳，3月期钼报价25250/25750美元/吨；15月期钼报价25720/26720美元/吨，LME期钼持仓132手。今日简讯：明年贷款需求将相对旺盛，城镇化为信贷投放重点；中金：新型城镇化难以支持新一轮地产投资；意大利总理蒙蒂递交辞呈，大选或于明年2月举行。\n                    \n                    　　周初外盘钼市部分产品价格仍有上调迹象，欧洲钼铁、氧化钼等都有一定涨幅；美国市场稍显平稳，价格暂稳波动。其次，欧亚将钼氧化物进口关税从5%降至零，这有利增加外部市场对该产品的需求，降低钼铁合金的生产成本，提高外部市场行业竞争力。国内行情运行平稳，主要钼产品价格继续保持在相对高位。同时，市场部分商家报价仍有抬高迹象，加之年底逼近，后期钢厂招标或有新的改观。', 2, '钼,行情,美元', 1, 'ueelife', '2013-01-31 00:00:00', '2013-01-31 00:00:00', 1),
	(4, '2011年4月份钼系产品月报告', 'lizhili', 17, 35, '　钼精矿市场：今日40-45%钼精矿主流报价1540-1570元/吨度附近，47%及以上品位1560-1580元/吨度，价格暂时持稳，行情仍有继续向上运行迹象。行情短期利好，之前部分商家场外观望，近期开始逐步参与市场。栾川某商家表示，前期矿商停产较多，贸易商多以低库存场外等待行情好转。虽然近期钼精矿价格开始有所好转，但是上调的步伐依然较慢。与成本相比，盈利空间较小。期待后期继续上行。\n                    \n                    　　钼铁市场：钼铁价格暂时保持平稳，市场主流报价10.7-11万元/吨（现款-承兑）。当前，在行情利好带动下，有商家报价呈现虚高状况，整体现款报价期间10.6-10.8万元/吨为主，承兑10.9-11.1万元/吨左右。市场需求尚无完全释放，高价成交偏少。月底部分钢厂招标会逐步启动，钼铁厂家有继续挺价迹象。从近期的钢厂招标来看，钢厂60钼铁的承兑招标价格10.4-10.6万元/吨较为常见，后期有提升空间。\n                    \n                    　　12月21日LME钼期货报价整体保持平稳，3月期钼报价25250/25750美元/吨；15月期钼报价25720/26720美元/吨，LME期钼持仓132手。今日简讯：明年贷款需求将相对旺盛，城镇化为信贷投放重点；中金：新型城镇化难以支持新一轮地产投资；意大利总理蒙蒂递交辞呈，大选或于明年2月举行。\n                    \n                    　　周初外盘钼市部分产品价格仍有上调迹象，欧洲钼铁、氧化钼等都有一定涨幅；美国市场稍显平稳，价格暂稳波动。其次，欧亚将钼氧化物进口关税从5%降至零，这有利增加外部市场对该产品的需求，降低钼铁合金的生产成本，提高外部市场行业竞争力。国内行情运行平稳，主要钼产品价格继续保持在相对高位。同时，市场部分商家报价仍有抬高迹象，加之年底逼近，后期钢厂招标或有新的改观。', 2, '钼,行情,美元', 1, 'ueelife', '2013-01-31 00:00:00', '2013-01-31 00:00:00', 1),
	(5, '2012年1-12月份我国钼铁进口对比图', 'lizhili', 17, 35, '　钼精矿市场：今日40-45%钼精矿主流报价1540-1570元/吨度附近，47%及以上品位1560-1580元/吨度，价格暂时持稳，行情仍有继续向上运行迹象。行情短期利好，之前部分商家场外观望，近期开始逐步参与市场。栾川某商家表示，前期矿商停产较多，贸易商多以低库存场外等待行情好转。虽然近期钼精矿价格开始有所好转，但是上调的步伐依然较慢。与成本相比，盈利空间较小。期待后期继续上行。\n                    \n                    　　钼铁市场：钼铁价格暂时保持平稳，市场主流报价10.7-11万元/吨（现款-承兑）。当前，在行情利好带动下，有商家报价呈现虚高状况，整体现款报价期间10.6-10.8万元/吨为主，承兑10.9-11.1万元/吨左右。市场需求尚无完全释放，高价成交偏少。月底部分钢厂招标会逐步启动，钼铁厂家有继续挺价迹象。从近期的钢厂招标来看，钢厂60钼铁的承兑招标价格10.4-10.6万元/吨较为常见，后期有提升空间。\n                    \n                    　　12月21日LME钼期货报价整体保持平稳，3月期钼报价25250/25750美元/吨；15月期钼报价25720/26720美元/吨，LME期钼持仓132手。今日简讯：明年贷款需求将相对旺盛，城镇化为信贷投放重点；中金：新型城镇化难以支持新一轮地产投资；意大利总理蒙蒂递交辞呈，大选或于明年2月举行。\n                    \n                    　　周初外盘钼市部分产品价格仍有上调迹象，欧洲钼铁、氧化钼等都有一定涨幅；美国市场稍显平稳，价格暂稳波动。其次，欧亚将钼氧化物进口关税从5%降至零，这有利增加外部市场对该产品的需求，降低钼铁合金的生产成本，提高外部市场行业竞争力。国内行情运行平稳，主要钼产品价格继续保持在相对高位。同时，市场部分商家报价仍有抬高迹象，加之年底逼近，后期钢厂招标或有新的改观。', 2, '钼,行情,美元', 1, 'ueelife', '2013-01-31 00:00:00', '2013-01-31 00:00:00', 0),
	(6, '2011年4月份钼系产品月报告', 'lizhili', 17, 35, '　钼精矿市场：今日40-45%钼精矿主流报价1540-1570元/吨度附近，47%及以上品位1560-1580元/吨度，价格暂时持稳，行情仍有继续向上运行迹象。行情短期利好，之前部分商家场外观望，近期开始逐步参与市场。栾川某商家表示，前期矿商停产较多，贸易商多以低库存场外等待行情好转。虽然近期钼精矿价格开始有所好转，但是上调的步伐依然较慢。与成本相比，盈利空间较小。期待后期继续上行。\n                    \n                    　　钼铁市场：钼铁价格暂时保持平稳，市场主流报价10.7-11万元/吨（现款-承兑）。当前，在行情利好带动下，有商家报价呈现虚高状况，整体现款报价期间10.6-10.8万元/吨为主，承兑10.9-11.1万元/吨左右。市场需求尚无完全释放，高价成交偏少。月底部分钢厂招标会逐步启动，钼铁厂家有继续挺价迹象。从近期的钢厂招标来看，钢厂60钼铁的承兑招标价格10.4-10.6万元/吨较为常见，后期有提升空间。\n                    \n                    　　12月21日LME钼期货报价整体保持平稳，3月期钼报价25250/25750美元/吨；15月期钼报价25720/26720美元/吨，LME期钼持仓132手。今日简讯：明年贷款需求将相对旺盛，城镇化为信贷投放重点；中金：新型城镇化难以支持新一轮地产投资；意大利总理蒙蒂递交辞呈，大选或于明年2月举行。\n                    \n                    　　周初外盘钼市部分产品价格仍有上调迹象，欧洲钼铁、氧化钼等都有一定涨幅；美国市场稍显平稳，价格暂稳波动。其次，欧亚将钼氧化物进口关税从5%降至零，这有利增加外部市场对该产品的需求，降低钼铁合金的生产成本，提高外部市场行业竞争力。国内行情运行平稳，主要钼产品价格继续保持在相对高位。同时，市场部分商家报价仍有抬高迹象，加之年底逼近，后期钢厂招标或有新的改观。', 2, '钼,行情,美元', 1, 'ueelife', '2013-01-31 00:00:00', '2013-01-31 00:00:00', 0),
	(7, '2012年1-12月份我国钼铁进口对比图', 'lizhili', 17, 35, '　钼精矿市场：今日40-45%钼精矿主流报价1540-1570元/吨度附近，47%及以上品位1560-1580元/吨度，价格暂时持稳，行情仍有继续向上运行迹象。行情短期利好，之前部分商家场外观望，近期开始逐步参与市场。栾川某商家表示，前期矿商停产较多，贸易商多以低库存场外等待行情好转。虽然近期钼精矿价格开始有所好转，但是上调的步伐依然较慢。与成本相比，盈利空间较小。期待后期继续上行。\n                    \n                    　　钼铁市场：钼铁价格暂时保持平稳，市场主流报价10.7-11万元/吨（现款-承兑）。当前，在行情利好带动下，有商家报价呈现虚高状况，整体现款报价期间10.6-10.8万元/吨为主，承兑10.9-11.1万元/吨左右。市场需求尚无完全释放，高价成交偏少。月底部分钢厂招标会逐步启动，钼铁厂家有继续挺价迹象。从近期的钢厂招标来看，钢厂60钼铁的承兑招标价格10.4-10.6万元/吨较为常见，后期有提升空间。\n                    \n                    　　12月21日LME钼期货报价整体保持平稳，3月期钼报价25250/25750美元/吨；15月期钼报价25720/26720美元/吨，LME期钼持仓132手。今日简讯：明年贷款需求将相对旺盛，城镇化为信贷投放重点；中金：新型城镇化难以支持新一轮地产投资；意大利总理蒙蒂递交辞呈，大选或于明年2月举行。\n                    \n                    　　周初外盘钼市部分产品价格仍有上调迹象，欧洲钼铁、氧化钼等都有一定涨幅；美国市场稍显平稳，价格暂稳波动。其次，欧亚将钼氧化物进口关税从5%降至零，这有利增加外部市场对该产品的需求，降低钼铁合金的生产成本，提高外部市场行业竞争力。国内行情运行平稳，主要钼产品价格继续保持在相对高位。同时，市场部分商家报价仍有抬高迹象，加之年底逼近，后期钢厂招标或有新的改观。', 2, '钼,行情,美元', 1, 'ueelife', '2013-01-31 00:00:00', '2013-01-31 00:00:00', 0),
	(8, '2012年12月国际氧化钼价格走势图', 'lizhili', 17, 35, '　钼精矿市场：今日40-45%钼精矿主流报价1540-1570元/吨度附近，47%及以上品位1560-1580元/吨度，价格暂时持稳，行情仍有继续向上运行迹象。行情短期利好，之前部分商家场外观望，近期开始逐步参与市场。栾川某商家表示，前期矿商停产较多，贸易商多以低库存场外等待行情好转。虽然近期钼精矿价格开始有所好转，但是上调的步伐依然较慢。与成本相比，盈利空间较小。期待后期继续上行。\n                    \n                    　　钼铁市场：钼铁价格暂时保持平稳，市场主流报价10.7-11万元/吨（现款-承兑）。当前，在行情利好带动下，有商家报价呈现虚高状况，整体现款报价期间10.6-10.8万元/吨为主，承兑10.9-11.1万元/吨左右。市场需求尚无完全释放，高价成交偏少。月底部分钢厂招标会逐步启动，钼铁厂家有继续挺价迹象。从近期的钢厂招标来看，钢厂60钼铁的承兑招标价格10.4-10.6万元/吨较为常见，后期有提升空间。\n                    \n                    　　12月21日LME钼期货报价整体保持平稳，3月期钼报价25250/25750美元/吨；15月期钼报价25720/26720美元/吨，LME期钼持仓132手。今日简讯：明年贷款需求将相对旺盛，城镇化为信贷投放重点；中金：新型城镇化难以支持新一轮地产投资；意大利总理蒙蒂递交辞呈，大选或于明年2月举行。\n                    \n                    　　周初外盘钼市部分产品价格仍有上调迹象，欧洲钼铁、氧化钼等都有一定涨幅；美国市场稍显平稳，价格暂稳波动。其次，欧亚将钼氧化物进口关税从5%降至零，这有利增加外部市场对该产品的需求，降低钼铁合金的生产成本，提高外部市场行业竞争力。国内行情运行平稳，主要钼产品价格继续保持在相对高位。同时，市场部分商家报价仍有抬高迹象，加之年底逼近，后期钢厂招标或有新的改观。', 2, '钼,行情,美元', 1, 'ueelife', '2013-01-31 00:00:00', '2013-01-31 00:00:00', 0),
	(9, '2012年12月国内钼铁价格走势图', 'lizhili', 17, 35, '　钼精矿市场：今日40-45%钼精矿主流报价1540-1570元/吨度附近，47%及以上品位1560-1580元/吨度，价格暂时持稳，行情仍有继续向上运行迹象。行情短期利好，之前部分商家场外观望，近期开始逐步参与市场。栾川某商家表示，前期矿商停产较多，贸易商多以低库存场外等待行情好转。虽然近期钼精矿价格开始有所好转，但是上调的步伐依然较慢。与成本相比，盈利空间较小。期待后期继续上行。\n                    \n                    　　钼铁市场：钼铁价格暂时保持平稳，市场主流报价10.7-11万元/吨（现款-承兑）。当前，在行情利好带动下，有商家报价呈现虚高状况，整体现款报价期间10.6-10.8万元/吨为主，承兑10.9-11.1万元/吨左右。市场需求尚无完全释放，高价成交偏少。月底部分钢厂招标会逐步启动，钼铁厂家有继续挺价迹象。从近期的钢厂招标来看，钢厂60钼铁的承兑招标价格10.4-10.6万元/吨较为常见，后期有提升空间。\n                    \n                    　　12月21日LME钼期货报价整体保持平稳，3月期钼报价25250/25750美元/吨；15月期钼报价25720/26720美元/吨，LME期钼持仓132手。今日简讯：明年贷款需求将相对旺盛，城镇化为信贷投放重点；中金：新型城镇化难以支持新一轮地产投资；意大利总理蒙蒂递交辞呈，大选或于明年2月举行。\n                    \n                    　　周初外盘钼市部分产品价格仍有上调迹象，欧洲钼铁、氧化钼等都有一定涨幅；美国市场稍显平稳，价格暂稳波动。其次，欧亚将钼氧化物进口关税从5%降至零，这有利增加外部市场对该产品的需求，降低钼铁合金的生产成本，提高外部市场行业竞争力。国内行情运行平稳，主要钼产品价格继续保持在相对高位。同时，市场部分商家报价仍有抬高迹象，加之年底逼近，后期钢厂招标或有新的改观。', 2, '钼,行情,美元', 1, 'ueelife', '2013-01-31 00:00:00', '2013-01-31 00:00:00', 1),
	(10, '2012年1-12月份我国钼铁出口对比图', 'lizhili', 17, 35, '　钼精矿市场：今日40-45%钼精矿主流报价1540-1570元/吨度附近，47%及以上品位1560-1580元/吨度，价格暂时持稳，行情仍有继续向上运行迹象。行情短期利好，之前部分商家场外观望，近期开始逐步参与市场。栾川某商家表示，前期矿商停产较多，贸易商多以低库存场外等待行情好转。虽然近期钼精矿价格开始有所好转，但是上调的步伐依然较慢。与成本相比，盈利空间较小。期待后期继续上行。\n                    \n                    　　钼铁市场：钼铁价格暂时保持平稳，市场主流报价10.7-11万元/吨（现款-承兑）。当前，在行情利好带动下，有商家报价呈现虚高状况，整体现款报价期间10.6-10.8万元/吨为主，承兑10.9-11.1万元/吨左右。市场需求尚无完全释放，高价成交偏少。月底部分钢厂招标会逐步启动，钼铁厂家有继续挺价迹象。从近期的钢厂招标来看，钢厂60钼铁的承兑招标价格10.4-10.6万元/吨较为常见，后期有提升空间。\n                    \n                    　　12月21日LME钼期货报价整体保持平稳，3月期钼报价25250/25750美元/吨；15月期钼报价25720/26720美元/吨，LME期钼持仓132手。今日简讯：明年贷款需求将相对旺盛，城镇化为信贷投放重点；中金：新型城镇化难以支持新一轮地产投资；意大利总理蒙蒂递交辞呈，大选或于明年2月举行。\n                    \n                    　　周初外盘钼市部分产品价格仍有上调迹象，欧洲钼铁、氧化钼等都有一定涨幅；美国市场稍显平稳，价格暂稳波动。其次，欧亚将钼氧化物进口关税从5%降至零，这有利增加外部市场对该产品的需求，降低钼铁合金的生产成本，提高外部市场行业竞争力。国内行情运行平稳，主要钼产品价格继续保持在相对高位。同时，市场部分商家报价仍有抬高迹象，加之年底逼近，后期钢厂招标或有新的改观。', 2, '钼,行情,美元', 1, 'ueelife', '2013-01-31 00:00:00', '2013-01-31 00:00:00', 0),
	(11, '2012年1-12月国际钼铁价格走势图', 'lizhili', 17, 35, '　钼精矿市场：今日40-45%钼精矿主流报价1540-1570元/吨度附近，47%及以上品位1560-1580元/吨度，价格暂时持稳，行情仍有继续向上运行迹象。行情短期利好，之前部分商家场外观望，近期开始逐步参与市场。栾川某商家表示，前期矿商停产较多，贸易商多以低库存场外等待行情好转。虽然近期钼精矿价格开始有所好转，但是上调的步伐依然较慢。与成本相比，盈利空间较小。期待后期继续上行。\n                    \n                    　　钼铁市场：钼铁价格暂时保持平稳，市场主流报价10.7-11万元/吨（现款-承兑）。当前，在行情利好带动下，有商家报价呈现虚高状况，整体现款报价期间10.6-10.8万元/吨为主，承兑10.9-11.1万元/吨左右。市场需求尚无完全释放，高价成交偏少。月底部分钢厂招标会逐步启动，钼铁厂家有继续挺价迹象。从近期的钢厂招标来看，钢厂60钼铁的承兑招标价格10.4-10.6万元/吨较为常见，后期有提升空间。\n                    \n                    　　12月21日LME钼期货报价整体保持平稳，3月期钼报价25250/25750美元/吨；15月期钼报价25720/26720美元/吨，LME期钼持仓132手。今日简讯：明年贷款需求将相对旺盛，城镇化为信贷投放重点；中金：新型城镇化难以支持新一轮地产投资；意大利总理蒙蒂递交辞呈，大选或于明年2月举行。\n                    \n                    　　周初外盘钼市部分产品价格仍有上调迹象，欧洲钼铁、氧化钼等都有一定涨幅；美国市场稍显平稳，价格暂稳波动。其次，欧亚将钼氧化物进口关税从5%降至零，这有利增加外部市场对该产品的需求，降低钼铁合金的生产成本，提高外部市场行业竞争力。国内行情运行平稳，主要钼产品价格继续保持在相对高位。同时，市场部分商家报价仍有抬高迹象，加之年底逼近，后期钢厂招标或有新的改观。', 1, '钼,行情,美元', 1, 'lizhili', '2013-01-31 00:00:00', '2013-01-31 00:00:00', 0),
	(12, '2012年1-12月份我国钼铁进口对比图', 'lizhili', 17, 35, '　钼精矿市场：今日40-45%钼精矿主流报价1540-1570元/吨度附近，47%及以上品位1560-1580元/吨度，价格暂时持稳，行情仍有继续向上运行迹象。行情短期利好，之前部分商家场外观望，近期开始逐步参与市场。栾川某商家表示，前期矿商停产较多，贸易商多以低库存场外等待行情好转。虽然近期钼精矿价格开始有所好转，但是上调的步伐依然较慢。与成本相比，盈利空间较小。期待后期继续上行。\n                    \n                    　　钼铁市场：钼铁价格暂时保持平稳，市场主流报价10.7-11万元/吨（现款-承兑）。当前，在行情利好带动下，有商家报价呈现虚高状况，整体现款报价期间10.6-10.8万元/吨为主，承兑10.9-11.1万元/吨左右。市场需求尚无完全释放，高价成交偏少。月底部分钢厂招标会逐步启动，钼铁厂家有继续挺价迹象。从近期的钢厂招标来看，钢厂60钼铁的承兑招标价格10.4-10.6万元/吨较为常见，后期有提升空间。\n                    \n                    　　12月21日LME钼期货报价整体保持平稳，3月期钼报价25250/25750美元/吨；15月期钼报价25720/26720美元/吨，LME期钼持仓132手。今日简讯：明年贷款需求将相对旺盛，城镇化为信贷投放重点；中金：新型城镇化难以支持新一轮地产投资；意大利总理蒙蒂递交辞呈，大选或于明年2月举行。\n                    \n                    　　周初外盘钼市部分产品价格仍有上调迹象，欧洲钼铁、氧化钼等都有一定涨幅；美国市场稍显平稳，价格暂稳波动。其次，欧亚将钼氧化物进口关税从5%降至零，这有利增加外部市场对该产品的需求，降低钼铁合金的生产成本，提高外部市场行业竞争力。国内行情运行平稳，主要钼产品价格继续保持在相对高位。同时，市场部分商家报价仍有抬高迹象，加之年底逼近，后期钢厂招标或有新的改观。', 1, '钼,行情,美元', 1, 'lizhili', '2013-01-31 00:00:00', '2013-01-31 00:00:00', 1),
	(13, '2012年12月国内钼铁价格走势图', 'lizhili', 17, 35, '　钼精矿市场：今日40-45%钼精矿主流报价1540-1570元/吨度附近，47%及以上品位1560-1580元/吨度，价格暂时持稳，行情仍有继续向上运行迹象。行情短期利好，之前部分商家场外观望，近期开始逐步参与市场。栾川某商家表示，前期矿商停产较多，贸易商多以低库存场外等待行情好转。虽然近期钼精矿价格开始有所好转，但是上调的步伐依然较慢。与成本相比，盈利空间较小。期待后期继续上行。\n                    \n                    　　钼铁市场：钼铁价格暂时保持平稳，市场主流报价10.7-11万元/吨（现款-承兑）。当前，在行情利好带动下，有商家报价呈现虚高状况，整体现款报价期间10.6-10.8万元/吨为主，承兑10.9-11.1万元/吨左右。市场需求尚无完全释放，高价成交偏少。月底部分钢厂招标会逐步启动，钼铁厂家有继续挺价迹象。从近期的钢厂招标来看，钢厂60钼铁的承兑招标价格10.4-10.6万元/吨较为常见，后期有提升空间。\n                    \n                    　　12月21日LME钼期货报价整体保持平稳，3月期钼报价25250/25750美元/吨；15月期钼报价25720/26720美元/吨，LME期钼持仓132手。今日简讯：明年贷款需求将相对旺盛，城镇化为信贷投放重点；中金：新型城镇化难以支持新一轮地产投资；意大利总理蒙蒂递交辞呈，大选或于明年2月举行。\n                    \n                    　　周初外盘钼市部分产品价格仍有上调迹象，欧洲钼铁、氧化钼等都有一定涨幅；美国市场稍显平稳，价格暂稳波动。其次，欧亚将钼氧化物进口关税从5%降至零，这有利增加外部市场对该产品的需求，降低钼铁合金的生产成本，提高外部市场行业竞争力。国内行情运行平稳，主要钼产品价格继续保持在相对高位。同时，市场部分商家报价仍有抬高迹象，加之年底逼近，后期钢厂招标或有新的改观。', 1, '钼,行情,美元', 1, 'lizhili', '2013-01-31 00:00:00', '2013-01-31 00:00:00', 0),
	(14, '2012年12月国内氧化钼价格走势图', 'lizhili', 17, 35, '　钼精矿市场：今日40-45%钼精矿主流报价1540-1570元/吨度附近，47%及以上品位1560-1580元/吨度，价格暂时持稳，行情仍有继续向上运行迹象。行情短期利好，之前部分商家场外观望，近期开始逐步参与市场。栾川某商家表示，前期矿商停产较多，贸易商多以低库存场外等待行情好转。虽然近期钼精矿价格开始有所好转，但是上调的步伐依然较慢。与成本相比，盈利空间较小。期待后期继续上行。\n                    \n                    　　钼铁市场：钼铁价格暂时保持平稳，市场主流报价10.7-11万元/吨（现款-承兑）。当前，在行情利好带动下，有商家报价呈现虚高状况，整体现款报价期间10.6-10.8万元/吨为主，承兑10.9-11.1万元/吨左右。市场需求尚无完全释放，高价成交偏少。月底部分钢厂招标会逐步启动，钼铁厂家有继续挺价迹象。从近期的钢厂招标来看，钢厂60钼铁的承兑招标价格10.4-10.6万元/吨较为常见，后期有提升空间。\n                    \n                    　　12月21日LME钼期货报价整体保持平稳，3月期钼报价25250/25750美元/吨；15月期钼报价25720/26720美元/吨，LME期钼持仓132手。今日简讯：明年贷款需求将相对旺盛，城镇化为信贷投放重点；中金：新型城镇化难以支持新一轮地产投资；意大利总理蒙蒂递交辞呈，大选或于明年2月举行。\n                    \n                    　　周初外盘钼市部分产品价格仍有上调迹象，欧洲钼铁、氧化钼等都有一定涨幅；美国市场稍显平稳，价格暂稳波动。其次，欧亚将钼氧化物进口关税从5%降至零，这有利增加外部市场对该产品的需求，降低钼铁合金的生产成本，提高外部市场行业竞争力。国内行情运行平稳，主要钼产品价格继续保持在相对高位。同时，市场部分商家报价仍有抬高迹象，加之年底逼近，后期钢厂招标或有新的改观。', 1, '钼,行情,美元', 1, 'lizhili', '2013-01-31 00:00:00', '2013-01-31 00:00:00', 0),
	(15, '2012年1-12月国际氧化钼价格走势图', 'lizhili', 17, 35, '　钼精矿市场：今日40-45%钼精矿主流报价1540-1570元/吨度附近，47%及以上品位1560-1580元/吨度，价格暂时持稳，行情仍有继续向上运行迹象。行情短期利好，之前部分商家场外观望，近期开始逐步参与市场。栾川某商家表示，前期矿商停产较多，贸易商多以低库存场外等待行情好转。虽然近期钼精矿价格开始有所好转，但是上调的步伐依然较慢。与成本相比，盈利空间较小。期待后期继续上行。\n                    \n                    　　钼铁市场：钼铁价格暂时保持平稳，市场主流报价10.7-11万元/吨（现款-承兑）。当前，在行情利好带动下，有商家报价呈现虚高状况，整体现款报价期间10.6-10.8万元/吨为主，承兑10.9-11.1万元/吨左右。市场需求尚无完全释放，高价成交偏少。月底部分钢厂招标会逐步启动，钼铁厂家有继续挺价迹象。从近期的钢厂招标来看，钢厂60钼铁的承兑招标价格10.4-10.6万元/吨较为常见，后期有提升空间。\n                    \n                    　　12月21日LME钼期货报价整体保持平稳，3月期钼报价25250/25750美元/吨；15月期钼报价25720/26720美元/吨，LME期钼持仓132手。今日简讯：明年贷款需求将相对旺盛，城镇化为信贷投放重点；中金：新型城镇化难以支持新一轮地产投资；意大利总理蒙蒂递交辞呈，大选或于明年2月举行。\n                    \n                    　　周初外盘钼市部分产品价格仍有上调迹象，欧洲钼铁、氧化钼等都有一定涨幅；美国市场稍显平稳，价格暂稳波动。其次，欧亚将钼氧化物进口关税从5%降至零，这有利增加外部市场对该产品的需求，降低钼铁合金的生产成本，提高外部市场行业竞争力。国内行情运行平稳，主要钼产品价格继续保持在相对高位。同时，市场部分商家报价仍有抬高迹象，加之年底逼近，后期钢厂招标或有新的改观。', 1, '钼,行情,美元', 1, 'lizhili', '2013-01-31 00:00:00', '2013-01-31 00:00:00', 0),
	(16, '2011年4月份钼系产品月报告', 'lizhili', 17, 35, '　钼精矿市场：今日40-45%钼精矿主流报价1540-1570元/吨度附近，47%及以上品位1560-1580元/吨度，价格暂时持稳，行情仍有继续向上运行迹象。行情短期利好，之前部分商家场外观望，近期开始逐步参与市场。栾川某商家表示，前期矿商停产较多，贸易商多以低库存场外等待行情好转。虽然近期钼精矿价格开始有所好转，但是上调的步伐依然较慢。与成本相比，盈利空间较小。期待后期继续上行。\n                    \n                    　　钼铁市场：钼铁价格暂时保持平稳，市场主流报价10.7-11万元/吨（现款-承兑）。当前，在行情利好带动下，有商家报价呈现虚高状况，整体现款报价期间10.6-10.8万元/吨为主，承兑10.9-11.1万元/吨左右。市场需求尚无完全释放，高价成交偏少。月底部分钢厂招标会逐步启动，钼铁厂家有继续挺价迹象。从近期的钢厂招标来看，钢厂60钼铁的承兑招标价格10.4-10.6万元/吨较为常见，后期有提升空间。\n                    \n                    　　12月21日LME钼期货报价整体保持平稳，3月期钼报价25250/25750美元/吨；15月期钼报价25720/26720美元/吨，LME期钼持仓132手。今日简讯：明年贷款需求将相对旺盛，城镇化为信贷投放重点；中金：新型城镇化难以支持新一轮地产投资；意大利总理蒙蒂递交辞呈，大选或于明年2月举行。\n                    \n                    　　周初外盘钼市部分产品价格仍有上调迹象，欧洲钼铁、氧化钼等都有一定涨幅；美国市场稍显平稳，价格暂稳波动。其次，欧亚将钼氧化物进口关税从5%降至零，这有利增加外部市场对该产品的需求，降低钼铁合金的生产成本，提高外部市场行业竞争力。国内行情运行平稳，主要钼产品价格继续保持在相对高位。同时，市场部分商家报价仍有抬高迹象，加之年底逼近，后期钢厂招标或有新的改观。', 1, '钼,行情,美元', 1, 'lizhili', '2013-01-31 00:00:00', '2013-01-31 00:00:00', 0),
	(17, '2012年1-12月国际氧化钼价格走势图', 'lizhili', 17, 35, '　钼精矿市场：今日40-45%钼精矿主流报价1540-1570元/吨度附近，47%及以上品位1560-1580元/吨度，价格暂时持稳，行情仍有继续向上运行迹象。行情短期利好，之前部分商家场外观望，近期开始逐步参与市场。栾川某商家表示，前期矿商停产较多，贸易商多以低库存场外等待行情好转。虽然近期钼精矿价格开始有所好转，但是上调的步伐依然较慢。与成本相比，盈利空间较小。期待后期继续上行。\n                    \n                    　　钼铁市场：钼铁价格暂时保持平稳，市场主流报价10.7-11万元/吨（现款-承兑）。当前，在行情利好带动下，有商家报价呈现虚高状况，整体现款报价期间10.6-10.8万元/吨为主，承兑10.9-11.1万元/吨左右。市场需求尚无完全释放，高价成交偏少。月底部分钢厂招标会逐步启动，钼铁厂家有继续挺价迹象。从近期的钢厂招标来看，钢厂60钼铁的承兑招标价格10.4-10.6万元/吨较为常见，后期有提升空间。\n                    \n                    　　12月21日LME钼期货报价整体保持平稳，3月期钼报价25250/25750美元/吨；15月期钼报价25720/26720美元/吨，LME期钼持仓132手。今日简讯：明年贷款需求将相对旺盛，城镇化为信贷投放重点；中金：新型城镇化难以支持新一轮地产投资；意大利总理蒙蒂递交辞呈，大选或于明年2月举行。\n                    \n                    　　周初外盘钼市部分产品价格仍有上调迹象，欧洲钼铁、氧化钼等都有一定涨幅；美国市场稍显平稳，价格暂稳波动。其次，欧亚将钼氧化物进口关税从5%降至零，这有利增加外部市场对该产品的需求，降低钼铁合金的生产成本，提高外部市场行业竞争力。国内行情运行平稳，主要钼产品价格继续保持在相对高位。同时，市场部分商家报价仍有抬高迹象，加之年底逼近，后期钢厂招标或有新的改观。', 1, '钼,行情,美元', 1, 'lizhili', '2013-01-31 00:00:00', '2013-01-31 00:00:00', 1),
	(18, '2012年1-12月国内钼铁价格走势图', 'lizhili', 17, 35, '　钼精矿市场：今日40-45%钼精矿主流报价1540-1570元/吨度附近，47%及以上品位1560-1580元/吨度，价格暂时持稳，行情仍有继续向上运行迹象。行情短期利好，之前部分商家场外观望，近期开始逐步参与市场。栾川某商家表示，前期矿商停产较多，贸易商多以低库存场外等待行情好转。虽然近期钼精矿价格开始有所好转，但是上调的步伐依然较慢。与成本相比，盈利空间较小。期待后期继续上行。\n                    \n                    　　钼铁市场：钼铁价格暂时保持平稳，市场主流报价10.7-11万元/吨（现款-承兑）。当前，在行情利好带动下，有商家报价呈现虚高状况，整体现款报价期间10.6-10.8万元/吨为主，承兑10.9-11.1万元/吨左右。市场需求尚无完全释放，高价成交偏少。月底部分钢厂招标会逐步启动，钼铁厂家有继续挺价迹象。从近期的钢厂招标来看，钢厂60钼铁的承兑招标价格10.4-10.6万元/吨较为常见，后期有提升空间。\n                    \n                    　　12月21日LME钼期货报价整体保持平稳，3月期钼报价25250/25750美元/吨；15月期钼报价25720/26720美元/吨，LME期钼持仓132手。今日简讯：明年贷款需求将相对旺盛，城镇化为信贷投放重点；中金：新型城镇化难以支持新一轮地产投资；意大利总理蒙蒂递交辞呈，大选或于明年2月举行。\n                    \n                    　　周初外盘钼市部分产品价格仍有上调迹象，欧洲钼铁、氧化钼等都有一定涨幅；美国市场稍显平稳，价格暂稳波动。其次，欧亚将钼氧化物进口关税从5%降至零，这有利增加外部市场对该产品的需求，降低钼铁合金的生产成本，提高外部市场行业竞争力。国内行情运行平稳，主要钼产品价格继续保持在相对高位。同时，市场部分商家报价仍有抬高迹象，加之年底逼近，后期钢厂招标或有新的改观。', 1, '钼,行情,美元', 1, 'lizhili', '2013-01-31 00:00:00', '2013-01-31 00:00:00', 1),
	(19, '2012年1-12月份我国钼铁进口对比图', 'lizhili', 17, 35, '　钼精矿市场：今日40-45%钼精矿主流报价1540-1570元/吨度附近，47%及以上品位1560-1580元/吨度，价格暂时持稳，行情仍有继续向上运行迹象。行情短期利好，之前部分商家场外观望，近期开始逐步参与市场。栾川某商家表示，前期矿商停产较多，贸易商多以低库存场外等待行情好转。虽然近期钼精矿价格开始有所好转，但是上调的步伐依然较慢。与成本相比，盈利空间较小。期待后期继续上行。\n                    \n                    　　钼铁市场：钼铁价格暂时保持平稳，市场主流报价10.7-11万元/吨（现款-承兑）。当前，在行情利好带动下，有商家报价呈现虚高状况，整体现款报价期间10.6-10.8万元/吨为主，承兑10.9-11.1万元/吨左右。市场需求尚无完全释放，高价成交偏少。月底部分钢厂招标会逐步启动，钼铁厂家有继续挺价迹象。从近期的钢厂招标来看，钢厂60钼铁的承兑招标价格10.4-10.6万元/吨较为常见，后期有提升空间。\n                    \n                    　　12月21日LME钼期货报价整体保持平稳，3月期钼报价25250/25750美元/吨；15月期钼报价25720/26720美元/吨，LME期钼持仓132手。今日简讯：明年贷款需求将相对旺盛，城镇化为信贷投放重点；中金：新型城镇化难以支持新一轮地产投资；意大利总理蒙蒂递交辞呈，大选或于明年2月举行。\n                    \n                    　　周初外盘钼市部分产品价格仍有上调迹象，欧洲钼铁、氧化钼等都有一定涨幅；美国市场稍显平稳，价格暂稳波动。其次，欧亚将钼氧化物进口关税从5%降至零，这有利增加外部市场对该产品的需求，降低钼铁合金的生产成本，提高外部市场行业竞争力。国内行情运行平稳，主要钼产品价格继续保持在相对高位。同时，市场部分商家报价仍有抬高迹象，加之年底逼近，后期钢厂招标或有新的改观。', 1, '钼,行情,美元', 1, 'lizhili', '2013-01-31 00:00:00', '2013-01-31 00:00:00', 1),
	(20, '2012年1-12月国际氧化钼价格走势图', 'lizhili', 17, 35, '　钼精矿市场：今日40-45%钼精矿主流报价1540-1570元/吨度附近，47%及以上品位1560-1580元/吨度，价格暂时持稳，行情仍有继续向上运行迹象。行情短期利好，之前部分商家场外观望，近期开始逐步参与市场。栾川某商家表示，前期矿商停产较多，贸易商多以低库存场外等待行情好转。虽然近期钼精矿价格开始有所好转，但是上调的步伐依然较慢。与成本相比，盈利空间较小。期待后期继续上行。\n                    \n                    　　钼铁市场：钼铁价格暂时保持平稳，市场主流报价10.7-11万元/吨（现款-承兑）。当前，在行情利好带动下，有商家报价呈现虚高状况，整体现款报价期间10.6-10.8万元/吨为主，承兑10.9-11.1万元/吨左右。市场需求尚无完全释放，高价成交偏少。月底部分钢厂招标会逐步启动，钼铁厂家有继续挺价迹象。从近期的钢厂招标来看，钢厂60钼铁的承兑招标价格10.4-10.6万元/吨较为常见，后期有提升空间。\n                    \n                    　　12月21日LME钼期货报价整体保持平稳，3月期钼报价25250/25750美元/吨；15月期钼报价25720/26720美元/吨，LME期钼持仓132手。今日简讯：明年贷款需求将相对旺盛，城镇化为信贷投放重点；中金：新型城镇化难以支持新一轮地产投资；意大利总理蒙蒂递交辞呈，大选或于明年2月举行。\n                    \n                    　　周初外盘钼市部分产品价格仍有上调迹象，欧洲钼铁、氧化钼等都有一定涨幅；美国市场稍显平稳，价格暂稳波动。其次，欧亚将钼氧化物进口关税从5%降至零，这有利增加外部市场对该产品的需求，降低钼铁合金的生产成本，提高外部市场行业竞争力。国内行情运行平稳，主要钼产品价格继续保持在相对高位。同时，市场部分商家报价仍有抬高迹象，加之年底逼近，后期钢厂招标或有新的改观。', 1, '钼,行情,美元', 1, 'lizhili', '2013-01-31 00:00:00', '2013-01-31 00:00:00', 0),
	(21, '2012年12月国际氧化钼价格走势图', 'lizhili', 17, 35, '　钼精矿市场：今日40-45%钼精矿主流报价1540-1570元/吨度附近，47%及以上品位1560-1580元/吨度，价格暂时持稳，行情仍有继续向上运行迹象。行情短期利好，之前部分商家场外观望，近期开始逐步参与市场。栾川某商家表示，前期矿商停产较多，贸易商多以低库存场外等待行情好转。虽然近期钼精矿价格开始有所好转，但是上调的步伐依然较慢。与成本相比，盈利空间较小。期待后期继续上行。\n                    \n                    　　钼铁市场：钼铁价格暂时保持平稳，市场主流报价10.7-11万元/吨（现款-承兑）。当前，在行情利好带动下，有商家报价呈现虚高状况，整体现款报价期间10.6-10.8万元/吨为主，承兑10.9-11.1万元/吨左右。市场需求尚无完全释放，高价成交偏少。月底部分钢厂招标会逐步启动，钼铁厂家有继续挺价迹象。从近期的钢厂招标来看，钢厂60钼铁的承兑招标价格10.4-10.6万元/吨较为常见，后期有提升空间。\n                    \n                    　　12月21日LME钼期货报价整体保持平稳，3月期钼报价25250/25750美元/吨；15月期钼报价25720/26720美元/吨，LME期钼持仓132手。今日简讯：明年贷款需求将相对旺盛，城镇化为信贷投放重点；中金：新型城镇化难以支持新一轮地产投资；意大利总理蒙蒂递交辞呈，大选或于明年2月举行。\n                    \n                    　　周初外盘钼市部分产品价格仍有上调迹象，欧洲钼铁、氧化钼等都有一定涨幅；美国市场稍显平稳，价格暂稳波动。其次，欧亚将钼氧化物进口关税从5%降至零，这有利增加外部市场对该产品的需求，降低钼铁合金的生产成本，提高外部市场行业竞争力。国内行情运行平稳，主要钼产品价格继续保持在相对高位。同时，市场部分商家报价仍有抬高迹象，加之年底逼近，后期钢厂招标或有新的改观。', 1, '钼,行情,美元', 1, 'lizhili', '2013-01-31 00:00:00', '2013-01-31 00:00:00', 0),
	(22, '2011年4月份钼系产品月报告', 'lizhili', 17, 35, '　钼精矿市场：今日40-45%钼精矿主流报价1540-1570元/吨度附近，47%及以上品位1560-1580元/吨度，价格暂时持稳，行情仍有继续向上运行迹象。行情短期利好，之前部分商家场外观望，近期开始逐步参与市场。栾川某商家表示，前期矿商停产较多，贸易商多以低库存场外等待行情好转。虽然近期钼精矿价格开始有所好转，但是上调的步伐依然较慢。与成本相比，盈利空间较小。期待后期继续上行。\n                    \n                    　　钼铁市场：钼铁价格暂时保持平稳，市场主流报价10.7-11万元/吨（现款-承兑）。当前，在行情利好带动下，有商家报价呈现虚高状况，整体现款报价期间10.6-10.8万元/吨为主，承兑10.9-11.1万元/吨左右。市场需求尚无完全释放，高价成交偏少。月底部分钢厂招标会逐步启动，钼铁厂家有继续挺价迹象。从近期的钢厂招标来看，钢厂60钼铁的承兑招标价格10.4-10.6万元/吨较为常见，后期有提升空间。\n                    \n                    　　12月21日LME钼期货报价整体保持平稳，3月期钼报价25250/25750美元/吨；15月期钼报价25720/26720美元/吨，LME期钼持仓132手。今日简讯：明年贷款需求将相对旺盛，城镇化为信贷投放重点；中金：新型城镇化难以支持新一轮地产投资；意大利总理蒙蒂递交辞呈，大选或于明年2月举行。\n                    \n                    　　周初外盘钼市部分产品价格仍有上调迹象，欧洲钼铁、氧化钼等都有一定涨幅；美国市场稍显平稳，价格暂稳波动。其次，欧亚将钼氧化物进口关税从5%降至零，这有利增加外部市场对该产品的需求，降低钼铁合金的生产成本，提高外部市场行业竞争力。国内行情运行平稳，主要钼产品价格继续保持在相对高位。同时，市场部分商家报价仍有抬高迹象，加之年底逼近，后期钢厂招标或有新的改观。', 1, '钼,行情,美元', 1, 'lizhili', '2013-01-31 00:00:00', '2013-01-31 00:00:00', 0),
	(23, '2012年12月国际钼铁价格走势图', 'lizhili', 17, 35, '　钼精矿市场：今日40-45%钼精矿主流报价1540-1570元/吨度附近，47%及以上品位1560-1580元/吨度，价格暂时持稳，行情仍有继续向上运行迹象。行情短期利好，之前部分商家场外观望，近期开始逐步参与市场。栾川某商家表示，前期矿商停产较多，贸易商多以低库存场外等待行情好转。虽然近期钼精矿价格开始有所好转，但是上调的步伐依然较慢。与成本相比，盈利空间较小。期待后期继续上行。\n                    \n                    　　钼铁市场：钼铁价格暂时保持平稳，市场主流报价10.7-11万元/吨（现款-承兑）。当前，在行情利好带动下，有商家报价呈现虚高状况，整体现款报价期间10.6-10.8万元/吨为主，承兑10.9-11.1万元/吨左右。市场需求尚无完全释放，高价成交偏少。月底部分钢厂招标会逐步启动，钼铁厂家有继续挺价迹象。从近期的钢厂招标来看，钢厂60钼铁的承兑招标价格10.4-10.6万元/吨较为常见，后期有提升空间。\n                    \n                    　　12月21日LME钼期货报价整体保持平稳，3月期钼报价25250/25750美元/吨；15月期钼报价25720/26720美元/吨，LME期钼持仓132手。今日简讯：明年贷款需求将相对旺盛，城镇化为信贷投放重点；中金：新型城镇化难以支持新一轮地产投资；意大利总理蒙蒂递交辞呈，大选或于明年2月举行。\n                    \n                    　　周初外盘钼市部分产品价格仍有上调迹象，欧洲钼铁、氧化钼等都有一定涨幅；美国市场稍显平稳，价格暂稳波动。其次，欧亚将钼氧化物进口关税从5%降至零，这有利增加外部市场对该产品的需求，降低钼铁合金的生产成本，提高外部市场行业竞争力。国内行情运行平稳，主要钼产品价格继续保持在相对高位。同时，市场部分商家报价仍有抬高迹象，加之年底逼近，后期钢厂招标或有新的改观。', 1, '钼,行情,美元', 1, 'lizhili', '2013-01-31 00:00:00', '2013-01-31 00:00:00', 1),
	(24, '2012年1-12月份我国钼铁出口对比图', 'lizhili', 17, 35, '　钼精矿市场：今日40-45%钼精矿主流报价1540-1570元/吨度附近，47%及以上品位1560-1580元/吨度，价格暂时持稳，行情仍有继续向上运行迹象。行情短期利好，之前部分商家场外观望，近期开始逐步参与市场。栾川某商家表示，前期矿商停产较多，贸易商多以低库存场外等待行情好转。虽然近期钼精矿价格开始有所好转，但是上调的步伐依然较慢。与成本相比，盈利空间较小。期待后期继续上行。\n                    \n                    　　钼铁市场：钼铁价格暂时保持平稳，市场主流报价10.7-11万元/吨（现款-承兑）。当前，在行情利好带动下，有商家报价呈现虚高状况，整体现款报价期间10.6-10.8万元/吨为主，承兑10.9-11.1万元/吨左右。市场需求尚无完全释放，高价成交偏少。月底部分钢厂招标会逐步启动，钼铁厂家有继续挺价迹象。从近期的钢厂招标来看，钢厂60钼铁的承兑招标价格10.4-10.6万元/吨较为常见，后期有提升空间。\n                    \n                    　　12月21日LME钼期货报价整体保持平稳，3月期钼报价25250/25750美元/吨；15月期钼报价25720/26720美元/吨，LME期钼持仓132手。今日简讯：明年贷款需求将相对旺盛，城镇化为信贷投放重点；中金：新型城镇化难以支持新一轮地产投资；意大利总理蒙蒂递交辞呈，大选或于明年2月举行。\n                    \n                    　　周初外盘钼市部分产品价格仍有上调迹象，欧洲钼铁、氧化钼等都有一定涨幅；美国市场稍显平稳，价格暂稳波动。其次，欧亚将钼氧化物进口关税从5%降至零，这有利增加外部市场对该产品的需求，降低钼铁合金的生产成本，提高外部市场行业竞争力。国内行情运行平稳，主要钼产品价格继续保持在相对高位。同时，市场部分商家报价仍有抬高迹象，加之年底逼近，后期钢厂招标或有新的改观。', 1, '钼,行情,美元', 1, 'lizhili', '2013-01-31 00:00:00', '2013-01-31 00:00:00', 0),
	(25, '2011年4月份钼系产品月报告', 'lizhili', 17, 35, '　钼精矿市场：今日40-45%钼精矿主流报价1540-1570元/吨度附近，47%及以上品位1560-1580元/吨度，价格暂时持稳，行情仍有继续向上运行迹象。行情短期利好，之前部分商家场外观望，近期开始逐步参与市场。栾川某商家表示，前期矿商停产较多，贸易商多以低库存场外等待行情好转。虽然近期钼精矿价格开始有所好转，但是上调的步伐依然较慢。与成本相比，盈利空间较小。期待后期继续上行。\n                    \n                    　　钼铁市场：钼铁价格暂时保持平稳，市场主流报价10.7-11万元/吨（现款-承兑）。当前，在行情利好带动下，有商家报价呈现虚高状况，整体现款报价期间10.6-10.8万元/吨为主，承兑10.9-11.1万元/吨左右。市场需求尚无完全释放，高价成交偏少。月底部分钢厂招标会逐步启动，钼铁厂家有继续挺价迹象。从近期的钢厂招标来看，钢厂60钼铁的承兑招标价格10.4-10.6万元/吨较为常见，后期有提升空间。\n                    \n                    　　12月21日LME钼期货报价整体保持平稳，3月期钼报价25250/25750美元/吨；15月期钼报价25720/26720美元/吨，LME期钼持仓132手。今日简讯：明年贷款需求将相对旺盛，城镇化为信贷投放重点；中金：新型城镇化难以支持新一轮地产投资；意大利总理蒙蒂递交辞呈，大选或于明年2月举行。\n                    \n                    　　周初外盘钼市部分产品价格仍有上调迹象，欧洲钼铁、氧化钼等都有一定涨幅；美国市场稍显平稳，价格暂稳波动。其次，欧亚将钼氧化物进口关税从5%降至零，这有利增加外部市场对该产品的需求，降低钼铁合金的生产成本，提高外部市场行业竞争力。国内行情运行平稳，主要钼产品价格继续保持在相对高位。同时，市场部分商家报价仍有抬高迹象，加之年底逼近，后期钢厂招标或有新的改观。', 1, '钼,行情,美元', 1, 'lizhili', '2013-01-31 00:00:00', '2013-01-31 00:00:00', 1),
	(26, '2012年1-12月国内氧化钼价格走势图', 'lizhili', 17, 35, '　钼精矿市场：今日40-45%钼精矿主流报价1540-1570元/吨度附近，47%及以上品位1560-1580元/吨度，价格暂时持稳，行情仍有继续向上运行迹象。行情短期利好，之前部分商家场外观望，近期开始逐步参与市场。栾川某商家表示，前期矿商停产较多，贸易商多以低库存场外等待行情好转。虽然近期钼精矿价格开始有所好转，但是上调的步伐依然较慢。与成本相比，盈利空间较小。期待后期继续上行。\n                    \n                    　　钼铁市场：钼铁价格暂时保持平稳，市场主流报价10.7-11万元/吨（现款-承兑）。当前，在行情利好带动下，有商家报价呈现虚高状况，整体现款报价期间10.6-10.8万元/吨为主，承兑10.9-11.1万元/吨左右。市场需求尚无完全释放，高价成交偏少。月底部分钢厂招标会逐步启动，钼铁厂家有继续挺价迹象。从近期的钢厂招标来看，钢厂60钼铁的承兑招标价格10.4-10.6万元/吨较为常见，后期有提升空间。\n                    \n                    　　12月21日LME钼期货报价整体保持平稳，3月期钼报价25250/25750美元/吨；15月期钼报价25720/26720美元/吨，LME期钼持仓132手。今日简讯：明年贷款需求将相对旺盛，城镇化为信贷投放重点；中金：新型城镇化难以支持新一轮地产投资；意大利总理蒙蒂递交辞呈，大选或于明年2月举行。\n                    \n                    　　周初外盘钼市部分产品价格仍有上调迹象，欧洲钼铁、氧化钼等都有一定涨幅；美国市场稍显平稳，价格暂稳波动。其次，欧亚将钼氧化物进口关税从5%降至零，这有利增加外部市场对该产品的需求，降低钼铁合金的生产成本，提高外部市场行业竞争力。国内行情运行平稳，主要钼产品价格继续保持在相对高位。同时，市场部分商家报价仍有抬高迹象，加之年底逼近，后期钢厂招标或有新的改观。', 1, '钼,行情,美元', 1, 'lizhili', '2013-01-31 00:00:00', '2013-01-31 00:00:00', 0),
	(27, '2012年12月国际钼铁价格走势图', 'lizhili', 17, 35, '　钼精矿市场：今日40-45%钼精矿主流报价1540-1570元/吨度附近，47%及以上品位1560-1580元/吨度，价格暂时持稳，行情仍有继续向上运行迹象。行情短期利好，之前部分商家场外观望，近期开始逐步参与市场。栾川某商家表示，前期矿商停产较多，贸易商多以低库存场外等待行情好转。虽然近期钼精矿价格开始有所好转，但是上调的步伐依然较慢。与成本相比，盈利空间较小。期待后期继续上行。\n                    \n                    　　钼铁市场：钼铁价格暂时保持平稳，市场主流报价10.7-11万元/吨（现款-承兑）。当前，在行情利好带动下，有商家报价呈现虚高状况，整体现款报价期间10.6-10.8万元/吨为主，承兑10.9-11.1万元/吨左右。市场需求尚无完全释放，高价成交偏少。月底部分钢厂招标会逐步启动，钼铁厂家有继续挺价迹象。从近期的钢厂招标来看，钢厂60钼铁的承兑招标价格10.4-10.6万元/吨较为常见，后期有提升空间。\n                    \n                    　　12月21日LME钼期货报价整体保持平稳，3月期钼报价25250/25750美元/吨；15月期钼报价25720/26720美元/吨，LME期钼持仓132手。今日简讯：明年贷款需求将相对旺盛，城镇化为信贷投放重点；中金：新型城镇化难以支持新一轮地产投资；意大利总理蒙蒂递交辞呈，大选或于明年2月举行。\n                    \n                    　　周初外盘钼市部分产品价格仍有上调迹象，欧洲钼铁、氧化钼等都有一定涨幅；美国市场稍显平稳，价格暂稳波动。其次，欧亚将钼氧化物进口关税从5%降至零，这有利增加外部市场对该产品的需求，降低钼铁合金的生产成本，提高外部市场行业竞争力。国内行情运行平稳，主要钼产品价格继续保持在相对高位。同时，市场部分商家报价仍有抬高迹象，加之年底逼近，后期钢厂招标或有新的改观。', 1, '钼,行情,美元', 1, 'lizhili', '2013-01-31 00:00:00', '2013-01-31 00:00:00', 0),
	(28, '2011年4月份钼系产品月报告', 'lizhili', 17, 35, '　钼精矿市场：今日40-45%钼精矿主流报价1540-1570元/吨度附近，47%及以上品位1560-1580元/吨度，价格暂时持稳，行情仍有继续向上运行迹象。行情短期利好，之前部分商家场外观望，近期开始逐步参与市场。栾川某商家表示，前期矿商停产较多，贸易商多以低库存场外等待行情好转。虽然近期钼精矿价格开始有所好转，但是上调的步伐依然较慢。与成本相比，盈利空间较小。期待后期继续上行。\n                    \n                    　　钼铁市场：钼铁价格暂时保持平稳，市场主流报价10.7-11万元/吨（现款-承兑）。当前，在行情利好带动下，有商家报价呈现虚高状况，整体现款报价期间10.6-10.8万元/吨为主，承兑10.9-11.1万元/吨左右。市场需求尚无完全释放，高价成交偏少。月底部分钢厂招标会逐步启动，钼铁厂家有继续挺价迹象。从近期的钢厂招标来看，钢厂60钼铁的承兑招标价格10.4-10.6万元/吨较为常见，后期有提升空间。\n                    \n                    　　12月21日LME钼期货报价整体保持平稳，3月期钼报价25250/25750美元/吨；15月期钼报价25720/26720美元/吨，LME期钼持仓132手。今日简讯：明年贷款需求将相对旺盛，城镇化为信贷投放重点；中金：新型城镇化难以支持新一轮地产投资；意大利总理蒙蒂递交辞呈，大选或于明年2月举行。\n                    \n                    　　周初外盘钼市部分产品价格仍有上调迹象，欧洲钼铁、氧化钼等都有一定涨幅；美国市场稍显平稳，价格暂稳波动。其次，欧亚将钼氧化物进口关税从5%降至零，这有利增加外部市场对该产品的需求，降低钼铁合金的生产成本，提高外部市场行业竞争力。国内行情运行平稳，主要钼产品价格继续保持在相对高位。同时，市场部分商家报价仍有抬高迹象，加之年底逼近，后期钢厂招标或有新的改观。', 1, '钼,行情,美元', 1, 'lizhili', '2013-01-31 00:00:00', '2013-01-31 00:00:00', 0),
	(29, '2011年4月份钼系产品月报告', 'lizhili', 17, 35, '　钼精矿市场：今日40-45%钼精矿主流报价1540-1570元/吨度附近，47%及以上品位1560-1580元/吨度，价格暂时持稳，行情仍有继续向上运行迹象。行情短期利好，之前部分商家场外观望，近期开始逐步参与市场。栾川某商家表示，前期矿商停产较多，贸易商多以低库存场外等待行情好转。虽然近期钼精矿价格开始有所好转，但是上调的步伐依然较慢。与成本相比，盈利空间较小。期待后期继续上行。\n                    \n                    　　钼铁市场：钼铁价格暂时保持平稳，市场主流报价10.7-11万元/吨（现款-承兑）。当前，在行情利好带动下，有商家报价呈现虚高状况，整体现款报价期间10.6-10.8万元/吨为主，承兑10.9-11.1万元/吨左右。市场需求尚无完全释放，高价成交偏少。月底部分钢厂招标会逐步启动，钼铁厂家有继续挺价迹象。从近期的钢厂招标来看，钢厂60钼铁的承兑招标价格10.4-10.6万元/吨较为常见，后期有提升空间。\n                    \n                    　　12月21日LME钼期货报价整体保持平稳，3月期钼报价25250/25750美元/吨；15月期钼报价25720/26720美元/吨，LME期钼持仓132手。今日简讯：明年贷款需求将相对旺盛，城镇化为信贷投放重点；中金：新型城镇化难以支持新一轮地产投资；意大利总理蒙蒂递交辞呈，大选或于明年2月举行。\n                    \n                    　　周初外盘钼市部分产品价格仍有上调迹象，欧洲钼铁、氧化钼等都有一定涨幅；美国市场稍显平稳，价格暂稳波动。其次，欧亚将钼氧化物进口关税从5%降至零，这有利增加外部市场对该产品的需求，降低钼铁合金的生产成本，提高外部市场行业竞争力。国内行情运行平稳，主要钼产品价格继续保持在相对高位。同时，市场部分商家报价仍有抬高迹象，加之年底逼近，后期钢厂招标或有新的改观。', 1, '钼,行情,美元', 1, 'lizhili', '2013-01-31 00:00:00', '2013-01-31 00:00:00', 0),
	(30, '2012年1-12月国际氧化钼价格走势图', 'lizhili', 17, 35, '　钼精矿市场：今日40-45%钼精矿主流报价1540-1570元/吨度附近，47%及以上品位1560-1580元/吨度，价格暂时持稳，行情仍有继续向上运行迹象。行情短期利好，之前部分商家场外观望，近期开始逐步参与市场。栾川某商家表示，前期矿商停产较多，贸易商多以低库存场外等待行情好转。虽然近期钼精矿价格开始有所好转，但是上调的步伐依然较慢。与成本相比，盈利空间较小。期待后期继续上行。\n                    \n                    　　钼铁市场：钼铁价格暂时保持平稳，市场主流报价10.7-11万元/吨（现款-承兑）。当前，在行情利好带动下，有商家报价呈现虚高状况，整体现款报价期间10.6-10.8万元/吨为主，承兑10.9-11.1万元/吨左右。市场需求尚无完全释放，高价成交偏少。月底部分钢厂招标会逐步启动，钼铁厂家有继续挺价迹象。从近期的钢厂招标来看，钢厂60钼铁的承兑招标价格10.4-10.6万元/吨较为常见，后期有提升空间。\n                    \n                    　　12月21日LME钼期货报价整体保持平稳，3月期钼报价25250/25750美元/吨；15月期钼报价25720/26720美元/吨，LME期钼持仓132手。今日简讯：明年贷款需求将相对旺盛，城镇化为信贷投放重点；中金：新型城镇化难以支持新一轮地产投资；意大利总理蒙蒂递交辞呈，大选或于明年2月举行。\n                    \n                    　　周初外盘钼市部分产品价格仍有上调迹象，欧洲钼铁、氧化钼等都有一定涨幅；美国市场稍显平稳，价格暂稳波动。其次，欧亚将钼氧化物进口关税从5%降至零，这有利增加外部市场对该产品的需求，降低钼铁合金的生产成本，提高外部市场行业竞争力。国内行情运行平稳，主要钼产品价格继续保持在相对高位。同时，市场部分商家报价仍有抬高迹象，加之年底逼近，后期钢厂招标或有新的改观。', 1, '钼,行情,美元', 1, 'lizhili', '2013-01-31 00:00:00', '2013-01-31 00:00:00', 0),
	(31, '2012年1-12月份我国钼铁进口对比图', 'lizhili', 17, 35, '　钼精矿市场：今日40-45%钼精矿主流报价1540-1570元/吨度附近，47%及以上品位1560-1580元/吨度，价格暂时持稳，行情仍有继续向上运行迹象。行情短期利好，之前部分商家场外观望，近期开始逐步参与市场。栾川某商家表示，前期矿商停产较多，贸易商多以低库存场外等待行情好转。虽然近期钼精矿价格开始有所好转，但是上调的步伐依然较慢。与成本相比，盈利空间较小。期待后期继续上行。\n                    \n                    　　钼铁市场：钼铁价格暂时保持平稳，市场主流报价10.7-11万元/吨（现款-承兑）。当前，在行情利好带动下，有商家报价呈现虚高状况，整体现款报价期间10.6-10.8万元/吨为主，承兑10.9-11.1万元/吨左右。市场需求尚无完全释放，高价成交偏少。月底部分钢厂招标会逐步启动，钼铁厂家有继续挺价迹象。从近期的钢厂招标来看，钢厂60钼铁的承兑招标价格10.4-10.6万元/吨较为常见，后期有提升空间。\n                    \n                    　　12月21日LME钼期货报价整体保持平稳，3月期钼报价25250/25750美元/吨；15月期钼报价25720/26720美元/吨，LME期钼持仓132手。今日简讯：明年贷款需求将相对旺盛，城镇化为信贷投放重点；中金：新型城镇化难以支持新一轮地产投资；意大利总理蒙蒂递交辞呈，大选或于明年2月举行。\n                    \n                    　　周初外盘钼市部分产品价格仍有上调迹象，欧洲钼铁、氧化钼等都有一定涨幅；美国市场稍显平稳，价格暂稳波动。其次，欧亚将钼氧化物进口关税从5%降至零，这有利增加外部市场对该产品的需求，降低钼铁合金的生产成本，提高外部市场行业竞争力。国内行情运行平稳，主要钼产品价格继续保持在相对高位。同时，市场部分商家报价仍有抬高迹象，加之年底逼近，后期钢厂招标或有新的改观。', 1, '钼,行情,美元', 1, 'lizhili', '2013-01-31 00:00:00', '2013-01-31 00:00:00', 1),
	(32, '2012年1-12月国际氧化钼价格走势图', 'lizhili', 17, 35, '　钼精矿市场：今日40-45%钼精矿主流报价1540-1570元/吨度附近，47%及以上品位1560-1580元/吨度，价格暂时持稳，行情仍有继续向上运行迹象。行情短期利好，之前部分商家场外观望，近期开始逐步参与市场。栾川某商家表示，前期矿商停产较多，贸易商多以低库存场外等待行情好转。虽然近期钼精矿价格开始有所好转，但是上调的步伐依然较慢。与成本相比，盈利空间较小。期待后期继续上行。\n                    \n                    　　钼铁市场：钼铁价格暂时保持平稳，市场主流报价10.7-11万元/吨（现款-承兑）。当前，在行情利好带动下，有商家报价呈现虚高状况，整体现款报价期间10.6-10.8万元/吨为主，承兑10.9-11.1万元/吨左右。市场需求尚无完全释放，高价成交偏少。月底部分钢厂招标会逐步启动，钼铁厂家有继续挺价迹象。从近期的钢厂招标来看，钢厂60钼铁的承兑招标价格10.4-10.6万元/吨较为常见，后期有提升空间。\n                    \n                    　　12月21日LME钼期货报价整体保持平稳，3月期钼报价25250/25750美元/吨；15月期钼报价25720/26720美元/吨，LME期钼持仓132手。今日简讯：明年贷款需求将相对旺盛，城镇化为信贷投放重点；中金：新型城镇化难以支持新一轮地产投资；意大利总理蒙蒂递交辞呈，大选或于明年2月举行。\n                    \n                    　　周初外盘钼市部分产品价格仍有上调迹象，欧洲钼铁、氧化钼等都有一定涨幅；美国市场稍显平稳，价格暂稳波动。其次，欧亚将钼氧化物进口关税从5%降至零，这有利增加外部市场对该产品的需求，降低钼铁合金的生产成本，提高外部市场行业竞争力。国内行情运行平稳，主要钼产品价格继续保持在相对高位。同时，市场部分商家报价仍有抬高迹象，加之年底逼近，后期钢厂招标或有新的改观。', 1, '钼,行情,美元', 1, 'lizhili', '2013-01-31 00:00:00', '2013-01-31 00:00:00', 0),
	(33, '2012年1-12月国际氧化钼价格走势图', 'lizhili', 17, 35, '　钼精矿市场：今日40-45%钼精矿主流报价1540-1570元/吨度附近，47%及以上品位1560-1580元/吨度，价格暂时持稳，行情仍有继续向上运行迹象。行情短期利好，之前部分商家场外观望，近期开始逐步参与市场。栾川某商家表示，前期矿商停产较多，贸易商多以低库存场外等待行情好转。虽然近期钼精矿价格开始有所好转，但是上调的步伐依然较慢。与成本相比，盈利空间较小。期待后期继续上行。\n                    \n                    　　钼铁市场：钼铁价格暂时保持平稳，市场主流报价10.7-11万元/吨（现款-承兑）。当前，在行情利好带动下，有商家报价呈现虚高状况，整体现款报价期间10.6-10.8万元/吨为主，承兑10.9-11.1万元/吨左右。市场需求尚无完全释放，高价成交偏少。月底部分钢厂招标会逐步启动，钼铁厂家有继续挺价迹象。从近期的钢厂招标来看，钢厂60钼铁的承兑招标价格10.4-10.6万元/吨较为常见，后期有提升空间。\n                    \n                    　　12月21日LME钼期货报价整体保持平稳，3月期钼报价25250/25750美元/吨；15月期钼报价25720/26720美元/吨，LME期钼持仓132手。今日简讯：明年贷款需求将相对旺盛，城镇化为信贷投放重点；中金：新型城镇化难以支持新一轮地产投资；意大利总理蒙蒂递交辞呈，大选或于明年2月举行。\n                    \n                    　　周初外盘钼市部分产品价格仍有上调迹象，欧洲钼铁、氧化钼等都有一定涨幅；美国市场稍显平稳，价格暂稳波动。其次，欧亚将钼氧化物进口关税从5%降至零，这有利增加外部市场对该产品的需求，降低钼铁合金的生产成本，提高外部市场行业竞争力。国内行情运行平稳，主要钼产品价格继续保持在相对高位。同时，市场部分商家报价仍有抬高迹象，加之年底逼近，后期钢厂招标或有新的改观。', 1, '钼,行情,美元', 1, 'lizhili', '2013-01-31 00:00:00', '2013-01-31 00:00:00', 1),
	(34, '2012年1-12月份我国钼铁进口对比图', 'lizhili', 17, 35, '　钼精矿市场：今日40-45%钼精矿主流报价1540-1570元/吨度附近，47%及以上品位1560-1580元/吨度，价格暂时持稳，行情仍有继续向上运行迹象。行情短期利好，之前部分商家场外观望，近期开始逐步参与市场。栾川某商家表示，前期矿商停产较多，贸易商多以低库存场外等待行情好转。虽然近期钼精矿价格开始有所好转，但是上调的步伐依然较慢。与成本相比，盈利空间较小。期待后期继续上行。\n                    \n                    　　钼铁市场：钼铁价格暂时保持平稳，市场主流报价10.7-11万元/吨（现款-承兑）。当前，在行情利好带动下，有商家报价呈现虚高状况，整体现款报价期间10.6-10.8万元/吨为主，承兑10.9-11.1万元/吨左右。市场需求尚无完全释放，高价成交偏少。月底部分钢厂招标会逐步启动，钼铁厂家有继续挺价迹象。从近期的钢厂招标来看，钢厂60钼铁的承兑招标价格10.4-10.6万元/吨较为常见，后期有提升空间。\n                    \n                    　　12月21日LME钼期货报价整体保持平稳，3月期钼报价25250/25750美元/吨；15月期钼报价25720/26720美元/吨，LME期钼持仓132手。今日简讯：明年贷款需求将相对旺盛，城镇化为信贷投放重点；中金：新型城镇化难以支持新一轮地产投资；意大利总理蒙蒂递交辞呈，大选或于明年2月举行。\n                    \n                    　　周初外盘钼市部分产品价格仍有上调迹象，欧洲钼铁、氧化钼等都有一定涨幅；美国市场稍显平稳，价格暂稳波动。其次，欧亚将钼氧化物进口关税从5%降至零，这有利增加外部市场对该产品的需求，降低钼铁合金的生产成本，提高外部市场行业竞争力。国内行情运行平稳，主要钼产品价格继续保持在相对高位。同时，市场部分商家报价仍有抬高迹象，加之年底逼近，后期钢厂招标或有新的改观。', 1, '钼,行情,美元', 1, 'lizhili', '2013-01-31 00:00:00', '2013-01-31 00:00:00', 0),
	(35, '2012年12月国际氧化钼价格走势图', 'lizhili', 17, 35, '　钼精矿市场：今日40-45%钼精矿主流报价1540-1570元/吨度附近，47%及以上品位1560-1580元/吨度，价格暂时持稳，行情仍有继续向上运行迹象。行情短期利好，之前部分商家场外观望，近期开始逐步参与市场。栾川某商家表示，前期矿商停产较多，贸易商多以低库存场外等待行情好转。虽然近期钼精矿价格开始有所好转，但是上调的步伐依然较慢。与成本相比，盈利空间较小。期待后期继续上行。\n                    \n                    　　钼铁市场：钼铁价格暂时保持平稳，市场主流报价10.7-11万元/吨（现款-承兑）。当前，在行情利好带动下，有商家报价呈现虚高状况，整体现款报价期间10.6-10.8万元/吨为主，承兑10.9-11.1万元/吨左右。市场需求尚无完全释放，高价成交偏少。月底部分钢厂招标会逐步启动，钼铁厂家有继续挺价迹象。从近期的钢厂招标来看，钢厂60钼铁的承兑招标价格10.4-10.6万元/吨较为常见，后期有提升空间。\n                    \n                    　　12月21日LME钼期货报价整体保持平稳，3月期钼报价25250/25750美元/吨；15月期钼报价25720/26720美元/吨，LME期钼持仓132手。今日简讯：明年贷款需求将相对旺盛，城镇化为信贷投放重点；中金：新型城镇化难以支持新一轮地产投资；意大利总理蒙蒂递交辞呈，大选或于明年2月举行。\n                    \n                    　　周初外盘钼市部分产品价格仍有上调迹象，欧洲钼铁、氧化钼等都有一定涨幅；美国市场稍显平稳，价格暂稳波动。其次，欧亚将钼氧化物进口关税从5%降至零，这有利增加外部市场对该产品的需求，降低钼铁合金的生产成本，提高外部市场行业竞争力。国内行情运行平稳，主要钼产品价格继续保持在相对高位。同时，市场部分商家报价仍有抬高迹象，加之年底逼近，后期钢厂招标或有新的改观。', 1, '钼,行情,美元', 1, 'lizhili', '2013-01-31 00:00:00', '2013-01-31 00:00:00', 0),
	(36, '2012年1-12月国际氧化钼价格走势图', 'lizhili', 17, 35, '　钼精矿市场：今日40-45%钼精矿主流报价1540-1570元/吨度附近，47%及以上品位1560-1580元/吨度，价格暂时持稳，行情仍有继续向上运行迹象。行情短期利好，之前部分商家场外观望，近期开始逐步参与市场。栾川某商家表示，前期矿商停产较多，贸易商多以低库存场外等待行情好转。虽然近期钼精矿价格开始有所好转，但是上调的步伐依然较慢。与成本相比，盈利空间较小。期待后期继续上行。\n                    \n                    　　钼铁市场：钼铁价格暂时保持平稳，市场主流报价10.7-11万元/吨（现款-承兑）。当前，在行情利好带动下，有商家报价呈现虚高状况，整体现款报价期间10.6-10.8万元/吨为主，承兑10.9-11.1万元/吨左右。市场需求尚无完全释放，高价成交偏少。月底部分钢厂招标会逐步启动，钼铁厂家有继续挺价迹象。从近期的钢厂招标来看，钢厂60钼铁的承兑招标价格10.4-10.6万元/吨较为常见，后期有提升空间。\n                    \n                    　　12月21日LME钼期货报价整体保持平稳，3月期钼报价25250/25750美元/吨；15月期钼报价25720/26720美元/吨，LME期钼持仓132手。今日简讯：明年贷款需求将相对旺盛，城镇化为信贷投放重点；中金：新型城镇化难以支持新一轮地产投资；意大利总理蒙蒂递交辞呈，大选或于明年2月举行。\n                    \n                    　　周初外盘钼市部分产品价格仍有上调迹象，欧洲钼铁、氧化钼等都有一定涨幅；美国市场稍显平稳，价格暂稳波动。其次，欧亚将钼氧化物进口关税从5%降至零，这有利增加外部市场对该产品的需求，降低钼铁合金的生产成本，提高外部市场行业竞争力。国内行情运行平稳，主要钼产品价格继续保持在相对高位。同时，市场部分商家报价仍有抬高迹象，加之年底逼近，后期钢厂招标或有新的改观。', 1, '钼,行情,美元', 1, 'lizhili', '2013-01-31 00:00:00', '2013-01-31 00:00:00', 1),
	(37, '2012年1-12月份我国钼铁出口对比图', 'lizhili', 17, 35, '　钼精矿市场：今日40-45%钼精矿主流报价1540-1570元/吨度附近，47%及以上品位1560-1580元/吨度，价格暂时持稳，行情仍有继续向上运行迹象。行情短期利好，之前部分商家场外观望，近期开始逐步参与市场。栾川某商家表示，前期矿商停产较多，贸易商多以低库存场外等待行情好转。虽然近期钼精矿价格开始有所好转，但是上调的步伐依然较慢。与成本相比，盈利空间较小。期待后期继续上行。\n                    \n                    　　钼铁市场：钼铁价格暂时保持平稳，市场主流报价10.7-11万元/吨（现款-承兑）。当前，在行情利好带动下，有商家报价呈现虚高状况，整体现款报价期间10.6-10.8万元/吨为主，承兑10.9-11.1万元/吨左右。市场需求尚无完全释放，高价成交偏少。月底部分钢厂招标会逐步启动，钼铁厂家有继续挺价迹象。从近期的钢厂招标来看，钢厂60钼铁的承兑招标价格10.4-10.6万元/吨较为常见，后期有提升空间。\n                    \n                    　　12月21日LME钼期货报价整体保持平稳，3月期钼报价25250/25750美元/吨；15月期钼报价25720/26720美元/吨，LME期钼持仓132手。今日简讯：明年贷款需求将相对旺盛，城镇化为信贷投放重点；中金：新型城镇化难以支持新一轮地产投资；意大利总理蒙蒂递交辞呈，大选或于明年2月举行。\n                    \n                    　　周初外盘钼市部分产品价格仍有上调迹象，欧洲钼铁、氧化钼等都有一定涨幅；美国市场稍显平稳，价格暂稳波动。其次，欧亚将钼氧化物进口关税从5%降至零，这有利增加外部市场对该产品的需求，降低钼铁合金的生产成本，提高外部市场行业竞争力。国内行情运行平稳，主要钼产品价格继续保持在相对高位。同时，市场部分商家报价仍有抬高迹象，加之年底逼近，后期钢厂招标或有新的改观。', 1, '钼,行情,美元', 1, 'lizhili', '2013-01-31 00:00:00', '2013-01-31 00:00:00', 1),
	(38, '2012年12月国际钼铁价格走势图', 'lizhili', 17, 35, '　钼精矿市场：今日40-45%钼精矿主流报价1540-1570元/吨度附近，47%及以上品位1560-1580元/吨度，价格暂时持稳，行情仍有继续向上运行迹象。行情短期利好，之前部分商家场外观望，近期开始逐步参与市场。栾川某商家表示，前期矿商停产较多，贸易商多以低库存场外等待行情好转。虽然近期钼精矿价格开始有所好转，但是上调的步伐依然较慢。与成本相比，盈利空间较小。期待后期继续上行。\n                    \n                    　　钼铁市场：钼铁价格暂时保持平稳，市场主流报价10.7-11万元/吨（现款-承兑）。当前，在行情利好带动下，有商家报价呈现虚高状况，整体现款报价期间10.6-10.8万元/吨为主，承兑10.9-11.1万元/吨左右。市场需求尚无完全释放，高价成交偏少。月底部分钢厂招标会逐步启动，钼铁厂家有继续挺价迹象。从近期的钢厂招标来看，钢厂60钼铁的承兑招标价格10.4-10.6万元/吨较为常见，后期有提升空间。\n                    \n                    　　12月21日LME钼期货报价整体保持平稳，3月期钼报价25250/25750美元/吨；15月期钼报价25720/26720美元/吨，LME期钼持仓132手。今日简讯：明年贷款需求将相对旺盛，城镇化为信贷投放重点；中金：新型城镇化难以支持新一轮地产投资；意大利总理蒙蒂递交辞呈，大选或于明年2月举行。\n                    \n                    　　周初外盘钼市部分产品价格仍有上调迹象，欧洲钼铁、氧化钼等都有一定涨幅；美国市场稍显平稳，价格暂稳波动。其次，欧亚将钼氧化物进口关税从5%降至零，这有利增加外部市场对该产品的需求，降低钼铁合金的生产成本，提高外部市场行业竞争力。国内行情运行平稳，主要钼产品价格继续保持在相对高位。同时，市场部分商家报价仍有抬高迹象，加之年底逼近，后期钢厂招标或有新的改观。', 1, '钼,行情,美元', 1, 'lizhili', '2013-01-31 00:00:00', '2013-01-31 00:00:00', 1),
	(39, '2012年1-12月国内钼铁价格走势图', 'lizhili', 17, 35, '　钼精矿市场：今日40-45%钼精矿主流报价1540-1570元/吨度附近，47%及以上品位1560-1580元/吨度，价格暂时持稳，行情仍有继续向上运行迹象。行情短期利好，之前部分商家场外观望，近期开始逐步参与市场。栾川某商家表示，前期矿商停产较多，贸易商多以低库存场外等待行情好转。虽然近期钼精矿价格开始有所好转，但是上调的步伐依然较慢。与成本相比，盈利空间较小。期待后期继续上行。\n                    \n                    　　钼铁市场：钼铁价格暂时保持平稳，市场主流报价10.7-11万元/吨（现款-承兑）。当前，在行情利好带动下，有商家报价呈现虚高状况，整体现款报价期间10.6-10.8万元/吨为主，承兑10.9-11.1万元/吨左右。市场需求尚无完全释放，高价成交偏少。月底部分钢厂招标会逐步启动，钼铁厂家有继续挺价迹象。从近期的钢厂招标来看，钢厂60钼铁的承兑招标价格10.4-10.6万元/吨较为常见，后期有提升空间。\n                    \n                    　　12月21日LME钼期货报价整体保持平稳，3月期钼报价25250/25750美元/吨；15月期钼报价25720/26720美元/吨，LME期钼持仓132手。今日简讯：明年贷款需求将相对旺盛，城镇化为信贷投放重点；中金：新型城镇化难以支持新一轮地产投资；意大利总理蒙蒂递交辞呈，大选或于明年2月举行。\n                    \n                    　　周初外盘钼市部分产品价格仍有上调迹象，欧洲钼铁、氧化钼等都有一定涨幅；美国市场稍显平稳，价格暂稳波动。其次，欧亚将钼氧化物进口关税从5%降至零，这有利增加外部市场对该产品的需求，降低钼铁合金的生产成本，提高外部市场行业竞争力。国内行情运行平稳，主要钼产品价格继续保持在相对高位。同时，市场部分商家报价仍有抬高迹象，加之年底逼近，后期钢厂招标或有新的改观。', 1, '钼,行情,美元', 1, 'lizhili', '2013-01-31 00:00:00', '2013-01-31 00:00:00', 1),
	(40, '2012年12月国际氧化钼价格走势图', 'lizhili', 17, 35, '　钼精矿市场：今日40-45%钼精矿主流报价1540-1570元/吨度附近，47%及以上品位1560-1580元/吨度，价格暂时持稳，行情仍有继续向上运行迹象。行情短期利好，之前部分商家场外观望，近期开始逐步参与市场。栾川某商家表示，前期矿商停产较多，贸易商多以低库存场外等待行情好转。虽然近期钼精矿价格开始有所好转，但是上调的步伐依然较慢。与成本相比，盈利空间较小。期待后期继续上行。\n                    \n                    　　钼铁市场：钼铁价格暂时保持平稳，市场主流报价10.7-11万元/吨（现款-承兑）。当前，在行情利好带动下，有商家报价呈现虚高状况，整体现款报价期间10.6-10.8万元/吨为主，承兑10.9-11.1万元/吨左右。市场需求尚无完全释放，高价成交偏少。月底部分钢厂招标会逐步启动，钼铁厂家有继续挺价迹象。从近期的钢厂招标来看，钢厂60钼铁的承兑招标价格10.4-10.6万元/吨较为常见，后期有提升空间。\n                    \n                    　　12月21日LME钼期货报价整体保持平稳，3月期钼报价25250/25750美元/吨；15月期钼报价25720/26720美元/吨，LME期钼持仓132手。今日简讯：明年贷款需求将相对旺盛，城镇化为信贷投放重点；中金：新型城镇化难以支持新一轮地产投资；意大利总理蒙蒂递交辞呈，大选或于明年2月举行。\n                    \n                    　　周初外盘钼市部分产品价格仍有上调迹象，欧洲钼铁、氧化钼等都有一定涨幅；美国市场稍显平稳，价格暂稳波动。其次，欧亚将钼氧化物进口关税从5%降至零，这有利增加外部市场对该产品的需求，降低钼铁合金的生产成本，提高外部市场行业竞争力。国内行情运行平稳，主要钼产品价格继续保持在相对高位。同时，市场部分商家报价仍有抬高迹象，加之年底逼近，后期钢厂招标或有新的改观。', 1, '钼,行情,美元', 1, 'lizhili', '2013-01-31 00:00:00', '2013-01-31 00:00:00', 1),
	(41, '2012年1-12月国际钼铁价格走势图', 'lizhili', 17, 35, '　钼精矿市场：今日40-45%钼精矿主流报价1540-1570元/吨度附近，47%及以上品位1560-1580元/吨度，价格暂时持稳，行情仍有继续向上运行迹象。行情短期利好，之前部分商家场外观望，近期开始逐步参与市场。栾川某商家表示，前期矿商停产较多，贸易商多以低库存场外等待行情好转。虽然近期钼精矿价格开始有所好转，但是上调的步伐依然较慢。与成本相比，盈利空间较小。期待后期继续上行。\n                    \n                    　　钼铁市场：钼铁价格暂时保持平稳，市场主流报价10.7-11万元/吨（现款-承兑）。当前，在行情利好带动下，有商家报价呈现虚高状况，整体现款报价期间10.6-10.8万元/吨为主，承兑10.9-11.1万元/吨左右。市场需求尚无完全释放，高价成交偏少。月底部分钢厂招标会逐步启动，钼铁厂家有继续挺价迹象。从近期的钢厂招标来看，钢厂60钼铁的承兑招标价格10.4-10.6万元/吨较为常见，后期有提升空间。\n                    \n                    　　12月21日LME钼期货报价整体保持平稳，3月期钼报价25250/25750美元/吨；15月期钼报价25720/26720美元/吨，LME期钼持仓132手。今日简讯：明年贷款需求将相对旺盛，城镇化为信贷投放重点；中金：新型城镇化难以支持新一轮地产投资；意大利总理蒙蒂递交辞呈，大选或于明年2月举行。\n                    \n                    　　周初外盘钼市部分产品价格仍有上调迹象，欧洲钼铁、氧化钼等都有一定涨幅；美国市场稍显平稳，价格暂稳波动。其次，欧亚将钼氧化物进口关税从5%降至零，这有利增加外部市场对该产品的需求，降低钼铁合金的生产成本，提高外部市场行业竞争力。国内行情运行平稳，主要钼产品价格继续保持在相对高位。同时，市场部分商家报价仍有抬高迹象，加之年底逼近，后期钢厂招标或有新的改观。', 1, '钼,行情,美元', 1, 'lizhili', '2013-01-31 00:00:00', '2013-01-31 00:00:00', 0),
	(42, '2012年1-12月国际钼铁价格走势图', 'lizhili', 17, 35, '　钼精矿市场：今日40-45%钼精矿主流报价1540-1570元/吨度附近，47%及以上品位1560-1580元/吨度，价格暂时持稳，行情仍有继续向上运行迹象。行情短期利好，之前部分商家场外观望，近期开始逐步参与市场。栾川某商家表示，前期矿商停产较多，贸易商多以低库存场外等待行情好转。虽然近期钼精矿价格开始有所好转，但是上调的步伐依然较慢。与成本相比，盈利空间较小。期待后期继续上行。\n                    \n                    　　钼铁市场：钼铁价格暂时保持平稳，市场主流报价10.7-11万元/吨（现款-承兑）。当前，在行情利好带动下，有商家报价呈现虚高状况，整体现款报价期间10.6-10.8万元/吨为主，承兑10.9-11.1万元/吨左右。市场需求尚无完全释放，高价成交偏少。月底部分钢厂招标会逐步启动，钼铁厂家有继续挺价迹象。从近期的钢厂招标来看，钢厂60钼铁的承兑招标价格10.4-10.6万元/吨较为常见，后期有提升空间。\n                    \n                    　　12月21日LME钼期货报价整体保持平稳，3月期钼报价25250/25750美元/吨；15月期钼报价25720/26720美元/吨，LME期钼持仓132手。今日简讯：明年贷款需求将相对旺盛，城镇化为信贷投放重点；中金：新型城镇化难以支持新一轮地产投资；意大利总理蒙蒂递交辞呈，大选或于明年2月举行。\n                    \n                    　　周初外盘钼市部分产品价格仍有上调迹象，欧洲钼铁、氧化钼等都有一定涨幅；美国市场稍显平稳，价格暂稳波动。其次，欧亚将钼氧化物进口关税从5%降至零，这有利增加外部市场对该产品的需求，降低钼铁合金的生产成本，提高外部市场行业竞争力。国内行情运行平稳，主要钼产品价格继续保持在相对高位。同时，市场部分商家报价仍有抬高迹象，加之年底逼近，后期钢厂招标或有新的改观。', 1, '钼,行情,美元', 1, 'lizhili', '2013-01-31 00:00:00', '2013-01-31 00:00:00', 1),
	(43, '2012年12月国内钼铁价格走势图', 'lizhili', 17, 35, '　钼精矿市场：今日40-45%钼精矿主流报价1540-1570元/吨度附近，47%及以上品位1560-1580元/吨度，价格暂时持稳，行情仍有继续向上运行迹象。行情短期利好，之前部分商家场外观望，近期开始逐步参与市场。栾川某商家表示，前期矿商停产较多，贸易商多以低库存场外等待行情好转。虽然近期钼精矿价格开始有所好转，但是上调的步伐依然较慢。与成本相比，盈利空间较小。期待后期继续上行。\n                    \n                    　　钼铁市场：钼铁价格暂时保持平稳，市场主流报价10.7-11万元/吨（现款-承兑）。当前，在行情利好带动下，有商家报价呈现虚高状况，整体现款报价期间10.6-10.8万元/吨为主，承兑10.9-11.1万元/吨左右。市场需求尚无完全释放，高价成交偏少。月底部分钢厂招标会逐步启动，钼铁厂家有继续挺价迹象。从近期的钢厂招标来看，钢厂60钼铁的承兑招标价格10.4-10.6万元/吨较为常见，后期有提升空间。\n                    \n                    　　12月21日LME钼期货报价整体保持平稳，3月期钼报价25250/25750美元/吨；15月期钼报价25720/26720美元/吨，LME期钼持仓132手。今日简讯：明年贷款需求将相对旺盛，城镇化为信贷投放重点；中金：新型城镇化难以支持新一轮地产投资；意大利总理蒙蒂递交辞呈，大选或于明年2月举行。\n                    \n                    　　周初外盘钼市部分产品价格仍有上调迹象，欧洲钼铁、氧化钼等都有一定涨幅；美国市场稍显平稳，价格暂稳波动。其次，欧亚将钼氧化物进口关税从5%降至零，这有利增加外部市场对该产品的需求，降低钼铁合金的生产成本，提高外部市场行业竞争力。国内行情运行平稳，主要钼产品价格继续保持在相对高位。同时，市场部分商家报价仍有抬高迹象，加之年底逼近，后期钢厂招标或有新的改观。', 1, '钼,行情,美元', 1, 'lizhili', '2013-01-31 00:00:00', '2013-01-31 00:00:00', 0),
	(44, '2012年1-12月国内钼铁价格走势图', 'lizhili', 17, 35, '　钼精矿市场：今日40-45%钼精矿主流报价1540-1570元/吨度附近，47%及以上品位1560-1580元/吨度，价格暂时持稳，行情仍有继续向上运行迹象。行情短期利好，之前部分商家场外观望，近期开始逐步参与市场。栾川某商家表示，前期矿商停产较多，贸易商多以低库存场外等待行情好转。虽然近期钼精矿价格开始有所好转，但是上调的步伐依然较慢。与成本相比，盈利空间较小。期待后期继续上行。\n                    \n                    　　钼铁市场：钼铁价格暂时保持平稳，市场主流报价10.7-11万元/吨（现款-承兑）。当前，在行情利好带动下，有商家报价呈现虚高状况，整体现款报价期间10.6-10.8万元/吨为主，承兑10.9-11.1万元/吨左右。市场需求尚无完全释放，高价成交偏少。月底部分钢厂招标会逐步启动，钼铁厂家有继续挺价迹象。从近期的钢厂招标来看，钢厂60钼铁的承兑招标价格10.4-10.6万元/吨较为常见，后期有提升空间。\n                    \n                    　　12月21日LME钼期货报价整体保持平稳，3月期钼报价25250/25750美元/吨；15月期钼报价25720/26720美元/吨，LME期钼持仓132手。今日简讯：明年贷款需求将相对旺盛，城镇化为信贷投放重点；中金：新型城镇化难以支持新一轮地产投资；意大利总理蒙蒂递交辞呈，大选或于明年2月举行。\n                    \n                    　　周初外盘钼市部分产品价格仍有上调迹象，欧洲钼铁、氧化钼等都有一定涨幅；美国市场稍显平稳，价格暂稳波动。其次，欧亚将钼氧化物进口关税从5%降至零，这有利增加外部市场对该产品的需求，降低钼铁合金的生产成本，提高外部市场行业竞争力。国内行情运行平稳，主要钼产品价格继续保持在相对高位。同时，市场部分商家报价仍有抬高迹象，加之年底逼近，后期钢厂招标或有新的改观。', 1, '钼,行情,美元', 1, 'lizhili', '2013-01-31 00:00:00', '2013-01-31 00:00:00', 0),
	(45, '2012年1-12月国际钼铁价格走势图', 'lizhili', 17, 35, '　钼精矿市场：今日40-45%钼精矿主流报价1540-1570元/吨度附近，47%及以上品位1560-1580元/吨度，价格暂时持稳，行情仍有继续向上运行迹象。行情短期利好，之前部分商家场外观望，近期开始逐步参与市场。栾川某商家表示，前期矿商停产较多，贸易商多以低库存场外等待行情好转。虽然近期钼精矿价格开始有所好转，但是上调的步伐依然较慢。与成本相比，盈利空间较小。期待后期继续上行。\n                    \n                    　　钼铁市场：钼铁价格暂时保持平稳，市场主流报价10.7-11万元/吨（现款-承兑）。当前，在行情利好带动下，有商家报价呈现虚高状况，整体现款报价期间10.6-10.8万元/吨为主，承兑10.9-11.1万元/吨左右。市场需求尚无完全释放，高价成交偏少。月底部分钢厂招标会逐步启动，钼铁厂家有继续挺价迹象。从近期的钢厂招标来看，钢厂60钼铁的承兑招标价格10.4-10.6万元/吨较为常见，后期有提升空间。\n                    \n                    　　12月21日LME钼期货报价整体保持平稳，3月期钼报价25250/25750美元/吨；15月期钼报价25720/26720美元/吨，LME期钼持仓132手。今日简讯：明年贷款需求将相对旺盛，城镇化为信贷投放重点；中金：新型城镇化难以支持新一轮地产投资；意大利总理蒙蒂递交辞呈，大选或于明年2月举行。\n                    \n                    　　周初外盘钼市部分产品价格仍有上调迹象，欧洲钼铁、氧化钼等都有一定涨幅；美国市场稍显平稳，价格暂稳波动。其次，欧亚将钼氧化物进口关税从5%降至零，这有利增加外部市场对该产品的需求，降低钼铁合金的生产成本，提高外部市场行业竞争力。国内行情运行平稳，主要钼产品价格继续保持在相对高位。同时，市场部分商家报价仍有抬高迹象，加之年底逼近，后期钢厂招标或有新的改观。', 1, '钼,行情,美元', 1, 'lizhili', '2013-01-31 00:00:00', '2013-01-31 00:00:00', 1),
	(46, '2012年12月国内钼铁价格走势图', 'lizhili', 17, 35, '　钼精矿市场：今日40-45%钼精矿主流报价1540-1570元/吨度附近，47%及以上品位1560-1580元/吨度，价格暂时持稳，行情仍有继续向上运行迹象。行情短期利好，之前部分商家场外观望，近期开始逐步参与市场。栾川某商家表示，前期矿商停产较多，贸易商多以低库存场外等待行情好转。虽然近期钼精矿价格开始有所好转，但是上调的步伐依然较慢。与成本相比，盈利空间较小。期待后期继续上行。\n                    \n                    　　钼铁市场：钼铁价格暂时保持平稳，市场主流报价10.7-11万元/吨（现款-承兑）。当前，在行情利好带动下，有商家报价呈现虚高状况，整体现款报价期间10.6-10.8万元/吨为主，承兑10.9-11.1万元/吨左右。市场需求尚无完全释放，高价成交偏少。月底部分钢厂招标会逐步启动，钼铁厂家有继续挺价迹象。从近期的钢厂招标来看，钢厂60钼铁的承兑招标价格10.4-10.6万元/吨较为常见，后期有提升空间。\n                    \n                    　　12月21日LME钼期货报价整体保持平稳，3月期钼报价25250/25750美元/吨；15月期钼报价25720/26720美元/吨，LME期钼持仓132手。今日简讯：明年贷款需求将相对旺盛，城镇化为信贷投放重点；中金：新型城镇化难以支持新一轮地产投资；意大利总理蒙蒂递交辞呈，大选或于明年2月举行。\n                    \n                    　　周初外盘钼市部分产品价格仍有上调迹象，欧洲钼铁、氧化钼等都有一定涨幅；美国市场稍显平稳，价格暂稳波动。其次，欧亚将钼氧化物进口关税从5%降至零，这有利增加外部市场对该产品的需求，降低钼铁合金的生产成本，提高外部市场行业竞争力。国内行情运行平稳，主要钼产品价格继续保持在相对高位。同时，市场部分商家报价仍有抬高迹象，加之年底逼近，后期钢厂招标或有新的改观。', 1, '钼,行情,美元', 1, 'lizhili', '2013-01-31 00:00:00', '2013-01-31 00:00:00', 1),
	(47, '2012年12月国内氧化钼价格走势图', 'lizhili', 17, 35, '　钼精矿市场：今日40-45%钼精矿主流报价1540-1570元/吨度附近，47%及以上品位1560-1580元/吨度，价格暂时持稳，行情仍有继续向上运行迹象。行情短期利好，之前部分商家场外观望，近期开始逐步参与市场。栾川某商家表示，前期矿商停产较多，贸易商多以低库存场外等待行情好转。虽然近期钼精矿价格开始有所好转，但是上调的步伐依然较慢。与成本相比，盈利空间较小。期待后期继续上行。\n                    \n                    　　钼铁市场：钼铁价格暂时保持平稳，市场主流报价10.7-11万元/吨（现款-承兑）。当前，在行情利好带动下，有商家报价呈现虚高状况，整体现款报价期间10.6-10.8万元/吨为主，承兑10.9-11.1万元/吨左右。市场需求尚无完全释放，高价成交偏少。月底部分钢厂招标会逐步启动，钼铁厂家有继续挺价迹象。从近期的钢厂招标来看，钢厂60钼铁的承兑招标价格10.4-10.6万元/吨较为常见，后期有提升空间。\n                    \n                    　　12月21日LME钼期货报价整体保持平稳，3月期钼报价25250/25750美元/吨；15月期钼报价25720/26720美元/吨，LME期钼持仓132手。今日简讯：明年贷款需求将相对旺盛，城镇化为信贷投放重点；中金：新型城镇化难以支持新一轮地产投资；意大利总理蒙蒂递交辞呈，大选或于明年2月举行。\n                    \n                    　　周初外盘钼市部分产品价格仍有上调迹象，欧洲钼铁、氧化钼等都有一定涨幅；美国市场稍显平稳，价格暂稳波动。其次，欧亚将钼氧化物进口关税从5%降至零，这有利增加外部市场对该产品的需求，降低钼铁合金的生产成本，提高外部市场行业竞争力。国内行情运行平稳，主要钼产品价格继续保持在相对高位。同时，市场部分商家报价仍有抬高迹象，加之年底逼近，后期钢厂招标或有新的改观。', 1, '钼,行情,美元', 1, 'lizhili', '2013-01-31 00:00:00', '2013-01-31 00:00:00', 0),
	(48, '2012年12月国际钼铁价格走势图', 'lizhili', 17, 35, '　钼精矿市场：今日40-45%钼精矿主流报价1540-1570元/吨度附近，47%及以上品位1560-1580元/吨度，价格暂时持稳，行情仍有继续向上运行迹象。行情短期利好，之前部分商家场外观望，近期开始逐步参与市场。栾川某商家表示，前期矿商停产较多，贸易商多以低库存场外等待行情好转。虽然近期钼精矿价格开始有所好转，但是上调的步伐依然较慢。与成本相比，盈利空间较小。期待后期继续上行。\n                    \n                    　　钼铁市场：钼铁价格暂时保持平稳，市场主流报价10.7-11万元/吨（现款-承兑）。当前，在行情利好带动下，有商家报价呈现虚高状况，整体现款报价期间10.6-10.8万元/吨为主，承兑10.9-11.1万元/吨左右。市场需求尚无完全释放，高价成交偏少。月底部分钢厂招标会逐步启动，钼铁厂家有继续挺价迹象。从近期的钢厂招标来看，钢厂60钼铁的承兑招标价格10.4-10.6万元/吨较为常见，后期有提升空间。\n                    \n                    　　12月21日LME钼期货报价整体保持平稳，3月期钼报价25250/25750美元/吨；15月期钼报价25720/26720美元/吨，LME期钼持仓132手。今日简讯：明年贷款需求将相对旺盛，城镇化为信贷投放重点；中金：新型城镇化难以支持新一轮地产投资；意大利总理蒙蒂递交辞呈，大选或于明年2月举行。\n                    \n                    　　周初外盘钼市部分产品价格仍有上调迹象，欧洲钼铁、氧化钼等都有一定涨幅；美国市场稍显平稳，价格暂稳波动。其次，欧亚将钼氧化物进口关税从5%降至零，这有利增加外部市场对该产品的需求，降低钼铁合金的生产成本，提高外部市场行业竞争力。国内行情运行平稳，主要钼产品价格继续保持在相对高位。同时，市场部分商家报价仍有抬高迹象，加之年底逼近，后期钢厂招标或有新的改观。', 1, '钼,行情,美元', 1, 'lizhili', '2013-01-31 00:00:00', '2013-01-31 00:00:00', 1),
	(49, '2012年1-12月份我国钼铁进口对比图', 'lizhili', 17, 35, '　钼精矿市场：今日40-45%钼精矿主流报价1540-1570元/吨度附近，47%及以上品位1560-1580元/吨度，价格暂时持稳，行情仍有继续向上运行迹象。行情短期利好，之前部分商家场外观望，近期开始逐步参与市场。栾川某商家表示，前期矿商停产较多，贸易商多以低库存场外等待行情好转。虽然近期钼精矿价格开始有所好转，但是上调的步伐依然较慢。与成本相比，盈利空间较小。期待后期继续上行。\n                    \n                    　　钼铁市场：钼铁价格暂时保持平稳，市场主流报价10.7-11万元/吨（现款-承兑）。当前，在行情利好带动下，有商家报价呈现虚高状况，整体现款报价期间10.6-10.8万元/吨为主，承兑10.9-11.1万元/吨左右。市场需求尚无完全释放，高价成交偏少。月底部分钢厂招标会逐步启动，钼铁厂家有继续挺价迹象。从近期的钢厂招标来看，钢厂60钼铁的承兑招标价格10.4-10.6万元/吨较为常见，后期有提升空间。\n                    \n                    　　12月21日LME钼期货报价整体保持平稳，3月期钼报价25250/25750美元/吨；15月期钼报价25720/26720美元/吨，LME期钼持仓132手。今日简讯：明年贷款需求将相对旺盛，城镇化为信贷投放重点；中金：新型城镇化难以支持新一轮地产投资；意大利总理蒙蒂递交辞呈，大选或于明年2月举行。\n                    \n                    　　周初外盘钼市部分产品价格仍有上调迹象，欧洲钼铁、氧化钼等都有一定涨幅；美国市场稍显平稳，价格暂稳波动。其次，欧亚将钼氧化物进口关税从5%降至零，这有利增加外部市场对该产品的需求，降低钼铁合金的生产成本，提高外部市场行业竞争力。国内行情运行平稳，主要钼产品价格继续保持在相对高位。同时，市场部分商家报价仍有抬高迹象，加之年底逼近，后期钢厂招标或有新的改观。', 1, '钼,行情,美元', 1, 'lizhili', '2013-01-31 00:00:00', '2013-01-31 00:00:00', 0),
	(50, '2012年12月国内氧化钼价格走势图', 'lizhili', 17, 35, '　钼精矿市场：今日40-45%钼精矿主流报价1540-1570元/吨度附近，47%及以上品位1560-1580元/吨度，价格暂时持稳，行情仍有继续向上运行迹象。行情短期利好，之前部分商家场外观望，近期开始逐步参与市场。栾川某商家表示，前期矿商停产较多，贸易商多以低库存场外等待行情好转。虽然近期钼精矿价格开始有所好转，但是上调的步伐依然较慢。与成本相比，盈利空间较小。期待后期继续上行。\n                    \n                    　　钼铁市场：钼铁价格暂时保持平稳，市场主流报价10.7-11万元/吨（现款-承兑）。当前，在行情利好带动下，有商家报价呈现虚高状况，整体现款报价期间10.6-10.8万元/吨为主，承兑10.9-11.1万元/吨左右。市场需求尚无完全释放，高价成交偏少。月底部分钢厂招标会逐步启动，钼铁厂家有继续挺价迹象。从近期的钢厂招标来看，钢厂60钼铁的承兑招标价格10.4-10.6万元/吨较为常见，后期有提升空间。\n                    \n                    　　12月21日LME钼期货报价整体保持平稳，3月期钼报价25250/25750美元/吨；15月期钼报价25720/26720美元/吨，LME期钼持仓132手。今日简讯：明年贷款需求将相对旺盛，城镇化为信贷投放重点；中金：新型城镇化难以支持新一轮地产投资；意大利总理蒙蒂递交辞呈，大选或于明年2月举行。\n                    \n                    　　周初外盘钼市部分产品价格仍有上调迹象，欧洲钼铁、氧化钼等都有一定涨幅；美国市场稍显平稳，价格暂稳波动。其次，欧亚将钼氧化物进口关税从5%降至零，这有利增加外部市场对该产品的需求，降低钼铁合金的生产成本，提高外部市场行业竞争力。国内行情运行平稳，主要钼产品价格继续保持在相对高位。同时，市场部分商家报价仍有抬高迹象，加之年底逼近，后期钢厂招标或有新的改观。', 1, '钼,行情,美元', 1, 'lizhili', '2013-01-31 00:00:00', '2013-01-31 00:00:00', 1),
	(51, '2012年12月国际钼铁价格走势图', 'lizhili', 17, 35, '　钼精矿市场：今日40-45%钼精矿主流报价1540-1570元/吨度附近，47%及以上品位1560-1580元/吨度，价格暂时持稳，行情仍有继续向上运行迹象。行情短期利好，之前部分商家场外观望，近期开始逐步参与市场。栾川某商家表示，前期矿商停产较多，贸易商多以低库存场外等待行情好转。虽然近期钼精矿价格开始有所好转，但是上调的步伐依然较慢。与成本相比，盈利空间较小。期待后期继续上行。\n                    \n                    　　钼铁市场：钼铁价格暂时保持平稳，市场主流报价10.7-11万元/吨（现款-承兑）。当前，在行情利好带动下，有商家报价呈现虚高状况，整体现款报价期间10.6-10.8万元/吨为主，承兑10.9-11.1万元/吨左右。市场需求尚无完全释放，高价成交偏少。月底部分钢厂招标会逐步启动，钼铁厂家有继续挺价迹象。从近期的钢厂招标来看，钢厂60钼铁的承兑招标价格10.4-10.6万元/吨较为常见，后期有提升空间。\n                    \n                    　　12月21日LME钼期货报价整体保持平稳，3月期钼报价25250/25750美元/吨；15月期钼报价25720/26720美元/吨，LME期钼持仓132手。今日简讯：明年贷款需求将相对旺盛，城镇化为信贷投放重点；中金：新型城镇化难以支持新一轮地产投资；意大利总理蒙蒂递交辞呈，大选或于明年2月举行。\n                    \n                    　　周初外盘钼市部分产品价格仍有上调迹象，欧洲钼铁、氧化钼等都有一定涨幅；美国市场稍显平稳，价格暂稳波动。其次，欧亚将钼氧化物进口关税从5%降至零，这有利增加外部市场对该产品的需求，降低钼铁合金的生产成本，提高外部市场行业竞争力。国内行情运行平稳，主要钼产品价格继续保持在相对高位。同时，市场部分商家报价仍有抬高迹象，加之年底逼近，后期钢厂招标或有新的改观。', 1, '钼,行情,美元', 1, 'lizhili', '2013-01-31 00:00:00', '2013-01-31 00:00:00', 0),
	(52, '2012年1-12月份我国钼铁进口对比图', 'lizhili', 17, 35, '　钼精矿市场：今日40-45%钼精矿主流报价1540-1570元/吨度附近，47%及以上品位1560-1580元/吨度，价格暂时持稳，行情仍有继续向上运行迹象。行情短期利好，之前部分商家场外观望，近期开始逐步参与市场。栾川某商家表示，前期矿商停产较多，贸易商多以低库存场外等待行情好转。虽然近期钼精矿价格开始有所好转，但是上调的步伐依然较慢。与成本相比，盈利空间较小。期待后期继续上行。\n                    \n                    　　钼铁市场：钼铁价格暂时保持平稳，市场主流报价10.7-11万元/吨（现款-承兑）。当前，在行情利好带动下，有商家报价呈现虚高状况，整体现款报价期间10.6-10.8万元/吨为主，承兑10.9-11.1万元/吨左右。市场需求尚无完全释放，高价成交偏少。月底部分钢厂招标会逐步启动，钼铁厂家有继续挺价迹象。从近期的钢厂招标来看，钢厂60钼铁的承兑招标价格10.4-10.6万元/吨较为常见，后期有提升空间。\n                    \n                    　　12月21日LME钼期货报价整体保持平稳，3月期钼报价25250/25750美元/吨；15月期钼报价25720/26720美元/吨，LME期钼持仓132手。今日简讯：明年贷款需求将相对旺盛，城镇化为信贷投放重点；中金：新型城镇化难以支持新一轮地产投资；意大利总理蒙蒂递交辞呈，大选或于明年2月举行。\n                    \n                    　　周初外盘钼市部分产品价格仍有上调迹象，欧洲钼铁、氧化钼等都有一定涨幅；美国市场稍显平稳，价格暂稳波动。其次，欧亚将钼氧化物进口关税从5%降至零，这有利增加外部市场对该产品的需求，降低钼铁合金的生产成本，提高外部市场行业竞争力。国内行情运行平稳，主要钼产品价格继续保持在相对高位。同时，市场部分商家报价仍有抬高迹象，加之年底逼近，后期钢厂招标或有新的改观。', 1, '钼,行情,美元', 1, 'lizhili', '2013-01-31 00:00:00', '2013-01-31 00:00:00', 0),
	(53, '2012年1-12月国内钼铁价格走势图', 'lizhili', 17, 35, '　钼精矿市场：今日40-45%钼精矿主流报价1540-1570元/吨度附近，47%及以上品位1560-1580元/吨度，价格暂时持稳，行情仍有继续向上运行迹象。行情短期利好，之前部分商家场外观望，近期开始逐步参与市场。栾川某商家表示，前期矿商停产较多，贸易商多以低库存场外等待行情好转。虽然近期钼精矿价格开始有所好转，但是上调的步伐依然较慢。与成本相比，盈利空间较小。期待后期继续上行。\n                    \n                    　　钼铁市场：钼铁价格暂时保持平稳，市场主流报价10.7-11万元/吨（现款-承兑）。当前，在行情利好带动下，有商家报价呈现虚高状况，整体现款报价期间10.6-10.8万元/吨为主，承兑10.9-11.1万元/吨左右。市场需求尚无完全释放，高价成交偏少。月底部分钢厂招标会逐步启动，钼铁厂家有继续挺价迹象。从近期的钢厂招标来看，钢厂60钼铁的承兑招标价格10.4-10.6万元/吨较为常见，后期有提升空间。\n                    \n                    　　12月21日LME钼期货报价整体保持平稳，3月期钼报价25250/25750美元/吨；15月期钼报价25720/26720美元/吨，LME期钼持仓132手。今日简讯：明年贷款需求将相对旺盛，城镇化为信贷投放重点；中金：新型城镇化难以支持新一轮地产投资；意大利总理蒙蒂递交辞呈，大选或于明年2月举行。\n                    \n                    　　周初外盘钼市部分产品价格仍有上调迹象，欧洲钼铁、氧化钼等都有一定涨幅；美国市场稍显平稳，价格暂稳波动。其次，欧亚将钼氧化物进口关税从5%降至零，这有利增加外部市场对该产品的需求，降低钼铁合金的生产成本，提高外部市场行业竞争力。国内行情运行平稳，主要钼产品价格继续保持在相对高位。同时，市场部分商家报价仍有抬高迹象，加之年底逼近，后期钢厂招标或有新的改观。', 1, '钼,行情,美元', 1, 'lizhili', '2013-01-31 00:00:00', '2013-01-31 00:00:00', 0),
	(54, '2011年4月份钼系产品月报告', 'lizhili', 17, 35, '　钼精矿市场：今日40-45%钼精矿主流报价1540-1570元/吨度附近，47%及以上品位1560-1580元/吨度，价格暂时持稳，行情仍有继续向上运行迹象。行情短期利好，之前部分商家场外观望，近期开始逐步参与市场。栾川某商家表示，前期矿商停产较多，贸易商多以低库存场外等待行情好转。虽然近期钼精矿价格开始有所好转，但是上调的步伐依然较慢。与成本相比，盈利空间较小。期待后期继续上行。\n                    \n                    　　钼铁市场：钼铁价格暂时保持平稳，市场主流报价10.7-11万元/吨（现款-承兑）。当前，在行情利好带动下，有商家报价呈现虚高状况，整体现款报价期间10.6-10.8万元/吨为主，承兑10.9-11.1万元/吨左右。市场需求尚无完全释放，高价成交偏少。月底部分钢厂招标会逐步启动，钼铁厂家有继续挺价迹象。从近期的钢厂招标来看，钢厂60钼铁的承兑招标价格10.4-10.6万元/吨较为常见，后期有提升空间。\n                    \n                    　　12月21日LME钼期货报价整体保持平稳，3月期钼报价25250/25750美元/吨；15月期钼报价25720/26720美元/吨，LME期钼持仓132手。今日简讯：明年贷款需求将相对旺盛，城镇化为信贷投放重点；中金：新型城镇化难以支持新一轮地产投资；意大利总理蒙蒂递交辞呈，大选或于明年2月举行。\n                    \n                    　　周初外盘钼市部分产品价格仍有上调迹象，欧洲钼铁、氧化钼等都有一定涨幅；美国市场稍显平稳，价格暂稳波动。其次，欧亚将钼氧化物进口关税从5%降至零，这有利增加外部市场对该产品的需求，降低钼铁合金的生产成本，提高外部市场行业竞争力。国内行情运行平稳，主要钼产品价格继续保持在相对高位。同时，市场部分商家报价仍有抬高迹象，加之年底逼近，后期钢厂招标或有新的改观。', 1, '钼,行情,美元', 1, 'lizhili', '2013-01-31 00:00:00', '2013-01-31 00:00:00', 0),
	(55, '2011年4月份钼系产品月报告', 'lizhili', 17, 35, '　钼精矿市场：今日40-45%钼精矿主流报价1540-1570元/吨度附近，47%及以上品位1560-1580元/吨度，价格暂时持稳，行情仍有继续向上运行迹象。行情短期利好，之前部分商家场外观望，近期开始逐步参与市场。栾川某商家表示，前期矿商停产较多，贸易商多以低库存场外等待行情好转。虽然近期钼精矿价格开始有所好转，但是上调的步伐依然较慢。与成本相比，盈利空间较小。期待后期继续上行。\n                    \n                    　　钼铁市场：钼铁价格暂时保持平稳，市场主流报价10.7-11万元/吨（现款-承兑）。当前，在行情利好带动下，有商家报价呈现虚高状况，整体现款报价期间10.6-10.8万元/吨为主，承兑10.9-11.1万元/吨左右。市场需求尚无完全释放，高价成交偏少。月底部分钢厂招标会逐步启动，钼铁厂家有继续挺价迹象。从近期的钢厂招标来看，钢厂60钼铁的承兑招标价格10.4-10.6万元/吨较为常见，后期有提升空间。\n                    \n                    　　12月21日LME钼期货报价整体保持平稳，3月期钼报价25250/25750美元/吨；15月期钼报价25720/26720美元/吨，LME期钼持仓132手。今日简讯：明年贷款需求将相对旺盛，城镇化为信贷投放重点；中金：新型城镇化难以支持新一轮地产投资；意大利总理蒙蒂递交辞呈，大选或于明年2月举行。\n                    \n                    　　周初外盘钼市部分产品价格仍有上调迹象，欧洲钼铁、氧化钼等都有一定涨幅；美国市场稍显平稳，价格暂稳波动。其次，欧亚将钼氧化物进口关税从5%降至零，这有利增加外部市场对该产品的需求，降低钼铁合金的生产成本，提高外部市场行业竞争力。国内行情运行平稳，主要钼产品价格继续保持在相对高位。同时，市场部分商家报价仍有抬高迹象，加之年底逼近，后期钢厂招标或有新的改观。', 1, '钼,行情,美元', 1, 'lizhili', '2013-01-31 00:00:00', '2013-01-31 00:00:00', 1),
	(56, '2012年12月国内钼铁价格走势图', 'lizhili', 17, 35, '　钼精矿市场：今日40-45%钼精矿主流报价1540-1570元/吨度附近，47%及以上品位1560-1580元/吨度，价格暂时持稳，行情仍有继续向上运行迹象。行情短期利好，之前部分商家场外观望，近期开始逐步参与市场。栾川某商家表示，前期矿商停产较多，贸易商多以低库存场外等待行情好转。虽然近期钼精矿价格开始有所好转，但是上调的步伐依然较慢。与成本相比，盈利空间较小。期待后期继续上行。\n                    \n                    　　钼铁市场：钼铁价格暂时保持平稳，市场主流报价10.7-11万元/吨（现款-承兑）。当前，在行情利好带动下，有商家报价呈现虚高状况，整体现款报价期间10.6-10.8万元/吨为主，承兑10.9-11.1万元/吨左右。市场需求尚无完全释放，高价成交偏少。月底部分钢厂招标会逐步启动，钼铁厂家有继续挺价迹象。从近期的钢厂招标来看，钢厂60钼铁的承兑招标价格10.4-10.6万元/吨较为常见，后期有提升空间。\n                    \n                    　　12月21日LME钼期货报价整体保持平稳，3月期钼报价25250/25750美元/吨；15月期钼报价25720/26720美元/吨，LME期钼持仓132手。今日简讯：明年贷款需求将相对旺盛，城镇化为信贷投放重点；中金：新型城镇化难以支持新一轮地产投资；意大利总理蒙蒂递交辞呈，大选或于明年2月举行。\n                    \n                    　　周初外盘钼市部分产品价格仍有上调迹象，欧洲钼铁、氧化钼等都有一定涨幅；美国市场稍显平稳，价格暂稳波动。其次，欧亚将钼氧化物进口关税从5%降至零，这有利增加外部市场对该产品的需求，降低钼铁合金的生产成本，提高外部市场行业竞争力。国内行情运行平稳，主要钼产品价格继续保持在相对高位。同时，市场部分商家报价仍有抬高迹象，加之年底逼近，后期钢厂招标或有新的改观。', 1, '钼,行情,美元', 1, 'lizhili', '2013-01-31 00:00:00', '2013-01-31 00:00:00', 1),
	(57, '2012年1-12月国内钼铁价格走势图', 'lizhili', 17, 35, '　钼精矿市场：今日40-45%钼精矿主流报价1540-1570元/吨度附近，47%及以上品位1560-1580元/吨度，价格暂时持稳，行情仍有继续向上运行迹象。行情短期利好，之前部分商家场外观望，近期开始逐步参与市场。栾川某商家表示，前期矿商停产较多，贸易商多以低库存场外等待行情好转。虽然近期钼精矿价格开始有所好转，但是上调的步伐依然较慢。与成本相比，盈利空间较小。期待后期继续上行。\n                    \n                    　　钼铁市场：钼铁价格暂时保持平稳，市场主流报价10.7-11万元/吨（现款-承兑）。当前，在行情利好带动下，有商家报价呈现虚高状况，整体现款报价期间10.6-10.8万元/吨为主，承兑10.9-11.1万元/吨左右。市场需求尚无完全释放，高价成交偏少。月底部分钢厂招标会逐步启动，钼铁厂家有继续挺价迹象。从近期的钢厂招标来看，钢厂60钼铁的承兑招标价格10.4-10.6万元/吨较为常见，后期有提升空间。\n                    \n                    　　12月21日LME钼期货报价整体保持平稳，3月期钼报价25250/25750美元/吨；15月期钼报价25720/26720美元/吨，LME期钼持仓132手。今日简讯：明年贷款需求将相对旺盛，城镇化为信贷投放重点；中金：新型城镇化难以支持新一轮地产投资；意大利总理蒙蒂递交辞呈，大选或于明年2月举行。\n                    \n                    　　周初外盘钼市部分产品价格仍有上调迹象，欧洲钼铁、氧化钼等都有一定涨幅；美国市场稍显平稳，价格暂稳波动。其次，欧亚将钼氧化物进口关税从5%降至零，这有利增加外部市场对该产品的需求，降低钼铁合金的生产成本，提高外部市场行业竞争力。国内行情运行平稳，主要钼产品价格继续保持在相对高位。同时，市场部分商家报价仍有抬高迹象，加之年底逼近，后期钢厂招标或有新的改观。', 1, '钼,行情,美元', 1, 'lizhili', '2013-01-31 00:00:00', '2013-01-31 00:00:00', 0),
	(58, '2012年12月国际氧化钼价格走势图', 'lizhili', 17, 35, '　钼精矿市场：今日40-45%钼精矿主流报价1540-1570元/吨度附近，47%及以上品位1560-1580元/吨度，价格暂时持稳，行情仍有继续向上运行迹象。行情短期利好，之前部分商家场外观望，近期开始逐步参与市场。栾川某商家表示，前期矿商停产较多，贸易商多以低库存场外等待行情好转。虽然近期钼精矿价格开始有所好转，但是上调的步伐依然较慢。与成本相比，盈利空间较小。期待后期继续上行。\n                    \n                    　　钼铁市场：钼铁价格暂时保持平稳，市场主流报价10.7-11万元/吨（现款-承兑）。当前，在行情利好带动下，有商家报价呈现虚高状况，整体现款报价期间10.6-10.8万元/吨为主，承兑10.9-11.1万元/吨左右。市场需求尚无完全释放，高价成交偏少。月底部分钢厂招标会逐步启动，钼铁厂家有继续挺价迹象。从近期的钢厂招标来看，钢厂60钼铁的承兑招标价格10.4-10.6万元/吨较为常见，后期有提升空间。\n                    \n                    　　12月21日LME钼期货报价整体保持平稳，3月期钼报价25250/25750美元/吨；15月期钼报价25720/26720美元/吨，LME期钼持仓132手。今日简讯：明年贷款需求将相对旺盛，城镇化为信贷投放重点；中金：新型城镇化难以支持新一轮地产投资；意大利总理蒙蒂递交辞呈，大选或于明年2月举行。\n                    \n                    　　周初外盘钼市部分产品价格仍有上调迹象，欧洲钼铁、氧化钼等都有一定涨幅；美国市场稍显平稳，价格暂稳波动。其次，欧亚将钼氧化物进口关税从5%降至零，这有利增加外部市场对该产品的需求，降低钼铁合金的生产成本，提高外部市场行业竞争力。国内行情运行平稳，主要钼产品价格继续保持在相对高位。同时，市场部分商家报价仍有抬高迹象，加之年底逼近，后期钢厂招标或有新的改观。', 1, '钼,行情,美元', 1, 'lizhili', '2013-01-31 00:00:00', '2013-01-31 00:00:00', 1),
	(59, '2012年12月国际钼铁价格走势图', 'lizhili', 17, 35, '　钼精矿市场：今日40-45%钼精矿主流报价1540-1570元/吨度附近，47%及以上品位1560-1580元/吨度，价格暂时持稳，行情仍有继续向上运行迹象。行情短期利好，之前部分商家场外观望，近期开始逐步参与市场。栾川某商家表示，前期矿商停产较多，贸易商多以低库存场外等待行情好转。虽然近期钼精矿价格开始有所好转，但是上调的步伐依然较慢。与成本相比，盈利空间较小。期待后期继续上行。\n                    \n                    　　钼铁市场：钼铁价格暂时保持平稳，市场主流报价10.7-11万元/吨（现款-承兑）。当前，在行情利好带动下，有商家报价呈现虚高状况，整体现款报价期间10.6-10.8万元/吨为主，承兑10.9-11.1万元/吨左右。市场需求尚无完全释放，高价成交偏少。月底部分钢厂招标会逐步启动，钼铁厂家有继续挺价迹象。从近期的钢厂招标来看，钢厂60钼铁的承兑招标价格10.4-10.6万元/吨较为常见，后期有提升空间。\n                    \n                    　　12月21日LME钼期货报价整体保持平稳，3月期钼报价25250/25750美元/吨；15月期钼报价25720/26720美元/吨，LME期钼持仓132手。今日简讯：明年贷款需求将相对旺盛，城镇化为信贷投放重点；中金：新型城镇化难以支持新一轮地产投资；意大利总理蒙蒂递交辞呈，大选或于明年2月举行。\n                    \n                    　　周初外盘钼市部分产品价格仍有上调迹象，欧洲钼铁、氧化钼等都有一定涨幅；美国市场稍显平稳，价格暂稳波动。其次，欧亚将钼氧化物进口关税从5%降至零，这有利增加外部市场对该产品的需求，降低钼铁合金的生产成本，提高外部市场行业竞争力。国内行情运行平稳，主要钼产品价格继续保持在相对高位。同时，市场部分商家报价仍有抬高迹象，加之年底逼近，后期钢厂招标或有新的改观。', 1, '钼,行情,美元', 1, 'lizhili', '2013-01-31 00:00:00', '2013-01-31 00:00:00', 1),
	(60, '2012年1-12月国际氧化钼价格走势图', 'lizhili', 17, 35, '　钼精矿市场：今日40-45%钼精矿主流报价1540-1570元/吨度附近，47%及以上品位1560-1580元/吨度，价格暂时持稳，行情仍有继续向上运行迹象。行情短期利好，之前部分商家场外观望，近期开始逐步参与市场。栾川某商家表示，前期矿商停产较多，贸易商多以低库存场外等待行情好转。虽然近期钼精矿价格开始有所好转，但是上调的步伐依然较慢。与成本相比，盈利空间较小。期待后期继续上行。\n                    \n                    　　钼铁市场：钼铁价格暂时保持平稳，市场主流报价10.7-11万元/吨（现款-承兑）。当前，在行情利好带动下，有商家报价呈现虚高状况，整体现款报价期间10.6-10.8万元/吨为主，承兑10.9-11.1万元/吨左右。市场需求尚无完全释放，高价成交偏少。月底部分钢厂招标会逐步启动，钼铁厂家有继续挺价迹象。从近期的钢厂招标来看，钢厂60钼铁的承兑招标价格10.4-10.6万元/吨较为常见，后期有提升空间。\n                    \n                    　　12月21日LME钼期货报价整体保持平稳，3月期钼报价25250/25750美元/吨；15月期钼报价25720/26720美元/吨，LME期钼持仓132手。今日简讯：明年贷款需求将相对旺盛，城镇化为信贷投放重点；中金：新型城镇化难以支持新一轮地产投资；意大利总理蒙蒂递交辞呈，大选或于明年2月举行。\n                    \n                    　　周初外盘钼市部分产品价格仍有上调迹象，欧洲钼铁、氧化钼等都有一定涨幅；美国市场稍显平稳，价格暂稳波动。其次，欧亚将钼氧化物进口关税从5%降至零，这有利增加外部市场对该产品的需求，降低钼铁合金的生产成本，提高外部市场行业竞争力。国内行情运行平稳，主要钼产品价格继续保持在相对高位。同时，市场部分商家报价仍有抬高迹象，加之年底逼近，后期钢厂招标或有新的改观。', 1, '钼,行情,美元', 1, 'lizhili', '2013-01-31 00:00:00', '2013-01-31 00:00:00', 0),
	(61, '2012年12月国际氧化钼价格走势图', 'lizhili', 17, 35, '　钼精矿市场：今日40-45%钼精矿主流报价1540-1570元/吨度附近，47%及以上品位1560-1580元/吨度，价格暂时持稳，行情仍有继续向上运行迹象。行情短期利好，之前部分商家场外观望，近期开始逐步参与市场。栾川某商家表示，前期矿商停产较多，贸易商多以低库存场外等待行情好转。虽然近期钼精矿价格开始有所好转，但是上调的步伐依然较慢。与成本相比，盈利空间较小。期待后期继续上行。\n                    \n                    　　钼铁市场：钼铁价格暂时保持平稳，市场主流报价10.7-11万元/吨（现款-承兑）。当前，在行情利好带动下，有商家报价呈现虚高状况，整体现款报价期间10.6-10.8万元/吨为主，承兑10.9-11.1万元/吨左右。市场需求尚无完全释放，高价成交偏少。月底部分钢厂招标会逐步启动，钼铁厂家有继续挺价迹象。从近期的钢厂招标来看，钢厂60钼铁的承兑招标价格10.4-10.6万元/吨较为常见，后期有提升空间。\n                    \n                    　　12月21日LME钼期货报价整体保持平稳，3月期钼报价25250/25750美元/吨；15月期钼报价25720/26720美元/吨，LME期钼持仓132手。今日简讯：明年贷款需求将相对旺盛，城镇化为信贷投放重点；中金：新型城镇化难以支持新一轮地产投资；意大利总理蒙蒂递交辞呈，大选或于明年2月举行。\n                    \n                    　　周初外盘钼市部分产品价格仍有上调迹象，欧洲钼铁、氧化钼等都有一定涨幅；美国市场稍显平稳，价格暂稳波动。其次，欧亚将钼氧化物进口关税从5%降至零，这有利增加外部市场对该产品的需求，降低钼铁合金的生产成本，提高外部市场行业竞争力。国内行情运行平稳，主要钼产品价格继续保持在相对高位。同时，市场部分商家报价仍有抬高迹象，加之年底逼近，后期钢厂招标或有新的改观。', 1, '钼,行情,美元', 1, 'lizhili', '2013-01-31 00:00:00', '2013-01-31 00:00:00', 0),
	(62, '2011年4月份钼系产品月报告', 'lizhili', 17, 35, '　钼精矿市场：今日40-45%钼精矿主流报价1540-1570元/吨度附近，47%及以上品位1560-1580元/吨度，价格暂时持稳，行情仍有继续向上运行迹象。行情短期利好，之前部分商家场外观望，近期开始逐步参与市场。栾川某商家表示，前期矿商停产较多，贸易商多以低库存场外等待行情好转。虽然近期钼精矿价格开始有所好转，但是上调的步伐依然较慢。与成本相比，盈利空间较小。期待后期继续上行。\n                    \n                    　　钼铁市场：钼铁价格暂时保持平稳，市场主流报价10.7-11万元/吨（现款-承兑）。当前，在行情利好带动下，有商家报价呈现虚高状况，整体现款报价期间10.6-10.8万元/吨为主，承兑10.9-11.1万元/吨左右。市场需求尚无完全释放，高价成交偏少。月底部分钢厂招标会逐步启动，钼铁厂家有继续挺价迹象。从近期的钢厂招标来看，钢厂60钼铁的承兑招标价格10.4-10.6万元/吨较为常见，后期有提升空间。\n                    \n                    　　12月21日LME钼期货报价整体保持平稳，3月期钼报价25250/25750美元/吨；15月期钼报价25720/26720美元/吨，LME期钼持仓132手。今日简讯：明年贷款需求将相对旺盛，城镇化为信贷投放重点；中金：新型城镇化难以支持新一轮地产投资；意大利总理蒙蒂递交辞呈，大选或于明年2月举行。\n                    \n                    　　周初外盘钼市部分产品价格仍有上调迹象，欧洲钼铁、氧化钼等都有一定涨幅；美国市场稍显平稳，价格暂稳波动。其次，欧亚将钼氧化物进口关税从5%降至零，这有利增加外部市场对该产品的需求，降低钼铁合金的生产成本，提高外部市场行业竞争力。国内行情运行平稳，主要钼产品价格继续保持在相对高位。同时，市场部分商家报价仍有抬高迹象，加之年底逼近，后期钢厂招标或有新的改观。', 1, '钼,行情,美元', 1, 'lizhili', '2013-01-31 00:00:00', '2013-01-31 00:00:00', 0),
	(63, '2012年1-12月国内钼铁价格走势图', 'lizhili', 17, 35, '　钼精矿市场：今日40-45%钼精矿主流报价1540-1570元/吨度附近，47%及以上品位1560-1580元/吨度，价格暂时持稳，行情仍有继续向上运行迹象。行情短期利好，之前部分商家场外观望，近期开始逐步参与市场。栾川某商家表示，前期矿商停产较多，贸易商多以低库存场外等待行情好转。虽然近期钼精矿价格开始有所好转，但是上调的步伐依然较慢。与成本相比，盈利空间较小。期待后期继续上行。\n                    \n                    　　钼铁市场：钼铁价格暂时保持平稳，市场主流报价10.7-11万元/吨（现款-承兑）。当前，在行情利好带动下，有商家报价呈现虚高状况，整体现款报价期间10.6-10.8万元/吨为主，承兑10.9-11.1万元/吨左右。市场需求尚无完全释放，高价成交偏少。月底部分钢厂招标会逐步启动，钼铁厂家有继续挺价迹象。从近期的钢厂招标来看，钢厂60钼铁的承兑招标价格10.4-10.6万元/吨较为常见，后期有提升空间。\n                    \n                    　　12月21日LME钼期货报价整体保持平稳，3月期钼报价25250/25750美元/吨；15月期钼报价25720/26720美元/吨，LME期钼持仓132手。今日简讯：明年贷款需求将相对旺盛，城镇化为信贷投放重点；中金：新型城镇化难以支持新一轮地产投资；意大利总理蒙蒂递交辞呈，大选或于明年2月举行。\n                    \n                    　　周初外盘钼市部分产品价格仍有上调迹象，欧洲钼铁、氧化钼等都有一定涨幅；美国市场稍显平稳，价格暂稳波动。其次，欧亚将钼氧化物进口关税从5%降至零，这有利增加外部市场对该产品的需求，降低钼铁合金的生产成本，提高外部市场行业竞争力。国内行情运行平稳，主要钼产品价格继续保持在相对高位。同时，市场部分商家报价仍有抬高迹象，加之年底逼近，后期钢厂招标或有新的改观。', 1, '钼,行情,美元', 1, 'lizhili', '2013-01-31 00:00:00', '2013-01-31 00:00:00', 1),
	(64, '2012年12月国内钼铁价格走势图', 'lizhili', 17, 35, '　钼精矿市场：今日40-45%钼精矿主流报价1540-1570元/吨度附近，47%及以上品位1560-1580元/吨度，价格暂时持稳，行情仍有继续向上运行迹象。行情短期利好，之前部分商家场外观望，近期开始逐步参与市场。栾川某商家表示，前期矿商停产较多，贸易商多以低库存场外等待行情好转。虽然近期钼精矿价格开始有所好转，但是上调的步伐依然较慢。与成本相比，盈利空间较小。期待后期继续上行。\n                    \n                    　　钼铁市场：钼铁价格暂时保持平稳，市场主流报价10.7-11万元/吨（现款-承兑）。当前，在行情利好带动下，有商家报价呈现虚高状况，整体现款报价期间10.6-10.8万元/吨为主，承兑10.9-11.1万元/吨左右。市场需求尚无完全释放，高价成交偏少。月底部分钢厂招标会逐步启动，钼铁厂家有继续挺价迹象。从近期的钢厂招标来看，钢厂60钼铁的承兑招标价格10.4-10.6万元/吨较为常见，后期有提升空间。\n                    \n                    　　12月21日LME钼期货报价整体保持平稳，3月期钼报价25250/25750美元/吨；15月期钼报价25720/26720美元/吨，LME期钼持仓132手。今日简讯：明年贷款需求将相对旺盛，城镇化为信贷投放重点；中金：新型城镇化难以支持新一轮地产投资；意大利总理蒙蒂递交辞呈，大选或于明年2月举行。\n                    \n                    　　周初外盘钼市部分产品价格仍有上调迹象，欧洲钼铁、氧化钼等都有一定涨幅；美国市场稍显平稳，价格暂稳波动。其次，欧亚将钼氧化物进口关税从5%降至零，这有利增加外部市场对该产品的需求，降低钼铁合金的生产成本，提高外部市场行业竞争力。国内行情运行平稳，主要钼产品价格继续保持在相对高位。同时，市场部分商家报价仍有抬高迹象，加之年底逼近，后期钢厂招标或有新的改观。', 1, '钼,行情,美元', 1, 'lizhili', '2013-01-31 00:00:00', '2013-01-31 00:00:00', 1),
	(65, '2012年12月国际钼铁价格走势图', 'lizhili', 17, 35, '　钼精矿市场：今日40-45%钼精矿主流报价1540-1570元/吨度附近，47%及以上品位1560-1580元/吨度，价格暂时持稳，行情仍有继续向上运行迹象。行情短期利好，之前部分商家场外观望，近期开始逐步参与市场。栾川某商家表示，前期矿商停产较多，贸易商多以低库存场外等待行情好转。虽然近期钼精矿价格开始有所好转，但是上调的步伐依然较慢。与成本相比，盈利空间较小。期待后期继续上行。\n                    \n                    　　钼铁市场：钼铁价格暂时保持平稳，市场主流报价10.7-11万元/吨（现款-承兑）。当前，在行情利好带动下，有商家报价呈现虚高状况，整体现款报价期间10.6-10.8万元/吨为主，承兑10.9-11.1万元/吨左右。市场需求尚无完全释放，高价成交偏少。月底部分钢厂招标会逐步启动，钼铁厂家有继续挺价迹象。从近期的钢厂招标来看，钢厂60钼铁的承兑招标价格10.4-10.6万元/吨较为常见，后期有提升空间。\n                    \n                    　　12月21日LME钼期货报价整体保持平稳，3月期钼报价25250/25750美元/吨；15月期钼报价25720/26720美元/吨，LME期钼持仓132手。今日简讯：明年贷款需求将相对旺盛，城镇化为信贷投放重点；中金：新型城镇化难以支持新一轮地产投资；意大利总理蒙蒂递交辞呈，大选或于明年2月举行。\n                    \n                    　　周初外盘钼市部分产品价格仍有上调迹象，欧洲钼铁、氧化钼等都有一定涨幅；美国市场稍显平稳，价格暂稳波动。其次，欧亚将钼氧化物进口关税从5%降至零，这有利增加外部市场对该产品的需求，降低钼铁合金的生产成本，提高外部市场行业竞争力。国内行情运行平稳，主要钼产品价格继续保持在相对高位。同时，市场部分商家报价仍有抬高迹象，加之年底逼近，后期钢厂招标或有新的改观。', 1, '钼,行情,美元', 1, 'lizhili', '2013-01-31 00:00:00', '2013-01-31 00:00:00', 1),
	(66, '2012年1-12月国内氧化钼价格走势图', 'lizhili', 17, 35, '　钼精矿市场：今日40-45%钼精矿主流报价1540-1570元/吨度附近，47%及以上品位1560-1580元/吨度，价格暂时持稳，行情仍有继续向上运行迹象。行情短期利好，之前部分商家场外观望，近期开始逐步参与市场。栾川某商家表示，前期矿商停产较多，贸易商多以低库存场外等待行情好转。虽然近期钼精矿价格开始有所好转，但是上调的步伐依然较慢。与成本相比，盈利空间较小。期待后期继续上行。\n                    \n                    　　钼铁市场：钼铁价格暂时保持平稳，市场主流报价10.7-11万元/吨（现款-承兑）。当前，在行情利好带动下，有商家报价呈现虚高状况，整体现款报价期间10.6-10.8万元/吨为主，承兑10.9-11.1万元/吨左右。市场需求尚无完全释放，高价成交偏少。月底部分钢厂招标会逐步启动，钼铁厂家有继续挺价迹象。从近期的钢厂招标来看，钢厂60钼铁的承兑招标价格10.4-10.6万元/吨较为常见，后期有提升空间。\n                    \n                    　　12月21日LME钼期货报价整体保持平稳，3月期钼报价25250/25750美元/吨；15月期钼报价25720/26720美元/吨，LME期钼持仓132手。今日简讯：明年贷款需求将相对旺盛，城镇化为信贷投放重点；中金：新型城镇化难以支持新一轮地产投资；意大利总理蒙蒂递交辞呈，大选或于明年2月举行。\n                    \n                    　　周初外盘钼市部分产品价格仍有上调迹象，欧洲钼铁、氧化钼等都有一定涨幅；美国市场稍显平稳，价格暂稳波动。其次，欧亚将钼氧化物进口关税从5%降至零，这有利增加外部市场对该产品的需求，降低钼铁合金的生产成本，提高外部市场行业竞争力。国内行情运行平稳，主要钼产品价格继续保持在相对高位。同时，市场部分商家报价仍有抬高迹象，加之年底逼近，后期钢厂招标或有新的改观。', 1, '钼,行情,美元', 1, 'lizhili', '2013-01-31 00:00:00', '2013-01-31 00:00:00', 0),
	(67, '2012年1-12月份我国钼铁出口对比图', 'lizhili', 17, 35, '　钼精矿市场：今日40-45%钼精矿主流报价1540-1570元/吨度附近，47%及以上品位1560-1580元/吨度，价格暂时持稳，行情仍有继续向上运行迹象。行情短期利好，之前部分商家场外观望，近期开始逐步参与市场。栾川某商家表示，前期矿商停产较多，贸易商多以低库存场外等待行情好转。虽然近期钼精矿价格开始有所好转，但是上调的步伐依然较慢。与成本相比，盈利空间较小。期待后期继续上行。\n                    \n                    　　钼铁市场：钼铁价格暂时保持平稳，市场主流报价10.7-11万元/吨（现款-承兑）。当前，在行情利好带动下，有商家报价呈现虚高状况，整体现款报价期间10.6-10.8万元/吨为主，承兑10.9-11.1万元/吨左右。市场需求尚无完全释放，高价成交偏少。月底部分钢厂招标会逐步启动，钼铁厂家有继续挺价迹象。从近期的钢厂招标来看，钢厂60钼铁的承兑招标价格10.4-10.6万元/吨较为常见，后期有提升空间。\n                    \n                    　　12月21日LME钼期货报价整体保持平稳，3月期钼报价25250/25750美元/吨；15月期钼报价25720/26720美元/吨，LME期钼持仓132手。今日简讯：明年贷款需求将相对旺盛，城镇化为信贷投放重点；中金：新型城镇化难以支持新一轮地产投资；意大利总理蒙蒂递交辞呈，大选或于明年2月举行。\n                    \n                    　　周初外盘钼市部分产品价格仍有上调迹象，欧洲钼铁、氧化钼等都有一定涨幅；美国市场稍显平稳，价格暂稳波动。其次，欧亚将钼氧化物进口关税从5%降至零，这有利增加外部市场对该产品的需求，降低钼铁合金的生产成本，提高外部市场行业竞争力。国内行情运行平稳，主要钼产品价格继续保持在相对高位。同时，市场部分商家报价仍有抬高迹象，加之年底逼近，后期钢厂招标或有新的改观。', 1, '钼,行情,美元', 1, 'lizhili', '2013-01-31 00:00:00', '2013-01-31 00:00:00', 1),
	(68, '2012年12月国际氧化钼价格走势图', 'lizhili', 17, 35, '　钼精矿市场：今日40-45%钼精矿主流报价1540-1570元/吨度附近，47%及以上品位1560-1580元/吨度，价格暂时持稳，行情仍有继续向上运行迹象。行情短期利好，之前部分商家场外观望，近期开始逐步参与市场。栾川某商家表示，前期矿商停产较多，贸易商多以低库存场外等待行情好转。虽然近期钼精矿价格开始有所好转，但是上调的步伐依然较慢。与成本相比，盈利空间较小。期待后期继续上行。\n                    \n                    　　钼铁市场：钼铁价格暂时保持平稳，市场主流报价10.7-11万元/吨（现款-承兑）。当前，在行情利好带动下，有商家报价呈现虚高状况，整体现款报价期间10.6-10.8万元/吨为主，承兑10.9-11.1万元/吨左右。市场需求尚无完全释放，高价成交偏少。月底部分钢厂招标会逐步启动，钼铁厂家有继续挺价迹象。从近期的钢厂招标来看，钢厂60钼铁的承兑招标价格10.4-10.6万元/吨较为常见，后期有提升空间。\n                    \n                    　　12月21日LME钼期货报价整体保持平稳，3月期钼报价25250/25750美元/吨；15月期钼报价25720/26720美元/吨，LME期钼持仓132手。今日简讯：明年贷款需求将相对旺盛，城镇化为信贷投放重点；中金：新型城镇化难以支持新一轮地产投资；意大利总理蒙蒂递交辞呈，大选或于明年2月举行。\n                    \n                    　　周初外盘钼市部分产品价格仍有上调迹象，欧洲钼铁、氧化钼等都有一定涨幅；美国市场稍显平稳，价格暂稳波动。其次，欧亚将钼氧化物进口关税从5%降至零，这有利增加外部市场对该产品的需求，降低钼铁合金的生产成本，提高外部市场行业竞争力。国内行情运行平稳，主要钼产品价格继续保持在相对高位。同时，市场部分商家报价仍有抬高迹象，加之年底逼近，后期钢厂招标或有新的改观。', 1, '钼,行情,美元', 1, 'lizhili', '2013-01-31 00:00:00', '2013-01-31 00:00:00', 1),
	(69, '2012年12月国内氧化钼价格走势图', 'lizhili', 17, 35, '　钼精矿市场：今日40-45%钼精矿主流报价1540-1570元/吨度附近，47%及以上品位1560-1580元/吨度，价格暂时持稳，行情仍有继续向上运行迹象。行情短期利好，之前部分商家场外观望，近期开始逐步参与市场。栾川某商家表示，前期矿商停产较多，贸易商多以低库存场外等待行情好转。虽然近期钼精矿价格开始有所好转，但是上调的步伐依然较慢。与成本相比，盈利空间较小。期待后期继续上行。\n                    \n                    　　钼铁市场：钼铁价格暂时保持平稳，市场主流报价10.7-11万元/吨（现款-承兑）。当前，在行情利好带动下，有商家报价呈现虚高状况，整体现款报价期间10.6-10.8万元/吨为主，承兑10.9-11.1万元/吨左右。市场需求尚无完全释放，高价成交偏少。月底部分钢厂招标会逐步启动，钼铁厂家有继续挺价迹象。从近期的钢厂招标来看，钢厂60钼铁的承兑招标价格10.4-10.6万元/吨较为常见，后期有提升空间。\n                    \n                    　　12月21日LME钼期货报价整体保持平稳，3月期钼报价25250/25750美元/吨；15月期钼报价25720/26720美元/吨，LME期钼持仓132手。今日简讯：明年贷款需求将相对旺盛，城镇化为信贷投放重点；中金：新型城镇化难以支持新一轮地产投资；意大利总理蒙蒂递交辞呈，大选或于明年2月举行。\n                    \n                    　　周初外盘钼市部分产品价格仍有上调迹象，欧洲钼铁、氧化钼等都有一定涨幅；美国市场稍显平稳，价格暂稳波动。其次，欧亚将钼氧化物进口关税从5%降至零，这有利增加外部市场对该产品的需求，降低钼铁合金的生产成本，提高外部市场行业竞争力。国内行情运行平稳，主要钼产品价格继续保持在相对高位。同时，市场部分商家报价仍有抬高迹象，加之年底逼近，后期钢厂招标或有新的改观。', 1, '钼,行情,美元', 1, 'lizhili', '2013-01-31 00:00:00', '2013-01-31 00:00:00', 1),
	(70, '2012年1-12月国内钼铁价格走势图', 'lizhili', 17, 35, '　钼精矿市场：今日40-45%钼精矿主流报价1540-1570元/吨度附近，47%及以上品位1560-1580元/吨度，价格暂时持稳，行情仍有继续向上运行迹象。行情短期利好，之前部分商家场外观望，近期开始逐步参与市场。栾川某商家表示，前期矿商停产较多，贸易商多以低库存场外等待行情好转。虽然近期钼精矿价格开始有所好转，但是上调的步伐依然较慢。与成本相比，盈利空间较小。期待后期继续上行。\n                    \n                    　　钼铁市场：钼铁价格暂时保持平稳，市场主流报价10.7-11万元/吨（现款-承兑）。当前，在行情利好带动下，有商家报价呈现虚高状况，整体现款报价期间10.6-10.8万元/吨为主，承兑10.9-11.1万元/吨左右。市场需求尚无完全释放，高价成交偏少。月底部分钢厂招标会逐步启动，钼铁厂家有继续挺价迹象。从近期的钢厂招标来看，钢厂60钼铁的承兑招标价格10.4-10.6万元/吨较为常见，后期有提升空间。\n                    \n                    　　12月21日LME钼期货报价整体保持平稳，3月期钼报价25250/25750美元/吨；15月期钼报价25720/26720美元/吨，LME期钼持仓132手。今日简讯：明年贷款需求将相对旺盛，城镇化为信贷投放重点；中金：新型城镇化难以支持新一轮地产投资；意大利总理蒙蒂递交辞呈，大选或于明年2月举行。\n                    \n                    　　周初外盘钼市部分产品价格仍有上调迹象，欧洲钼铁、氧化钼等都有一定涨幅；美国市场稍显平稳，价格暂稳波动。其次，欧亚将钼氧化物进口关税从5%降至零，这有利增加外部市场对该产品的需求，降低钼铁合金的生产成本，提高外部市场行业竞争力。国内行情运行平稳，主要钼产品价格继续保持在相对高位。同时，市场部分商家报价仍有抬高迹象，加之年底逼近，后期钢厂招标或有新的改观。', 1, '钼,行情,美元', 1, 'lizhili', '2013-01-31 00:00:00', '2013-01-31 00:00:00', 1),
	(71, '2012年1-12月国内钼铁价格走势图', 'lizhili', 17, 35, '　钼精矿市场：今日40-45%钼精矿主流报价1540-1570元/吨度附近，47%及以上品位1560-1580元/吨度，价格暂时持稳，行情仍有继续向上运行迹象。行情短期利好，之前部分商家场外观望，近期开始逐步参与市场。栾川某商家表示，前期矿商停产较多，贸易商多以低库存场外等待行情好转。虽然近期钼精矿价格开始有所好转，但是上调的步伐依然较慢。与成本相比，盈利空间较小。期待后期继续上行。\n                    \n                    　　钼铁市场：钼铁价格暂时保持平稳，市场主流报价10.7-11万元/吨（现款-承兑）。当前，在行情利好带动下，有商家报价呈现虚高状况，整体现款报价期间10.6-10.8万元/吨为主，承兑10.9-11.1万元/吨左右。市场需求尚无完全释放，高价成交偏少。月底部分钢厂招标会逐步启动，钼铁厂家有继续挺价迹象。从近期的钢厂招标来看，钢厂60钼铁的承兑招标价格10.4-10.6万元/吨较为常见，后期有提升空间。\n                    \n                    　　12月21日LME钼期货报价整体保持平稳，3月期钼报价25250/25750美元/吨；15月期钼报价25720/26720美元/吨，LME期钼持仓132手。今日简讯：明年贷款需求将相对旺盛，城镇化为信贷投放重点；中金：新型城镇化难以支持新一轮地产投资；意大利总理蒙蒂递交辞呈，大选或于明年2月举行。\n                    \n                    　　周初外盘钼市部分产品价格仍有上调迹象，欧洲钼铁、氧化钼等都有一定涨幅；美国市场稍显平稳，价格暂稳波动。其次，欧亚将钼氧化物进口关税从5%降至零，这有利增加外部市场对该产品的需求，降低钼铁合金的生产成本，提高外部市场行业竞争力。国内行情运行平稳，主要钼产品价格继续保持在相对高位。同时，市场部分商家报价仍有抬高迹象，加之年底逼近，后期钢厂招标或有新的改观。', 1, '钼,行情,美元', 1, 'lizhili', '2013-01-31 00:00:00', '2013-01-31 00:00:00', 1),
	(72, '2012年1-12月国内钼铁价格走势图', 'lizhili', 17, 35, '　钼精矿市场：今日40-45%钼精矿主流报价1540-1570元/吨度附近，47%及以上品位1560-1580元/吨度，价格暂时持稳，行情仍有继续向上运行迹象。行情短期利好，之前部分商家场外观望，近期开始逐步参与市场。栾川某商家表示，前期矿商停产较多，贸易商多以低库存场外等待行情好转。虽然近期钼精矿价格开始有所好转，但是上调的步伐依然较慢。与成本相比，盈利空间较小。期待后期继续上行。\n                    \n                    　　钼铁市场：钼铁价格暂时保持平稳，市场主流报价10.7-11万元/吨（现款-承兑）。当前，在行情利好带动下，有商家报价呈现虚高状况，整体现款报价期间10.6-10.8万元/吨为主，承兑10.9-11.1万元/吨左右。市场需求尚无完全释放，高价成交偏少。月底部分钢厂招标会逐步启动，钼铁厂家有继续挺价迹象。从近期的钢厂招标来看，钢厂60钼铁的承兑招标价格10.4-10.6万元/吨较为常见，后期有提升空间。\n                    \n                    　　12月21日LME钼期货报价整体保持平稳，3月期钼报价25250/25750美元/吨；15月期钼报价25720/26720美元/吨，LME期钼持仓132手。今日简讯：明年贷款需求将相对旺盛，城镇化为信贷投放重点；中金：新型城镇化难以支持新一轮地产投资；意大利总理蒙蒂递交辞呈，大选或于明年2月举行。\n                    \n                    　　周初外盘钼市部分产品价格仍有上调迹象，欧洲钼铁、氧化钼等都有一定涨幅；美国市场稍显平稳，价格暂稳波动。其次，欧亚将钼氧化物进口关税从5%降至零，这有利增加外部市场对该产品的需求，降低钼铁合金的生产成本，提高外部市场行业竞争力。国内行情运行平稳，主要钼产品价格继续保持在相对高位。同时，市场部分商家报价仍有抬高迹象，加之年底逼近，后期钢厂招标或有新的改观。', 1, '钼,行情,美元', 1, 'lizhili', '2013-01-31 00:00:00', '2013-01-31 00:00:00', 0),
	(73, '2012年12月国内氧化钼价格走势图', 'lizhili', 17, 35, '　钼精矿市场：今日40-45%钼精矿主流报价1540-1570元/吨度附近，47%及以上品位1560-1580元/吨度，价格暂时持稳，行情仍有继续向上运行迹象。行情短期利好，之前部分商家场外观望，近期开始逐步参与市场。栾川某商家表示，前期矿商停产较多，贸易商多以低库存场外等待行情好转。虽然近期钼精矿价格开始有所好转，但是上调的步伐依然较慢。与成本相比，盈利空间较小。期待后期继续上行。\n                    \n                    　　钼铁市场：钼铁价格暂时保持平稳，市场主流报价10.7-11万元/吨（现款-承兑）。当前，在行情利好带动下，有商家报价呈现虚高状况，整体现款报价期间10.6-10.8万元/吨为主，承兑10.9-11.1万元/吨左右。市场需求尚无完全释放，高价成交偏少。月底部分钢厂招标会逐步启动，钼铁厂家有继续挺价迹象。从近期的钢厂招标来看，钢厂60钼铁的承兑招标价格10.4-10.6万元/吨较为常见，后期有提升空间。\n                    \n                    　　12月21日LME钼期货报价整体保持平稳，3月期钼报价25250/25750美元/吨；15月期钼报价25720/26720美元/吨，LME期钼持仓132手。今日简讯：明年贷款需求将相对旺盛，城镇化为信贷投放重点；中金：新型城镇化难以支持新一轮地产投资；意大利总理蒙蒂递交辞呈，大选或于明年2月举行。\n                    \n                    　　周初外盘钼市部分产品价格仍有上调迹象，欧洲钼铁、氧化钼等都有一定涨幅；美国市场稍显平稳，价格暂稳波动。其次，欧亚将钼氧化物进口关税从5%降至零，这有利增加外部市场对该产品的需求，降低钼铁合金的生产成本，提高外部市场行业竞争力。国内行情运行平稳，主要钼产品价格继续保持在相对高位。同时，市场部分商家报价仍有抬高迹象，加之年底逼近，后期钢厂招标或有新的改观。', 1, '钼,行情,美元', 1, 'lizhili', '2013-01-31 00:00:00', '2013-01-31 00:00:00', 1),
	(74, '2012年1-12月份我国钼铁进口对比图', 'lizhili', 17, 35, '　钼精矿市场：今日40-45%钼精矿主流报价1540-1570元/吨度附近，47%及以上品位1560-1580元/吨度，价格暂时持稳，行情仍有继续向上运行迹象。行情短期利好，之前部分商家场外观望，近期开始逐步参与市场。栾川某商家表示，前期矿商停产较多，贸易商多以低库存场外等待行情好转。虽然近期钼精矿价格开始有所好转，但是上调的步伐依然较慢。与成本相比，盈利空间较小。期待后期继续上行。\n                    \n                    　　钼铁市场：钼铁价格暂时保持平稳，市场主流报价10.7-11万元/吨（现款-承兑）。当前，在行情利好带动下，有商家报价呈现虚高状况，整体现款报价期间10.6-10.8万元/吨为主，承兑10.9-11.1万元/吨左右。市场需求尚无完全释放，高价成交偏少。月底部分钢厂招标会逐步启动，钼铁厂家有继续挺价迹象。从近期的钢厂招标来看，钢厂60钼铁的承兑招标价格10.4-10.6万元/吨较为常见，后期有提升空间。\n                    \n                    　　12月21日LME钼期货报价整体保持平稳，3月期钼报价25250/25750美元/吨；15月期钼报价25720/26720美元/吨，LME期钼持仓132手。今日简讯：明年贷款需求将相对旺盛，城镇化为信贷投放重点；中金：新型城镇化难以支持新一轮地产投资；意大利总理蒙蒂递交辞呈，大选或于明年2月举行。\n                    \n                    　　周初外盘钼市部分产品价格仍有上调迹象，欧洲钼铁、氧化钼等都有一定涨幅；美国市场稍显平稳，价格暂稳波动。其次，欧亚将钼氧化物进口关税从5%降至零，这有利增加外部市场对该产品的需求，降低钼铁合金的生产成本，提高外部市场行业竞争力。国内行情运行平稳，主要钼产品价格继续保持在相对高位。同时，市场部分商家报价仍有抬高迹象，加之年底逼近，后期钢厂招标或有新的改观。', 1, '钼,行情,美元', 1, 'lizhili', '2013-01-31 00:00:00', '2013-01-31 00:00:00', 1),
	(75, '2012年1-12月份我国钼铁出口对比图', 'lizhili', 17, 35, '　钼精矿市场：今日40-45%钼精矿主流报价1540-1570元/吨度附近，47%及以上品位1560-1580元/吨度，价格暂时持稳，行情仍有继续向上运行迹象。行情短期利好，之前部分商家场外观望，近期开始逐步参与市场。栾川某商家表示，前期矿商停产较多，贸易商多以低库存场外等待行情好转。虽然近期钼精矿价格开始有所好转，但是上调的步伐依然较慢。与成本相比，盈利空间较小。期待后期继续上行。\n                    \n                    　　钼铁市场：钼铁价格暂时保持平稳，市场主流报价10.7-11万元/吨（现款-承兑）。当前，在行情利好带动下，有商家报价呈现虚高状况，整体现款报价期间10.6-10.8万元/吨为主，承兑10.9-11.1万元/吨左右。市场需求尚无完全释放，高价成交偏少。月底部分钢厂招标会逐步启动，钼铁厂家有继续挺价迹象。从近期的钢厂招标来看，钢厂60钼铁的承兑招标价格10.4-10.6万元/吨较为常见，后期有提升空间。\n                    \n                    　　12月21日LME钼期货报价整体保持平稳，3月期钼报价25250/25750美元/吨；15月期钼报价25720/26720美元/吨，LME期钼持仓132手。今日简讯：明年贷款需求将相对旺盛，城镇化为信贷投放重点；中金：新型城镇化难以支持新一轮地产投资；意大利总理蒙蒂递交辞呈，大选或于明年2月举行。\n                    \n                    　　周初外盘钼市部分产品价格仍有上调迹象，欧洲钼铁、氧化钼等都有一定涨幅；美国市场稍显平稳，价格暂稳波动。其次，欧亚将钼氧化物进口关税从5%降至零，这有利增加外部市场对该产品的需求，降低钼铁合金的生产成本，提高外部市场行业竞争力。国内行情运行平稳，主要钼产品价格继续保持在相对高位。同时，市场部分商家报价仍有抬高迹象，加之年底逼近，后期钢厂招标或有新的改观。', 1, '钼,行情,美元', 1, 'lizhili', '2013-01-31 00:00:00', '2013-01-31 00:00:00', 0),
	(76, '2011年4月份钼系产品月报告', 'lizhili', 17, 35, '　钼精矿市场：今日40-45%钼精矿主流报价1540-1570元/吨度附近，47%及以上品位1560-1580元/吨度，价格暂时持稳，行情仍有继续向上运行迹象。行情短期利好，之前部分商家场外观望，近期开始逐步参与市场。栾川某商家表示，前期矿商停产较多，贸易商多以低库存场外等待行情好转。虽然近期钼精矿价格开始有所好转，但是上调的步伐依然较慢。与成本相比，盈利空间较小。期待后期继续上行。\n                    \n                    　　钼铁市场：钼铁价格暂时保持平稳，市场主流报价10.7-11万元/吨（现款-承兑）。当前，在行情利好带动下，有商家报价呈现虚高状况，整体现款报价期间10.6-10.8万元/吨为主，承兑10.9-11.1万元/吨左右。市场需求尚无完全释放，高价成交偏少。月底部分钢厂招标会逐步启动，钼铁厂家有继续挺价迹象。从近期的钢厂招标来看，钢厂60钼铁的承兑招标价格10.4-10.6万元/吨较为常见，后期有提升空间。\n                    \n                    　　12月21日LME钼期货报价整体保持平稳，3月期钼报价25250/25750美元/吨；15月期钼报价25720/26720美元/吨，LME期钼持仓132手。今日简讯：明年贷款需求将相对旺盛，城镇化为信贷投放重点；中金：新型城镇化难以支持新一轮地产投资；意大利总理蒙蒂递交辞呈，大选或于明年2月举行。\n                    \n                    　　周初外盘钼市部分产品价格仍有上调迹象，欧洲钼铁、氧化钼等都有一定涨幅；美国市场稍显平稳，价格暂稳波动。其次，欧亚将钼氧化物进口关税从5%降至零，这有利增加外部市场对该产品的需求，降低钼铁合金的生产成本，提高外部市场行业竞争力。国内行情运行平稳，主要钼产品价格继续保持在相对高位。同时，市场部分商家报价仍有抬高迹象，加之年底逼近，后期钢厂招标或有新的改观。', 1, '钼,行情,美元', 1, 'lizhili', '2013-01-31 00:00:00', '2013-01-31 00:00:00', 0),
	(77, '2012年1-12月国际氧化钼价格走势图', 'lizhili', 17, 35, '　钼精矿市场：今日40-45%钼精矿主流报价1540-1570元/吨度附近，47%及以上品位1560-1580元/吨度，价格暂时持稳，行情仍有继续向上运行迹象。行情短期利好，之前部分商家场外观望，近期开始逐步参与市场。栾川某商家表示，前期矿商停产较多，贸易商多以低库存场外等待行情好转。虽然近期钼精矿价格开始有所好转，但是上调的步伐依然较慢。与成本相比，盈利空间较小。期待后期继续上行。\n                    \n                    　　钼铁市场：钼铁价格暂时保持平稳，市场主流报价10.7-11万元/吨（现款-承兑）。当前，在行情利好带动下，有商家报价呈现虚高状况，整体现款报价期间10.6-10.8万元/吨为主，承兑10.9-11.1万元/吨左右。市场需求尚无完全释放，高价成交偏少。月底部分钢厂招标会逐步启动，钼铁厂家有继续挺价迹象。从近期的钢厂招标来看，钢厂60钼铁的承兑招标价格10.4-10.6万元/吨较为常见，后期有提升空间。\n                    \n                    　　12月21日LME钼期货报价整体保持平稳，3月期钼报价25250/25750美元/吨；15月期钼报价25720/26720美元/吨，LME期钼持仓132手。今日简讯：明年贷款需求将相对旺盛，城镇化为信贷投放重点；中金：新型城镇化难以支持新一轮地产投资；意大利总理蒙蒂递交辞呈，大选或于明年2月举行。\n                    \n                    　　周初外盘钼市部分产品价格仍有上调迹象，欧洲钼铁、氧化钼等都有一定涨幅；美国市场稍显平稳，价格暂稳波动。其次，欧亚将钼氧化物进口关税从5%降至零，这有利增加外部市场对该产品的需求，降低钼铁合金的生产成本，提高外部市场行业竞争力。国内行情运行平稳，主要钼产品价格继续保持在相对高位。同时，市场部分商家报价仍有抬高迹象，加之年底逼近，后期钢厂招标或有新的改观。', 1, '钼,行情,美元', 1, 'lizhili', '2013-01-31 00:00:00', '2013-01-31 00:00:00', 1),
	(78, '2012年1-12月份我国钼铁出口对比图', 'lizhili', 17, 35, '　钼精矿市场：今日40-45%钼精矿主流报价1540-1570元/吨度附近，47%及以上品位1560-1580元/吨度，价格暂时持稳，行情仍有继续向上运行迹象。行情短期利好，之前部分商家场外观望，近期开始逐步参与市场。栾川某商家表示，前期矿商停产较多，贸易商多以低库存场外等待行情好转。虽然近期钼精矿价格开始有所好转，但是上调的步伐依然较慢。与成本相比，盈利空间较小。期待后期继续上行。\n                    \n                    　　钼铁市场：钼铁价格暂时保持平稳，市场主流报价10.7-11万元/吨（现款-承兑）。当前，在行情利好带动下，有商家报价呈现虚高状况，整体现款报价期间10.6-10.8万元/吨为主，承兑10.9-11.1万元/吨左右。市场需求尚无完全释放，高价成交偏少。月底部分钢厂招标会逐步启动，钼铁厂家有继续挺价迹象。从近期的钢厂招标来看，钢厂60钼铁的承兑招标价格10.4-10.6万元/吨较为常见，后期有提升空间。\n                    \n                    　　12月21日LME钼期货报价整体保持平稳，3月期钼报价25250/25750美元/吨；15月期钼报价25720/26720美元/吨，LME期钼持仓132手。今日简讯：明年贷款需求将相对旺盛，城镇化为信贷投放重点；中金：新型城镇化难以支持新一轮地产投资；意大利总理蒙蒂递交辞呈，大选或于明年2月举行。\n                    \n                    　　周初外盘钼市部分产品价格仍有上调迹象，欧洲钼铁、氧化钼等都有一定涨幅；美国市场稍显平稳，价格暂稳波动。其次，欧亚将钼氧化物进口关税从5%降至零，这有利增加外部市场对该产品的需求，降低钼铁合金的生产成本，提高外部市场行业竞争力。国内行情运行平稳，主要钼产品价格继续保持在相对高位。同时，市场部分商家报价仍有抬高迹象，加之年底逼近，后期钢厂招标或有新的改观。', 1, '钼,行情,美元', 1, 'lizhili', '2013-01-31 00:00:00', '2013-01-31 00:00:00', 1),
	(79, '2012年12月国际钼铁价格走势图', 'lizhili', 17, 35, '　钼精矿市场：今日40-45%钼精矿主流报价1540-1570元/吨度附近，47%及以上品位1560-1580元/吨度，价格暂时持稳，行情仍有继续向上运行迹象。行情短期利好，之前部分商家场外观望，近期开始逐步参与市场。栾川某商家表示，前期矿商停产较多，贸易商多以低库存场外等待行情好转。虽然近期钼精矿价格开始有所好转，但是上调的步伐依然较慢。与成本相比，盈利空间较小。期待后期继续上行。\n                    \n                    　　钼铁市场：钼铁价格暂时保持平稳，市场主流报价10.7-11万元/吨（现款-承兑）。当前，在行情利好带动下，有商家报价呈现虚高状况，整体现款报价期间10.6-10.8万元/吨为主，承兑10.9-11.1万元/吨左右。市场需求尚无完全释放，高价成交偏少。月底部分钢厂招标会逐步启动，钼铁厂家有继续挺价迹象。从近期的钢厂招标来看，钢厂60钼铁的承兑招标价格10.4-10.6万元/吨较为常见，后期有提升空间。\n                    \n                    　　12月21日LME钼期货报价整体保持平稳，3月期钼报价25250/25750美元/吨；15月期钼报价25720/26720美元/吨，LME期钼持仓132手。今日简讯：明年贷款需求将相对旺盛，城镇化为信贷投放重点；中金：新型城镇化难以支持新一轮地产投资；意大利总理蒙蒂递交辞呈，大选或于明年2月举行。\n                    \n                    　　周初外盘钼市部分产品价格仍有上调迹象，欧洲钼铁、氧化钼等都有一定涨幅；美国市场稍显平稳，价格暂稳波动。其次，欧亚将钼氧化物进口关税从5%降至零，这有利增加外部市场对该产品的需求，降低钼铁合金的生产成本，提高外部市场行业竞争力。国内行情运行平稳，主要钼产品价格继续保持在相对高位。同时，市场部分商家报价仍有抬高迹象，加之年底逼近，后期钢厂招标或有新的改观。', 1, '钼,行情,美元', 1, 'lizhili', '2013-01-31 00:00:00', '2013-01-31 00:00:00', 1),
	(80, '2012年1-12月国际氧化钼价格走势图', 'lizhili', 17, 35, '　钼精矿市场：今日40-45%钼精矿主流报价1540-1570元/吨度附近，47%及以上品位1560-1580元/吨度，价格暂时持稳，行情仍有继续向上运行迹象。行情短期利好，之前部分商家场外观望，近期开始逐步参与市场。栾川某商家表示，前期矿商停产较多，贸易商多以低库存场外等待行情好转。虽然近期钼精矿价格开始有所好转，但是上调的步伐依然较慢。与成本相比，盈利空间较小。期待后期继续上行。\n                    \n                    　　钼铁市场：钼铁价格暂时保持平稳，市场主流报价10.7-11万元/吨（现款-承兑）。当前，在行情利好带动下，有商家报价呈现虚高状况，整体现款报价期间10.6-10.8万元/吨为主，承兑10.9-11.1万元/吨左右。市场需求尚无完全释放，高价成交偏少。月底部分钢厂招标会逐步启动，钼铁厂家有继续挺价迹象。从近期的钢厂招标来看，钢厂60钼铁的承兑招标价格10.4-10.6万元/吨较为常见，后期有提升空间。\n                    \n                    　　12月21日LME钼期货报价整体保持平稳，3月期钼报价25250/25750美元/吨；15月期钼报价25720/26720美元/吨，LME期钼持仓132手。今日简讯：明年贷款需求将相对旺盛，城镇化为信贷投放重点；中金：新型城镇化难以支持新一轮地产投资；意大利总理蒙蒂递交辞呈，大选或于明年2月举行。\n                    \n                    　　周初外盘钼市部分产品价格仍有上调迹象，欧洲钼铁、氧化钼等都有一定涨幅；美国市场稍显平稳，价格暂稳波动。其次，欧亚将钼氧化物进口关税从5%降至零，这有利增加外部市场对该产品的需求，降低钼铁合金的生产成本，提高外部市场行业竞争力。国内行情运行平稳，主要钼产品价格继续保持在相对高位。同时，市场部分商家报价仍有抬高迹象，加之年底逼近，后期钢厂招标或有新的改观。', 1, '钼,行情,美元', 1, 'lizhili', '2013-01-31 00:00:00', '2013-01-31 00:00:00', 0),
	(81, '2012年12月国内氧化钼价格走势图', 'lizhili', 17, 35, '　钼精矿市场：今日40-45%钼精矿主流报价1540-1570元/吨度附近，47%及以上品位1560-1580元/吨度，价格暂时持稳，行情仍有继续向上运行迹象。行情短期利好，之前部分商家场外观望，近期开始逐步参与市场。栾川某商家表示，前期矿商停产较多，贸易商多以低库存场外等待行情好转。虽然近期钼精矿价格开始有所好转，但是上调的步伐依然较慢。与成本相比，盈利空间较小。期待后期继续上行。\n                    \n                    　　钼铁市场：钼铁价格暂时保持平稳，市场主流报价10.7-11万元/吨（现款-承兑）。当前，在行情利好带动下，有商家报价呈现虚高状况，整体现款报价期间10.6-10.8万元/吨为主，承兑10.9-11.1万元/吨左右。市场需求尚无完全释放，高价成交偏少。月底部分钢厂招标会逐步启动，钼铁厂家有继续挺价迹象。从近期的钢厂招标来看，钢厂60钼铁的承兑招标价格10.4-10.6万元/吨较为常见，后期有提升空间。\n                    \n                    　　12月21日LME钼期货报价整体保持平稳，3月期钼报价25250/25750美元/吨；15月期钼报价25720/26720美元/吨，LME期钼持仓132手。今日简讯：明年贷款需求将相对旺盛，城镇化为信贷投放重点；中金：新型城镇化难以支持新一轮地产投资；意大利总理蒙蒂递交辞呈，大选或于明年2月举行。\n                    \n                    　　周初外盘钼市部分产品价格仍有上调迹象，欧洲钼铁、氧化钼等都有一定涨幅；美国市场稍显平稳，价格暂稳波动。其次，欧亚将钼氧化物进口关税从5%降至零，这有利增加外部市场对该产品的需求，降低钼铁合金的生产成本，提高外部市场行业竞争力。国内行情运行平稳，主要钼产品价格继续保持在相对高位。同时，市场部分商家报价仍有抬高迹象，加之年底逼近，后期钢厂招标或有新的改观。', 1, '钼,行情,美元', 1, 'lizhili', '2013-01-31 00:00:00', '2013-01-31 00:00:00', 0),
	(82, '2012年1-12月国际氧化钼价格走势图', 'lizhili', 17, 35, '　钼精矿市场：今日40-45%钼精矿主流报价1540-1570元/吨度附近，47%及以上品位1560-1580元/吨度，价格暂时持稳，行情仍有继续向上运行迹象。行情短期利好，之前部分商家场外观望，近期开始逐步参与市场。栾川某商家表示，前期矿商停产较多，贸易商多以低库存场外等待行情好转。虽然近期钼精矿价格开始有所好转，但是上调的步伐依然较慢。与成本相比，盈利空间较小。期待后期继续上行。\n                    \n                    　　钼铁市场：钼铁价格暂时保持平稳，市场主流报价10.7-11万元/吨（现款-承兑）。当前，在行情利好带动下，有商家报价呈现虚高状况，整体现款报价期间10.6-10.8万元/吨为主，承兑10.9-11.1万元/吨左右。市场需求尚无完全释放，高价成交偏少。月底部分钢厂招标会逐步启动，钼铁厂家有继续挺价迹象。从近期的钢厂招标来看，钢厂60钼铁的承兑招标价格10.4-10.6万元/吨较为常见，后期有提升空间。\n                    \n                    　　12月21日LME钼期货报价整体保持平稳，3月期钼报价25250/25750美元/吨；15月期钼报价25720/26720美元/吨，LME期钼持仓132手。今日简讯：明年贷款需求将相对旺盛，城镇化为信贷投放重点；中金：新型城镇化难以支持新一轮地产投资；意大利总理蒙蒂递交辞呈，大选或于明年2月举行。\n                    \n                    　　周初外盘钼市部分产品价格仍有上调迹象，欧洲钼铁、氧化钼等都有一定涨幅；美国市场稍显平稳，价格暂稳波动。其次，欧亚将钼氧化物进口关税从5%降至零，这有利增加外部市场对该产品的需求，降低钼铁合金的生产成本，提高外部市场行业竞争力。国内行情运行平稳，主要钼产品价格继续保持在相对高位。同时，市场部分商家报价仍有抬高迹象，加之年底逼近，后期钢厂招标或有新的改观。', 1, '钼,行情,美元', 1, 'lizhili', '2013-01-31 00:00:00', '2013-01-31 00:00:00', 1),
	(83, '2012年12月国内氧化钼价格走势图', 'lizhili', 17, 35, '　钼精矿市场：今日40-45%钼精矿主流报价1540-1570元/吨度附近，47%及以上品位1560-1580元/吨度，价格暂时持稳，行情仍有继续向上运行迹象。行情短期利好，之前部分商家场外观望，近期开始逐步参与市场。栾川某商家表示，前期矿商停产较多，贸易商多以低库存场外等待行情好转。虽然近期钼精矿价格开始有所好转，但是上调的步伐依然较慢。与成本相比，盈利空间较小。期待后期继续上行。\n                    \n                    　　钼铁市场：钼铁价格暂时保持平稳，市场主流报价10.7-11万元/吨（现款-承兑）。当前，在行情利好带动下，有商家报价呈现虚高状况，整体现款报价期间10.6-10.8万元/吨为主，承兑10.9-11.1万元/吨左右。市场需求尚无完全释放，高价成交偏少。月底部分钢厂招标会逐步启动，钼铁厂家有继续挺价迹象。从近期的钢厂招标来看，钢厂60钼铁的承兑招标价格10.4-10.6万元/吨较为常见，后期有提升空间。\n                    \n                    　　12月21日LME钼期货报价整体保持平稳，3月期钼报价25250/25750美元/吨；15月期钼报价25720/26720美元/吨，LME期钼持仓132手。今日简讯：明年贷款需求将相对旺盛，城镇化为信贷投放重点；中金：新型城镇化难以支持新一轮地产投资；意大利总理蒙蒂递交辞呈，大选或于明年2月举行。\n                    \n                    　　周初外盘钼市部分产品价格仍有上调迹象，欧洲钼铁、氧化钼等都有一定涨幅；美国市场稍显平稳，价格暂稳波动。其次，欧亚将钼氧化物进口关税从5%降至零，这有利增加外部市场对该产品的需求，降低钼铁合金的生产成本，提高外部市场行业竞争力。国内行情运行平稳，主要钼产品价格继续保持在相对高位。同时，市场部分商家报价仍有抬高迹象，加之年底逼近，后期钢厂招标或有新的改观。', 1, '钼,行情,美元', 1, 'lizhili', '2013-01-31 00:00:00', '2013-01-31 00:00:00', 1),
	(84, '2012年1-12月国际氧化钼价格走势图', 'lizhili', 17, 35, '　钼精矿市场：今日40-45%钼精矿主流报价1540-1570元/吨度附近，47%及以上品位1560-1580元/吨度，价格暂时持稳，行情仍有继续向上运行迹象。行情短期利好，之前部分商家场外观望，近期开始逐步参与市场。栾川某商家表示，前期矿商停产较多，贸易商多以低库存场外等待行情好转。虽然近期钼精矿价格开始有所好转，但是上调的步伐依然较慢。与成本相比，盈利空间较小。期待后期继续上行。\n                    \n                    　　钼铁市场：钼铁价格暂时保持平稳，市场主流报价10.7-11万元/吨（现款-承兑）。当前，在行情利好带动下，有商家报价呈现虚高状况，整体现款报价期间10.6-10.8万元/吨为主，承兑10.9-11.1万元/吨左右。市场需求尚无完全释放，高价成交偏少。月底部分钢厂招标会逐步启动，钼铁厂家有继续挺价迹象。从近期的钢厂招标来看，钢厂60钼铁的承兑招标价格10.4-10.6万元/吨较为常见，后期有提升空间。\n                    \n                    　　12月21日LME钼期货报价整体保持平稳，3月期钼报价25250/25750美元/吨；15月期钼报价25720/26720美元/吨，LME期钼持仓132手。今日简讯：明年贷款需求将相对旺盛，城镇化为信贷投放重点；中金：新型城镇化难以支持新一轮地产投资；意大利总理蒙蒂递交辞呈，大选或于明年2月举行。\n                    \n                    　　周初外盘钼市部分产品价格仍有上调迹象，欧洲钼铁、氧化钼等都有一定涨幅；美国市场稍显平稳，价格暂稳波动。其次，欧亚将钼氧化物进口关税从5%降至零，这有利增加外部市场对该产品的需求，降低钼铁合金的生产成本，提高外部市场行业竞争力。国内行情运行平稳，主要钼产品价格继续保持在相对高位。同时，市场部分商家报价仍有抬高迹象，加之年底逼近，后期钢厂招标或有新的改观。', 1, '钼,行情,美元', 1, 'lizhili', '2013-01-31 00:00:00', '2013-01-31 00:00:00', 1),
	(85, '2012年12月国际氧化钼价格走势图', 'lizhili', 17, 35, '　钼精矿市场：今日40-45%钼精矿主流报价1540-1570元/吨度附近，47%及以上品位1560-1580元/吨度，价格暂时持稳，行情仍有继续向上运行迹象。行情短期利好，之前部分商家场外观望，近期开始逐步参与市场。栾川某商家表示，前期矿商停产较多，贸易商多以低库存场外等待行情好转。虽然近期钼精矿价格开始有所好转，但是上调的步伐依然较慢。与成本相比，盈利空间较小。期待后期继续上行。\n                    \n                    　　钼铁市场：钼铁价格暂时保持平稳，市场主流报价10.7-11万元/吨（现款-承兑）。当前，在行情利好带动下，有商家报价呈现虚高状况，整体现款报价期间10.6-10.8万元/吨为主，承兑10.9-11.1万元/吨左右。市场需求尚无完全释放，高价成交偏少。月底部分钢厂招标会逐步启动，钼铁厂家有继续挺价迹象。从近期的钢厂招标来看，钢厂60钼铁的承兑招标价格10.4-10.6万元/吨较为常见，后期有提升空间。\n                    \n                    　　12月21日LME钼期货报价整体保持平稳，3月期钼报价25250/25750美元/吨；15月期钼报价25720/26720美元/吨，LME期钼持仓132手。今日简讯：明年贷款需求将相对旺盛，城镇化为信贷投放重点；中金：新型城镇化难以支持新一轮地产投资；意大利总理蒙蒂递交辞呈，大选或于明年2月举行。\n                    \n                    　　周初外盘钼市部分产品价格仍有上调迹象，欧洲钼铁、氧化钼等都有一定涨幅；美国市场稍显平稳，价格暂稳波动。其次，欧亚将钼氧化物进口关税从5%降至零，这有利增加外部市场对该产品的需求，降低钼铁合金的生产成本，提高外部市场行业竞争力。国内行情运行平稳，主要钼产品价格继续保持在相对高位。同时，市场部分商家报价仍有抬高迹象，加之年底逼近，后期钢厂招标或有新的改观。', 1, '钼,行情,美元', 1, 'lizhili', '2013-01-31 00:00:00', '2013-01-31 00:00:00', 1),
	(86, '2012年12月国际钼铁价格走势图', 'lizhili', 17, 35, '　钼精矿市场：今日40-45%钼精矿主流报价1540-1570元/吨度附近，47%及以上品位1560-1580元/吨度，价格暂时持稳，行情仍有继续向上运行迹象。行情短期利好，之前部分商家场外观望，近期开始逐步参与市场。栾川某商家表示，前期矿商停产较多，贸易商多以低库存场外等待行情好转。虽然近期钼精矿价格开始有所好转，但是上调的步伐依然较慢。与成本相比，盈利空间较小。期待后期继续上行。\n                    \n                    　　钼铁市场：钼铁价格暂时保持平稳，市场主流报价10.7-11万元/吨（现款-承兑）。当前，在行情利好带动下，有商家报价呈现虚高状况，整体现款报价期间10.6-10.8万元/吨为主，承兑10.9-11.1万元/吨左右。市场需求尚无完全释放，高价成交偏少。月底部分钢厂招标会逐步启动，钼铁厂家有继续挺价迹象。从近期的钢厂招标来看，钢厂60钼铁的承兑招标价格10.4-10.6万元/吨较为常见，后期有提升空间。\n                    \n                    　　12月21日LME钼期货报价整体保持平稳，3月期钼报价25250/25750美元/吨；15月期钼报价25720/26720美元/吨，LME期钼持仓132手。今日简讯：明年贷款需求将相对旺盛，城镇化为信贷投放重点；中金：新型城镇化难以支持新一轮地产投资；意大利总理蒙蒂递交辞呈，大选或于明年2月举行。\n                    \n                    　　周初外盘钼市部分产品价格仍有上调迹象，欧洲钼铁、氧化钼等都有一定涨幅；美国市场稍显平稳，价格暂稳波动。其次，欧亚将钼氧化物进口关税从5%降至零，这有利增加外部市场对该产品的需求，降低钼铁合金的生产成本，提高外部市场行业竞争力。国内行情运行平稳，主要钼产品价格继续保持在相对高位。同时，市场部分商家报价仍有抬高迹象，加之年底逼近，后期钢厂招标或有新的改观。', 1, '钼,行情,美元', 1, 'lizhili', '2013-01-31 00:00:00', '2013-01-31 00:00:00', 0),
	(87, '2011年4月份钼系产品月报告', 'lizhili', 17, 35, '　钼精矿市场：今日40-45%钼精矿主流报价1540-1570元/吨度附近，47%及以上品位1560-1580元/吨度，价格暂时持稳，行情仍有继续向上运行迹象。行情短期利好，之前部分商家场外观望，近期开始逐步参与市场。栾川某商家表示，前期矿商停产较多，贸易商多以低库存场外等待行情好转。虽然近期钼精矿价格开始有所好转，但是上调的步伐依然较慢。与成本相比，盈利空间较小。期待后期继续上行。\n                    \n                    　　钼铁市场：钼铁价格暂时保持平稳，市场主流报价10.7-11万元/吨（现款-承兑）。当前，在行情利好带动下，有商家报价呈现虚高状况，整体现款报价期间10.6-10.8万元/吨为主，承兑10.9-11.1万元/吨左右。市场需求尚无完全释放，高价成交偏少。月底部分钢厂招标会逐步启动，钼铁厂家有继续挺价迹象。从近期的钢厂招标来看，钢厂60钼铁的承兑招标价格10.4-10.6万元/吨较为常见，后期有提升空间。\n                    \n                    　　12月21日LME钼期货报价整体保持平稳，3月期钼报价25250/25750美元/吨；15月期钼报价25720/26720美元/吨，LME期钼持仓132手。今日简讯：明年贷款需求将相对旺盛，城镇化为信贷投放重点；中金：新型城镇化难以支持新一轮地产投资；意大利总理蒙蒂递交辞呈，大选或于明年2月举行。\n                    \n                    　　周初外盘钼市部分产品价格仍有上调迹象，欧洲钼铁、氧化钼等都有一定涨幅；美国市场稍显平稳，价格暂稳波动。其次，欧亚将钼氧化物进口关税从5%降至零，这有利增加外部市场对该产品的需求，降低钼铁合金的生产成本，提高外部市场行业竞争力。国内行情运行平稳，主要钼产品价格继续保持在相对高位。同时，市场部分商家报价仍有抬高迹象，加之年底逼近，后期钢厂招标或有新的改观。', 1, '钼,行情,美元', 1, 'lizhili', '2013-01-31 00:00:00', '2013-01-31 00:00:00', 1),
	(88, '2011年4月份钼系产品月报告', 'lizhili', 17, 35, '　钼精矿市场：今日40-45%钼精矿主流报价1540-1570元/吨度附近，47%及以上品位1560-1580元/吨度，价格暂时持稳，行情仍有继续向上运行迹象。行情短期利好，之前部分商家场外观望，近期开始逐步参与市场。栾川某商家表示，前期矿商停产较多，贸易商多以低库存场外等待行情好转。虽然近期钼精矿价格开始有所好转，但是上调的步伐依然较慢。与成本相比，盈利空间较小。期待后期继续上行。\n                    \n                    　　钼铁市场：钼铁价格暂时保持平稳，市场主流报价10.7-11万元/吨（现款-承兑）。当前，在行情利好带动下，有商家报价呈现虚高状况，整体现款报价期间10.6-10.8万元/吨为主，承兑10.9-11.1万元/吨左右。市场需求尚无完全释放，高价成交偏少。月底部分钢厂招标会逐步启动，钼铁厂家有继续挺价迹象。从近期的钢厂招标来看，钢厂60钼铁的承兑招标价格10.4-10.6万元/吨较为常见，后期有提升空间。\n                    \n                    　　12月21日LME钼期货报价整体保持平稳，3月期钼报价25250/25750美元/吨；15月期钼报价25720/26720美元/吨，LME期钼持仓132手。今日简讯：明年贷款需求将相对旺盛，城镇化为信贷投放重点；中金：新型城镇化难以支持新一轮地产投资；意大利总理蒙蒂递交辞呈，大选或于明年2月举行。\n                    \n                    　　周初外盘钼市部分产品价格仍有上调迹象，欧洲钼铁、氧化钼等都有一定涨幅；美国市场稍显平稳，价格暂稳波动。其次，欧亚将钼氧化物进口关税从5%降至零，这有利增加外部市场对该产品的需求，降低钼铁合金的生产成本，提高外部市场行业竞争力。国内行情运行平稳，主要钼产品价格继续保持在相对高位。同时，市场部分商家报价仍有抬高迹象，加之年底逼近，后期钢厂招标或有新的改观。', 1, '钼,行情,美元', 1, 'lizhili', '2013-01-31 00:00:00', '2013-01-31 00:00:00', 1),
	(89, '2012年1-12月国际钼铁价格走势图', 'lizhili', 17, 35, '　钼精矿市场：今日40-45%钼精矿主流报价1540-1570元/吨度附近，47%及以上品位1560-1580元/吨度，价格暂时持稳，行情仍有继续向上运行迹象。行情短期利好，之前部分商家场外观望，近期开始逐步参与市场。栾川某商家表示，前期矿商停产较多，贸易商多以低库存场外等待行情好转。虽然近期钼精矿价格开始有所好转，但是上调的步伐依然较慢。与成本相比，盈利空间较小。期待后期继续上行。\n                    \n                    　　钼铁市场：钼铁价格暂时保持平稳，市场主流报价10.7-11万元/吨（现款-承兑）。当前，在行情利好带动下，有商家报价呈现虚高状况，整体现款报价期间10.6-10.8万元/吨为主，承兑10.9-11.1万元/吨左右。市场需求尚无完全释放，高价成交偏少。月底部分钢厂招标会逐步启动，钼铁厂家有继续挺价迹象。从近期的钢厂招标来看，钢厂60钼铁的承兑招标价格10.4-10.6万元/吨较为常见，后期有提升空间。\n                    \n                    　　12月21日LME钼期货报价整体保持平稳，3月期钼报价25250/25750美元/吨；15月期钼报价25720/26720美元/吨，LME期钼持仓132手。今日简讯：明年贷款需求将相对旺盛，城镇化为信贷投放重点；中金：新型城镇化难以支持新一轮地产投资；意大利总理蒙蒂递交辞呈，大选或于明年2月举行。\n                    \n                    　　周初外盘钼市部分产品价格仍有上调迹象，欧洲钼铁、氧化钼等都有一定涨幅；美国市场稍显平稳，价格暂稳波动。其次，欧亚将钼氧化物进口关税从5%降至零，这有利增加外部市场对该产品的需求，降低钼铁合金的生产成本，提高外部市场行业竞争力。国内行情运行平稳，主要钼产品价格继续保持在相对高位。同时，市场部分商家报价仍有抬高迹象，加之年底逼近，后期钢厂招标或有新的改观。', 1, '钼,行情,美元', 1, 'lizhili', '2013-01-31 00:00:00', '2013-01-31 00:00:00', 1),
	(90, '2012年1-12月国际氧化钼价格走势图', 'lizhili', 17, 35, '　钼精矿市场：今日40-45%钼精矿主流报价1540-1570元/吨度附近，47%及以上品位1560-1580元/吨度，价格暂时持稳，行情仍有继续向上运行迹象。行情短期利好，之前部分商家场外观望，近期开始逐步参与市场。栾川某商家表示，前期矿商停产较多，贸易商多以低库存场外等待行情好转。虽然近期钼精矿价格开始有所好转，但是上调的步伐依然较慢。与成本相比，盈利空间较小。期待后期继续上行。\n                    \n                    　　钼铁市场：钼铁价格暂时保持平稳，市场主流报价10.7-11万元/吨（现款-承兑）。当前，在行情利好带动下，有商家报价呈现虚高状况，整体现款报价期间10.6-10.8万元/吨为主，承兑10.9-11.1万元/吨左右。市场需求尚无完全释放，高价成交偏少。月底部分钢厂招标会逐步启动，钼铁厂家有继续挺价迹象。从近期的钢厂招标来看，钢厂60钼铁的承兑招标价格10.4-10.6万元/吨较为常见，后期有提升空间。\n                    \n                    　　12月21日LME钼期货报价整体保持平稳，3月期钼报价25250/25750美元/吨；15月期钼报价25720/26720美元/吨，LME期钼持仓132手。今日简讯：明年贷款需求将相对旺盛，城镇化为信贷投放重点；中金：新型城镇化难以支持新一轮地产投资；意大利总理蒙蒂递交辞呈，大选或于明年2月举行。\n                    \n                    　　周初外盘钼市部分产品价格仍有上调迹象，欧洲钼铁、氧化钼等都有一定涨幅；美国市场稍显平稳，价格暂稳波动。其次，欧亚将钼氧化物进口关税从5%降至零，这有利增加外部市场对该产品的需求，降低钼铁合金的生产成本，提高外部市场行业竞争力。国内行情运行平稳，主要钼产品价格继续保持在相对高位。同时，市场部分商家报价仍有抬高迹象，加之年底逼近，后期钢厂招标或有新的改观。', 1, '钼,行情,美元', 1, 'lizhili', '2013-01-31 00:00:00', '2013-01-31 00:00:00', 0),
	(91, '2012年12月国内钼铁价格走势图', 'lizhili', 17, 35, '　钼精矿市场：今日40-45%钼精矿主流报价1540-1570元/吨度附近，47%及以上品位1560-1580元/吨度，价格暂时持稳，行情仍有继续向上运行迹象。行情短期利好，之前部分商家场外观望，近期开始逐步参与市场。栾川某商家表示，前期矿商停产较多，贸易商多以低库存场外等待行情好转。虽然近期钼精矿价格开始有所好转，但是上调的步伐依然较慢。与成本相比，盈利空间较小。期待后期继续上行。\n                    \n                    　　钼铁市场：钼铁价格暂时保持平稳，市场主流报价10.7-11万元/吨（现款-承兑）。当前，在行情利好带动下，有商家报价呈现虚高状况，整体现款报价期间10.6-10.8万元/吨为主，承兑10.9-11.1万元/吨左右。市场需求尚无完全释放，高价成交偏少。月底部分钢厂招标会逐步启动，钼铁厂家有继续挺价迹象。从近期的钢厂招标来看，钢厂60钼铁的承兑招标价格10.4-10.6万元/吨较为常见，后期有提升空间。\n                    \n                    　　12月21日LME钼期货报价整体保持平稳，3月期钼报价25250/25750美元/吨；15月期钼报价25720/26720美元/吨，LME期钼持仓132手。今日简讯：明年贷款需求将相对旺盛，城镇化为信贷投放重点；中金：新型城镇化难以支持新一轮地产投资；意大利总理蒙蒂递交辞呈，大选或于明年2月举行。\n                    \n                    　　周初外盘钼市部分产品价格仍有上调迹象，欧洲钼铁、氧化钼等都有一定涨幅；美国市场稍显平稳，价格暂稳波动。其次，欧亚将钼氧化物进口关税从5%降至零，这有利增加外部市场对该产品的需求，降低钼铁合金的生产成本，提高外部市场行业竞争力。国内行情运行平稳，主要钼产品价格继续保持在相对高位。同时，市场部分商家报价仍有抬高迹象，加之年底逼近，后期钢厂招标或有新的改观。', 1, '钼,行情,美元', 1, 'lizhili', '2013-01-31 00:00:00', '2013-01-31 00:00:00', 0),
	(92, '2011年4月份钼系产品月报告', 'lizhili', 17, 35, '　钼精矿市场：今日40-45%钼精矿主流报价1540-1570元/吨度附近，47%及以上品位1560-1580元/吨度，价格暂时持稳，行情仍有继续向上运行迹象。行情短期利好，之前部分商家场外观望，近期开始逐步参与市场。栾川某商家表示，前期矿商停产较多，贸易商多以低库存场外等待行情好转。虽然近期钼精矿价格开始有所好转，但是上调的步伐依然较慢。与成本相比，盈利空间较小。期待后期继续上行。\n                    \n                    　　钼铁市场：钼铁价格暂时保持平稳，市场主流报价10.7-11万元/吨（现款-承兑）。当前，在行情利好带动下，有商家报价呈现虚高状况，整体现款报价期间10.6-10.8万元/吨为主，承兑10.9-11.1万元/吨左右。市场需求尚无完全释放，高价成交偏少。月底部分钢厂招标会逐步启动，钼铁厂家有继续挺价迹象。从近期的钢厂招标来看，钢厂60钼铁的承兑招标价格10.4-10.6万元/吨较为常见，后期有提升空间。\n                    \n                    　　12月21日LME钼期货报价整体保持平稳，3月期钼报价25250/25750美元/吨；15月期钼报价25720/26720美元/吨，LME期钼持仓132手。今日简讯：明年贷款需求将相对旺盛，城镇化为信贷投放重点；中金：新型城镇化难以支持新一轮地产投资；意大利总理蒙蒂递交辞呈，大选或于明年2月举行。\n                    \n                    　　周初外盘钼市部分产品价格仍有上调迹象，欧洲钼铁、氧化钼等都有一定涨幅；美国市场稍显平稳，价格暂稳波动。其次，欧亚将钼氧化物进口关税从5%降至零，这有利增加外部市场对该产品的需求，降低钼铁合金的生产成本，提高外部市场行业竞争力。国内行情运行平稳，主要钼产品价格继续保持在相对高位。同时，市场部分商家报价仍有抬高迹象，加之年底逼近，后期钢厂招标或有新的改观。', 1, '钼,行情,美元', 1, 'lizhili', '2013-01-31 00:00:00', '2013-01-31 00:00:00', 1),
	(93, '2011年4月份钼系产品月报告', 'lizhili', 17, 35, '　钼精矿市场：今日40-45%钼精矿主流报价1540-1570元/吨度附近，47%及以上品位1560-1580元/吨度，价格暂时持稳，行情仍有继续向上运行迹象。行情短期利好，之前部分商家场外观望，近期开始逐步参与市场。栾川某商家表示，前期矿商停产较多，贸易商多以低库存场外等待行情好转。虽然近期钼精矿价格开始有所好转，但是上调的步伐依然较慢。与成本相比，盈利空间较小。期待后期继续上行。\n                    \n                    　　钼铁市场：钼铁价格暂时保持平稳，市场主流报价10.7-11万元/吨（现款-承兑）。当前，在行情利好带动下，有商家报价呈现虚高状况，整体现款报价期间10.6-10.8万元/吨为主，承兑10.9-11.1万元/吨左右。市场需求尚无完全释放，高价成交偏少。月底部分钢厂招标会逐步启动，钼铁厂家有继续挺价迹象。从近期的钢厂招标来看，钢厂60钼铁的承兑招标价格10.4-10.6万元/吨较为常见，后期有提升空间。\n                    \n                    　　12月21日LME钼期货报价整体保持平稳，3月期钼报价25250/25750美元/吨；15月期钼报价25720/26720美元/吨，LME期钼持仓132手。今日简讯：明年贷款需求将相对旺盛，城镇化为信贷投放重点；中金：新型城镇化难以支持新一轮地产投资；意大利总理蒙蒂递交辞呈，大选或于明年2月举行。\n                    \n                    　　周初外盘钼市部分产品价格仍有上调迹象，欧洲钼铁、氧化钼等都有一定涨幅；美国市场稍显平稳，价格暂稳波动。其次，欧亚将钼氧化物进口关税从5%降至零，这有利增加外部市场对该产品的需求，降低钼铁合金的生产成本，提高外部市场行业竞争力。国内行情运行平稳，主要钼产品价格继续保持在相对高位。同时，市场部分商家报价仍有抬高迹象，加之年底逼近，后期钢厂招标或有新的改观。', 1, '钼,行情,美元', 1, 'lizhili', '2013-01-31 00:00:00', '2013-01-31 00:00:00', 0),
	(94, '2012年1-12月国际钼铁价格走势图', 'lizhili', 17, 35, '　钼精矿市场：今日40-45%钼精矿主流报价1540-1570元/吨度附近，47%及以上品位1560-1580元/吨度，价格暂时持稳，行情仍有继续向上运行迹象。行情短期利好，之前部分商家场外观望，近期开始逐步参与市场。栾川某商家表示，前期矿商停产较多，贸易商多以低库存场外等待行情好转。虽然近期钼精矿价格开始有所好转，但是上调的步伐依然较慢。与成本相比，盈利空间较小。期待后期继续上行。\n                    \n                    　　钼铁市场：钼铁价格暂时保持平稳，市场主流报价10.7-11万元/吨（现款-承兑）。当前，在行情利好带动下，有商家报价呈现虚高状况，整体现款报价期间10.6-10.8万元/吨为主，承兑10.9-11.1万元/吨左右。市场需求尚无完全释放，高价成交偏少。月底部分钢厂招标会逐步启动，钼铁厂家有继续挺价迹象。从近期的钢厂招标来看，钢厂60钼铁的承兑招标价格10.4-10.6万元/吨较为常见，后期有提升空间。\n                    \n                    　　12月21日LME钼期货报价整体保持平稳，3月期钼报价25250/25750美元/吨；15月期钼报价25720/26720美元/吨，LME期钼持仓132手。今日简讯：明年贷款需求将相对旺盛，城镇化为信贷投放重点；中金：新型城镇化难以支持新一轮地产投资；意大利总理蒙蒂递交辞呈，大选或于明年2月举行。\n                    \n                    　　周初外盘钼市部分产品价格仍有上调迹象，欧洲钼铁、氧化钼等都有一定涨幅；美国市场稍显平稳，价格暂稳波动。其次，欧亚将钼氧化物进口关税从5%降至零，这有利增加外部市场对该产品的需求，降低钼铁合金的生产成本，提高外部市场行业竞争力。国内行情运行平稳，主要钼产品价格继续保持在相对高位。同时，市场部分商家报价仍有抬高迹象，加之年底逼近，后期钢厂招标或有新的改观。', 1, '钼,行情,美元', 1, 'lizhili', '2013-01-31 00:00:00', '2013-01-31 00:00:00', 1),
	(95, '2012年1-12月国际钼铁价格走势图', 'lizhili', 17, 35, '　钼精矿市场：今日40-45%钼精矿主流报价1540-1570元/吨度附近，47%及以上品位1560-1580元/吨度，价格暂时持稳，行情仍有继续向上运行迹象。行情短期利好，之前部分商家场外观望，近期开始逐步参与市场。栾川某商家表示，前期矿商停产较多，贸易商多以低库存场外等待行情好转。虽然近期钼精矿价格开始有所好转，但是上调的步伐依然较慢。与成本相比，盈利空间较小。期待后期继续上行。\n                    \n                    　　钼铁市场：钼铁价格暂时保持平稳，市场主流报价10.7-11万元/吨（现款-承兑）。当前，在行情利好带动下，有商家报价呈现虚高状况，整体现款报价期间10.6-10.8万元/吨为主，承兑10.9-11.1万元/吨左右。市场需求尚无完全释放，高价成交偏少。月底部分钢厂招标会逐步启动，钼铁厂家有继续挺价迹象。从近期的钢厂招标来看，钢厂60钼铁的承兑招标价格10.4-10.6万元/吨较为常见，后期有提升空间。\n                    \n                    　　12月21日LME钼期货报价整体保持平稳，3月期钼报价25250/25750美元/吨；15月期钼报价25720/26720美元/吨，LME期钼持仓132手。今日简讯：明年贷款需求将相对旺盛，城镇化为信贷投放重点；中金：新型城镇化难以支持新一轮地产投资；意大利总理蒙蒂递交辞呈，大选或于明年2月举行。\n                    \n                    　　周初外盘钼市部分产品价格仍有上调迹象，欧洲钼铁、氧化钼等都有一定涨幅；美国市场稍显平稳，价格暂稳波动。其次，欧亚将钼氧化物进口关税从5%降至零，这有利增加外部市场对该产品的需求，降低钼铁合金的生产成本，提高外部市场行业竞争力。国内行情运行平稳，主要钼产品价格继续保持在相对高位。同时，市场部分商家报价仍有抬高迹象，加之年底逼近，后期钢厂招标或有新的改观。', 1, '钼,行情,美元', 1, 'lizhili', '2013-01-31 00:00:00', '2013-01-31 00:00:00', 0),
	(96, '2012年12月国际钼铁价格走势图', 'lizhili', 17, 35, '　钼精矿市场：今日40-45%钼精矿主流报价1540-1570元/吨度附近，47%及以上品位1560-1580元/吨度，价格暂时持稳，行情仍有继续向上运行迹象。行情短期利好，之前部分商家场外观望，近期开始逐步参与市场。栾川某商家表示，前期矿商停产较多，贸易商多以低库存场外等待行情好转。虽然近期钼精矿价格开始有所好转，但是上调的步伐依然较慢。与成本相比，盈利空间较小。期待后期继续上行。\n                    \n                    　　钼铁市场：钼铁价格暂时保持平稳，市场主流报价10.7-11万元/吨（现款-承兑）。当前，在行情利好带动下，有商家报价呈现虚高状况，整体现款报价期间10.6-10.8万元/吨为主，承兑10.9-11.1万元/吨左右。市场需求尚无完全释放，高价成交偏少。月底部分钢厂招标会逐步启动，钼铁厂家有继续挺价迹象。从近期的钢厂招标来看，钢厂60钼铁的承兑招标价格10.4-10.6万元/吨较为常见，后期有提升空间。\n                    \n                    　　12月21日LME钼期货报价整体保持平稳，3月期钼报价25250/25750美元/吨；15月期钼报价25720/26720美元/吨，LME期钼持仓132手。今日简讯：明年贷款需求将相对旺盛，城镇化为信贷投放重点；中金：新型城镇化难以支持新一轮地产投资；意大利总理蒙蒂递交辞呈，大选或于明年2月举行。\n                    \n                    　　周初外盘钼市部分产品价格仍有上调迹象，欧洲钼铁、氧化钼等都有一定涨幅；美国市场稍显平稳，价格暂稳波动。其次，欧亚将钼氧化物进口关税从5%降至零，这有利增加外部市场对该产品的需求，降低钼铁合金的生产成本，提高外部市场行业竞争力。国内行情运行平稳，主要钼产品价格继续保持在相对高位。同时，市场部分商家报价仍有抬高迹象，加之年底逼近，后期钢厂招标或有新的改观。', 1, '钼,行情,美元', 1, 'lizhili', '2013-01-31 00:00:00', '2013-01-31 00:00:00', 0),
	(97, '2012年12月国际钼铁价格走势图', 'lizhili', 17, 35, '　钼精矿市场：今日40-45%钼精矿主流报价1540-1570元/吨度附近，47%及以上品位1560-1580元/吨度，价格暂时持稳，行情仍有继续向上运行迹象。行情短期利好，之前部分商家场外观望，近期开始逐步参与市场。栾川某商家表示，前期矿商停产较多，贸易商多以低库存场外等待行情好转。虽然近期钼精矿价格开始有所好转，但是上调的步伐依然较慢。与成本相比，盈利空间较小。期待后期继续上行。\n                    \n                    　　钼铁市场：钼铁价格暂时保持平稳，市场主流报价10.7-11万元/吨（现款-承兑）。当前，在行情利好带动下，有商家报价呈现虚高状况，整体现款报价期间10.6-10.8万元/吨为主，承兑10.9-11.1万元/吨左右。市场需求尚无完全释放，高价成交偏少。月底部分钢厂招标会逐步启动，钼铁厂家有继续挺价迹象。从近期的钢厂招标来看，钢厂60钼铁的承兑招标价格10.4-10.6万元/吨较为常见，后期有提升空间。\n                    \n                    　　12月21日LME钼期货报价整体保持平稳，3月期钼报价25250/25750美元/吨；15月期钼报价25720/26720美元/吨，LME期钼持仓132手。今日简讯：明年贷款需求将相对旺盛，城镇化为信贷投放重点；中金：新型城镇化难以支持新一轮地产投资；意大利总理蒙蒂递交辞呈，大选或于明年2月举行。\n                    \n                    　　周初外盘钼市部分产品价格仍有上调迹象，欧洲钼铁、氧化钼等都有一定涨幅；美国市场稍显平稳，价格暂稳波动。其次，欧亚将钼氧化物进口关税从5%降至零，这有利增加外部市场对该产品的需求，降低钼铁合金的生产成本，提高外部市场行业竞争力。国内行情运行平稳，主要钼产品价格继续保持在相对高位。同时，市场部分商家报价仍有抬高迹象，加之年底逼近，后期钢厂招标或有新的改观。', 1, '钼,行情,美元', 1, 'lizhili', '2013-01-31 00:00:00', '2013-01-31 00:00:00', 0),
	(98, '2012年12月国内钼铁价格走势图', 'lizhili', 17, 35, '　钼精矿市场：今日40-45%钼精矿主流报价1540-1570元/吨度附近，47%及以上品位1560-1580元/吨度，价格暂时持稳，行情仍有继续向上运行迹象。行情短期利好，之前部分商家场外观望，近期开始逐步参与市场。栾川某商家表示，前期矿商停产较多，贸易商多以低库存场外等待行情好转。虽然近期钼精矿价格开始有所好转，但是上调的步伐依然较慢。与成本相比，盈利空间较小。期待后期继续上行。\n                    \n                    　　钼铁市场：钼铁价格暂时保持平稳，市场主流报价10.7-11万元/吨（现款-承兑）。当前，在行情利好带动下，有商家报价呈现虚高状况，整体现款报价期间10.6-10.8万元/吨为主，承兑10.9-11.1万元/吨左右。市场需求尚无完全释放，高价成交偏少。月底部分钢厂招标会逐步启动，钼铁厂家有继续挺价迹象。从近期的钢厂招标来看，钢厂60钼铁的承兑招标价格10.4-10.6万元/吨较为常见，后期有提升空间。\n                    \n                    　　12月21日LME钼期货报价整体保持平稳，3月期钼报价25250/25750美元/吨；15月期钼报价25720/26720美元/吨，LME期钼持仓132手。今日简讯：明年贷款需求将相对旺盛，城镇化为信贷投放重点；中金：新型城镇化难以支持新一轮地产投资；意大利总理蒙蒂递交辞呈，大选或于明年2月举行。\n                    \n                    　　周初外盘钼市部分产品价格仍有上调迹象，欧洲钼铁、氧化钼等都有一定涨幅；美国市场稍显平稳，价格暂稳波动。其次，欧亚将钼氧化物进口关税从5%降至零，这有利增加外部市场对该产品的需求，降低钼铁合金的生产成本，提高外部市场行业竞争力。国内行情运行平稳，主要钼产品价格继续保持在相对高位。同时，市场部分商家报价仍有抬高迹象，加之年底逼近，后期钢厂招标或有新的改观。', 1, '钼,行情,美元', 1, 'lizhili', '2013-01-31 00:00:00', '2013-01-31 00:00:00', 0),
	(99, '2012年12月国际钼铁价格走势图', 'lizhili', 17, 35, '　钼精矿市场：今日40-45%钼精矿主流报价1540-1570元/吨度附近，47%及以上品位1560-1580元/吨度，价格暂时持稳，行情仍有继续向上运行迹象。行情短期利好，之前部分商家场外观望，近期开始逐步参与市场。栾川某商家表示，前期矿商停产较多，贸易商多以低库存场外等待行情好转。虽然近期钼精矿价格开始有所好转，但是上调的步伐依然较慢。与成本相比，盈利空间较小。期待后期继续上行。\n                    \n                    　　钼铁市场：钼铁价格暂时保持平稳，市场主流报价10.7-11万元/吨（现款-承兑）。当前，在行情利好带动下，有商家报价呈现虚高状况，整体现款报价期间10.6-10.8万元/吨为主，承兑10.9-11.1万元/吨左右。市场需求尚无完全释放，高价成交偏少。月底部分钢厂招标会逐步启动，钼铁厂家有继续挺价迹象。从近期的钢厂招标来看，钢厂60钼铁的承兑招标价格10.4-10.6万元/吨较为常见，后期有提升空间。\n                    \n                    　　12月21日LME钼期货报价整体保持平稳，3月期钼报价25250/25750美元/吨；15月期钼报价25720/26720美元/吨，LME期钼持仓132手。今日简讯：明年贷款需求将相对旺盛，城镇化为信贷投放重点；中金：新型城镇化难以支持新一轮地产投资；意大利总理蒙蒂递交辞呈，大选或于明年2月举行。\n                    \n                    　　周初外盘钼市部分产品价格仍有上调迹象，欧洲钼铁、氧化钼等都有一定涨幅；美国市场稍显平稳，价格暂稳波动。其次，欧亚将钼氧化物进口关税从5%降至零，这有利增加外部市场对该产品的需求，降低钼铁合金的生产成本，提高外部市场行业竞争力。国内行情运行平稳，主要钼产品价格继续保持在相对高位。同时，市场部分商家报价仍有抬高迹象，加之年底逼近，后期钢厂招标或有新的改观。', 1, '钼,行情,美元', 1, 'lizhili', '2013-01-31 00:00:00', '2013-01-31 00:00:00', 1),
	(100, '2012年1-12月国内氧化钼价格走势图', 'lizhili', 17, 35, '　钼精矿市场：今日40-45%钼精矿主流报价1540-1570元/吨度附近，47%及以上品位1560-1580元/吨度，价格暂时持稳，行情仍有继续向上运行迹象。行情短期利好，之前部分商家场外观望，近期开始逐步参与市场。栾川某商家表示，前期矿商停产较多，贸易商多以低库存场外等待行情好转。虽然近期钼精矿价格开始有所好转，但是上调的步伐依然较慢。与成本相比，盈利空间较小。期待后期继续上行。\n                    \n                    　　钼铁市场：钼铁价格暂时保持平稳，市场主流报价10.7-11万元/吨（现款-承兑）。当前，在行情利好带动下，有商家报价呈现虚高状况，整体现款报价期间10.6-10.8万元/吨为主，承兑10.9-11.1万元/吨左右。市场需求尚无完全释放，高价成交偏少。月底部分钢厂招标会逐步启动，钼铁厂家有继续挺价迹象。从近期的钢厂招标来看，钢厂60钼铁的承兑招标价格10.4-10.6万元/吨较为常见，后期有提升空间。\n                    \n                    　　12月21日LME钼期货报价整体保持平稳，3月期钼报价25250/25750美元/吨；15月期钼报价25720/26720美元/吨，LME期钼持仓132手。今日简讯：明年贷款需求将相对旺盛，城镇化为信贷投放重点；中金：新型城镇化难以支持新一轮地产投资；意大利总理蒙蒂递交辞呈，大选或于明年2月举行。\n                    \n                    　　周初外盘钼市部分产品价格仍有上调迹象，欧洲钼铁、氧化钼等都有一定涨幅；美国市场稍显平稳，价格暂稳波动。其次，欧亚将钼氧化物进口关税从5%降至零，这有利增加外部市场对该产品的需求，降低钼铁合金的生产成本，提高外部市场行业竞争力。国内行情运行平稳，主要钼产品价格继续保持在相对高位。同时，市场部分商家报价仍有抬高迹象，加之年底逼近，后期钢厂招标或有新的改观。', 1, '钼,行情,美元', 1, 'lizhili', '2013-01-31 00:00:00', '2013-01-31 00:00:00', 1),
	(101, '磨矿介质对钼精矿碳含量影响研究', 'lizhili', 17, 35, '　钼精矿市场：今日40-45%钼精矿主流报价1540-1570元/吨度附近，47%及以上品位1560-1580元/吨度，价格暂时持稳，行情仍有继续向上运行迹象。行情短期利好，之前部分商家场外观望，近期开始逐步参与市场。栾川某商家表示，前期矿商停产较多，贸易商多以低库存场外等待行情好转。虽然近期钼精矿价格开始有所好转，但是上调的步伐依然较慢。与成本相比，盈利空间较小。期待后期继续上行。\n                    \n                    　　钼铁市场：钼铁价格暂时保持平稳，市场主流报价10.7-11万元/吨（现款-承兑）。当前，在行情利好带动下，有商家报价呈现虚高状况，整体现款报价期间10.6-10.8万元/吨为主，承兑10.9-11.1万元/吨左右。市场需求尚无完全释放，高价成交偏少。月底部分钢厂招标会逐步启动，钼铁厂家有继续挺价迹象。从近期的钢厂招标来看，钢厂60钼铁的承兑招标价格10.4-10.6万元/吨较为常见，后期有提升空间。\n                    \n                    　　12月21日LME钼期货报价整体保持平稳，3月期钼报价25250/25750美元/吨；15月期钼报价25720/26720美元/吨，LME期钼持仓132手。今日简讯：明年贷款需求将相对旺盛，城镇化为信贷投放重点；中金：新型城镇化难以支持新一轮地产投资；意大利总理蒙蒂递交辞呈，大选或于明年2月举行。\n                    \n                    　　周初外盘钼市部分产品价格仍有上调迹象，欧洲钼铁、氧化钼等都有一定涨幅；美国市场稍显平稳，价格暂稳波动。其次，欧亚将钼氧化物进口关税从5%降至零，这有利增加外部市场对该产品的需求，降低钼铁合金的生产成本，提高外部市场行业竞争力。国内行情运行平稳，主要钼产品价格继续保持在相对高位。同时，市场部分商家报价仍有抬高迹象，加之年底逼近，后期钢厂招标或有新的改观。', 1, '钼,行情,美元', 1, 'lizhili', '2013-01-31 00:00:00', '2013-01-31 00:00:00', 0),
	(102, '钼矿及其处理', 'lizhili', 17, 35, '　钼精矿市场：今日40-45%钼精矿主流报价1540-1570元/吨度附近，47%及以上品位1560-1580元/吨度，价格暂时持稳，行情仍有继续向上运行迹象。行情短期利好，之前部分商家场外观望，近期开始逐步参与市场。栾川某商家表示，前期矿商停产较多，贸易商多以低库存场外等待行情好转。虽然近期钼精矿价格开始有所好转，但是上调的步伐依然较慢。与成本相比，盈利空间较小。期待后期继续上行。\n                    \n                    　　钼铁市场：钼铁价格暂时保持平稳，市场主流报价10.7-11万元/吨（现款-承兑）。当前，在行情利好带动下，有商家报价呈现虚高状况，整体现款报价期间10.6-10.8万元/吨为主，承兑10.9-11.1万元/吨左右。市场需求尚无完全释放，高价成交偏少。月底部分钢厂招标会逐步启动，钼铁厂家有继续挺价迹象。从近期的钢厂招标来看，钢厂60钼铁的承兑招标价格10.4-10.6万元/吨较为常见，后期有提升空间。\n                    \n                    　　12月21日LME钼期货报价整体保持平稳，3月期钼报价25250/25750美元/吨；15月期钼报价25720/26720美元/吨，LME期钼持仓132手。今日简讯：明年贷款需求将相对旺盛，城镇化为信贷投放重点；中金：新型城镇化难以支持新一轮地产投资；意大利总理蒙蒂递交辞呈，大选或于明年2月举行。\n                    \n                    　　周初外盘钼市部分产品价格仍有上调迹象，欧洲钼铁、氧化钼等都有一定涨幅；美国市场稍显平稳，价格暂稳波动。其次，欧亚将钼氧化物进口关税从5%降至零，这有利增加外部市场对该产品的需求，降低钼铁合金的生产成本，提高外部市场行业竞争力。国内行情运行平稳，主要钼产品价格继续保持在相对高位。同时，市场部分商家报价仍有抬高迹象，加之年底逼近，后期钢厂招标或有新的改观。', 1, '钼,行情,美元', 1, 'lizhili', '2013-01-31 00:00:00', '2013-01-31 00:00:00', 0),
	(103, '钼铁的冶炼', 'lizhili', 17, 35, '　钼精矿市场：今日40-45%钼精矿主流报价1540-1570元/吨度附近，47%及以上品位1560-1580元/吨度，价格暂时持稳，行情仍有继续向上运行迹象。行情短期利好，之前部分商家场外观望，近期开始逐步参与市场。栾川某商家表示，前期矿商停产较多，贸易商多以低库存场外等待行情好转。虽然近期钼精矿价格开始有所好转，但是上调的步伐依然较慢。与成本相比，盈利空间较小。期待后期继续上行。\n                    \n                    　　钼铁市场：钼铁价格暂时保持平稳，市场主流报价10.7-11万元/吨（现款-承兑）。当前，在行情利好带动下，有商家报价呈现虚高状况，整体现款报价期间10.6-10.8万元/吨为主，承兑10.9-11.1万元/吨左右。市场需求尚无完全释放，高价成交偏少。月底部分钢厂招标会逐步启动，钼铁厂家有继续挺价迹象。从近期的钢厂招标来看，钢厂60钼铁的承兑招标价格10.4-10.6万元/吨较为常见，后期有提升空间。\n                    \n                    　　12月21日LME钼期货报价整体保持平稳，3月期钼报价25250/25750美元/吨；15月期钼报价25720/26720美元/吨，LME期钼持仓132手。今日简讯：明年贷款需求将相对旺盛，城镇化为信贷投放重点；中金：新型城镇化难以支持新一轮地产投资；意大利总理蒙蒂递交辞呈，大选或于明年2月举行。\n                    \n                    　　周初外盘钼市部分产品价格仍有上调迹象，欧洲钼铁、氧化钼等都有一定涨幅；美国市场稍显平稳，价格暂稳波动。其次，欧亚将钼氧化物进口关税从5%降至零，这有利增加外部市场对该产品的需求，降低钼铁合金的生产成本，提高外部市场行业竞争力。国内行情运行平稳，主要钼产品价格继续保持在相对高位。同时，市场部分商家报价仍有抬高迹象，加之年底逼近，后期钢厂招标或有新的改观。', 1, '钼,行情,美元', 1, 'lizhili', '2013-01-31 00:00:00', '2013-01-31 00:00:00', 0),
	(104, '钼铁的牌号及其用途', 'lizhili', 17, 35, '　钼精矿市场：今日40-45%钼精矿主流报价1540-1570元/吨度附近，47%及以上品位1560-1580元/吨度，价格暂时持稳，行情仍有继续向上运行迹象。行情短期利好，之前部分商家场外观望，近期开始逐步参与市场。栾川某商家表示，前期矿商停产较多，贸易商多以低库存场外等待行情好转。虽然近期钼精矿价格开始有所好转，但是上调的步伐依然较慢。与成本相比，盈利空间较小。期待后期继续上行。\n                    \n                    　　钼铁市场：钼铁价格暂时保持平稳，市场主流报价10.7-11万元/吨（现款-承兑）。当前，在行情利好带动下，有商家报价呈现虚高状况，整体现款报价期间10.6-10.8万元/吨为主，承兑10.9-11.1万元/吨左右。市场需求尚无完全释放，高价成交偏少。月底部分钢厂招标会逐步启动，钼铁厂家有继续挺价迹象。从近期的钢厂招标来看，钢厂60钼铁的承兑招标价格10.4-10.6万元/吨较为常见，后期有提升空间。\n                    \n                    　　12月21日LME钼期货报价整体保持平稳，3月期钼报价25250/25750美元/吨；15月期钼报价25720/26720美元/吨，LME期钼持仓132手。今日简讯：明年贷款需求将相对旺盛，城镇化为信贷投放重点；中金：新型城镇化难以支持新一轮地产投资；意大利总理蒙蒂递交辞呈，大选或于明年2月举行。\n                    \n                    　　周初外盘钼市部分产品价格仍有上调迹象，欧洲钼铁、氧化钼等都有一定涨幅；美国市场稍显平稳，价格暂稳波动。其次，欧亚将钼氧化物进口关税从5%降至零，这有利增加外部市场对该产品的需求，降低钼铁合金的生产成本，提高外部市场行业竞争力。国内行情运行平稳，主要钼产品价格继续保持在相对高位。同时，市场部分商家报价仍有抬高迹象，加之年底逼近，后期钢厂招标或有新的改观。', 1, '钼,行情,美元', 1, 'lizhili', '2013-01-31 00:00:00', '2013-01-31 00:00:00', 0),
	(105, '钼钨氧化矿选矿工艺', 'lizhili', 17, 35, '　钼精矿市场：今日40-45%钼精矿主流报价1540-1570元/吨度附近，47%及以上品位1560-1580元/吨度，价格暂时持稳，行情仍有继续向上运行迹象。行情短期利好，之前部分商家场外观望，近期开始逐步参与市场。栾川某商家表示，前期矿商停产较多，贸易商多以低库存场外等待行情好转。虽然近期钼精矿价格开始有所好转，但是上调的步伐依然较慢。与成本相比，盈利空间较小。期待后期继续上行。\n                    \n                    　　钼铁市场：钼铁价格暂时保持平稳，市场主流报价10.7-11万元/吨（现款-承兑）。当前，在行情利好带动下，有商家报价呈现虚高状况，整体现款报价期间10.6-10.8万元/吨为主，承兑10.9-11.1万元/吨左右。市场需求尚无完全释放，高价成交偏少。月底部分钢厂招标会逐步启动，钼铁厂家有继续挺价迹象。从近期的钢厂招标来看，钢厂60钼铁的承兑招标价格10.4-10.6万元/吨较为常见，后期有提升空间。\n                    \n                    　　12月21日LME钼期货报价整体保持平稳，3月期钼报价25250/25750美元/吨；15月期钼报价25720/26720美元/吨，LME期钼持仓132手。今日简讯：明年贷款需求将相对旺盛，城镇化为信贷投放重点；中金：新型城镇化难以支持新一轮地产投资；意大利总理蒙蒂递交辞呈，大选或于明年2月举行。\n                    \n                    　　周初外盘钼市部分产品价格仍有上调迹象，欧洲钼铁、氧化钼等都有一定涨幅；美国市场稍显平稳，价格暂稳波动。其次，欧亚将钼氧化物进口关税从5%降至零，这有利增加外部市场对该产品的需求，降低钼铁合金的生产成本，提高外部市场行业竞争力。国内行情运行平稳，主要钼产品价格继续保持在相对高位。同时，市场部分商家报价仍有抬高迹象，加之年底逼近，后期钢厂招标或有新的改观。', 1, '钼,行情,美元', 1, 'lizhili', '2013-01-31 00:00:00', '2013-01-31 00:00:00', 1),
	(106, '钼铁的冶炼', 'lizhili', 17, 35, '　钼精矿市场：今日40-45%钼精矿主流报价1540-1570元/吨度附近，47%及以上品位1560-1580元/吨度，价格暂时持稳，行情仍有继续向上运行迹象。行情短期利好，之前部分商家场外观望，近期开始逐步参与市场。栾川某商家表示，前期矿商停产较多，贸易商多以低库存场外等待行情好转。虽然近期钼精矿价格开始有所好转，但是上调的步伐依然较慢。与成本相比，盈利空间较小。期待后期继续上行。\n                    \n                    　　钼铁市场：钼铁价格暂时保持平稳，市场主流报价10.7-11万元/吨（现款-承兑）。当前，在行情利好带动下，有商家报价呈现虚高状况，整体现款报价期间10.6-10.8万元/吨为主，承兑10.9-11.1万元/吨左右。市场需求尚无完全释放，高价成交偏少。月底部分钢厂招标会逐步启动，钼铁厂家有继续挺价迹象。从近期的钢厂招标来看，钢厂60钼铁的承兑招标价格10.4-10.6万元/吨较为常见，后期有提升空间。\n                    \n                    　　12月21日LME钼期货报价整体保持平稳，3月期钼报价25250/25750美元/吨；15月期钼报价25720/26720美元/吨，LME期钼持仓132手。今日简讯：明年贷款需求将相对旺盛，城镇化为信贷投放重点；中金：新型城镇化难以支持新一轮地产投资；意大利总理蒙蒂递交辞呈，大选或于明年2月举行。\n                    \n                    　　周初外盘钼市部分产品价格仍有上调迹象，欧洲钼铁、氧化钼等都有一定涨幅；美国市场稍显平稳，价格暂稳波动。其次，欧亚将钼氧化物进口关税从5%降至零，这有利增加外部市场对该产品的需求，降低钼铁合金的生产成本，提高外部市场行业竞争力。国内行情运行平稳，主要钼产品价格继续保持在相对高位。同时，市场部分商家报价仍有抬高迹象，加之年底逼近，后期钢厂招标或有新的改观。', 1, '钼,行情,美元', 1, 'lizhili', '2013-01-31 00:00:00', '2013-01-31 00:00:00', 1),
	(107, '钼矿及其处理', 'lizhili', 17, 35, '　钼精矿市场：今日40-45%钼精矿主流报价1540-1570元/吨度附近，47%及以上品位1560-1580元/吨度，价格暂时持稳，行情仍有继续向上运行迹象。行情短期利好，之前部分商家场外观望，近期开始逐步参与市场。栾川某商家表示，前期矿商停产较多，贸易商多以低库存场外等待行情好转。虽然近期钼精矿价格开始有所好转，但是上调的步伐依然较慢。与成本相比，盈利空间较小。期待后期继续上行。\n                    \n                    　　钼铁市场：钼铁价格暂时保持平稳，市场主流报价10.7-11万元/吨（现款-承兑）。当前，在行情利好带动下，有商家报价呈现虚高状况，整体现款报价期间10.6-10.8万元/吨为主，承兑10.9-11.1万元/吨左右。市场需求尚无完全释放，高价成交偏少。月底部分钢厂招标会逐步启动，钼铁厂家有继续挺价迹象。从近期的钢厂招标来看，钢厂60钼铁的承兑招标价格10.4-10.6万元/吨较为常见，后期有提升空间。\n                    \n                    　　12月21日LME钼期货报价整体保持平稳，3月期钼报价25250/25750美元/吨；15月期钼报价25720/26720美元/吨，LME期钼持仓132手。今日简讯：明年贷款需求将相对旺盛，城镇化为信贷投放重点；中金：新型城镇化难以支持新一轮地产投资；意大利总理蒙蒂递交辞呈，大选或于明年2月举行。\n                    \n                    　　周初外盘钼市部分产品价格仍有上调迹象，欧洲钼铁、氧化钼等都有一定涨幅；美国市场稍显平稳，价格暂稳波动。其次，欧亚将钼氧化物进口关税从5%降至零，这有利增加外部市场对该产品的需求，降低钼铁合金的生产成本，提高外部市场行业竞争力。国内行情运行平稳，主要钼产品价格继续保持在相对高位。同时，市场部分商家报价仍有抬高迹象，加之年底逼近，后期钢厂招标或有新的改观。', 1, '钼,行情,美元', 1, 'lizhili', '2013-01-31 00:00:00', '2013-01-31 00:00:00', 1),
	(108, '钼钨氧化矿选矿工艺', 'lizhili', 17, 35, '　钼精矿市场：今日40-45%钼精矿主流报价1540-1570元/吨度附近，47%及以上品位1560-1580元/吨度，价格暂时持稳，行情仍有继续向上运行迹象。行情短期利好，之前部分商家场外观望，近期开始逐步参与市场。栾川某商家表示，前期矿商停产较多，贸易商多以低库存场外等待行情好转。虽然近期钼精矿价格开始有所好转，但是上调的步伐依然较慢。与成本相比，盈利空间较小。期待后期继续上行。\n                    \n                    　　钼铁市场：钼铁价格暂时保持平稳，市场主流报价10.7-11万元/吨（现款-承兑）。当前，在行情利好带动下，有商家报价呈现虚高状况，整体现款报价期间10.6-10.8万元/吨为主，承兑10.9-11.1万元/吨左右。市场需求尚无完全释放，高价成交偏少。月底部分钢厂招标会逐步启动，钼铁厂家有继续挺价迹象。从近期的钢厂招标来看，钢厂60钼铁的承兑招标价格10.4-10.6万元/吨较为常见，后期有提升空间。\n                    \n                    　　12月21日LME钼期货报价整体保持平稳，3月期钼报价25250/25750美元/吨；15月期钼报价25720/26720美元/吨，LME期钼持仓132手。今日简讯：明年贷款需求将相对旺盛，城镇化为信贷投放重点；中金：新型城镇化难以支持新一轮地产投资；意大利总理蒙蒂递交辞呈，大选或于明年2月举行。\n                    \n                    　　周初外盘钼市部分产品价格仍有上调迹象，欧洲钼铁、氧化钼等都有一定涨幅；美国市场稍显平稳，价格暂稳波动。其次，欧亚将钼氧化物进口关税从5%降至零，这有利增加外部市场对该产品的需求，降低钼铁合金的生产成本，提高外部市场行业竞争力。国内行情运行平稳，主要钼产品价格继续保持在相对高位。同时，市场部分商家报价仍有抬高迹象，加之年底逼近，后期钢厂招标或有新的改观。', 1, '钼,行情,美元', 1, 'lizhili', '2013-01-31 00:00:00', '2013-01-31 00:00:00', 1),
	(109, '钼钨氧化矿选矿工艺', 'lizhili', 17, 35, '　钼精矿市场：今日40-45%钼精矿主流报价1540-1570元/吨度附近，47%及以上品位1560-1580元/吨度，价格暂时持稳，行情仍有继续向上运行迹象。行情短期利好，之前部分商家场外观望，近期开始逐步参与市场。栾川某商家表示，前期矿商停产较多，贸易商多以低库存场外等待行情好转。虽然近期钼精矿价格开始有所好转，但是上调的步伐依然较慢。与成本相比，盈利空间较小。期待后期继续上行。\n                    \n                    　　钼铁市场：钼铁价格暂时保持平稳，市场主流报价10.7-11万元/吨（现款-承兑）。当前，在行情利好带动下，有商家报价呈现虚高状况，整体现款报价期间10.6-10.8万元/吨为主，承兑10.9-11.1万元/吨左右。市场需求尚无完全释放，高价成交偏少。月底部分钢厂招标会逐步启动，钼铁厂家有继续挺价迹象。从近期的钢厂招标来看，钢厂60钼铁的承兑招标价格10.4-10.6万元/吨较为常见，后期有提升空间。\n                    \n                    　　12月21日LME钼期货报价整体保持平稳，3月期钼报价25250/25750美元/吨；15月期钼报价25720/26720美元/吨，LME期钼持仓132手。今日简讯：明年贷款需求将相对旺盛，城镇化为信贷投放重点；中金：新型城镇化难以支持新一轮地产投资；意大利总理蒙蒂递交辞呈，大选或于明年2月举行。\n                    \n                    　　周初外盘钼市部分产品价格仍有上调迹象，欧洲钼铁、氧化钼等都有一定涨幅；美国市场稍显平稳，价格暂稳波动。其次，欧亚将钼氧化物进口关税从5%降至零，这有利增加外部市场对该产品的需求，降低钼铁合金的生产成本，提高外部市场行业竞争力。国内行情运行平稳，主要钼产品价格继续保持在相对高位。同时，市场部分商家报价仍有抬高迹象，加之年底逼近，后期钢厂招标或有新的改观。', 1, '钼,行情,美元', 1, 'lizhili', '2013-01-31 00:00:00', '2013-01-31 00:00:00', 0),
	(110, '钼矿及其处理', 'lizhili', 17, 35, '　钼精矿市场：今日40-45%钼精矿主流报价1540-1570元/吨度附近，47%及以上品位1560-1580元/吨度，价格暂时持稳，行情仍有继续向上运行迹象。行情短期利好，之前部分商家场外观望，近期开始逐步参与市场。栾川某商家表示，前期矿商停产较多，贸易商多以低库存场外等待行情好转。虽然近期钼精矿价格开始有所好转，但是上调的步伐依然较慢。与成本相比，盈利空间较小。期待后期继续上行。\n                    \n                    　　钼铁市场：钼铁价格暂时保持平稳，市场主流报价10.7-11万元/吨（现款-承兑）。当前，在行情利好带动下，有商家报价呈现虚高状况，整体现款报价期间10.6-10.8万元/吨为主，承兑10.9-11.1万元/吨左右。市场需求尚无完全释放，高价成交偏少。月底部分钢厂招标会逐步启动，钼铁厂家有继续挺价迹象。从近期的钢厂招标来看，钢厂60钼铁的承兑招标价格10.4-10.6万元/吨较为常见，后期有提升空间。\n                    \n                    　　12月21日LME钼期货报价整体保持平稳，3月期钼报价25250/25750美元/吨；15月期钼报价25720/26720美元/吨，LME期钼持仓132手。今日简讯：明年贷款需求将相对旺盛，城镇化为信贷投放重点；中金：新型城镇化难以支持新一轮地产投资；意大利总理蒙蒂递交辞呈，大选或于明年2月举行。\n                    \n                    　　周初外盘钼市部分产品价格仍有上调迹象，欧洲钼铁、氧化钼等都有一定涨幅；美国市场稍显平稳，价格暂稳波动。其次，欧亚将钼氧化物进口关税从5%降至零，这有利增加外部市场对该产品的需求，降低钼铁合金的生产成本，提高外部市场行业竞争力。国内行情运行平稳，主要钼产品价格继续保持在相对高位。同时，市场部分商家报价仍有抬高迹象，加之年底逼近，后期钢厂招标或有新的改观。', 1, '钼,行情,美元', 1, 'lizhili', '2013-01-31 00:00:00', '2013-01-31 00:00:00', 1),
	(111, '钼铁的牌号及其用途', 'lizhili', 17, 35, '　钼精矿市场：今日40-45%钼精矿主流报价1540-1570元/吨度附近，47%及以上品位1560-1580元/吨度，价格暂时持稳，行情仍有继续向上运行迹象。行情短期利好，之前部分商家场外观望，近期开始逐步参与市场。栾川某商家表示，前期矿商停产较多，贸易商多以低库存场外等待行情好转。虽然近期钼精矿价格开始有所好转，但是上调的步伐依然较慢。与成本相比，盈利空间较小。期待后期继续上行。\n                    \n                    　　钼铁市场：钼铁价格暂时保持平稳，市场主流报价10.7-11万元/吨（现款-承兑）。当前，在行情利好带动下，有商家报价呈现虚高状况，整体现款报价期间10.6-10.8万元/吨为主，承兑10.9-11.1万元/吨左右。市场需求尚无完全释放，高价成交偏少。月底部分钢厂招标会逐步启动，钼铁厂家有继续挺价迹象。从近期的钢厂招标来看，钢厂60钼铁的承兑招标价格10.4-10.6万元/吨较为常见，后期有提升空间。\n                    \n                    　　12月21日LME钼期货报价整体保持平稳，3月期钼报价25250/25750美元/吨；15月期钼报价25720/26720美元/吨，LME期钼持仓132手。今日简讯：明年贷款需求将相对旺盛，城镇化为信贷投放重点；中金：新型城镇化难以支持新一轮地产投资；意大利总理蒙蒂递交辞呈，大选或于明年2月举行。\n                    \n                    　　周初外盘钼市部分产品价格仍有上调迹象，欧洲钼铁、氧化钼等都有一定涨幅；美国市场稍显平稳，价格暂稳波动。其次，欧亚将钼氧化物进口关税从5%降至零，这有利增加外部市场对该产品的需求，降低钼铁合金的生产成本，提高外部市场行业竞争力。国内行情运行平稳，主要钼产品价格继续保持在相对高位。同时，市场部分商家报价仍有抬高迹象，加之年底逼近，后期钢厂招标或有新的改观。', 1, '钼,行情,美元', 1, 'lizhili', '2013-01-31 00:00:00', '2013-01-31 00:00:00', 0),
	(112, '关于钼的一般常识', 'lizhili', 17, 35, '　钼精矿市场：今日40-45%钼精矿主流报价1540-1570元/吨度附近，47%及以上品位1560-1580元/吨度，价格暂时持稳，行情仍有继续向上运行迹象。行情短期利好，之前部分商家场外观望，近期开始逐步参与市场。栾川某商家表示，前期矿商停产较多，贸易商多以低库存场外等待行情好转。虽然近期钼精矿价格开始有所好转，但是上调的步伐依然较慢。与成本相比，盈利空间较小。期待后期继续上行。\n                    \n                    　　钼铁市场：钼铁价格暂时保持平稳，市场主流报价10.7-11万元/吨（现款-承兑）。当前，在行情利好带动下，有商家报价呈现虚高状况，整体现款报价期间10.6-10.8万元/吨为主，承兑10.9-11.1万元/吨左右。市场需求尚无完全释放，高价成交偏少。月底部分钢厂招标会逐步启动，钼铁厂家有继续挺价迹象。从近期的钢厂招标来看，钢厂60钼铁的承兑招标价格10.4-10.6万元/吨较为常见，后期有提升空间。\n                    \n                    　　12月21日LME钼期货报价整体保持平稳，3月期钼报价25250/25750美元/吨；15月期钼报价25720/26720美元/吨，LME期钼持仓132手。今日简讯：明年贷款需求将相对旺盛，城镇化为信贷投放重点；中金：新型城镇化难以支持新一轮地产投资；意大利总理蒙蒂递交辞呈，大选或于明年2月举行。\n                    \n                    　　周初外盘钼市部分产品价格仍有上调迹象，欧洲钼铁、氧化钼等都有一定涨幅；美国市场稍显平稳，价格暂稳波动。其次，欧亚将钼氧化物进口关税从5%降至零，这有利增加外部市场对该产品的需求，降低钼铁合金的生产成本，提高外部市场行业竞争力。国内行情运行平稳，主要钼产品价格继续保持在相对高位。同时，市场部分商家报价仍有抬高迹象，加之年底逼近，后期钢厂招标或有新的改观。', 1, '钼,行情,美元', 1, 'lizhili', '2013-01-31 00:00:00', '2013-01-31 00:00:00', 1),
	(113, '钼铁的牌号及其用途', 'lizhili', 17, 35, '　钼精矿市场：今日40-45%钼精矿主流报价1540-1570元/吨度附近，47%及以上品位1560-1580元/吨度，价格暂时持稳，行情仍有继续向上运行迹象。行情短期利好，之前部分商家场外观望，近期开始逐步参与市场。栾川某商家表示，前期矿商停产较多，贸易商多以低库存场外等待行情好转。虽然近期钼精矿价格开始有所好转，但是上调的步伐依然较慢。与成本相比，盈利空间较小。期待后期继续上行。\n                    \n                    　　钼铁市场：钼铁价格暂时保持平稳，市场主流报价10.7-11万元/吨（现款-承兑）。当前，在行情利好带动下，有商家报价呈现虚高状况，整体现款报价期间10.6-10.8万元/吨为主，承兑10.9-11.1万元/吨左右。市场需求尚无完全释放，高价成交偏少。月底部分钢厂招标会逐步启动，钼铁厂家有继续挺价迹象。从近期的钢厂招标来看，钢厂60钼铁的承兑招标价格10.4-10.6万元/吨较为常见，后期有提升空间。\n                    \n                    　　12月21日LME钼期货报价整体保持平稳，3月期钼报价25250/25750美元/吨；15月期钼报价25720/26720美元/吨，LME期钼持仓132手。今日简讯：明年贷款需求将相对旺盛，城镇化为信贷投放重点；中金：新型城镇化难以支持新一轮地产投资；意大利总理蒙蒂递交辞呈，大选或于明年2月举行。\n                    \n                    　　周初外盘钼市部分产品价格仍有上调迹象，欧洲钼铁、氧化钼等都有一定涨幅；美国市场稍显平稳，价格暂稳波动。其次，欧亚将钼氧化物进口关税从5%降至零，这有利增加外部市场对该产品的需求，降低钼铁合金的生产成本，提高外部市场行业竞争力。国内行情运行平稳，主要钼产品价格继续保持在相对高位。同时，市场部分商家报价仍有抬高迹象，加之年底逼近，后期钢厂招标或有新的改观。', 1, '钼,行情,美元', 1, 'lizhili', '2013-01-31 00:00:00', '2013-01-31 00:00:00', 0),
	(114, '金堆城钼业公司选矿工艺现状分析', 'lizhili', 17, 35, '　钼精矿市场：今日40-45%钼精矿主流报价1540-1570元/吨度附近，47%及以上品位1560-1580元/吨度，价格暂时持稳，行情仍有继续向上运行迹象。行情短期利好，之前部分商家场外观望，近期开始逐步参与市场。栾川某商家表示，前期矿商停产较多，贸易商多以低库存场外等待行情好转。虽然近期钼精矿价格开始有所好转，但是上调的步伐依然较慢。与成本相比，盈利空间较小。期待后期继续上行。\n                    \n                    　　钼铁市场：钼铁价格暂时保持平稳，市场主流报价10.7-11万元/吨（现款-承兑）。当前，在行情利好带动下，有商家报价呈现虚高状况，整体现款报价期间10.6-10.8万元/吨为主，承兑10.9-11.1万元/吨左右。市场需求尚无完全释放，高价成交偏少。月底部分钢厂招标会逐步启动，钼铁厂家有继续挺价迹象。从近期的钢厂招标来看，钢厂60钼铁的承兑招标价格10.4-10.6万元/吨较为常见，后期有提升空间。\n                    \n                    　　12月21日LME钼期货报价整体保持平稳，3月期钼报价25250/25750美元/吨；15月期钼报价25720/26720美元/吨，LME期钼持仓132手。今日简讯：明年贷款需求将相对旺盛，城镇化为信贷投放重点；中金：新型城镇化难以支持新一轮地产投资；意大利总理蒙蒂递交辞呈，大选或于明年2月举行。\n                    \n                    　　周初外盘钼市部分产品价格仍有上调迹象，欧洲钼铁、氧化钼等都有一定涨幅；美国市场稍显平稳，价格暂稳波动。其次，欧亚将钼氧化物进口关税从5%降至零，这有利增加外部市场对该产品的需求，降低钼铁合金的生产成本，提高外部市场行业竞争力。国内行情运行平稳，主要钼产品价格继续保持在相对高位。同时，市场部分商家报价仍有抬高迹象，加之年底逼近，后期钢厂招标或有新的改观。', 1, '钼,行情,美元', 1, 'lizhili', '2013-01-31 00:00:00', '2013-01-31 00:00:00', 1),
	(115, '关于钼的一般常识', 'lizhili', 17, 35, '　钼精矿市场：今日40-45%钼精矿主流报价1540-1570元/吨度附近，47%及以上品位1560-1580元/吨度，价格暂时持稳，行情仍有继续向上运行迹象。行情短期利好，之前部分商家场外观望，近期开始逐步参与市场。栾川某商家表示，前期矿商停产较多，贸易商多以低库存场外等待行情好转。虽然近期钼精矿价格开始有所好转，但是上调的步伐依然较慢。与成本相比，盈利空间较小。期待后期继续上行。\n                    \n                    　　钼铁市场：钼铁价格暂时保持平稳，市场主流报价10.7-11万元/吨（现款-承兑）。当前，在行情利好带动下，有商家报价呈现虚高状况，整体现款报价期间10.6-10.8万元/吨为主，承兑10.9-11.1万元/吨左右。市场需求尚无完全释放，高价成交偏少。月底部分钢厂招标会逐步启动，钼铁厂家有继续挺价迹象。从近期的钢厂招标来看，钢厂60钼铁的承兑招标价格10.4-10.6万元/吨较为常见，后期有提升空间。\n                    \n                    　　12月21日LME钼期货报价整体保持平稳，3月期钼报价25250/25750美元/吨；15月期钼报价25720/26720美元/吨，LME期钼持仓132手。今日简讯：明年贷款需求将相对旺盛，城镇化为信贷投放重点；中金：新型城镇化难以支持新一轮地产投资；意大利总理蒙蒂递交辞呈，大选或于明年2月举行。\n                    \n                    　　周初外盘钼市部分产品价格仍有上调迹象，欧洲钼铁、氧化钼等都有一定涨幅；美国市场稍显平稳，价格暂稳波动。其次，欧亚将钼氧化物进口关税从5%降至零，这有利增加外部市场对该产品的需求，降低钼铁合金的生产成本，提高外部市场行业竞争力。国内行情运行平稳，主要钼产品价格继续保持在相对高位。同时，市场部分商家报价仍有抬高迹象，加之年底逼近，后期钢厂招标或有新的改观。', 1, '钼,行情,美元', 1, 'lizhili', '2013-01-31 00:00:00', '2013-01-31 00:00:00', 1),
	(116, '关于钼的一般常识', 'lizhili', 17, 35, '　钼精矿市场：今日40-45%钼精矿主流报价1540-1570元/吨度附近，47%及以上品位1560-1580元/吨度，价格暂时持稳，行情仍有继续向上运行迹象。行情短期利好，之前部分商家场外观望，近期开始逐步参与市场。栾川某商家表示，前期矿商停产较多，贸易商多以低库存场外等待行情好转。虽然近期钼精矿价格开始有所好转，但是上调的步伐依然较慢。与成本相比，盈利空间较小。期待后期继续上行。\n                    \n                    　　钼铁市场：钼铁价格暂时保持平稳，市场主流报价10.7-11万元/吨（现款-承兑）。当前，在行情利好带动下，有商家报价呈现虚高状况，整体现款报价期间10.6-10.8万元/吨为主，承兑10.9-11.1万元/吨左右。市场需求尚无完全释放，高价成交偏少。月底部分钢厂招标会逐步启动，钼铁厂家有继续挺价迹象。从近期的钢厂招标来看，钢厂60钼铁的承兑招标价格10.4-10.6万元/吨较为常见，后期有提升空间。\n                    \n                    　　12月21日LME钼期货报价整体保持平稳，3月期钼报价25250/25750美元/吨；15月期钼报价25720/26720美元/吨，LME期钼持仓132手。今日简讯：明年贷款需求将相对旺盛，城镇化为信贷投放重点；中金：新型城镇化难以支持新一轮地产投资；意大利总理蒙蒂递交辞呈，大选或于明年2月举行。\n                    \n                    　　周初外盘钼市部分产品价格仍有上调迹象，欧洲钼铁、氧化钼等都有一定涨幅；美国市场稍显平稳，价格暂稳波动。其次，欧亚将钼氧化物进口关税从5%降至零，这有利增加外部市场对该产品的需求，降低钼铁合金的生产成本，提高外部市场行业竞争力。国内行情运行平稳，主要钼产品价格继续保持在相对高位。同时，市场部分商家报价仍有抬高迹象，加之年底逼近，后期钢厂招标或有新的改观。', 1, '钼,行情,美元', 1, 'lizhili', '2013-01-31 00:00:00', '2013-01-31 00:00:00', 0),
	(117, '钼矿及其处理', 'lizhili', 17, 35, '　钼精矿市场：今日40-45%钼精矿主流报价1540-1570元/吨度附近，47%及以上品位1560-1580元/吨度，价格暂时持稳，行情仍有继续向上运行迹象。行情短期利好，之前部分商家场外观望，近期开始逐步参与市场。栾川某商家表示，前期矿商停产较多，贸易商多以低库存场外等待行情好转。虽然近期钼精矿价格开始有所好转，但是上调的步伐依然较慢。与成本相比，盈利空间较小。期待后期继续上行。\n                    \n                    　　钼铁市场：钼铁价格暂时保持平稳，市场主流报价10.7-11万元/吨（现款-承兑）。当前，在行情利好带动下，有商家报价呈现虚高状况，整体现款报价期间10.6-10.8万元/吨为主，承兑10.9-11.1万元/吨左右。市场需求尚无完全释放，高价成交偏少。月底部分钢厂招标会逐步启动，钼铁厂家有继续挺价迹象。从近期的钢厂招标来看，钢厂60钼铁的承兑招标价格10.4-10.6万元/吨较为常见，后期有提升空间。\n                    \n                    　　12月21日LME钼期货报价整体保持平稳，3月期钼报价25250/25750美元/吨；15月期钼报价25720/26720美元/吨，LME期钼持仓132手。今日简讯：明年贷款需求将相对旺盛，城镇化为信贷投放重点；中金：新型城镇化难以支持新一轮地产投资；意大利总理蒙蒂递交辞呈，大选或于明年2月举行。\n                    \n                    　　周初外盘钼市部分产品价格仍有上调迹象，欧洲钼铁、氧化钼等都有一定涨幅；美国市场稍显平稳，价格暂稳波动。其次，欧亚将钼氧化物进口关税从5%降至零，这有利增加外部市场对该产品的需求，降低钼铁合金的生产成本，提高外部市场行业竞争力。国内行情运行平稳，主要钼产品价格继续保持在相对高位。同时，市场部分商家报价仍有抬高迹象，加之年底逼近，后期钢厂招标或有新的改观。', 1, '钼,行情,美元', 1, 'lizhili', '2013-01-31 00:00:00', '2013-01-31 00:00:00', 0),
	(118, '金堆城钼业公司选矿工艺现状分析', 'lizhili', 17, 35, '　钼精矿市场：今日40-45%钼精矿主流报价1540-1570元/吨度附近，47%及以上品位1560-1580元/吨度，价格暂时持稳，行情仍有继续向上运行迹象。行情短期利好，之前部分商家场外观望，近期开始逐步参与市场。栾川某商家表示，前期矿商停产较多，贸易商多以低库存场外等待行情好转。虽然近期钼精矿价格开始有所好转，但是上调的步伐依然较慢。与成本相比，盈利空间较小。期待后期继续上行。\n                    \n                    　　钼铁市场：钼铁价格暂时保持平稳，市场主流报价10.7-11万元/吨（现款-承兑）。当前，在行情利好带动下，有商家报价呈现虚高状况，整体现款报价期间10.6-10.8万元/吨为主，承兑10.9-11.1万元/吨左右。市场需求尚无完全释放，高价成交偏少。月底部分钢厂招标会逐步启动，钼铁厂家有继续挺价迹象。从近期的钢厂招标来看，钢厂60钼铁的承兑招标价格10.4-10.6万元/吨较为常见，后期有提升空间。\n                    \n                    　　12月21日LME钼期货报价整体保持平稳，3月期钼报价25250/25750美元/吨；15月期钼报价25720/26720美元/吨，LME期钼持仓132手。今日简讯：明年贷款需求将相对旺盛，城镇化为信贷投放重点；中金：新型城镇化难以支持新一轮地产投资；意大利总理蒙蒂递交辞呈，大选或于明年2月举行。\n                    \n                    　　周初外盘钼市部分产品价格仍有上调迹象，欧洲钼铁、氧化钼等都有一定涨幅；美国市场稍显平稳，价格暂稳波动。其次，欧亚将钼氧化物进口关税从5%降至零，这有利增加外部市场对该产品的需求，降低钼铁合金的生产成本，提高外部市场行业竞争力。国内行情运行平稳，主要钼产品价格继续保持在相对高位。同时，市场部分商家报价仍有抬高迹象，加之年底逼近，后期钢厂招标或有新的改观。', 1, '钼,行情,美元', 1, 'lizhili', '2013-01-31 00:00:00', '2013-01-31 00:00:00', 0),
	(119, '钼铁的牌号及其用途', 'lizhili', 17, 35, '　钼精矿市场：今日40-45%钼精矿主流报价1540-1570元/吨度附近，47%及以上品位1560-1580元/吨度，价格暂时持稳，行情仍有继续向上运行迹象。行情短期利好，之前部分商家场外观望，近期开始逐步参与市场。栾川某商家表示，前期矿商停产较多，贸易商多以低库存场外等待行情好转。虽然近期钼精矿价格开始有所好转，但是上调的步伐依然较慢。与成本相比，盈利空间较小。期待后期继续上行。\n                    \n                    　　钼铁市场：钼铁价格暂时保持平稳，市场主流报价10.7-11万元/吨（现款-承兑）。当前，在行情利好带动下，有商家报价呈现虚高状况，整体现款报价期间10.6-10.8万元/吨为主，承兑10.9-11.1万元/吨左右。市场需求尚无完全释放，高价成交偏少。月底部分钢厂招标会逐步启动，钼铁厂家有继续挺价迹象。从近期的钢厂招标来看，钢厂60钼铁的承兑招标价格10.4-10.6万元/吨较为常见，后期有提升空间。\n                    \n                    　　12月21日LME钼期货报价整体保持平稳，3月期钼报价25250/25750美元/吨；15月期钼报价25720/26720美元/吨，LME期钼持仓132手。今日简讯：明年贷款需求将相对旺盛，城镇化为信贷投放重点；中金：新型城镇化难以支持新一轮地产投资；意大利总理蒙蒂递交辞呈，大选或于明年2月举行。\n                    \n                    　　周初外盘钼市部分产品价格仍有上调迹象，欧洲钼铁、氧化钼等都有一定涨幅；美国市场稍显平稳，价格暂稳波动。其次，欧亚将钼氧化物进口关税从5%降至零，这有利增加外部市场对该产品的需求，降低钼铁合金的生产成本，提高外部市场行业竞争力。国内行情运行平稳，主要钼产品价格继续保持在相对高位。同时，市场部分商家报价仍有抬高迹象，加之年底逼近，后期钢厂招标或有新的改观。', 1, '钼,行情,美元', 1, 'lizhili', '2013-01-31 00:00:00', '2013-01-31 00:00:00', 1),
	(120, '钼及其化合物的物理化学性质', 'lizhili', 17, 35, '　钼精矿市场：今日40-45%钼精矿主流报价1540-1570元/吨度附近，47%及以上品位1560-1580元/吨度，价格暂时持稳，行情仍有继续向上运行迹象。行情短期利好，之前部分商家场外观望，近期开始逐步参与市场。栾川某商家表示，前期矿商停产较多，贸易商多以低库存场外等待行情好转。虽然近期钼精矿价格开始有所好转，但是上调的步伐依然较慢。与成本相比，盈利空间较小。期待后期继续上行。\n                    \n                    　　钼铁市场：钼铁价格暂时保持平稳，市场主流报价10.7-11万元/吨（现款-承兑）。当前，在行情利好带动下，有商家报价呈现虚高状况，整体现款报价期间10.6-10.8万元/吨为主，承兑10.9-11.1万元/吨左右。市场需求尚无完全释放，高价成交偏少。月底部分钢厂招标会逐步启动，钼铁厂家有继续挺价迹象。从近期的钢厂招标来看，钢厂60钼铁的承兑招标价格10.4-10.6万元/吨较为常见，后期有提升空间。\n                    \n                    　　12月21日LME钼期货报价整体保持平稳，3月期钼报价25250/25750美元/吨；15月期钼报价25720/26720美元/吨，LME期钼持仓132手。今日简讯：明年贷款需求将相对旺盛，城镇化为信贷投放重点；中金：新型城镇化难以支持新一轮地产投资；意大利总理蒙蒂递交辞呈，大选或于明年2月举行。\n                    \n                    　　周初外盘钼市部分产品价格仍有上调迹象，欧洲钼铁、氧化钼等都有一定涨幅；美国市场稍显平稳，价格暂稳波动。其次，欧亚将钼氧化物进口关税从5%降至零，这有利增加外部市场对该产品的需求，降低钼铁合金的生产成本，提高外部市场行业竞争力。国内行情运行平稳，主要钼产品价格继续保持在相对高位。同时，市场部分商家报价仍有抬高迹象，加之年底逼近，后期钢厂招标或有新的改观。', 1, '钼,行情,美元', 1, 'lizhili', '2013-01-31 00:00:00', '2013-01-31 00:00:00', 1),
	(121, '钼铁的冶炼', 'lizhili', 17, 35, '　钼精矿市场：今日40-45%钼精矿主流报价1540-1570元/吨度附近，47%及以上品位1560-1580元/吨度，价格暂时持稳，行情仍有继续向上运行迹象。行情短期利好，之前部分商家场外观望，近期开始逐步参与市场。栾川某商家表示，前期矿商停产较多，贸易商多以低库存场外等待行情好转。虽然近期钼精矿价格开始有所好转，但是上调的步伐依然较慢。与成本相比，盈利空间较小。期待后期继续上行。\n                    \n                    　　钼铁市场：钼铁价格暂时保持平稳，市场主流报价10.7-11万元/吨（现款-承兑）。当前，在行情利好带动下，有商家报价呈现虚高状况，整体现款报价期间10.6-10.8万元/吨为主，承兑10.9-11.1万元/吨左右。市场需求尚无完全释放，高价成交偏少。月底部分钢厂招标会逐步启动，钼铁厂家有继续挺价迹象。从近期的钢厂招标来看，钢厂60钼铁的承兑招标价格10.4-10.6万元/吨较为常见，后期有提升空间。\n                    \n                    　　12月21日LME钼期货报价整体保持平稳，3月期钼报价25250/25750美元/吨；15月期钼报价25720/26720美元/吨，LME期钼持仓132手。今日简讯：明年贷款需求将相对旺盛，城镇化为信贷投放重点；中金：新型城镇化难以支持新一轮地产投资；意大利总理蒙蒂递交辞呈，大选或于明年2月举行。\n                    \n                    　　周初外盘钼市部分产品价格仍有上调迹象，欧洲钼铁、氧化钼等都有一定涨幅；美国市场稍显平稳，价格暂稳波动。其次，欧亚将钼氧化物进口关税从5%降至零，这有利增加外部市场对该产品的需求，降低钼铁合金的生产成本，提高外部市场行业竞争力。国内行情运行平稳，主要钼产品价格继续保持在相对高位。同时，市场部分商家报价仍有抬高迹象，加之年底逼近，后期钢厂招标或有新的改观。', 1, '钼,行情,美元', 1, 'lizhili', '2013-01-31 00:00:00', '2013-01-31 00:00:00', 0),
	(122, '钼铁的牌号及其用途', 'lizhili', 17, 35, '　钼精矿市场：今日40-45%钼精矿主流报价1540-1570元/吨度附近，47%及以上品位1560-1580元/吨度，价格暂时持稳，行情仍有继续向上运行迹象。行情短期利好，之前部分商家场外观望，近期开始逐步参与市场。栾川某商家表示，前期矿商停产较多，贸易商多以低库存场外等待行情好转。虽然近期钼精矿价格开始有所好转，但是上调的步伐依然较慢。与成本相比，盈利空间较小。期待后期继续上行。\n                    \n                    　　钼铁市场：钼铁价格暂时保持平稳，市场主流报价10.7-11万元/吨（现款-承兑）。当前，在行情利好带动下，有商家报价呈现虚高状况，整体现款报价期间10.6-10.8万元/吨为主，承兑10.9-11.1万元/吨左右。市场需求尚无完全释放，高价成交偏少。月底部分钢厂招标会逐步启动，钼铁厂家有继续挺价迹象。从近期的钢厂招标来看，钢厂60钼铁的承兑招标价格10.4-10.6万元/吨较为常见，后期有提升空间。\n                    \n                    　　12月21日LME钼期货报价整体保持平稳，3月期钼报价25250/25750美元/吨；15月期钼报价25720/26720美元/吨，LME期钼持仓132手。今日简讯：明年贷款需求将相对旺盛，城镇化为信贷投放重点；中金：新型城镇化难以支持新一轮地产投资；意大利总理蒙蒂递交辞呈，大选或于明年2月举行。\n                    \n                    　　周初外盘钼市部分产品价格仍有上调迹象，欧洲钼铁、氧化钼等都有一定涨幅；美国市场稍显平稳，价格暂稳波动。其次，欧亚将钼氧化物进口关税从5%降至零，这有利增加外部市场对该产品的需求，降低钼铁合金的生产成本，提高外部市场行业竞争力。国内行情运行平稳，主要钼产品价格继续保持在相对高位。同时，市场部分商家报价仍有抬高迹象，加之年底逼近，后期钢厂招标或有新的改观。', 1, '钼,行情,美元', 1, 'lizhili', '2013-01-31 00:00:00', '2013-01-31 00:00:00', 0),
	(123, '钼钨氧化矿选矿工艺', 'lizhili', 17, 35, '　钼精矿市场：今日40-45%钼精矿主流报价1540-1570元/吨度附近，47%及以上品位1560-1580元/吨度，价格暂时持稳，行情仍有继续向上运行迹象。行情短期利好，之前部分商家场外观望，近期开始逐步参与市场。栾川某商家表示，前期矿商停产较多，贸易商多以低库存场外等待行情好转。虽然近期钼精矿价格开始有所好转，但是上调的步伐依然较慢。与成本相比，盈利空间较小。期待后期继续上行。\n                    \n                    　　钼铁市场：钼铁价格暂时保持平稳，市场主流报价10.7-11万元/吨（现款-承兑）。当前，在行情利好带动下，有商家报价呈现虚高状况，整体现款报价期间10.6-10.8万元/吨为主，承兑10.9-11.1万元/吨左右。市场需求尚无完全释放，高价成交偏少。月底部分钢厂招标会逐步启动，钼铁厂家有继续挺价迹象。从近期的钢厂招标来看，钢厂60钼铁的承兑招标价格10.4-10.6万元/吨较为常见，后期有提升空间。\n                    \n                    　　12月21日LME钼期货报价整体保持平稳，3月期钼报价25250/25750美元/吨；15月期钼报价25720/26720美元/吨，LME期钼持仓132手。今日简讯：明年贷款需求将相对旺盛，城镇化为信贷投放重点；中金：新型城镇化难以支持新一轮地产投资；意大利总理蒙蒂递交辞呈，大选或于明年2月举行。\n                    \n                    　　周初外盘钼市部分产品价格仍有上调迹象，欧洲钼铁、氧化钼等都有一定涨幅；美国市场稍显平稳，价格暂稳波动。其次，欧亚将钼氧化物进口关税从5%降至零，这有利增加外部市场对该产品的需求，降低钼铁合金的生产成本，提高外部市场行业竞争力。国内行情运行平稳，主要钼产品价格继续保持在相对高位。同时，市场部分商家报价仍有抬高迹象，加之年底逼近，后期钢厂招标或有新的改观。', 1, '钼,行情,美元', 1, 'lizhili', '2013-01-31 00:00:00', '2013-01-31 00:00:00', 0),
	(124, '钼矿及其处理', 'lizhili', 17, 35, '　钼精矿市场：今日40-45%钼精矿主流报价1540-1570元/吨度附近，47%及以上品位1560-1580元/吨度，价格暂时持稳，行情仍有继续向上运行迹象。行情短期利好，之前部分商家场外观望，近期开始逐步参与市场。栾川某商家表示，前期矿商停产较多，贸易商多以低库存场外等待行情好转。虽然近期钼精矿价格开始有所好转，但是上调的步伐依然较慢。与成本相比，盈利空间较小。期待后期继续上行。\n                    \n                    　　钼铁市场：钼铁价格暂时保持平稳，市场主流报价10.7-11万元/吨（现款-承兑）。当前，在行情利好带动下，有商家报价呈现虚高状况，整体现款报价期间10.6-10.8万元/吨为主，承兑10.9-11.1万元/吨左右。市场需求尚无完全释放，高价成交偏少。月底部分钢厂招标会逐步启动，钼铁厂家有继续挺价迹象。从近期的钢厂招标来看，钢厂60钼铁的承兑招标价格10.4-10.6万元/吨较为常见，后期有提升空间。\n                    \n                    　　12月21日LME钼期货报价整体保持平稳，3月期钼报价25250/25750美元/吨；15月期钼报价25720/26720美元/吨，LME期钼持仓132手。今日简讯：明年贷款需求将相对旺盛，城镇化为信贷投放重点；中金：新型城镇化难以支持新一轮地产投资；意大利总理蒙蒂递交辞呈，大选或于明年2月举行。\n                    \n                    　　周初外盘钼市部分产品价格仍有上调迹象，欧洲钼铁、氧化钼等都有一定涨幅；美国市场稍显平稳，价格暂稳波动。其次，欧亚将钼氧化物进口关税从5%降至零，这有利增加外部市场对该产品的需求，降低钼铁合金的生产成本，提高外部市场行业竞争力。国内行情运行平稳，主要钼产品价格继续保持在相对高位。同时，市场部分商家报价仍有抬高迹象，加之年底逼近，后期钢厂招标或有新的改观。', 1, '钼,行情,美元', 1, 'lizhili', '2013-01-31 00:00:00', '2013-01-31 00:00:00', 1),
	(125, '钼钨氧化矿选矿工艺', 'lizhili', 17, 35, '　钼精矿市场：今日40-45%钼精矿主流报价1540-1570元/吨度附近，47%及以上品位1560-1580元/吨度，价格暂时持稳，行情仍有继续向上运行迹象。行情短期利好，之前部分商家场外观望，近期开始逐步参与市场。栾川某商家表示，前期矿商停产较多，贸易商多以低库存场外等待行情好转。虽然近期钼精矿价格开始有所好转，但是上调的步伐依然较慢。与成本相比，盈利空间较小。期待后期继续上行。\n                    \n                    　　钼铁市场：钼铁价格暂时保持平稳，市场主流报价10.7-11万元/吨（现款-承兑）。当前，在行情利好带动下，有商家报价呈现虚高状况，整体现款报价期间10.6-10.8万元/吨为主，承兑10.9-11.1万元/吨左右。市场需求尚无完全释放，高价成交偏少。月底部分钢厂招标会逐步启动，钼铁厂家有继续挺价迹象。从近期的钢厂招标来看，钢厂60钼铁的承兑招标价格10.4-10.6万元/吨较为常见，后期有提升空间。\n                    \n                    　　12月21日LME钼期货报价整体保持平稳，3月期钼报价25250/25750美元/吨；15月期钼报价25720/26720美元/吨，LME期钼持仓132手。今日简讯：明年贷款需求将相对旺盛，城镇化为信贷投放重点；中金：新型城镇化难以支持新一轮地产投资；意大利总理蒙蒂递交辞呈，大选或于明年2月举行。\n                    \n                    　　周初外盘钼市部分产品价格仍有上调迹象，欧洲钼铁、氧化钼等都有一定涨幅；美国市场稍显平稳，价格暂稳波动。其次，欧亚将钼氧化物进口关税从5%降至零，这有利增加外部市场对该产品的需求，降低钼铁合金的生产成本，提高外部市场行业竞争力。国内行情运行平稳，主要钼产品价格继续保持在相对高位。同时，市场部分商家报价仍有抬高迹象，加之年底逼近，后期钢厂招标或有新的改观。', 1, '钼,行情,美元', 1, 'lizhili', '2013-01-31 00:00:00', '2013-01-31 00:00:00', 1),
	(126, '钼铁的牌号及其用途', 'lizhili', 17, 35, '　钼精矿市场：今日40-45%钼精矿主流报价1540-1570元/吨度附近，47%及以上品位1560-1580元/吨度，价格暂时持稳，行情仍有继续向上运行迹象。行情短期利好，之前部分商家场外观望，近期开始逐步参与市场。栾川某商家表示，前期矿商停产较多，贸易商多以低库存场外等待行情好转。虽然近期钼精矿价格开始有所好转，但是上调的步伐依然较慢。与成本相比，盈利空间较小。期待后期继续上行。\n                    \n                    　　钼铁市场：钼铁价格暂时保持平稳，市场主流报价10.7-11万元/吨（现款-承兑）。当前，在行情利好带动下，有商家报价呈现虚高状况，整体现款报价期间10.6-10.8万元/吨为主，承兑10.9-11.1万元/吨左右。市场需求尚无完全释放，高价成交偏少。月底部分钢厂招标会逐步启动，钼铁厂家有继续挺价迹象。从近期的钢厂招标来看，钢厂60钼铁的承兑招标价格10.4-10.6万元/吨较为常见，后期有提升空间。\n                    \n                    　　12月21日LME钼期货报价整体保持平稳，3月期钼报价25250/25750美元/吨；15月期钼报价25720/26720美元/吨，LME期钼持仓132手。今日简讯：明年贷款需求将相对旺盛，城镇化为信贷投放重点；中金：新型城镇化难以支持新一轮地产投资；意大利总理蒙蒂递交辞呈，大选或于明年2月举行。\n                    \n                    　　周初外盘钼市部分产品价格仍有上调迹象，欧洲钼铁、氧化钼等都有一定涨幅；美国市场稍显平稳，价格暂稳波动。其次，欧亚将钼氧化物进口关税从5%降至零，这有利增加外部市场对该产品的需求，降低钼铁合金的生产成本，提高外部市场行业竞争力。国内行情运行平稳，主要钼产品价格继续保持在相对高位。同时，市场部分商家报价仍有抬高迹象，加之年底逼近，后期钢厂招标或有新的改观。', 1, '钼,行情,美元', 1, 'lizhili', '2013-01-31 00:00:00', '2013-01-31 00:00:00', 0),
	(127, '钼及其化合物的物理化学性质', 'lizhili', 17, 35, '　钼精矿市场：今日40-45%钼精矿主流报价1540-1570元/吨度附近，47%及以上品位1560-1580元/吨度，价格暂时持稳，行情仍有继续向上运行迹象。行情短期利好，之前部分商家场外观望，近期开始逐步参与市场。栾川某商家表示，前期矿商停产较多，贸易商多以低库存场外等待行情好转。虽然近期钼精矿价格开始有所好转，但是上调的步伐依然较慢。与成本相比，盈利空间较小。期待后期继续上行。\n                    \n                    　　钼铁市场：钼铁价格暂时保持平稳，市场主流报价10.7-11万元/吨（现款-承兑）。当前，在行情利好带动下，有商家报价呈现虚高状况，整体现款报价期间10.6-10.8万元/吨为主，承兑10.9-11.1万元/吨左右。市场需求尚无完全释放，高价成交偏少。月底部分钢厂招标会逐步启动，钼铁厂家有继续挺价迹象。从近期的钢厂招标来看，钢厂60钼铁的承兑招标价格10.4-10.6万元/吨较为常见，后期有提升空间。\n                    \n                    　　12月21日LME钼期货报价整体保持平稳，3月期钼报价25250/25750美元/吨；15月期钼报价25720/26720美元/吨，LME期钼持仓132手。今日简讯：明年贷款需求将相对旺盛，城镇化为信贷投放重点；中金：新型城镇化难以支持新一轮地产投资；意大利总理蒙蒂递交辞呈，大选或于明年2月举行。\n                    \n                    　　周初外盘钼市部分产品价格仍有上调迹象，欧洲钼铁、氧化钼等都有一定涨幅；美国市场稍显平稳，价格暂稳波动。其次，欧亚将钼氧化物进口关税从5%降至零，这有利增加外部市场对该产品的需求，降低钼铁合金的生产成本，提高外部市场行业竞争力。国内行情运行平稳，主要钼产品价格继续保持在相对高位。同时，市场部分商家报价仍有抬高迹象，加之年底逼近，后期钢厂招标或有新的改观。', 1, '钼,行情,美元', 1, 'lizhili', '2013-01-31 00:00:00', '2013-01-31 00:00:00', 1),
	(128, '钼铁的冶炼', 'lizhili', 17, 35, '　钼精矿市场：今日40-45%钼精矿主流报价1540-1570元/吨度附近，47%及以上品位1560-1580元/吨度，价格暂时持稳，行情仍有继续向上运行迹象。行情短期利好，之前部分商家场外观望，近期开始逐步参与市场。栾川某商家表示，前期矿商停产较多，贸易商多以低库存场外等待行情好转。虽然近期钼精矿价格开始有所好转，但是上调的步伐依然较慢。与成本相比，盈利空间较小。期待后期继续上行。\n                    \n                    　　钼铁市场：钼铁价格暂时保持平稳，市场主流报价10.7-11万元/吨（现款-承兑）。当前，在行情利好带动下，有商家报价呈现虚高状况，整体现款报价期间10.6-10.8万元/吨为主，承兑10.9-11.1万元/吨左右。市场需求尚无完全释放，高价成交偏少。月底部分钢厂招标会逐步启动，钼铁厂家有继续挺价迹象。从近期的钢厂招标来看，钢厂60钼铁的承兑招标价格10.4-10.6万元/吨较为常见，后期有提升空间。\n                    \n                    　　12月21日LME钼期货报价整体保持平稳，3月期钼报价25250/25750美元/吨；15月期钼报价25720/26720美元/吨，LME期钼持仓132手。今日简讯：明年贷款需求将相对旺盛，城镇化为信贷投放重点；中金：新型城镇化难以支持新一轮地产投资；意大利总理蒙蒂递交辞呈，大选或于明年2月举行。\n                    \n                    　　周初外盘钼市部分产品价格仍有上调迹象，欧洲钼铁、氧化钼等都有一定涨幅；美国市场稍显平稳，价格暂稳波动。其次，欧亚将钼氧化物进口关税从5%降至零，这有利增加外部市场对该产品的需求，降低钼铁合金的生产成本，提高外部市场行业竞争力。国内行情运行平稳，主要钼产品价格继续保持在相对高位。同时，市场部分商家报价仍有抬高迹象，加之年底逼近，后期钢厂招标或有新的改观。', 1, '钼,行情,美元', 1, 'lizhili', '2013-01-31 00:00:00', '2013-01-31 00:00:00', 1),
	(129, '钼钨氧化矿选矿工艺', 'lizhili', 17, 35, '　钼精矿市场：今日40-45%钼精矿主流报价1540-1570元/吨度附近，47%及以上品位1560-1580元/吨度，价格暂时持稳，行情仍有继续向上运行迹象。行情短期利好，之前部分商家场外观望，近期开始逐步参与市场。栾川某商家表示，前期矿商停产较多，贸易商多以低库存场外等待行情好转。虽然近期钼精矿价格开始有所好转，但是上调的步伐依然较慢。与成本相比，盈利空间较小。期待后期继续上行。\n                    \n                    　　钼铁市场：钼铁价格暂时保持平稳，市场主流报价10.7-11万元/吨（现款-承兑）。当前，在行情利好带动下，有商家报价呈现虚高状况，整体现款报价期间10.6-10.8万元/吨为主，承兑10.9-11.1万元/吨左右。市场需求尚无完全释放，高价成交偏少。月底部分钢厂招标会逐步启动，钼铁厂家有继续挺价迹象。从近期的钢厂招标来看，钢厂60钼铁的承兑招标价格10.4-10.6万元/吨较为常见，后期有提升空间。\n                    \n                    　　12月21日LME钼期货报价整体保持平稳，3月期钼报价25250/25750美元/吨；15月期钼报价25720/26720美元/吨，LME期钼持仓132手。今日简讯：明年贷款需求将相对旺盛，城镇化为信贷投放重点；中金：新型城镇化难以支持新一轮地产投资；意大利总理蒙蒂递交辞呈，大选或于明年2月举行。\n                    \n                    　　周初外盘钼市部分产品价格仍有上调迹象，欧洲钼铁、氧化钼等都有一定涨幅；美国市场稍显平稳，价格暂稳波动。其次，欧亚将钼氧化物进口关税从5%降至零，这有利增加外部市场对该产品的需求，降低钼铁合金的生产成本，提高外部市场行业竞争力。国内行情运行平稳，主要钼产品价格继续保持在相对高位。同时，市场部分商家报价仍有抬高迹象，加之年底逼近，后期钢厂招标或有新的改观。', 1, '钼,行情,美元', 1, 'lizhili', '2013-01-31 00:00:00', '2013-01-31 00:00:00', 1),
	(130, '钼矿及其处理', 'lizhili', 17, 35, '　钼精矿市场：今日40-45%钼精矿主流报价1540-1570元/吨度附近，47%及以上品位1560-1580元/吨度，价格暂时持稳，行情仍有继续向上运行迹象。行情短期利好，之前部分商家场外观望，近期开始逐步参与市场。栾川某商家表示，前期矿商停产较多，贸易商多以低库存场外等待行情好转。虽然近期钼精矿价格开始有所好转，但是上调的步伐依然较慢。与成本相比，盈利空间较小。期待后期继续上行。\n                    \n                    　　钼铁市场：钼铁价格暂时保持平稳，市场主流报价10.7-11万元/吨（现款-承兑）。当前，在行情利好带动下，有商家报价呈现虚高状况，整体现款报价期间10.6-10.8万元/吨为主，承兑10.9-11.1万元/吨左右。市场需求尚无完全释放，高价成交偏少。月底部分钢厂招标会逐步启动，钼铁厂家有继续挺价迹象。从近期的钢厂招标来看，钢厂60钼铁的承兑招标价格10.4-10.6万元/吨较为常见，后期有提升空间。\n                    \n                    　　12月21日LME钼期货报价整体保持平稳，3月期钼报价25250/25750美元/吨；15月期钼报价25720/26720美元/吨，LME期钼持仓132手。今日简讯：明年贷款需求将相对旺盛，城镇化为信贷投放重点；中金：新型城镇化难以支持新一轮地产投资；意大利总理蒙蒂递交辞呈，大选或于明年2月举行。\n                    \n                    　　周初外盘钼市部分产品价格仍有上调迹象，欧洲钼铁、氧化钼等都有一定涨幅；美国市场稍显平稳，价格暂稳波动。其次，欧亚将钼氧化物进口关税从5%降至零，这有利增加外部市场对该产品的需求，降低钼铁合金的生产成本，提高外部市场行业竞争力。国内行情运行平稳，主要钼产品价格继续保持在相对高位。同时，市场部分商家报价仍有抬高迹象，加之年底逼近，后期钢厂招标或有新的改观。', 1, '钼,行情,美元', 1, 'lizhili', '2013-01-31 00:00:00', '2013-01-31 00:00:00', 0),
	(131, '钼矿及其处理', 'lizhili', 17, 35, '　钼精矿市场：今日40-45%钼精矿主流报价1540-1570元/吨度附近，47%及以上品位1560-1580元/吨度，价格暂时持稳，行情仍有继续向上运行迹象。行情短期利好，之前部分商家场外观望，近期开始逐步参与市场。栾川某商家表示，前期矿商停产较多，贸易商多以低库存场外等待行情好转。虽然近期钼精矿价格开始有所好转，但是上调的步伐依然较慢。与成本相比，盈利空间较小。期待后期继续上行。\n                    \n                    　　钼铁市场：钼铁价格暂时保持平稳，市场主流报价10.7-11万元/吨（现款-承兑）。当前，在行情利好带动下，有商家报价呈现虚高状况，整体现款报价期间10.6-10.8万元/吨为主，承兑10.9-11.1万元/吨左右。市场需求尚无完全释放，高价成交偏少。月底部分钢厂招标会逐步启动，钼铁厂家有继续挺价迹象。从近期的钢厂招标来看，钢厂60钼铁的承兑招标价格10.4-10.6万元/吨较为常见，后期有提升空间。\n                    \n                    　　12月21日LME钼期货报价整体保持平稳，3月期钼报价25250/25750美元/吨；15月期钼报价25720/26720美元/吨，LME期钼持仓132手。今日简讯：明年贷款需求将相对旺盛，城镇化为信贷投放重点；中金：新型城镇化难以支持新一轮地产投资；意大利总理蒙蒂递交辞呈，大选或于明年2月举行。\n                    \n                    　　周初外盘钼市部分产品价格仍有上调迹象，欧洲钼铁、氧化钼等都有一定涨幅；美国市场稍显平稳，价格暂稳波动。其次，欧亚将钼氧化物进口关税从5%降至零，这有利增加外部市场对该产品的需求，降低钼铁合金的生产成本，提高外部市场行业竞争力。国内行情运行平稳，主要钼产品价格继续保持在相对高位。同时，市场部分商家报价仍有抬高迹象，加之年底逼近，后期钢厂招标或有新的改观。', 1, '钼,行情,美元', 1, 'lizhili', '2013-01-31 00:00:00', '2013-01-31 00:00:00', 0),
	(132, '金堆城钼业公司选矿工艺现状分析', 'lizhili', 17, 35, '　钼精矿市场：今日40-45%钼精矿主流报价1540-1570元/吨度附近，47%及以上品位1560-1580元/吨度，价格暂时持稳，行情仍有继续向上运行迹象。行情短期利好，之前部分商家场外观望，近期开始逐步参与市场。栾川某商家表示，前期矿商停产较多，贸易商多以低库存场外等待行情好转。虽然近期钼精矿价格开始有所好转，但是上调的步伐依然较慢。与成本相比，盈利空间较小。期待后期继续上行。\n                    \n                    　　钼铁市场：钼铁价格暂时保持平稳，市场主流报价10.7-11万元/吨（现款-承兑）。当前，在行情利好带动下，有商家报价呈现虚高状况，整体现款报价期间10.6-10.8万元/吨为主，承兑10.9-11.1万元/吨左右。市场需求尚无完全释放，高价成交偏少。月底部分钢厂招标会逐步启动，钼铁厂家有继续挺价迹象。从近期的钢厂招标来看，钢厂60钼铁的承兑招标价格10.4-10.6万元/吨较为常见，后期有提升空间。\n                    \n                    　　12月21日LME钼期货报价整体保持平稳，3月期钼报价25250/25750美元/吨；15月期钼报价25720/26720美元/吨，LME期钼持仓132手。今日简讯：明年贷款需求将相对旺盛，城镇化为信贷投放重点；中金：新型城镇化难以支持新一轮地产投资；意大利总理蒙蒂递交辞呈，大选或于明年2月举行。\n                    \n                    　　周初外盘钼市部分产品价格仍有上调迹象，欧洲钼铁、氧化钼等都有一定涨幅；美国市场稍显平稳，价格暂稳波动。其次，欧亚将钼氧化物进口关税从5%降至零，这有利增加外部市场对该产品的需求，降低钼铁合金的生产成本，提高外部市场行业竞争力。国内行情运行平稳，主要钼产品价格继续保持在相对高位。同时，市场部分商家报价仍有抬高迹象，加之年底逼近，后期钢厂招标或有新的改观。', 1, '钼,行情,美元', 1, 'lizhili', '2013-01-31 00:00:00', '2013-01-31 00:00:00', 1),
	(133, '钼铁的冶炼', 'lizhili', 17, 35, '　钼精矿市场：今日40-45%钼精矿主流报价1540-1570元/吨度附近，47%及以上品位1560-1580元/吨度，价格暂时持稳，行情仍有继续向上运行迹象。行情短期利好，之前部分商家场外观望，近期开始逐步参与市场。栾川某商家表示，前期矿商停产较多，贸易商多以低库存场外等待行情好转。虽然近期钼精矿价格开始有所好转，但是上调的步伐依然较慢。与成本相比，盈利空间较小。期待后期继续上行。\n                    \n                    　　钼铁市场：钼铁价格暂时保持平稳，市场主流报价10.7-11万元/吨（现款-承兑）。当前，在行情利好带动下，有商家报价呈现虚高状况，整体现款报价期间10.6-10.8万元/吨为主，承兑10.9-11.1万元/吨左右。市场需求尚无完全释放，高价成交偏少。月底部分钢厂招标会逐步启动，钼铁厂家有继续挺价迹象。从近期的钢厂招标来看，钢厂60钼铁的承兑招标价格10.4-10.6万元/吨较为常见，后期有提升空间。\n                    \n                    　　12月21日LME钼期货报价整体保持平稳，3月期钼报价25250/25750美元/吨；15月期钼报价25720/26720美元/吨，LME期钼持仓132手。今日简讯：明年贷款需求将相对旺盛，城镇化为信贷投放重点；中金：新型城镇化难以支持新一轮地产投资；意大利总理蒙蒂递交辞呈，大选或于明年2月举行。\n                    \n                    　　周初外盘钼市部分产品价格仍有上调迹象，欧洲钼铁、氧化钼等都有一定涨幅；美国市场稍显平稳，价格暂稳波动。其次，欧亚将钼氧化物进口关税从5%降至零，这有利增加外部市场对该产品的需求，降低钼铁合金的生产成本，提高外部市场行业竞争力。国内行情运行平稳，主要钼产品价格继续保持在相对高位。同时，市场部分商家报价仍有抬高迹象，加之年底逼近，后期钢厂招标或有新的改观。', 1, '钼,行情,美元', 1, 'lizhili', '2013-01-31 00:00:00', '2013-01-31 00:00:00', 0),
	(134, '钼矿及其处理', 'lizhili', 17, 35, '　钼精矿市场：今日40-45%钼精矿主流报价1540-1570元/吨度附近，47%及以上品位1560-1580元/吨度，价格暂时持稳，行情仍有继续向上运行迹象。行情短期利好，之前部分商家场外观望，近期开始逐步参与市场。栾川某商家表示，前期矿商停产较多，贸易商多以低库存场外等待行情好转。虽然近期钼精矿价格开始有所好转，但是上调的步伐依然较慢。与成本相比，盈利空间较小。期待后期继续上行。\n                    \n                    　　钼铁市场：钼铁价格暂时保持平稳，市场主流报价10.7-11万元/吨（现款-承兑）。当前，在行情利好带动下，有商家报价呈现虚高状况，整体现款报价期间10.6-10.8万元/吨为主，承兑10.9-11.1万元/吨左右。市场需求尚无完全释放，高价成交偏少。月底部分钢厂招标会逐步启动，钼铁厂家有继续挺价迹象。从近期的钢厂招标来看，钢厂60钼铁的承兑招标价格10.4-10.6万元/吨较为常见，后期有提升空间。\n                    \n                    　　12月21日LME钼期货报价整体保持平稳，3月期钼报价25250/25750美元/吨；15月期钼报价25720/26720美元/吨，LME期钼持仓132手。今日简讯：明年贷款需求将相对旺盛，城镇化为信贷投放重点；中金：新型城镇化难以支持新一轮地产投资；意大利总理蒙蒂递交辞呈，大选或于明年2月举行。\n                    \n                    　　周初外盘钼市部分产品价格仍有上调迹象，欧洲钼铁、氧化钼等都有一定涨幅；美国市场稍显平稳，价格暂稳波动。其次，欧亚将钼氧化物进口关税从5%降至零，这有利增加外部市场对该产品的需求，降低钼铁合金的生产成本，提高外部市场行业竞争力。国内行情运行平稳，主要钼产品价格继续保持在相对高位。同时，市场部分商家报价仍有抬高迹象，加之年底逼近，后期钢厂招标或有新的改观。', 1, '钼,行情,美元', 1, 'lizhili', '2013-01-31 00:00:00', '2013-01-31 00:00:00', 0),
	(135, '钼及其化合物的物理化学性质', 'lizhili', 17, 35, '　钼精矿市场：今日40-45%钼精矿主流报价1540-1570元/吨度附近，47%及以上品位1560-1580元/吨度，价格暂时持稳，行情仍有继续向上运行迹象。行情短期利好，之前部分商家场外观望，近期开始逐步参与市场。栾川某商家表示，前期矿商停产较多，贸易商多以低库存场外等待行情好转。虽然近期钼精矿价格开始有所好转，但是上调的步伐依然较慢。与成本相比，盈利空间较小。期待后期继续上行。\n                    \n                    　　钼铁市场：钼铁价格暂时保持平稳，市场主流报价10.7-11万元/吨（现款-承兑）。当前，在行情利好带动下，有商家报价呈现虚高状况，整体现款报价期间10.6-10.8万元/吨为主，承兑10.9-11.1万元/吨左右。市场需求尚无完全释放，高价成交偏少。月底部分钢厂招标会逐步启动，钼铁厂家有继续挺价迹象。从近期的钢厂招标来看，钢厂60钼铁的承兑招标价格10.4-10.6万元/吨较为常见，后期有提升空间。\n                    \n                    　　12月21日LME钼期货报价整体保持平稳，3月期钼报价25250/25750美元/吨；15月期钼报价25720/26720美元/吨，LME期钼持仓132手。今日简讯：明年贷款需求将相对旺盛，城镇化为信贷投放重点；中金：新型城镇化难以支持新一轮地产投资；意大利总理蒙蒂递交辞呈，大选或于明年2月举行。\n                    \n                    　　周初外盘钼市部分产品价格仍有上调迹象，欧洲钼铁、氧化钼等都有一定涨幅；美国市场稍显平稳，价格暂稳波动。其次，欧亚将钼氧化物进口关税从5%降至零，这有利增加外部市场对该产品的需求，降低钼铁合金的生产成本，提高外部市场行业竞争力。国内行情运行平稳，主要钼产品价格继续保持在相对高位。同时，市场部分商家报价仍有抬高迹象，加之年底逼近，后期钢厂招标或有新的改观。', 1, '钼,行情,美元', 1, 'lizhili', '2013-01-31 00:00:00', '2013-01-31 00:00:00', 0),
	(136, '钼钨氧化矿选矿工艺', 'lizhili', 17, 35, '　钼精矿市场：今日40-45%钼精矿主流报价1540-1570元/吨度附近，47%及以上品位1560-1580元/吨度，价格暂时持稳，行情仍有继续向上运行迹象。行情短期利好，之前部分商家场外观望，近期开始逐步参与市场。栾川某商家表示，前期矿商停产较多，贸易商多以低库存场外等待行情好转。虽然近期钼精矿价格开始有所好转，但是上调的步伐依然较慢。与成本相比，盈利空间较小。期待后期继续上行。\n                    \n                    　　钼铁市场：钼铁价格暂时保持平稳，市场主流报价10.7-11万元/吨（现款-承兑）。当前，在行情利好带动下，有商家报价呈现虚高状况，整体现款报价期间10.6-10.8万元/吨为主，承兑10.9-11.1万元/吨左右。市场需求尚无完全释放，高价成交偏少。月底部分钢厂招标会逐步启动，钼铁厂家有继续挺价迹象。从近期的钢厂招标来看，钢厂60钼铁的承兑招标价格10.4-10.6万元/吨较为常见，后期有提升空间。\n                    \n                    　　12月21日LME钼期货报价整体保持平稳，3月期钼报价25250/25750美元/吨；15月期钼报价25720/26720美元/吨，LME期钼持仓132手。今日简讯：明年贷款需求将相对旺盛，城镇化为信贷投放重点；中金：新型城镇化难以支持新一轮地产投资；意大利总理蒙蒂递交辞呈，大选或于明年2月举行。\n                    \n                    　　周初外盘钼市部分产品价格仍有上调迹象，欧洲钼铁、氧化钼等都有一定涨幅；美国市场稍显平稳，价格暂稳波动。其次，欧亚将钼氧化物进口关税从5%降至零，这有利增加外部市场对该产品的需求，降低钼铁合金的生产成本，提高外部市场行业竞争力。国内行情运行平稳，主要钼产品价格继续保持在相对高位。同时，市场部分商家报价仍有抬高迹象，加之年底逼近，后期钢厂招标或有新的改观。', 1, '钼,行情,美元', 1, 'lizhili', '2013-01-31 00:00:00', '2013-01-31 00:00:00', 0),
	(137, '钼钨氧化矿选矿工艺', 'lizhili', 17, 35, '　钼精矿市场：今日40-45%钼精矿主流报价1540-1570元/吨度附近，47%及以上品位1560-1580元/吨度，价格暂时持稳，行情仍有继续向上运行迹象。行情短期利好，之前部分商家场外观望，近期开始逐步参与市场。栾川某商家表示，前期矿商停产较多，贸易商多以低库存场外等待行情好转。虽然近期钼精矿价格开始有所好转，但是上调的步伐依然较慢。与成本相比，盈利空间较小。期待后期继续上行。\n                    \n                    　　钼铁市场：钼铁价格暂时保持平稳，市场主流报价10.7-11万元/吨（现款-承兑）。当前，在行情利好带动下，有商家报价呈现虚高状况，整体现款报价期间10.6-10.8万元/吨为主，承兑10.9-11.1万元/吨左右。市场需求尚无完全释放，高价成交偏少。月底部分钢厂招标会逐步启动，钼铁厂家有继续挺价迹象。从近期的钢厂招标来看，钢厂60钼铁的承兑招标价格10.4-10.6万元/吨较为常见，后期有提升空间。\n                    \n                    　　12月21日LME钼期货报价整体保持平稳，3月期钼报价25250/25750美元/吨；15月期钼报价25720/26720美元/吨，LME期钼持仓132手。今日简讯：明年贷款需求将相对旺盛，城镇化为信贷投放重点；中金：新型城镇化难以支持新一轮地产投资；意大利总理蒙蒂递交辞呈，大选或于明年2月举行。\n                    \n                    　　周初外盘钼市部分产品价格仍有上调迹象，欧洲钼铁、氧化钼等都有一定涨幅；美国市场稍显平稳，价格暂稳波动。其次，欧亚将钼氧化物进口关税从5%降至零，这有利增加外部市场对该产品的需求，降低钼铁合金的生产成本，提高外部市场行业竞争力。国内行情运行平稳，主要钼产品价格继续保持在相对高位。同时，市场部分商家报价仍有抬高迹象，加之年底逼近，后期钢厂招标或有新的改观。', 1, '钼,行情,美元', 1, 'lizhili', '2013-01-31 00:00:00', '2013-01-31 00:00:00', 0),
	(138, '钼矿及其处理', 'lizhili', 17, 35, '　钼精矿市场：今日40-45%钼精矿主流报价1540-1570元/吨度附近，47%及以上品位1560-1580元/吨度，价格暂时持稳，行情仍有继续向上运行迹象。行情短期利好，之前部分商家场外观望，近期开始逐步参与市场。栾川某商家表示，前期矿商停产较多，贸易商多以低库存场外等待行情好转。虽然近期钼精矿价格开始有所好转，但是上调的步伐依然较慢。与成本相比，盈利空间较小。期待后期继续上行。\n                    \n                    　　钼铁市场：钼铁价格暂时保持平稳，市场主流报价10.7-11万元/吨（现款-承兑）。当前，在行情利好带动下，有商家报价呈现虚高状况，整体现款报价期间10.6-10.8万元/吨为主，承兑10.9-11.1万元/吨左右。市场需求尚无完全释放，高价成交偏少。月底部分钢厂招标会逐步启动，钼铁厂家有继续挺价迹象。从近期的钢厂招标来看，钢厂60钼铁的承兑招标价格10.4-10.6万元/吨较为常见，后期有提升空间。\n                    \n                    　　12月21日LME钼期货报价整体保持平稳，3月期钼报价25250/25750美元/吨；15月期钼报价25720/26720美元/吨，LME期钼持仓132手。今日简讯：明年贷款需求将相对旺盛，城镇化为信贷投放重点；中金：新型城镇化难以支持新一轮地产投资；意大利总理蒙蒂递交辞呈，大选或于明年2月举行。\n                    \n                    　　周初外盘钼市部分产品价格仍有上调迹象，欧洲钼铁、氧化钼等都有一定涨幅；美国市场稍显平稳，价格暂稳波动。其次，欧亚将钼氧化物进口关税从5%降至零，这有利增加外部市场对该产品的需求，降低钼铁合金的生产成本，提高外部市场行业竞争力。国内行情运行平稳，主要钼产品价格继续保持在相对高位。同时，市场部分商家报价仍有抬高迹象，加之年底逼近，后期钢厂招标或有新的改观。', 1, '钼,行情,美元', 1, 'lizhili', '2013-01-31 00:00:00', '2013-01-31 00:00:00', 0),
	(139, '钼铁的冶炼', 'lizhili', 17, 35, '　钼精矿市场：今日40-45%钼精矿主流报价1540-1570元/吨度附近，47%及以上品位1560-1580元/吨度，价格暂时持稳，行情仍有继续向上运行迹象。行情短期利好，之前部分商家场外观望，近期开始逐步参与市场。栾川某商家表示，前期矿商停产较多，贸易商多以低库存场外等待行情好转。虽然近期钼精矿价格开始有所好转，但是上调的步伐依然较慢。与成本相比，盈利空间较小。期待后期继续上行。\n                    \n                    　　钼铁市场：钼铁价格暂时保持平稳，市场主流报价10.7-11万元/吨（现款-承兑）。当前，在行情利好带动下，有商家报价呈现虚高状况，整体现款报价期间10.6-10.8万元/吨为主，承兑10.9-11.1万元/吨左右。市场需求尚无完全释放，高价成交偏少。月底部分钢厂招标会逐步启动，钼铁厂家有继续挺价迹象。从近期的钢厂招标来看，钢厂60钼铁的承兑招标价格10.4-10.6万元/吨较为常见，后期有提升空间。\n                    \n                    　　12月21日LME钼期货报价整体保持平稳，3月期钼报价25250/25750美元/吨；15月期钼报价25720/26720美元/吨，LME期钼持仓132手。今日简讯：明年贷款需求将相对旺盛，城镇化为信贷投放重点；中金：新型城镇化难以支持新一轮地产投资；意大利总理蒙蒂递交辞呈，大选或于明年2月举行。\n                    \n                    　　周初外盘钼市部分产品价格仍有上调迹象，欧洲钼铁、氧化钼等都有一定涨幅；美国市场稍显平稳，价格暂稳波动。其次，欧亚将钼氧化物进口关税从5%降至零，这有利增加外部市场对该产品的需求，降低钼铁合金的生产成本，提高外部市场行业竞争力。国内行情运行平稳，主要钼产品价格继续保持在相对高位。同时，市场部分商家报价仍有抬高迹象，加之年底逼近，后期钢厂招标或有新的改观。', 1, '钼,行情,美元', 1, 'lizhili', '2013-01-31 00:00:00', '2013-01-31 00:00:00', 0),
	(140, '金堆城钼业公司选矿工艺现状分析', 'lizhili', 17, 35, '　钼精矿市场：今日40-45%钼精矿主流报价1540-1570元/吨度附近，47%及以上品位1560-1580元/吨度，价格暂时持稳，行情仍有继续向上运行迹象。行情短期利好，之前部分商家场外观望，近期开始逐步参与市场。栾川某商家表示，前期矿商停产较多，贸易商多以低库存场外等待行情好转。虽然近期钼精矿价格开始有所好转，但是上调的步伐依然较慢。与成本相比，盈利空间较小。期待后期继续上行。\n                    \n                    　　钼铁市场：钼铁价格暂时保持平稳，市场主流报价10.7-11万元/吨（现款-承兑）。当前，在行情利好带动下，有商家报价呈现虚高状况，整体现款报价期间10.6-10.8万元/吨为主，承兑10.9-11.1万元/吨左右。市场需求尚无完全释放，高价成交偏少。月底部分钢厂招标会逐步启动，钼铁厂家有继续挺价迹象。从近期的钢厂招标来看，钢厂60钼铁的承兑招标价格10.4-10.6万元/吨较为常见，后期有提升空间。\n                    \n                    　　12月21日LME钼期货报价整体保持平稳，3月期钼报价25250/25750美元/吨；15月期钼报价25720/26720美元/吨，LME期钼持仓132手。今日简讯：明年贷款需求将相对旺盛，城镇化为信贷投放重点；中金：新型城镇化难以支持新一轮地产投资；意大利总理蒙蒂递交辞呈，大选或于明年2月举行。\n                    \n                    　　周初外盘钼市部分产品价格仍有上调迹象，欧洲钼铁、氧化钼等都有一定涨幅；美国市场稍显平稳，价格暂稳波动。其次，欧亚将钼氧化物进口关税从5%降至零，这有利增加外部市场对该产品的需求，降低钼铁合金的生产成本，提高外部市场行业竞争力。国内行情运行平稳，主要钼产品价格继续保持在相对高位。同时，市场部分商家报价仍有抬高迹象，加之年底逼近，后期钢厂招标或有新的改观。', 1, '钼,行情,美元', 1, 'lizhili', '2013-01-31 00:00:00', '2013-01-31 00:00:00', 1),
	(141, '钼及其化合物的物理化学性质', 'lizhili', 17, 35, '　钼精矿市场：今日40-45%钼精矿主流报价1540-1570元/吨度附近，47%及以上品位1560-1580元/吨度，价格暂时持稳，行情仍有继续向上运行迹象。行情短期利好，之前部分商家场外观望，近期开始逐步参与市场。栾川某商家表示，前期矿商停产较多，贸易商多以低库存场外等待行情好转。虽然近期钼精矿价格开始有所好转，但是上调的步伐依然较慢。与成本相比，盈利空间较小。期待后期继续上行。\n                    \n                    　　钼铁市场：钼铁价格暂时保持平稳，市场主流报价10.7-11万元/吨（现款-承兑）。当前，在行情利好带动下，有商家报价呈现虚高状况，整体现款报价期间10.6-10.8万元/吨为主，承兑10.9-11.1万元/吨左右。市场需求尚无完全释放，高价成交偏少。月底部分钢厂招标会逐步启动，钼铁厂家有继续挺价迹象。从近期的钢厂招标来看，钢厂60钼铁的承兑招标价格10.4-10.6万元/吨较为常见，后期有提升空间。\n                    \n                    　　12月21日LME钼期货报价整体保持平稳，3月期钼报价25250/25750美元/吨；15月期钼报价25720/26720美元/吨，LME期钼持仓132手。今日简讯：明年贷款需求将相对旺盛，城镇化为信贷投放重点；中金：新型城镇化难以支持新一轮地产投资；意大利总理蒙蒂递交辞呈，大选或于明年2月举行。\n                    \n                    　　周初外盘钼市部分产品价格仍有上调迹象，欧洲钼铁、氧化钼等都有一定涨幅；美国市场稍显平稳，价格暂稳波动。其次，欧亚将钼氧化物进口关税从5%降至零，这有利增加外部市场对该产品的需求，降低钼铁合金的生产成本，提高外部市场行业竞争力。国内行情运行平稳，主要钼产品价格继续保持在相对高位。同时，市场部分商家报价仍有抬高迹象，加之年底逼近，后期钢厂招标或有新的改观。', 1, '钼,行情,美元', 1, 'lizhili', '2013-01-31 00:00:00', '2013-01-31 00:00:00', 0),
	(142, '钼铁的冶炼', 'lizhili', 17, 35, '　钼精矿市场：今日40-45%钼精矿主流报价1540-1570元/吨度附近，47%及以上品位1560-1580元/吨度，价格暂时持稳，行情仍有继续向上运行迹象。行情短期利好，之前部分商家场外观望，近期开始逐步参与市场。栾川某商家表示，前期矿商停产较多，贸易商多以低库存场外等待行情好转。虽然近期钼精矿价格开始有所好转，但是上调的步伐依然较慢。与成本相比，盈利空间较小。期待后期继续上行。\n                    \n                    　　钼铁市场：钼铁价格暂时保持平稳，市场主流报价10.7-11万元/吨（现款-承兑）。当前，在行情利好带动下，有商家报价呈现虚高状况，整体现款报价期间10.6-10.8万元/吨为主，承兑10.9-11.1万元/吨左右。市场需求尚无完全释放，高价成交偏少。月底部分钢厂招标会逐步启动，钼铁厂家有继续挺价迹象。从近期的钢厂招标来看，钢厂60钼铁的承兑招标价格10.4-10.6万元/吨较为常见，后期有提升空间。\n                    \n                    　　12月21日LME钼期货报价整体保持平稳，3月期钼报价25250/25750美元/吨；15月期钼报价25720/26720美元/吨，LME期钼持仓132手。今日简讯：明年贷款需求将相对旺盛，城镇化为信贷投放重点；中金：新型城镇化难以支持新一轮地产投资；意大利总理蒙蒂递交辞呈，大选或于明年2月举行。\n                    \n                    　　周初外盘钼市部分产品价格仍有上调迹象，欧洲钼铁、氧化钼等都有一定涨幅；美国市场稍显平稳，价格暂稳波动。其次，欧亚将钼氧化物进口关税从5%降至零，这有利增加外部市场对该产品的需求，降低钼铁合金的生产成本，提高外部市场行业竞争力。国内行情运行平稳，主要钼产品价格继续保持在相对高位。同时，市场部分商家报价仍有抬高迹象，加之年底逼近，后期钢厂招标或有新的改观。', 1, '钼,行情,美元', 1, 'lizhili', '2013-01-31 00:00:00', '2013-01-31 00:00:00', 1),
	(143, '钼铁的牌号及其用途', 'lizhili', 17, 35, '　钼精矿市场：今日40-45%钼精矿主流报价1540-1570元/吨度附近，47%及以上品位1560-1580元/吨度，价格暂时持稳，行情仍有继续向上运行迹象。行情短期利好，之前部分商家场外观望，近期开始逐步参与市场。栾川某商家表示，前期矿商停产较多，贸易商多以低库存场外等待行情好转。虽然近期钼精矿价格开始有所好转，但是上调的步伐依然较慢。与成本相比，盈利空间较小。期待后期继续上行。\n                    \n                    　　钼铁市场：钼铁价格暂时保持平稳，市场主流报价10.7-11万元/吨（现款-承兑）。当前，在行情利好带动下，有商家报价呈现虚高状况，整体现款报价期间10.6-10.8万元/吨为主，承兑10.9-11.1万元/吨左右。市场需求尚无完全释放，高价成交偏少。月底部分钢厂招标会逐步启动，钼铁厂家有继续挺价迹象。从近期的钢厂招标来看，钢厂60钼铁的承兑招标价格10.4-10.6万元/吨较为常见，后期有提升空间。\n                    \n                    　　12月21日LME钼期货报价整体保持平稳，3月期钼报价25250/25750美元/吨；15月期钼报价25720/26720美元/吨，LME期钼持仓132手。今日简讯：明年贷款需求将相对旺盛，城镇化为信贷投放重点；中金：新型城镇化难以支持新一轮地产投资；意大利总理蒙蒂递交辞呈，大选或于明年2月举行。\n                    \n                    　　周初外盘钼市部分产品价格仍有上调迹象，欧洲钼铁、氧化钼等都有一定涨幅；美国市场稍显平稳，价格暂稳波动。其次，欧亚将钼氧化物进口关税从5%降至零，这有利增加外部市场对该产品的需求，降低钼铁合金的生产成本，提高外部市场行业竞争力。国内行情运行平稳，主要钼产品价格继续保持在相对高位。同时，市场部分商家报价仍有抬高迹象，加之年底逼近，后期钢厂招标或有新的改观。', 1, '钼,行情,美元', 1, 'lizhili', '2013-01-31 00:00:00', '2013-01-31 00:00:00', 0),
	(144, '磨矿介质对钼精矿碳含量影响研究', 'lizhili', 17, 35, '　钼精矿市场：今日40-45%钼精矿主流报价1540-1570元/吨度附近，47%及以上品位1560-1580元/吨度，价格暂时持稳，行情仍有继续向上运行迹象。行情短期利好，之前部分商家场外观望，近期开始逐步参与市场。栾川某商家表示，前期矿商停产较多，贸易商多以低库存场外等待行情好转。虽然近期钼精矿价格开始有所好转，但是上调的步伐依然较慢。与成本相比，盈利空间较小。期待后期继续上行。\n                    \n                    　　钼铁市场：钼铁价格暂时保持平稳，市场主流报价10.7-11万元/吨（现款-承兑）。当前，在行情利好带动下，有商家报价呈现虚高状况，整体现款报价期间10.6-10.8万元/吨为主，承兑10.9-11.1万元/吨左右。市场需求尚无完全释放，高价成交偏少。月底部分钢厂招标会逐步启动，钼铁厂家有继续挺价迹象。从近期的钢厂招标来看，钢厂60钼铁的承兑招标价格10.4-10.6万元/吨较为常见，后期有提升空间。\n                    \n                    　　12月21日LME钼期货报价整体保持平稳，3月期钼报价25250/25750美元/吨；15月期钼报价25720/26720美元/吨，LME期钼持仓132手。今日简讯：明年贷款需求将相对旺盛，城镇化为信贷投放重点；中金：新型城镇化难以支持新一轮地产投资；意大利总理蒙蒂递交辞呈，大选或于明年2月举行。\n                    \n                    　　周初外盘钼市部分产品价格仍有上调迹象，欧洲钼铁、氧化钼等都有一定涨幅；美国市场稍显平稳，价格暂稳波动。其次，欧亚将钼氧化物进口关税从5%降至零，这有利增加外部市场对该产品的需求，降低钼铁合金的生产成本，提高外部市场行业竞争力。国内行情运行平稳，主要钼产品价格继续保持在相对高位。同时，市场部分商家报价仍有抬高迹象，加之年底逼近，后期钢厂招标或有新的改观。', 1, '钼,行情,美元', 1, 'lizhili', '2013-01-31 00:00:00', '2013-01-31 00:00:00', 1),
	(145, '钼铁的冶炼', 'lizhili', 17, 35, '　钼精矿市场：今日40-45%钼精矿主流报价1540-1570元/吨度附近，47%及以上品位1560-1580元/吨度，价格暂时持稳，行情仍有继续向上运行迹象。行情短期利好，之前部分商家场外观望，近期开始逐步参与市场。栾川某商家表示，前期矿商停产较多，贸易商多以低库存场外等待行情好转。虽然近期钼精矿价格开始有所好转，但是上调的步伐依然较慢。与成本相比，盈利空间较小。期待后期继续上行。\n                    \n                    　　钼铁市场：钼铁价格暂时保持平稳，市场主流报价10.7-11万元/吨（现款-承兑）。当前，在行情利好带动下，有商家报价呈现虚高状况，整体现款报价期间10.6-10.8万元/吨为主，承兑10.9-11.1万元/吨左右。市场需求尚无完全释放，高价成交偏少。月底部分钢厂招标会逐步启动，钼铁厂家有继续挺价迹象。从近期的钢厂招标来看，钢厂60钼铁的承兑招标价格10.4-10.6万元/吨较为常见，后期有提升空间。\n                    \n                    　　12月21日LME钼期货报价整体保持平稳，3月期钼报价25250/25750美元/吨；15月期钼报价25720/26720美元/吨，LME期钼持仓132手。今日简讯：明年贷款需求将相对旺盛，城镇化为信贷投放重点；中金：新型城镇化难以支持新一轮地产投资；意大利总理蒙蒂递交辞呈，大选或于明年2月举行。\n                    \n                    　　周初外盘钼市部分产品价格仍有上调迹象，欧洲钼铁、氧化钼等都有一定涨幅；美国市场稍显平稳，价格暂稳波动。其次，欧亚将钼氧化物进口关税从5%降至零，这有利增加外部市场对该产品的需求，降低钼铁合金的生产成本，提高外部市场行业竞争力。国内行情运行平稳，主要钼产品价格继续保持在相对高位。同时，市场部分商家报价仍有抬高迹象，加之年底逼近，后期钢厂招标或有新的改观。', 1, '钼,行情,美元', 1, 'lizhili', '2013-01-31 00:00:00', '2013-01-31 00:00:00', 1),
	(146, '金堆城钼业公司选矿工艺现状分析', 'lizhili', 17, 35, '　钼精矿市场：今日40-45%钼精矿主流报价1540-1570元/吨度附近，47%及以上品位1560-1580元/吨度，价格暂时持稳，行情仍有继续向上运行迹象。行情短期利好，之前部分商家场外观望，近期开始逐步参与市场。栾川某商家表示，前期矿商停产较多，贸易商多以低库存场外等待行情好转。虽然近期钼精矿价格开始有所好转，但是上调的步伐依然较慢。与成本相比，盈利空间较小。期待后期继续上行。\n                    \n                    　　钼铁市场：钼铁价格暂时保持平稳，市场主流报价10.7-11万元/吨（现款-承兑）。当前，在行情利好带动下，有商家报价呈现虚高状况，整体现款报价期间10.6-10.8万元/吨为主，承兑10.9-11.1万元/吨左右。市场需求尚无完全释放，高价成交偏少。月底部分钢厂招标会逐步启动，钼铁厂家有继续挺价迹象。从近期的钢厂招标来看，钢厂60钼铁的承兑招标价格10.4-10.6万元/吨较为常见，后期有提升空间。\n                    \n                    　　12月21日LME钼期货报价整体保持平稳，3月期钼报价25250/25750美元/吨；15月期钼报价25720/26720美元/吨，LME期钼持仓132手。今日简讯：明年贷款需求将相对旺盛，城镇化为信贷投放重点；中金：新型城镇化难以支持新一轮地产投资；意大利总理蒙蒂递交辞呈，大选或于明年2月举行。\n                    \n                    　　周初外盘钼市部分产品价格仍有上调迹象，欧洲钼铁、氧化钼等都有一定涨幅；美国市场稍显平稳，价格暂稳波动。其次，欧亚将钼氧化物进口关税从5%降至零，这有利增加外部市场对该产品的需求，降低钼铁合金的生产成本，提高外部市场行业竞争力。国内行情运行平稳，主要钼产品价格继续保持在相对高位。同时，市场部分商家报价仍有抬高迹象，加之年底逼近，后期钢厂招标或有新的改观。', 1, '钼,行情,美元', 1, 'lizhili', '2013-01-31 00:00:00', '2013-01-31 00:00:00', 0),
	(147, '钼矿及其处理', 'lizhili', 17, 35, '　钼精矿市场：今日40-45%钼精矿主流报价1540-1570元/吨度附近，47%及以上品位1560-1580元/吨度，价格暂时持稳，行情仍有继续向上运行迹象。行情短期利好，之前部分商家场外观望，近期开始逐步参与市场。栾川某商家表示，前期矿商停产较多，贸易商多以低库存场外等待行情好转。虽然近期钼精矿价格开始有所好转，但是上调的步伐依然较慢。与成本相比，盈利空间较小。期待后期继续上行。\n                    \n                    　　钼铁市场：钼铁价格暂时保持平稳，市场主流报价10.7-11万元/吨（现款-承兑）。当前，在行情利好带动下，有商家报价呈现虚高状况，整体现款报价期间10.6-10.8万元/吨为主，承兑10.9-11.1万元/吨左右。市场需求尚无完全释放，高价成交偏少。月底部分钢厂招标会逐步启动，钼铁厂家有继续挺价迹象。从近期的钢厂招标来看，钢厂60钼铁的承兑招标价格10.4-10.6万元/吨较为常见，后期有提升空间。\n                    \n                    　　12月21日LME钼期货报价整体保持平稳，3月期钼报价25250/25750美元/吨；15月期钼报价25720/26720美元/吨，LME期钼持仓132手。今日简讯：明年贷款需求将相对旺盛，城镇化为信贷投放重点；中金：新型城镇化难以支持新一轮地产投资；意大利总理蒙蒂递交辞呈，大选或于明年2月举行。\n                    \n                    　　周初外盘钼市部分产品价格仍有上调迹象，欧洲钼铁、氧化钼等都有一定涨幅；美国市场稍显平稳，价格暂稳波动。其次，欧亚将钼氧化物进口关税从5%降至零，这有利增加外部市场对该产品的需求，降低钼铁合金的生产成本，提高外部市场行业竞争力。国内行情运行平稳，主要钼产品价格继续保持在相对高位。同时，市场部分商家报价仍有抬高迹象，加之年底逼近，后期钢厂招标或有新的改观。', 1, '钼,行情,美元', 1, 'lizhili', '2013-01-31 00:00:00', '2013-01-31 00:00:00', 1),
	(148, '金堆城钼业公司选矿工艺现状分析', 'lizhili', 17, 35, '　钼精矿市场：今日40-45%钼精矿主流报价1540-1570元/吨度附近，47%及以上品位1560-1580元/吨度，价格暂时持稳，行情仍有继续向上运行迹象。行情短期利好，之前部分商家场外观望，近期开始逐步参与市场。栾川某商家表示，前期矿商停产较多，贸易商多以低库存场外等待行情好转。虽然近期钼精矿价格开始有所好转，但是上调的步伐依然较慢。与成本相比，盈利空间较小。期待后期继续上行。\n                    \n                    　　钼铁市场：钼铁价格暂时保持平稳，市场主流报价10.7-11万元/吨（现款-承兑）。当前，在行情利好带动下，有商家报价呈现虚高状况，整体现款报价期间10.6-10.8万元/吨为主，承兑10.9-11.1万元/吨左右。市场需求尚无完全释放，高价成交偏少。月底部分钢厂招标会逐步启动，钼铁厂家有继续挺价迹象。从近期的钢厂招标来看，钢厂60钼铁的承兑招标价格10.4-10.6万元/吨较为常见，后期有提升空间。\n                    \n                    　　12月21日LME钼期货报价整体保持平稳，3月期钼报价25250/25750美元/吨；15月期钼报价25720/26720美元/吨，LME期钼持仓132手。今日简讯：明年贷款需求将相对旺盛，城镇化为信贷投放重点；中金：新型城镇化难以支持新一轮地产投资；意大利总理蒙蒂递交辞呈，大选或于明年2月举行。\n                    \n                    　　周初外盘钼市部分产品价格仍有上调迹象，欧洲钼铁、氧化钼等都有一定涨幅；美国市场稍显平稳，价格暂稳波动。其次，欧亚将钼氧化物进口关税从5%降至零，这有利增加外部市场对该产品的需求，降低钼铁合金的生产成本，提高外部市场行业竞争力。国内行情运行平稳，主要钼产品价格继续保持在相对高位。同时，市场部分商家报价仍有抬高迹象，加之年底逼近，后期钢厂招标或有新的改观。', 1, '钼,行情,美元', 1, 'lizhili', '2013-01-31 00:00:00', '2013-01-31 00:00:00', 1),
	(149, '钼铁的牌号及其用途', 'lizhili', 17, 35, '　钼精矿市场：今日40-45%钼精矿主流报价1540-1570元/吨度附近，47%及以上品位1560-1580元/吨度，价格暂时持稳，行情仍有继续向上运行迹象。行情短期利好，之前部分商家场外观望，近期开始逐步参与市场。栾川某商家表示，前期矿商停产较多，贸易商多以低库存场外等待行情好转。虽然近期钼精矿价格开始有所好转，但是上调的步伐依然较慢。与成本相比，盈利空间较小。期待后期继续上行。\n                    \n                    　　钼铁市场：钼铁价格暂时保持平稳，市场主流报价10.7-11万元/吨（现款-承兑）。当前，在行情利好带动下，有商家报价呈现虚高状况，整体现款报价期间10.6-10.8万元/吨为主，承兑10.9-11.1万元/吨左右。市场需求尚无完全释放，高价成交偏少。月底部分钢厂招标会逐步启动，钼铁厂家有继续挺价迹象。从近期的钢厂招标来看，钢厂60钼铁的承兑招标价格10.4-10.6万元/吨较为常见，后期有提升空间。\n                    \n                    　　12月21日LME钼期货报价整体保持平稳，3月期钼报价25250/25750美元/吨；15月期钼报价25720/26720美元/吨，LME期钼持仓132手。今日简讯：明年贷款需求将相对旺盛，城镇化为信贷投放重点；中金：新型城镇化难以支持新一轮地产投资；意大利总理蒙蒂递交辞呈，大选或于明年2月举行。\n                    \n                    　　周初外盘钼市部分产品价格仍有上调迹象，欧洲钼铁、氧化钼等都有一定涨幅；美国市场稍显平稳，价格暂稳波动。其次，欧亚将钼氧化物进口关税从5%降至零，这有利增加外部市场对该产品的需求，降低钼铁合金的生产成本，提高外部市场行业竞争力。国内行情运行平稳，主要钼产品价格继续保持在相对高位。同时，市场部分商家报价仍有抬高迹象，加之年底逼近，后期钢厂招标或有新的改观。', 1, '钼,行情,美元', 1, 'lizhili', '2013-01-31 00:00:00', '2013-01-31 00:00:00', 0),
	(150, '钼矿及其处理', 'lizhili', 17, 35, '　钼精矿市场：今日40-45%钼精矿主流报价1540-1570元/吨度附近，47%及以上品位1560-1580元/吨度，价格暂时持稳，行情仍有继续向上运行迹象。行情短期利好，之前部分商家场外观望，近期开始逐步参与市场。栾川某商家表示，前期矿商停产较多，贸易商多以低库存场外等待行情好转。虽然近期钼精矿价格开始有所好转，但是上调的步伐依然较慢。与成本相比，盈利空间较小。期待后期继续上行。\n                    \n                    　　钼铁市场：钼铁价格暂时保持平稳，市场主流报价10.7-11万元/吨（现款-承兑）。当前，在行情利好带动下，有商家报价呈现虚高状况，整体现款报价期间10.6-10.8万元/吨为主，承兑10.9-11.1万元/吨左右。市场需求尚无完全释放，高价成交偏少。月底部分钢厂招标会逐步启动，钼铁厂家有继续挺价迹象。从近期的钢厂招标来看，钢厂60钼铁的承兑招标价格10.4-10.6万元/吨较为常见，后期有提升空间。\n                    \n                    　　12月21日LME钼期货报价整体保持平稳，3月期钼报价25250/25750美元/吨；15月期钼报价25720/26720美元/吨，LME期钼持仓132手。今日简讯：明年贷款需求将相对旺盛，城镇化为信贷投放重点；中金：新型城镇化难以支持新一轮地产投资；意大利总理蒙蒂递交辞呈，大选或于明年2月举行。\n                    \n                    　　周初外盘钼市部分产品价格仍有上调迹象，欧洲钼铁、氧化钼等都有一定涨幅；美国市场稍显平稳，价格暂稳波动。其次，欧亚将钼氧化物进口关税从5%降至零，这有利增加外部市场对该产品的需求，降低钼铁合金的生产成本，提高外部市场行业竞争力。国内行情运行平稳，主要钼产品价格继续保持在相对高位。同时，市场部分商家报价仍有抬高迹象，加之年底逼近，后期钢厂招标或有新的改观。', 1, '钼,行情,美元', 1, 'lizhili', '2013-01-31 00:00:00', '2013-01-31 00:00:00', 0),
	(151, '  2013年固定资产投资预计增8万亿 多省GDP预增1', 'lizhili', 17, 35, '中新网1月30日电 随着春节逐渐临近，每年唯一的烟花爆竹销售燃放季即将开始，这对原本已经屡屡爆表的空气质量无异于雪上加霜。根据媒体报道，2012年除夕夜北京PM2.5数据在短短几小时内暴增80倍，市民开始对是否燃放烟花爆竹进行反思，相对应的，却是节能减排相应政策法规对烟花爆竹燃放监管的缺失。\n\n                   北京雾霾又来侵袭，多日不见阳光，空气中弥散着烟灰的味道，看不见摸不着的PM2.5让人心生恐慌，新一轮口罩采购潮涌起。上一次雾霾的消散基本靠“吹”，而本轮还只能依靠冷空气吗？\n\n                   北京2013年春节烟花爆竹将于2月5日也就是腊月二十五正式开卖，现在烟花鞭炮公司已经开始向各个销售网点配送烟花。10天后，大量烟花爆竹将在城市、乡村的各个角落中升腾、炸响。已经不堪重负的北京空气恐将愈加不堪。', 2, '钼', 1, 'ueelife', '2013-01-31 00:00:00', '2013-01-31 00:00:00', 0),
	(152, '  2012年我国新增铁、锰、镍、钨、钼矿资源储量', 'lizhili', 17, 35, '中新网1月30日电 随着春节逐渐临近，每年唯一的烟花爆竹销售燃放季即将开始，这对原本已经屡屡爆表的空气质量无异于雪上加霜。根据媒体报道，2012年除夕夜北京PM2.5数据在短短几小时内暴增80倍，市民开始对是否燃放烟花爆竹进行反思，相对应的，却是节能减排相应政策法规对烟花爆竹燃放监管的缺失。\n\n                   北京雾霾又来侵袭，多日不见阳光，空气中弥散着烟灰的味道，看不见摸不着的PM2.5让人心生恐慌，新一轮口罩采购潮涌起。上一次雾霾的消散基本靠“吹”，而本轮还只能依靠冷空气吗？\n\n                   北京2013年春节烟花爆竹将于2月5日也就是腊月二十五正式开卖，现在烟花鞭炮公司已经开始向各个销售网点配送烟花。10天后，大量烟花爆竹将在城市、乡村的各个角落中升腾、炸响。已经不堪重负的北京空气恐将愈加不堪。', 2, '钼', 1, 'ueelife', '2013-01-31 00:00:00', '2013-01-31 00:00:00', 0),
	(153, '  2012年全国粗钢产量同比增长3.1%', 'lizhili', 17, 35, '中新网1月30日电 随着春节逐渐临近，每年唯一的烟花爆竹销售燃放季即将开始，这对原本已经屡屡爆表的空气质量无异于雪上加霜。根据媒体报道，2012年除夕夜北京PM2.5数据在短短几小时内暴增80倍，市民开始对是否燃放烟花爆竹进行反思，相对应的，却是节能减排相应政策法规对烟花爆竹燃放监管的缺失。\n\n                   北京雾霾又来侵袭，多日不见阳光，空气中弥散着烟灰的味道，看不见摸不着的PM2.5让人心生恐慌，新一轮口罩采购潮涌起。上一次雾霾的消散基本靠“吹”，而本轮还只能依靠冷空气吗？\n\n                   北京2013年春节烟花爆竹将于2月5日也就是腊月二十五正式开卖，现在烟花鞭炮公司已经开始向各个销售网点配送烟花。10天后，大量烟花爆竹将在城市、乡村的各个角落中升腾、炸响。已经不堪重负的北京空气恐将愈加不堪。', 2, '钼', 1, 'ueelife', '2013-01-31 00:00:00', '2013-01-31 00:00:00', 1),
	(154, '  2012年我国新增铁、锰、镍、钨、钼矿资源储量', 'lizhili', 17, 35, '中新网1月30日电 随着春节逐渐临近，每年唯一的烟花爆竹销售燃放季即将开始，这对原本已经屡屡爆表的空气质量无异于雪上加霜。根据媒体报道，2012年除夕夜北京PM2.5数据在短短几小时内暴增80倍，市民开始对是否燃放烟花爆竹进行反思，相对应的，却是节能减排相应政策法规对烟花爆竹燃放监管的缺失。\n\n                   北京雾霾又来侵袭，多日不见阳光，空气中弥散着烟灰的味道，看不见摸不着的PM2.5让人心生恐慌，新一轮口罩采购潮涌起。上一次雾霾的消散基本靠“吹”，而本轮还只能依靠冷空气吗？\n\n                   北京2013年春节烟花爆竹将于2月5日也就是腊月二十五正式开卖，现在烟花鞭炮公司已经开始向各个销售网点配送烟花。10天后，大量烟花爆竹将在城市、乡村的各个角落中升腾、炸响。已经不堪重负的北京空气恐将愈加不堪。', 2, '钼', 1, 'ueelife', '2013-01-31 00:00:00', '2013-01-31 00:00:00', 0),
	(155, '  2012年12月全国进口铁合金分国别统计', 'lizhili', 17, 35, '中新网1月30日电 随着春节逐渐临近，每年唯一的烟花爆竹销售燃放季即将开始，这对原本已经屡屡爆表的空气质量无异于雪上加霜。根据媒体报道，2012年除夕夜北京PM2.5数据在短短几小时内暴增80倍，市民开始对是否燃放烟花爆竹进行反思，相对应的，却是节能减排相应政策法规对烟花爆竹燃放监管的缺失。\n\n                   北京雾霾又来侵袭，多日不见阳光，空气中弥散着烟灰的味道，看不见摸不着的PM2.5让人心生恐慌，新一轮口罩采购潮涌起。上一次雾霾的消散基本靠“吹”，而本轮还只能依靠冷空气吗？\n\n                   北京2013年春节烟花爆竹将于2月5日也就是腊月二十五正式开卖，现在烟花鞭炮公司已经开始向各个销售网点配送烟花。10天后，大量烟花爆竹将在城市、乡村的各个角落中升腾、炸响。已经不堪重负的北京空气恐将愈加不堪。', 2, '钼', 1, 'ueelife', '2013-01-31 00:00:00', '2013-01-31 00:00:00', 1),
	(156, '  铁路货运提价或上半年推出 提价一分约增收200', 'lizhili', 17, 35, '中新网1月30日电 随着春节逐渐临近，每年唯一的烟花爆竹销售燃放季即将开始，这对原本已经屡屡爆表的空气质量无异于雪上加霜。根据媒体报道，2012年除夕夜北京PM2.5数据在短短几小时内暴增80倍，市民开始对是否燃放烟花爆竹进行反思，相对应的，却是节能减排相应政策法规对烟花爆竹燃放监管的缺失。\n\n                   北京雾霾又来侵袭，多日不见阳光，空气中弥散着烟灰的味道，看不见摸不着的PM2.5让人心生恐慌，新一轮口罩采购潮涌起。上一次雾霾的消散基本靠“吹”，而本轮还只能依靠冷空气吗？\n\n                   北京2013年春节烟花爆竹将于2月5日也就是腊月二十五正式开卖，现在烟花鞭炮公司已经开始向各个销售网点配送烟花。10天后，大量烟花爆竹将在城市、乡村的各个角落中升腾、炸响。已经不堪重负的北京空气恐将愈加不堪。', 2, '钼', 1, 'ueelife', '2013-01-31 00:00:00', '2013-01-31 00:00:00', 1),
	(157, '  辽宁发生5.1级地震 当地矿企未受影响', 'lizhili', 17, 35, '中新网1月30日电 随着春节逐渐临近，每年唯一的烟花爆竹销售燃放季即将开始，这对原本已经屡屡爆表的空气质量无异于雪上加霜。根据媒体报道，2012年除夕夜北京PM2.5数据在短短几小时内暴增80倍，市民开始对是否燃放烟花爆竹进行反思，相对应的，却是节能减排相应政策法规对烟花爆竹燃放监管的缺失。\n\n                   北京雾霾又来侵袭，多日不见阳光，空气中弥散着烟灰的味道，看不见摸不着的PM2.5让人心生恐慌，新一轮口罩采购潮涌起。上一次雾霾的消散基本靠“吹”，而本轮还只能依靠冷空气吗？\n\n                   北京2013年春节烟花爆竹将于2月5日也就是腊月二十五正式开卖，现在烟花鞭炮公司已经开始向各个销售网点配送烟花。10天后，大量烟花爆竹将在城市、乡村的各个角落中升腾、炸响。已经不堪重负的北京空气恐将愈加不堪。', 2, '钼', 1, 'ueelife', '2013-01-31 00:00:00', '2013-01-31 00:00:00', 1),
	(158, '  近期钢厂钼铁招标汇总（920吨/6家）', 'lizhili', 17, 35, '中新网1月30日电 随着春节逐渐临近，每年唯一的烟花爆竹销售燃放季即将开始，这对原本已经屡屡爆表的空气质量无异于雪上加霜。根据媒体报道，2012年除夕夜北京PM2.5数据在短短几小时内暴增80倍，市民开始对是否燃放烟花爆竹进行反思，相对应的，却是节能减排相应政策法规对烟花爆竹燃放监管的缺失。\n\n                   北京雾霾又来侵袭，多日不见阳光，空气中弥散着烟灰的味道，看不见摸不着的PM2.5让人心生恐慌，新一轮口罩采购潮涌起。上一次雾霾的消散基本靠“吹”，而本轮还只能依靠冷空气吗？\n\n                   北京2013年春节烟花爆竹将于2月5日也就是腊月二十五正式开卖，现在烟花鞭炮公司已经开始向各个销售网点配送烟花。10天后，大量烟花爆竹将在城市、乡村的各个角落中升腾、炸响。已经不堪重负的北京空气恐将愈加不堪。', 2, '钼', 1, 'ueelife', '2013-01-31 00:00:00', '2013-01-31 00:00:00', 0),
	(159, '  近期钢厂钼铁招标汇总（920吨/6家）', 'lizhili', 17, 35, '中新网1月30日电 随着春节逐渐临近，每年唯一的烟花爆竹销售燃放季即将开始，这对原本已经屡屡爆表的空气质量无异于雪上加霜。根据媒体报道，2012年除夕夜北京PM2.5数据在短短几小时内暴增80倍，市民开始对是否燃放烟花爆竹进行反思，相对应的，却是节能减排相应政策法规对烟花爆竹燃放监管的缺失。\n\n                   北京雾霾又来侵袭，多日不见阳光，空气中弥散着烟灰的味道，看不见摸不着的PM2.5让人心生恐慌，新一轮口罩采购潮涌起。上一次雾霾的消散基本靠“吹”，而本轮还只能依靠冷空气吗？\n\n                   北京2013年春节烟花爆竹将于2月5日也就是腊月二十五正式开卖，现在烟花鞭炮公司已经开始向各个销售网点配送烟花。10天后，大量烟花爆竹将在城市、乡村的各个角落中升腾、炸响。已经不堪重负的北京空气恐将愈加不堪。', 2, '钼', 1, 'ueelife', '2013-01-31 00:00:00', '2013-01-31 00:00:00', 1),
	(160, '  2012年12月全国进口铁合金分国别统计', 'lizhili', 17, 35, '中新网1月30日电 随着春节逐渐临近，每年唯一的烟花爆竹销售燃放季即将开始，这对原本已经屡屡爆表的空气质量无异于雪上加霜。根据媒体报道，2012年除夕夜北京PM2.5数据在短短几小时内暴增80倍，市民开始对是否燃放烟花爆竹进行反思，相对应的，却是节能减排相应政策法规对烟花爆竹燃放监管的缺失。\n\n                   北京雾霾又来侵袭，多日不见阳光，空气中弥散着烟灰的味道，看不见摸不着的PM2.5让人心生恐慌，新一轮口罩采购潮涌起。上一次雾霾的消散基本靠“吹”，而本轮还只能依靠冷空气吗？\n\n                   北京2013年春节烟花爆竹将于2月5日也就是腊月二十五正式开卖，现在烟花鞭炮公司已经开始向各个销售网点配送烟花。10天后，大量烟花爆竹将在城市、乡村的各个角落中升腾、炸响。已经不堪重负的北京空气恐将愈加不堪。', 2, '钼', 1, 'ueelife', '2013-01-31 00:00:00', '2013-01-31 00:00:00', 0),
	(161, '  武钢预计今年减税7300万', 'lizhili', 17, 35, '中新网1月30日电 随着春节逐渐临近，每年唯一的烟花爆竹销售燃放季即将开始，这对原本已经屡屡爆表的空气质量无异于雪上加霜。根据媒体报道，2012年除夕夜北京PM2.5数据在短短几小时内暴增80倍，市民开始对是否燃放烟花爆竹进行反思，相对应的，却是节能减排相应政策法规对烟花爆竹燃放监管的缺失。\n\n                   北京雾霾又来侵袭，多日不见阳光，空气中弥散着烟灰的味道，看不见摸不着的PM2.5让人心生恐慌，新一轮口罩采购潮涌起。上一次雾霾的消散基本靠“吹”，而本轮还只能依靠冷空气吗？\n\n                   北京2013年春节烟花爆竹将于2月5日也就是腊月二十五正式开卖，现在烟花鞭炮公司已经开始向各个销售网点配送烟花。10天后，大量烟花爆竹将在城市、乡村的各个角落中升腾、炸响。已经不堪重负的北京空气恐将愈加不堪。', 2, '钼', 1, 'ueelife', '2013-01-31 00:00:00', '2013-01-31 00:00:00', 0),
	(162, '  我国确定今年工业节能减排目标', 'lizhili', 17, 35, '中新网1月30日电 随着春节逐渐临近，每年唯一的烟花爆竹销售燃放季即将开始，这对原本已经屡屡爆表的空气质量无异于雪上加霜。根据媒体报道，2012年除夕夜北京PM2.5数据在短短几小时内暴增80倍，市民开始对是否燃放烟花爆竹进行反思，相对应的，却是节能减排相应政策法规对烟花爆竹燃放监管的缺失。\n\n                   北京雾霾又来侵袭，多日不见阳光，空气中弥散着烟灰的味道，看不见摸不着的PM2.5让人心生恐慌，新一轮口罩采购潮涌起。上一次雾霾的消散基本靠“吹”，而本轮还只能依靠冷空气吗？\n\n                   北京2013年春节烟花爆竹将于2月5日也就是腊月二十五正式开卖，现在烟花鞭炮公司已经开始向各个销售网点配送烟花。10天后，大量烟花爆竹将在城市、乡村的各个角落中升腾、炸响。已经不堪重负的北京空气恐将愈加不堪。', 2, '钼', 1, 'ueelife', '2013-01-31 00:00:00', '2013-01-31 00:00:00', 0),
	(163, '  辽宁发生5.1级地震 当地矿企未受影响', 'lizhili', 17, 35, '中新网1月30日电 随着春节逐渐临近，每年唯一的烟花爆竹销售燃放季即将开始，这对原本已经屡屡爆表的空气质量无异于雪上加霜。根据媒体报道，2012年除夕夜北京PM2.5数据在短短几小时内暴增80倍，市民开始对是否燃放烟花爆竹进行反思，相对应的，却是节能减排相应政策法规对烟花爆竹燃放监管的缺失。\n\n                   北京雾霾又来侵袭，多日不见阳光，空气中弥散着烟灰的味道，看不见摸不着的PM2.5让人心生恐慌，新一轮口罩采购潮涌起。上一次雾霾的消散基本靠“吹”，而本轮还只能依靠冷空气吗？\n\n                   北京2013年春节烟花爆竹将于2月5日也就是腊月二十五正式开卖，现在烟花鞭炮公司已经开始向各个销售网点配送烟花。10天后，大量烟花爆竹将在城市、乡村的各个角落中升腾、炸响。已经不堪重负的北京空气恐将愈加不堪。', 2, '钼', 1, 'ueelife', '2013-01-31 00:00:00', '2013-01-31 00:00:00', 1),
	(164, '  武钢预计今年减税7300万', 'lizhili', 17, 35, '中新网1月30日电 随着春节逐渐临近，每年唯一的烟花爆竹销售燃放季即将开始，这对原本已经屡屡爆表的空气质量无异于雪上加霜。根据媒体报道，2012年除夕夜北京PM2.5数据在短短几小时内暴增80倍，市民开始对是否燃放烟花爆竹进行反思，相对应的，却是节能减排相应政策法规对烟花爆竹燃放监管的缺失。\n\n                   北京雾霾又来侵袭，多日不见阳光，空气中弥散着烟灰的味道，看不见摸不着的PM2.5让人心生恐慌，新一轮口罩采购潮涌起。上一次雾霾的消散基本靠“吹”，而本轮还只能依靠冷空气吗？\n\n                   北京2013年春节烟花爆竹将于2月5日也就是腊月二十五正式开卖，现在烟花鞭炮公司已经开始向各个销售网点配送烟花。10天后，大量烟花爆竹将在城市、乡村的各个角落中升腾、炸响。已经不堪重负的北京空气恐将愈加不堪。', 2, '钼', 1, 'ueelife', '2013-01-31 00:00:00', '2013-01-31 00:00:00', 0),
	(165, '  近期钢厂钼铁招标汇总（920吨/6家）', 'lizhili', 17, 35, '中新网1月30日电 随着春节逐渐临近，每年唯一的烟花爆竹销售燃放季即将开始，这对原本已经屡屡爆表的空气质量无异于雪上加霜。根据媒体报道，2012年除夕夜北京PM2.5数据在短短几小时内暴增80倍，市民开始对是否燃放烟花爆竹进行反思，相对应的，却是节能减排相应政策法规对烟花爆竹燃放监管的缺失。\n\n                   北京雾霾又来侵袭，多日不见阳光，空气中弥散着烟灰的味道，看不见摸不着的PM2.5让人心生恐慌，新一轮口罩采购潮涌起。上一次雾霾的消散基本靠“吹”，而本轮还只能依靠冷空气吗？\n\n                   北京2013年春节烟花爆竹将于2月5日也就是腊月二十五正式开卖，现在烟花鞭炮公司已经开始向各个销售网点配送烟花。10天后，大量烟花爆竹将在城市、乡村的各个角落中升腾、炸响。已经不堪重负的北京空气恐将愈加不堪。', 2, '钼', 1, 'ueelife', '2013-01-31 00:00:00', '2013-01-31 00:00:00', 1),
	(166, '  2012国内粗钢产量7.17亿吨 钢铁转向低速增长', 'lizhili', 17, 35, '中新网1月30日电 随着春节逐渐临近，每年唯一的烟花爆竹销售燃放季即将开始，这对原本已经屡屡爆表的空气质量无异于雪上加霜。根据媒体报道，2012年除夕夜北京PM2.5数据在短短几小时内暴增80倍，市民开始对是否燃放烟花爆竹进行反思，相对应的，却是节能减排相应政策法规对烟花爆竹燃放监管的缺失。\n\n                   北京雾霾又来侵袭，多日不见阳光，空气中弥散着烟灰的味道，看不见摸不着的PM2.5让人心生恐慌，新一轮口罩采购潮涌起。上一次雾霾的消散基本靠“吹”，而本轮还只能依靠冷空气吗？\n\n                   北京2013年春节烟花爆竹将于2月5日也就是腊月二十五正式开卖，现在烟花鞭炮公司已经开始向各个销售网点配送烟花。10天后，大量烟花爆竹将在城市、乡村的各个角落中升腾、炸响。已经不堪重负的北京空气恐将愈加不堪。', 2, '钼', 1, 'ueelife', '2013-01-31 00:00:00', '2013-01-31 00:00:00', 0),
	(167, '  武钢预计今年减税7300万', 'lizhili', 17, 35, '中新网1月30日电 随着春节逐渐临近，每年唯一的烟花爆竹销售燃放季即将开始，这对原本已经屡屡爆表的空气质量无异于雪上加霜。根据媒体报道，2012年除夕夜北京PM2.5数据在短短几小时内暴增80倍，市民开始对是否燃放烟花爆竹进行反思，相对应的，却是节能减排相应政策法规对烟花爆竹燃放监管的缺失。\n\n                   北京雾霾又来侵袭，多日不见阳光，空气中弥散着烟灰的味道，看不见摸不着的PM2.5让人心生恐慌，新一轮口罩采购潮涌起。上一次雾霾的消散基本靠“吹”，而本轮还只能依靠冷空气吗？\n\n                   北京2013年春节烟花爆竹将于2月5日也就是腊月二十五正式开卖，现在烟花鞭炮公司已经开始向各个销售网点配送烟花。10天后，大量烟花爆竹将在城市、乡村的各个角落中升腾、炸响。已经不堪重负的北京空气恐将愈加不堪。', 2, '钼', 1, 'ueelife', '2013-01-31 00:00:00', '2013-01-31 00:00:00', 1),
	(168, '  近期钢厂钼铁招标汇总（920吨/6家）', 'lizhili', 17, 35, '中新网1月30日电 随着春节逐渐临近，每年唯一的烟花爆竹销售燃放季即将开始，这对原本已经屡屡爆表的空气质量无异于雪上加霜。根据媒体报道，2012年除夕夜北京PM2.5数据在短短几小时内暴增80倍，市民开始对是否燃放烟花爆竹进行反思，相对应的，却是节能减排相应政策法规对烟花爆竹燃放监管的缺失。\n\n                   北京雾霾又来侵袭，多日不见阳光，空气中弥散着烟灰的味道，看不见摸不着的PM2.5让人心生恐慌，新一轮口罩采购潮涌起。上一次雾霾的消散基本靠“吹”，而本轮还只能依靠冷空气吗？\n\n                   北京2013年春节烟花爆竹将于2月5日也就是腊月二十五正式开卖，现在烟花鞭炮公司已经开始向各个销售网点配送烟花。10天后，大量烟花爆竹将在城市、乡村的各个角落中升腾、炸响。已经不堪重负的北京空气恐将愈加不堪。', 2, '钼', 1, 'ueelife', '2013-01-31 00:00:00', '2013-01-31 00:00:00', 1),
	(169, '  2012国内粗钢产量7.17亿吨 钢铁转向低速增长', 'lizhili', 17, 35, '中新网1月30日电 随着春节逐渐临近，每年唯一的烟花爆竹销售燃放季即将开始，这对原本已经屡屡爆表的空气质量无异于雪上加霜。根据媒体报道，2012年除夕夜北京PM2.5数据在短短几小时内暴增80倍，市民开始对是否燃放烟花爆竹进行反思，相对应的，却是节能减排相应政策法规对烟花爆竹燃放监管的缺失。\n\n                   北京雾霾又来侵袭，多日不见阳光，空气中弥散着烟灰的味道，看不见摸不着的PM2.5让人心生恐慌，新一轮口罩采购潮涌起。上一次雾霾的消散基本靠“吹”，而本轮还只能依靠冷空气吗？\n\n                   北京2013年春节烟花爆竹将于2月5日也就是腊月二十五正式开卖，现在烟花鞭炮公司已经开始向各个销售网点配送烟花。10天后，大量烟花爆竹将在城市、乡村的各个角落中升腾、炸响。已经不堪重负的北京空气恐将愈加不堪。', 2, '钼', 1, 'ueelife', '2013-01-31 00:00:00', '2013-01-31 00:00:00', 0),
	(170, '  我国确定今年工业节能减排目标', 'lizhili', 17, 35, '中新网1月30日电 随着春节逐渐临近，每年唯一的烟花爆竹销售燃放季即将开始，这对原本已经屡屡爆表的空气质量无异于雪上加霜。根据媒体报道，2012年除夕夜北京PM2.5数据在短短几小时内暴增80倍，市民开始对是否燃放烟花爆竹进行反思，相对应的，却是节能减排相应政策法规对烟花爆竹燃放监管的缺失。\n\n                   北京雾霾又来侵袭，多日不见阳光，空气中弥散着烟灰的味道，看不见摸不着的PM2.5让人心生恐慌，新一轮口罩采购潮涌起。上一次雾霾的消散基本靠“吹”，而本轮还只能依靠冷空气吗？\n\n                   北京2013年春节烟花爆竹将于2月5日也就是腊月二十五正式开卖，现在烟花鞭炮公司已经开始向各个销售网点配送烟花。10天后，大量烟花爆竹将在城市、乡村的各个角落中升腾、炸响。已经不堪重负的北京空气恐将愈加不堪。', 2, '钼', 1, 'ueelife', '2013-01-31 00:00:00', '2013-01-31 00:00:00', 1),
	(171, '  乌海三美国际矿业高管拜访中信锦州公司', 'lizhili', 17, 35, '中新网1月30日电 随着春节逐渐临近，每年唯一的烟花爆竹销售燃放季即将开始，这对原本已经屡屡爆表的空气质量无异于雪上加霜。根据媒体报道，2012年除夕夜北京PM2.5数据在短短几小时内暴增80倍，市民开始对是否燃放烟花爆竹进行反思，相对应的，却是节能减排相应政策法规对烟花爆竹燃放监管的缺失。\n\n                   北京雾霾又来侵袭，多日不见阳光，空气中弥散着烟灰的味道，看不见摸不着的PM2.5让人心生恐慌，新一轮口罩采购潮涌起。上一次雾霾的消散基本靠“吹”，而本轮还只能依靠冷空气吗？\n\n                   北京2013年春节烟花爆竹将于2月5日也就是腊月二十五正式开卖，现在烟花鞭炮公司已经开始向各个销售网点配送烟花。10天后，大量烟花爆竹将在城市、乡村的各个角落中升腾、炸响。已经不堪重负的北京空气恐将愈加不堪。', 1, '钼', 1, 'lizhili', '2013-01-31 00:00:00', '2013-01-31 00:00:00', 1),
	(172, '  钼股份荣获“陕西省质量信用等级A级企业”称', 'lizhili', 17, 35, '中新网1月30日电 随着春节逐渐临近，每年唯一的烟花爆竹销售燃放季即将开始，这对原本已经屡屡爆表的空气质量无异于雪上加霜。根据媒体报道，2012年除夕夜北京PM2.5数据在短短几小时内暴增80倍，市民开始对是否燃放烟花爆竹进行反思，相对应的，却是节能减排相应政策法规对烟花爆竹燃放监管的缺失。\n\n                   北京雾霾又来侵袭，多日不见阳光，空气中弥散着烟灰的味道，看不见摸不着的PM2.5让人心生恐慌，新一轮口罩采购潮涌起。上一次雾霾的消散基本靠“吹”，而本轮还只能依靠冷空气吗？\n\n                   北京2013年春节烟花爆竹将于2月5日也就是腊月二十五正式开卖，现在烟花鞭炮公司已经开始向各个销售网点配送烟花。10天后，大量烟花爆竹将在城市、乡村的各个角落中升腾、炸响。已经不堪重负的北京空气恐将愈加不堪。', 1, '钼', 1, 'lizhili', '2013-01-31 00:00:00', '2013-01-31 00:00:00', 0),
	(173, '  2012年12月全国进口铁合金分关别统计', 'lizhili', 17, 35, '中新网1月30日电 随着春节逐渐临近，每年唯一的烟花爆竹销售燃放季即将开始，这对原本已经屡屡爆表的空气质量无异于雪上加霜。根据媒体报道，2012年除夕夜北京PM2.5数据在短短几小时内暴增80倍，市民开始对是否燃放烟花爆竹进行反思，相对应的，却是节能减排相应政策法规对烟花爆竹燃放监管的缺失。\n\n                   北京雾霾又来侵袭，多日不见阳光，空气中弥散着烟灰的味道，看不见摸不着的PM2.5让人心生恐慌，新一轮口罩采购潮涌起。上一次雾霾的消散基本靠“吹”，而本轮还只能依靠冷空气吗？\n\n                   北京2013年春节烟花爆竹将于2月5日也就是腊月二十五正式开卖，现在烟花鞭炮公司已经开始向各个销售网点配送烟花。10天后，大量烟花爆竹将在城市、乡村的各个角落中升腾、炸响。已经不堪重负的北京空气恐将愈加不堪。', 1, '钼', 1, 'lizhili', '2013-01-31 00:00:00', '2013-01-31 00:00:00', 1),
	(174, '  我国确定今年工业节能减排目标', 'lizhili', 17, 35, '中新网1月30日电 随着春节逐渐临近，每年唯一的烟花爆竹销售燃放季即将开始，这对原本已经屡屡爆表的空气质量无异于雪上加霜。根据媒体报道，2012年除夕夜北京PM2.5数据在短短几小时内暴增80倍，市民开始对是否燃放烟花爆竹进行反思，相对应的，却是节能减排相应政策法规对烟花爆竹燃放监管的缺失。\n\n                   北京雾霾又来侵袭，多日不见阳光，空气中弥散着烟灰的味道，看不见摸不着的PM2.5让人心生恐慌，新一轮口罩采购潮涌起。上一次雾霾的消散基本靠“吹”，而本轮还只能依靠冷空气吗？\n\n                   北京2013年春节烟花爆竹将于2月5日也就是腊月二十五正式开卖，现在烟花鞭炮公司已经开始向各个销售网点配送烟花。10天后，大量烟花爆竹将在城市、乡村的各个角落中升腾、炸响。已经不堪重负的北京空气恐将愈加不堪。', 1, '钼', 1, 'lizhili', '2013-01-31 00:00:00', '2013-01-31 00:00:00', 0),
	(175, '  近期钢厂钼铁招标汇总（920吨/6家）', 'lizhili', 17, 35, '中新网1月30日电 随着春节逐渐临近，每年唯一的烟花爆竹销售燃放季即将开始，这对原本已经屡屡爆表的空气质量无异于雪上加霜。根据媒体报道，2012年除夕夜北京PM2.5数据在短短几小时内暴增80倍，市民开始对是否燃放烟花爆竹进行反思，相对应的，却是节能减排相应政策法规对烟花爆竹燃放监管的缺失。\n\n                   北京雾霾又来侵袭，多日不见阳光，空气中弥散着烟灰的味道，看不见摸不着的PM2.5让人心生恐慌，新一轮口罩采购潮涌起。上一次雾霾的消散基本靠“吹”，而本轮还只能依靠冷空气吗？\n\n                   北京2013年春节烟花爆竹将于2月5日也就是腊月二十五正式开卖，现在烟花鞭炮公司已经开始向各个销售网点配送烟花。10天后，大量烟花爆竹将在城市、乡村的各个角落中升腾、炸响。已经不堪重负的北京空气恐将愈加不堪。', 1, '钼', 1, 'lizhili', '2013-01-31 00:00:00', '2013-01-31 00:00:00', 0),
	(176, '  2012年12月全国进口铁合金分关别统计', 'lizhili', 17, 35, '中新网1月30日电 随着春节逐渐临近，每年唯一的烟花爆竹销售燃放季即将开始，这对原本已经屡屡爆表的空气质量无异于雪上加霜。根据媒体报道，2012年除夕夜北京PM2.5数据在短短几小时内暴增80倍，市民开始对是否燃放烟花爆竹进行反思，相对应的，却是节能减排相应政策法规对烟花爆竹燃放监管的缺失。\n\n                   北京雾霾又来侵袭，多日不见阳光，空气中弥散着烟灰的味道，看不见摸不着的PM2.5让人心生恐慌，新一轮口罩采购潮涌起。上一次雾霾的消散基本靠“吹”，而本轮还只能依靠冷空气吗？\n\n                   北京2013年春节烟花爆竹将于2月5日也就是腊月二十五正式开卖，现在烟花鞭炮公司已经开始向各个销售网点配送烟花。10天后，大量烟花爆竹将在城市、乡村的各个角落中升腾、炸响。已经不堪重负的北京空气恐将愈加不堪。', 1, '钼', 1, 'lizhili', '2013-01-31 00:00:00', '2013-01-31 00:00:00', 0),
	(177, '  2012年12月全国进口铁合金分关别统计', 'lizhili', 17, 35, '中新网1月30日电 随着春节逐渐临近，每年唯一的烟花爆竹销售燃放季即将开始，这对原本已经屡屡爆表的空气质量无异于雪上加霜。根据媒体报道，2012年除夕夜北京PM2.5数据在短短几小时内暴增80倍，市民开始对是否燃放烟花爆竹进行反思，相对应的，却是节能减排相应政策法规对烟花爆竹燃放监管的缺失。\n\n                   北京雾霾又来侵袭，多日不见阳光，空气中弥散着烟灰的味道，看不见摸不着的PM2.5让人心生恐慌，新一轮口罩采购潮涌起。上一次雾霾的消散基本靠“吹”，而本轮还只能依靠冷空气吗？\n\n                   北京2013年春节烟花爆竹将于2月5日也就是腊月二十五正式开卖，现在烟花鞭炮公司已经开始向各个销售网点配送烟花。10天后，大量烟花爆竹将在城市、乡村的各个角落中升腾、炸响。已经不堪重负的北京空气恐将愈加不堪。', 1, '钼', 1, 'lizhili', '2013-01-31 00:00:00', '2013-01-31 00:00:00', 0),
	(178, '  有色金属行业:钓鱼岛争端升温,战争金属上火,', 'lizhili', 17, 35, '中新网1月30日电 随着春节逐渐临近，每年唯一的烟花爆竹销售燃放季即将开始，这对原本已经屡屡爆表的空气质量无异于雪上加霜。根据媒体报道，2012年除夕夜北京PM2.5数据在短短几小时内暴增80倍，市民开始对是否燃放烟花爆竹进行反思，相对应的，却是节能减排相应政策法规对烟花爆竹燃放监管的缺失。\n\n                   北京雾霾又来侵袭，多日不见阳光，空气中弥散着烟灰的味道，看不见摸不着的PM2.5让人心生恐慌，新一轮口罩采购潮涌起。上一次雾霾的消散基本靠“吹”，而本轮还只能依靠冷空气吗？\n\n                   北京2013年春节烟花爆竹将于2月5日也就是腊月二十五正式开卖，现在烟花鞭炮公司已经开始向各个销售网点配送烟花。10天后，大量烟花爆竹将在城市、乡村的各个角落中升腾、炸响。已经不堪重负的北京空气恐将愈加不堪。', 1, '钼', 1, 'lizhili', '2013-01-31 00:00:00', '2013-01-31 00:00:00', 1),
	(179, '  宝钢提前大幅上调3月份钢价', 'lizhili', 17, 35, '中新网1月30日电 随着春节逐渐临近，每年唯一的烟花爆竹销售燃放季即将开始，这对原本已经屡屡爆表的空气质量无异于雪上加霜。根据媒体报道，2012年除夕夜北京PM2.5数据在短短几小时内暴增80倍，市民开始对是否燃放烟花爆竹进行反思，相对应的，却是节能减排相应政策法规对烟花爆竹燃放监管的缺失。\n\n                   北京雾霾又来侵袭，多日不见阳光，空气中弥散着烟灰的味道，看不见摸不着的PM2.5让人心生恐慌，新一轮口罩采购潮涌起。上一次雾霾的消散基本靠“吹”，而本轮还只能依靠冷空气吗？\n\n                   北京2013年春节烟花爆竹将于2月5日也就是腊月二十五正式开卖，现在烟花鞭炮公司已经开始向各个销售网点配送烟花。10天后，大量烟花爆竹将在城市、乡村的各个角落中升腾、炸响。已经不堪重负的北京空气恐将愈加不堪。', 1, '钼', 1, 'lizhili', '2013-01-31 00:00:00', '2013-01-31 00:00:00', 1),
	(180, '  2013年固定资产投资预计增8万亿 多省GDP预增1', 'lizhili', 17, 35, '中新网1月30日电 随着春节逐渐临近，每年唯一的烟花爆竹销售燃放季即将开始，这对原本已经屡屡爆表的空气质量无异于雪上加霜。根据媒体报道，2012年除夕夜北京PM2.5数据在短短几小时内暴增80倍，市民开始对是否燃放烟花爆竹进行反思，相对应的，却是节能减排相应政策法规对烟花爆竹燃放监管的缺失。\n\n                   北京雾霾又来侵袭，多日不见阳光，空气中弥散着烟灰的味道，看不见摸不着的PM2.5让人心生恐慌，新一轮口罩采购潮涌起。上一次雾霾的消散基本靠“吹”，而本轮还只能依靠冷空气吗？\n\n                   北京2013年春节烟花爆竹将于2月5日也就是腊月二十五正式开卖，现在烟花鞭炮公司已经开始向各个销售网点配送烟花。10天后，大量烟花爆竹将在城市、乡村的各个角落中升腾、炸响。已经不堪重负的北京空气恐将愈加不堪。', 1, '钼', 1, 'lizhili', '2013-01-31 00:00:00', '2013-01-31 00:00:00', 1),
	(181, '  我国确定今年工业节能减排目标', 'lizhili', 17, 35, '中新网1月30日电 随着春节逐渐临近，每年唯一的烟花爆竹销售燃放季即将开始，这对原本已经屡屡爆表的空气质量无异于雪上加霜。根据媒体报道，2012年除夕夜北京PM2.5数据在短短几小时内暴增80倍，市民开始对是否燃放烟花爆竹进行反思，相对应的，却是节能减排相应政策法规对烟花爆竹燃放监管的缺失。\n\n                   北京雾霾又来侵袭，多日不见阳光，空气中弥散着烟灰的味道，看不见摸不着的PM2.5让人心生恐慌，新一轮口罩采购潮涌起。上一次雾霾的消散基本靠“吹”，而本轮还只能依靠冷空气吗？\n\n                   北京2013年春节烟花爆竹将于2月5日也就是腊月二十五正式开卖，现在烟花鞭炮公司已经开始向各个销售网点配送烟花。10天后，大量烟花爆竹将在城市、乡村的各个角落中升腾、炸响。已经不堪重负的北京空气恐将愈加不堪。', 1, '钼', 1, 'lizhili', '2013-01-31 00:00:00', '2013-01-31 00:00:00', 0),
	(182, '  钼股份荣获“陕西省质量信用等级A级企业”称', 'lizhili', 17, 35, '中新网1月30日电 随着春节逐渐临近，每年唯一的烟花爆竹销售燃放季即将开始，这对原本已经屡屡爆表的空气质量无异于雪上加霜。根据媒体报道，2012年除夕夜北京PM2.5数据在短短几小时内暴增80倍，市民开始对是否燃放烟花爆竹进行反思，相对应的，却是节能减排相应政策法规对烟花爆竹燃放监管的缺失。\n\n                   北京雾霾又来侵袭，多日不见阳光，空气中弥散着烟灰的味道，看不见摸不着的PM2.5让人心生恐慌，新一轮口罩采购潮涌起。上一次雾霾的消散基本靠“吹”，而本轮还只能依靠冷空气吗？\n\n                   北京2013年春节烟花爆竹将于2月5日也就是腊月二十五正式开卖，现在烟花鞭炮公司已经开始向各个销售网点配送烟花。10天后，大量烟花爆竹将在城市、乡村的各个角落中升腾、炸响。已经不堪重负的北京空气恐将愈加不堪。', 1, '钼', 1, 'lizhili', '2013-01-31 00:00:00', '2013-01-31 00:00:00', 0),
	(183, '  2012国内粗钢产量7.17亿吨 钢铁转向低速增长', 'lizhili', 17, 35, '中新网1月30日电 随着春节逐渐临近，每年唯一的烟花爆竹销售燃放季即将开始，这对原本已经屡屡爆表的空气质量无异于雪上加霜。根据媒体报道，2012年除夕夜北京PM2.5数据在短短几小时内暴增80倍，市民开始对是否燃放烟花爆竹进行反思，相对应的，却是节能减排相应政策法规对烟花爆竹燃放监管的缺失。\n\n                   北京雾霾又来侵袭，多日不见阳光，空气中弥散着烟灰的味道，看不见摸不着的PM2.5让人心生恐慌，新一轮口罩采购潮涌起。上一次雾霾的消散基本靠“吹”，而本轮还只能依靠冷空气吗？\n\n                   北京2013年春节烟花爆竹将于2月5日也就是腊月二十五正式开卖，现在烟花鞭炮公司已经开始向各个销售网点配送烟花。10天后，大量烟花爆竹将在城市、乡村的各个角落中升腾、炸响。已经不堪重负的北京空气恐将愈加不堪。', 1, '钼', 1, 'lizhili', '2013-01-31 00:00:00', '2013-01-31 00:00:00', 1),
	(184, '  辽宁发生5.1级地震 当地矿企未受影响', 'lizhili', 17, 35, '中新网1月30日电 随着春节逐渐临近，每年唯一的烟花爆竹销售燃放季即将开始，这对原本已经屡屡爆表的空气质量无异于雪上加霜。根据媒体报道，2012年除夕夜北京PM2.5数据在短短几小时内暴增80倍，市民开始对是否燃放烟花爆竹进行反思，相对应的，却是节能减排相应政策法规对烟花爆竹燃放监管的缺失。\n\n                   北京雾霾又来侵袭，多日不见阳光，空气中弥散着烟灰的味道，看不见摸不着的PM2.5让人心生恐慌，新一轮口罩采购潮涌起。上一次雾霾的消散基本靠“吹”，而本轮还只能依靠冷空气吗？\n\n                   北京2013年春节烟花爆竹将于2月5日也就是腊月二十五正式开卖，现在烟花鞭炮公司已经开始向各个销售网点配送烟花。10天后，大量烟花爆竹将在城市、乡村的各个角落中升腾、炸响。已经不堪重负的北京空气恐将愈加不堪。', 1, '钼', 1, 'lizhili', '2013-01-31 00:00:00', '2013-01-31 00:00:00', 0),
	(185, '  2012年全国粗钢产量同比增长3.1%', 'lizhili', 17, 35, '中新网1月30日电 随着春节逐渐临近，每年唯一的烟花爆竹销售燃放季即将开始，这对原本已经屡屡爆表的空气质量无异于雪上加霜。根据媒体报道，2012年除夕夜北京PM2.5数据在短短几小时内暴增80倍，市民开始对是否燃放烟花爆竹进行反思，相对应的，却是节能减排相应政策法规对烟花爆竹燃放监管的缺失。\n\n                   北京雾霾又来侵袭，多日不见阳光，空气中弥散着烟灰的味道，看不见摸不着的PM2.5让人心生恐慌，新一轮口罩采购潮涌起。上一次雾霾的消散基本靠“吹”，而本轮还只能依靠冷空气吗？\n\n                   北京2013年春节烟花爆竹将于2月5日也就是腊月二十五正式开卖，现在烟花鞭炮公司已经开始向各个销售网点配送烟花。10天后，大量烟花爆竹将在城市、乡村的各个角落中升腾、炸响。已经不堪重负的北京空气恐将愈加不堪。', 1, '钼', 1, 'lizhili', '2013-01-31 00:00:00', '2013-01-31 00:00:00', 1),
	(186, '  2012年12月全国进口铁合金分关别统计', 'lizhili', 17, 35, '中新网1月30日电 随着春节逐渐临近，每年唯一的烟花爆竹销售燃放季即将开始，这对原本已经屡屡爆表的空气质量无异于雪上加霜。根据媒体报道，2012年除夕夜北京PM2.5数据在短短几小时内暴增80倍，市民开始对是否燃放烟花爆竹进行反思，相对应的，却是节能减排相应政策法规对烟花爆竹燃放监管的缺失。\n\n                   北京雾霾又来侵袭，多日不见阳光，空气中弥散着烟灰的味道，看不见摸不着的PM2.5让人心生恐慌，新一轮口罩采购潮涌起。上一次雾霾的消散基本靠“吹”，而本轮还只能依靠冷空气吗？\n\n                   北京2013年春节烟花爆竹将于2月5日也就是腊月二十五正式开卖，现在烟花鞭炮公司已经开始向各个销售网点配送烟花。10天后，大量烟花爆竹将在城市、乡村的各个角落中升腾、炸响。已经不堪重负的北京空气恐将愈加不堪。', 1, '钼', 1, 'lizhili', '2013-01-31 00:00:00', '2013-01-31 00:00:00', 0),
	(187, '  2012国内粗钢产量7.17亿吨 钢铁转向低速增长', 'lizhili', 17, 35, '中新网1月30日电 随着春节逐渐临近，每年唯一的烟花爆竹销售燃放季即将开始，这对原本已经屡屡爆表的空气质量无异于雪上加霜。根据媒体报道，2012年除夕夜北京PM2.5数据在短短几小时内暴增80倍，市民开始对是否燃放烟花爆竹进行反思，相对应的，却是节能减排相应政策法规对烟花爆竹燃放监管的缺失。\n\n                   北京雾霾又来侵袭，多日不见阳光，空气中弥散着烟灰的味道，看不见摸不着的PM2.5让人心生恐慌，新一轮口罩采购潮涌起。上一次雾霾的消散基本靠“吹”，而本轮还只能依靠冷空气吗？\n\n                   北京2013年春节烟花爆竹将于2月5日也就是腊月二十五正式开卖，现在烟花鞭炮公司已经开始向各个销售网点配送烟花。10天后，大量烟花爆竹将在城市、乡村的各个角落中升腾、炸响。已经不堪重负的北京空气恐将愈加不堪。', 1, '钼', 1, 'lizhili', '2013-01-31 00:00:00', '2013-01-31 00:00:00', 1),
	(188, '  2012年全国粗钢产量同比增长3.1%', 'lizhili', 17, 35, '中新网1月30日电 随着春节逐渐临近，每年唯一的烟花爆竹销售燃放季即将开始，这对原本已经屡屡爆表的空气质量无异于雪上加霜。根据媒体报道，2012年除夕夜北京PM2.5数据在短短几小时内暴增80倍，市民开始对是否燃放烟花爆竹进行反思，相对应的，却是节能减排相应政策法规对烟花爆竹燃放监管的缺失。\n\n                   北京雾霾又来侵袭，多日不见阳光，空气中弥散着烟灰的味道，看不见摸不着的PM2.5让人心生恐慌，新一轮口罩采购潮涌起。上一次雾霾的消散基本靠“吹”，而本轮还只能依靠冷空气吗？\n\n                   北京2013年春节烟花爆竹将于2月5日也就是腊月二十五正式开卖，现在烟花鞭炮公司已经开始向各个销售网点配送烟花。10天后，大量烟花爆竹将在城市、乡村的各个角落中升腾、炸响。已经不堪重负的北京空气恐将愈加不堪。', 1, '钼', 1, 'lizhili', '2013-01-31 00:00:00', '2013-01-31 00:00:00', 1),
	(189, '  近期钢厂钼铁招标汇总（920吨/6家）', 'lizhili', 17, 35, '中新网1月30日电 随着春节逐渐临近，每年唯一的烟花爆竹销售燃放季即将开始，这对原本已经屡屡爆表的空气质量无异于雪上加霜。根据媒体报道，2012年除夕夜北京PM2.5数据在短短几小时内暴增80倍，市民开始对是否燃放烟花爆竹进行反思，相对应的，却是节能减排相应政策法规对烟花爆竹燃放监管的缺失。\n\n                   北京雾霾又来侵袭，多日不见阳光，空气中弥散着烟灰的味道，看不见摸不着的PM2.5让人心生恐慌，新一轮口罩采购潮涌起。上一次雾霾的消散基本靠“吹”，而本轮还只能依靠冷空气吗？\n\n                   北京2013年春节烟花爆竹将于2月5日也就是腊月二十五正式开卖，现在烟花鞭炮公司已经开始向各个销售网点配送烟花。10天后，大量烟花爆竹将在城市、乡村的各个角落中升腾、炸响。已经不堪重负的北京空气恐将愈加不堪。', 1, '钼', 1, 'lizhili', '2013-01-31 00:00:00', '2013-01-31 00:00:00', 1),
	(190, '  宝钢提前大幅上调3月份钢价', 'lizhili', 17, 35, '中新网1月30日电 随着春节逐渐临近，每年唯一的烟花爆竹销售燃放季即将开始，这对原本已经屡屡爆表的空气质量无异于雪上加霜。根据媒体报道，2012年除夕夜北京PM2.5数据在短短几小时内暴增80倍，市民开始对是否燃放烟花爆竹进行反思，相对应的，却是节能减排相应政策法规对烟花爆竹燃放监管的缺失。\n\n                   北京雾霾又来侵袭，多日不见阳光，空气中弥散着烟灰的味道，看不见摸不着的PM2.5让人心生恐慌，新一轮口罩采购潮涌起。上一次雾霾的消散基本靠“吹”，而本轮还只能依靠冷空气吗？\n\n                   北京2013年春节烟花爆竹将于2月5日也就是腊月二十五正式开卖，现在烟花鞭炮公司已经开始向各个销售网点配送烟花。10天后，大量烟花爆竹将在城市、乡村的各个角落中升腾、炸响。已经不堪重负的北京空气恐将愈加不堪。', 1, '钼', 1, 'lizhili', '2013-01-31 00:00:00', '2013-01-31 00:00:00', 1),
	(191, '  乌海三美国际矿业高管拜访中信锦州公司', 'lizhili', 17, 35, '中新网1月30日电 随着春节逐渐临近，每年唯一的烟花爆竹销售燃放季即将开始，这对原本已经屡屡爆表的空气质量无异于雪上加霜。根据媒体报道，2012年除夕夜北京PM2.5数据在短短几小时内暴增80倍，市民开始对是否燃放烟花爆竹进行反思，相对应的，却是节能减排相应政策法规对烟花爆竹燃放监管的缺失。\n\n                   北京雾霾又来侵袭，多日不见阳光，空气中弥散着烟灰的味道，看不见摸不着的PM2.5让人心生恐慌，新一轮口罩采购潮涌起。上一次雾霾的消散基本靠“吹”，而本轮还只能依靠冷空气吗？\n\n                   北京2013年春节烟花爆竹将于2月5日也就是腊月二十五正式开卖，现在烟花鞭炮公司已经开始向各个销售网点配送烟花。10天后，大量烟花爆竹将在城市、乡村的各个角落中升腾、炸响。已经不堪重负的北京空气恐将愈加不堪。', 1, '钼', 1, 'lizhili', '2013-01-31 00:00:00', '2013-01-31 00:00:00', 0),
	(192, '  铁路货运提价或上半年推出 提价一分约增收200', 'lizhili', 17, 35, '中新网1月30日电 随着春节逐渐临近，每年唯一的烟花爆竹销售燃放季即将开始，这对原本已经屡屡爆表的空气质量无异于雪上加霜。根据媒体报道，2012年除夕夜北京PM2.5数据在短短几小时内暴增80倍，市民开始对是否燃放烟花爆竹进行反思，相对应的，却是节能减排相应政策法规对烟花爆竹燃放监管的缺失。\n\n                   北京雾霾又来侵袭，多日不见阳光，空气中弥散着烟灰的味道，看不见摸不着的PM2.5让人心生恐慌，新一轮口罩采购潮涌起。上一次雾霾的消散基本靠“吹”，而本轮还只能依靠冷空气吗？\n\n                   北京2013年春节烟花爆竹将于2月5日也就是腊月二十五正式开卖，现在烟花鞭炮公司已经开始向各个销售网点配送烟花。10天后，大量烟花爆竹将在城市、乡村的各个角落中升腾、炸响。已经不堪重负的北京空气恐将愈加不堪。', 1, '钼', 1, 'lizhili', '2013-01-31 00:00:00', '2013-01-31 00:00:00', 1),
	(193, '  宝钢提前大幅上调3月份钢价', 'lizhili', 17, 35, '中新网1月30日电 随着春节逐渐临近，每年唯一的烟花爆竹销售燃放季即将开始，这对原本已经屡屡爆表的空气质量无异于雪上加霜。根据媒体报道，2012年除夕夜北京PM2.5数据在短短几小时内暴增80倍，市民开始对是否燃放烟花爆竹进行反思，相对应的，却是节能减排相应政策法规对烟花爆竹燃放监管的缺失。\n\n                   北京雾霾又来侵袭，多日不见阳光，空气中弥散着烟灰的味道，看不见摸不着的PM2.5让人心生恐慌，新一轮口罩采购潮涌起。上一次雾霾的消散基本靠“吹”，而本轮还只能依靠冷空气吗？\n\n                   北京2013年春节烟花爆竹将于2月5日也就是腊月二十五正式开卖，现在烟花鞭炮公司已经开始向各个销售网点配送烟花。10天后，大量烟花爆竹将在城市、乡村的各个角落中升腾、炸响。已经不堪重负的北京空气恐将愈加不堪。', 1, '钼', 1, 'lizhili', '2013-01-31 00:00:00', '2013-01-31 00:00:00', 0),
	(194, '  铁路货运提价或上半年推出 提价一分约增收200', 'lizhili', 17, 35, '中新网1月30日电 随着春节逐渐临近，每年唯一的烟花爆竹销售燃放季即将开始，这对原本已经屡屡爆表的空气质量无异于雪上加霜。根据媒体报道，2012年除夕夜北京PM2.5数据在短短几小时内暴增80倍，市民开始对是否燃放烟花爆竹进行反思，相对应的，却是节能减排相应政策法规对烟花爆竹燃放监管的缺失。\n\n                   北京雾霾又来侵袭，多日不见阳光，空气中弥散着烟灰的味道，看不见摸不着的PM2.5让人心生恐慌，新一轮口罩采购潮涌起。上一次雾霾的消散基本靠“吹”，而本轮还只能依靠冷空气吗？\n\n                   北京2013年春节烟花爆竹将于2月5日也就是腊月二十五正式开卖，现在烟花鞭炮公司已经开始向各个销售网点配送烟花。10天后，大量烟花爆竹将在城市、乡村的各个角落中升腾、炸响。已经不堪重负的北京空气恐将愈加不堪。', 1, '钼', 1, 'lizhili', '2013-01-31 00:00:00', '2013-01-31 00:00:00', 1),
	(195, '  2013年固定资产投资预计增8万亿 多省GDP预增1', 'lizhili', 17, 35, '中新网1月30日电 随着春节逐渐临近，每年唯一的烟花爆竹销售燃放季即将开始，这对原本已经屡屡爆表的空气质量无异于雪上加霜。根据媒体报道，2012年除夕夜北京PM2.5数据在短短几小时内暴增80倍，市民开始对是否燃放烟花爆竹进行反思，相对应的，却是节能减排相应政策法规对烟花爆竹燃放监管的缺失。\n\n                   北京雾霾又来侵袭，多日不见阳光，空气中弥散着烟灰的味道，看不见摸不着的PM2.5让人心生恐慌，新一轮口罩采购潮涌起。上一次雾霾的消散基本靠“吹”，而本轮还只能依靠冷空气吗？\n\n                   北京2013年春节烟花爆竹将于2月5日也就是腊月二十五正式开卖，现在烟花鞭炮公司已经开始向各个销售网点配送烟花。10天后，大量烟花爆竹将在城市、乡村的各个角落中升腾、炸响。已经不堪重负的北京空气恐将愈加不堪。', 1, '钼', 1, 'lizhili', '2013-01-31 00:00:00', '2013-01-31 00:00:00', 0),
	(196, '  宝钢提前大幅上调3月份钢价', 'lizhili', 17, 35, '中新网1月30日电 随着春节逐渐临近，每年唯一的烟花爆竹销售燃放季即将开始，这对原本已经屡屡爆表的空气质量无异于雪上加霜。根据媒体报道，2012年除夕夜北京PM2.5数据在短短几小时内暴增80倍，市民开始对是否燃放烟花爆竹进行反思，相对应的，却是节能减排相应政策法规对烟花爆竹燃放监管的缺失。\n\n                   北京雾霾又来侵袭，多日不见阳光，空气中弥散着烟灰的味道，看不见摸不着的PM2.5让人心生恐慌，新一轮口罩采购潮涌起。上一次雾霾的消散基本靠“吹”，而本轮还只能依靠冷空气吗？\n\n                   北京2013年春节烟花爆竹将于2月5日也就是腊月二十五正式开卖，现在烟花鞭炮公司已经开始向各个销售网点配送烟花。10天后，大量烟花爆竹将在城市、乡村的各个角落中升腾、炸响。已经不堪重负的北京空气恐将愈加不堪。', 1, '钼', 1, 'lizhili', '2013-01-31 00:00:00', '2013-01-31 00:00:00', 0),
	(197, '  2012年12月全国进口铁合金分国别统计', 'lizhili', 17, 35, '中新网1月30日电 随着春节逐渐临近，每年唯一的烟花爆竹销售燃放季即将开始，这对原本已经屡屡爆表的空气质量无异于雪上加霜。根据媒体报道，2012年除夕夜北京PM2.5数据在短短几小时内暴增80倍，市民开始对是否燃放烟花爆竹进行反思，相对应的，却是节能减排相应政策法规对烟花爆竹燃放监管的缺失。\n\n                   北京雾霾又来侵袭，多日不见阳光，空气中弥散着烟灰的味道，看不见摸不着的PM2.5让人心生恐慌，新一轮口罩采购潮涌起。上一次雾霾的消散基本靠“吹”，而本轮还只能依靠冷空气吗？\n\n                   北京2013年春节烟花爆竹将于2月5日也就是腊月二十五正式开卖，现在烟花鞭炮公司已经开始向各个销售网点配送烟花。10天后，大量烟花爆竹将在城市、乡村的各个角落中升腾、炸响。已经不堪重负的北京空气恐将愈加不堪。', 1, '钼', 1, 'lizhili', '2013-01-31 00:00:00', '2013-01-31 00:00:00', 1),
	(198, '  2012年我国新增铁、锰、镍、钨、钼矿资源储量', 'lizhili', 17, 35, '中新网1月30日电 随着春节逐渐临近，每年唯一的烟花爆竹销售燃放季即将开始，这对原本已经屡屡爆表的空气质量无异于雪上加霜。根据媒体报道，2012年除夕夜北京PM2.5数据在短短几小时内暴增80倍，市民开始对是否燃放烟花爆竹进行反思，相对应的，却是节能减排相应政策法规对烟花爆竹燃放监管的缺失。\n\n                   北京雾霾又来侵袭，多日不见阳光，空气中弥散着烟灰的味道，看不见摸不着的PM2.5让人心生恐慌，新一轮口罩采购潮涌起。上一次雾霾的消散基本靠“吹”，而本轮还只能依靠冷空气吗？\n\n                   北京2013年春节烟花爆竹将于2月5日也就是腊月二十五正式开卖，现在烟花鞭炮公司已经开始向各个销售网点配送烟花。10天后，大量烟花爆竹将在城市、乡村的各个角落中升腾、炸响。已经不堪重负的北京空气恐将愈加不堪。', 1, '钼', 1, 'lizhili', '2013-01-31 00:00:00', '2013-01-31 00:00:00', 1),
	(199, '  宝钢提前大幅上调3月份钢价', 'lizhili', 17, 35, '中新网1月30日电 随着春节逐渐临近，每年唯一的烟花爆竹销售燃放季即将开始，这对原本已经屡屡爆表的空气质量无异于雪上加霜。根据媒体报道，2012年除夕夜北京PM2.5数据在短短几小时内暴增80倍，市民开始对是否燃放烟花爆竹进行反思，相对应的，却是节能减排相应政策法规对烟花爆竹燃放监管的缺失。\n\n                   北京雾霾又来侵袭，多日不见阳光，空气中弥散着烟灰的味道，看不见摸不着的PM2.5让人心生恐慌，新一轮口罩采购潮涌起。上一次雾霾的消散基本靠“吹”，而本轮还只能依靠冷空气吗？\n\n                   北京2013年春节烟花爆竹将于2月5日也就是腊月二十五正式开卖，现在烟花鞭炮公司已经开始向各个销售网点配送烟花。10天后，大量烟花爆竹将在城市、乡村的各个角落中升腾、炸响。已经不堪重负的北京空气恐将愈加不堪。', 1, '钼', 1, 'lizhili', '2013-01-31 00:00:00', '2013-01-31 00:00:00', 1),
	(200, '  有色金属行业:钓鱼岛争端升温,战争金属上火,', 'lizhili', 17, 35, '中新网1月30日电 随着春节逐渐临近，每年唯一的烟花爆竹销售燃放季即将开始，这对原本已经屡屡爆表的空气质量无异于雪上加霜。根据媒体报道，2012年除夕夜北京PM2.5数据在短短几小时内暴增80倍，市民开始对是否燃放烟花爆竹进行反思，相对应的，却是节能减排相应政策法规对烟花爆竹燃放监管的缺失。\n\n                   北京雾霾又来侵袭，多日不见阳光，空气中弥散着烟灰的味道，看不见摸不着的PM2.5让人心生恐慌，新一轮口罩采购潮涌起。上一次雾霾的消散基本靠“吹”，而本轮还只能依靠冷空气吗？\n\n                   北京2013年春节烟花爆竹将于2月5日也就是腊月二十五正式开卖，现在烟花鞭炮公司已经开始向各个销售网点配送烟花。10天后，大量烟花爆竹将在城市、乡村的各个角落中升腾、炸响。已经不堪重负的北京空气恐将愈加不堪。', 1, '钼', 1, 'lizhili', '2013-01-31 00:00:00', '2013-01-31 00:00:00', 1),
	(201, '  辽宁发生5.1级地震 当地矿企未受影响', 'lizhili', 17, 35, '中新网1月30日电 随着春节逐渐临近，每年唯一的烟花爆竹销售燃放季即将开始，这对原本已经屡屡爆表的空气质量无异于雪上加霜。根据媒体报道，2012年除夕夜北京PM2.5数据在短短几小时内暴增80倍，市民开始对是否燃放烟花爆竹进行反思，相对应的，却是节能减排相应政策法规对烟花爆竹燃放监管的缺失。\n\n                   北京雾霾又来侵袭，多日不见阳光，空气中弥散着烟灰的味道，看不见摸不着的PM2.5让人心生恐慌，新一轮口罩采购潮涌起。上一次雾霾的消散基本靠“吹”，而本轮还只能依靠冷空气吗？\n\n                   北京2013年春节烟花爆竹将于2月5日也就是腊月二十五正式开卖，现在烟花鞭炮公司已经开始向各个销售网点配送烟花。10天后，大量烟花爆竹将在城市、乡村的各个角落中升腾、炸响。已经不堪重负的北京空气恐将愈加不堪。', 1, '钼', 1, 'lizhili', '2013-01-31 00:00:00', '2013-01-31 00:00:00', 1),
	(202, '  铁路货运提价或上半年推出 提价一分约增收200', 'lizhili', 17, 35, '中新网1月30日电 随着春节逐渐临近，每年唯一的烟花爆竹销售燃放季即将开始，这对原本已经屡屡爆表的空气质量无异于雪上加霜。根据媒体报道，2012年除夕夜北京PM2.5数据在短短几小时内暴增80倍，市民开始对是否燃放烟花爆竹进行反思，相对应的，却是节能减排相应政策法规对烟花爆竹燃放监管的缺失。\n\n                   北京雾霾又来侵袭，多日不见阳光，空气中弥散着烟灰的味道，看不见摸不着的PM2.5让人心生恐慌，新一轮口罩采购潮涌起。上一次雾霾的消散基本靠“吹”，而本轮还只能依靠冷空气吗？\n\n                   北京2013年春节烟花爆竹将于2月5日也就是腊月二十五正式开卖，现在烟花鞭炮公司已经开始向各个销售网点配送烟花。10天后，大量烟花爆竹将在城市、乡村的各个角落中升腾、炸响。已经不堪重负的北京空气恐将愈加不堪。', 1, '钼', 1, 'lizhili', '2013-01-31 00:00:00', '2013-01-31 00:00:00', 1),
	(203, '  乌海三美国际矿业高管拜访中信锦州公司', 'lizhili', 17, 35, '中新网1月30日电 随着春节逐渐临近，每年唯一的烟花爆竹销售燃放季即将开始，这对原本已经屡屡爆表的空气质量无异于雪上加霜。根据媒体报道，2012年除夕夜北京PM2.5数据在短短几小时内暴增80倍，市民开始对是否燃放烟花爆竹进行反思，相对应的，却是节能减排相应政策法规对烟花爆竹燃放监管的缺失。\n\n                   北京雾霾又来侵袭，多日不见阳光，空气中弥散着烟灰的味道，看不见摸不着的PM2.5让人心生恐慌，新一轮口罩采购潮涌起。上一次雾霾的消散基本靠“吹”，而本轮还只能依靠冷空气吗？\n\n                   北京2013年春节烟花爆竹将于2月5日也就是腊月二十五正式开卖，现在烟花鞭炮公司已经开始向各个销售网点配送烟花。10天后，大量烟花爆竹将在城市、乡村的各个角落中升腾、炸响。已经不堪重负的北京空气恐将愈加不堪。', 1, '钼', 1, 'lizhili', '2013-01-31 00:00:00', '2013-01-31 00:00:00', 0),
	(204, '  2013年固定资产投资预计增8万亿 多省GDP预增1', 'lizhili', 17, 35, '中新网1月30日电 随着春节逐渐临近，每年唯一的烟花爆竹销售燃放季即将开始，这对原本已经屡屡爆表的空气质量无异于雪上加霜。根据媒体报道，2012年除夕夜北京PM2.5数据在短短几小时内暴增80倍，市民开始对是否燃放烟花爆竹进行反思，相对应的，却是节能减排相应政策法规对烟花爆竹燃放监管的缺失。\n\n                   北京雾霾又来侵袭，多日不见阳光，空气中弥散着烟灰的味道，看不见摸不着的PM2.5让人心生恐慌，新一轮口罩采购潮涌起。上一次雾霾的消散基本靠“吹”，而本轮还只能依靠冷空气吗？\n\n                   北京2013年春节烟花爆竹将于2月5日也就是腊月二十五正式开卖，现在烟花鞭炮公司已经开始向各个销售网点配送烟花。10天后，大量烟花爆竹将在城市、乡村的各个角落中升腾、炸响。已经不堪重负的北京空气恐将愈加不堪。', 1, '钼', 1, 'lizhili', '2013-01-31 00:00:00', '2013-01-31 00:00:00', 1),
	(205, '  武钢预计今年减税7300万', 'lizhili', 17, 35, '中新网1月30日电 随着春节逐渐临近，每年唯一的烟花爆竹销售燃放季即将开始，这对原本已经屡屡爆表的空气质量无异于雪上加霜。根据媒体报道，2012年除夕夜北京PM2.5数据在短短几小时内暴增80倍，市民开始对是否燃放烟花爆竹进行反思，相对应的，却是节能减排相应政策法规对烟花爆竹燃放监管的缺失。\n\n                   北京雾霾又来侵袭，多日不见阳光，空气中弥散着烟灰的味道，看不见摸不着的PM2.5让人心生恐慌，新一轮口罩采购潮涌起。上一次雾霾的消散基本靠“吹”，而本轮还只能依靠冷空气吗？\n\n                   北京2013年春节烟花爆竹将于2月5日也就是腊月二十五正式开卖，现在烟花鞭炮公司已经开始向各个销售网点配送烟花。10天后，大量烟花爆竹将在城市、乡村的各个角落中升腾、炸响。已经不堪重负的北京空气恐将愈加不堪。', 1, '钼', 1, 'lizhili', '2013-01-31 00:00:00', '2013-01-31 00:00:00', 0),
	(206, '  2013年固定资产投资预计增8万亿 多省GDP预增1', 'lizhili', 17, 35, '中新网1月30日电 随着春节逐渐临近，每年唯一的烟花爆竹销售燃放季即将开始，这对原本已经屡屡爆表的空气质量无异于雪上加霜。根据媒体报道，2012年除夕夜北京PM2.5数据在短短几小时内暴增80倍，市民开始对是否燃放烟花爆竹进行反思，相对应的，却是节能减排相应政策法规对烟花爆竹燃放监管的缺失。\n\n                   北京雾霾又来侵袭，多日不见阳光，空气中弥散着烟灰的味道，看不见摸不着的PM2.5让人心生恐慌，新一轮口罩采购潮涌起。上一次雾霾的消散基本靠“吹”，而本轮还只能依靠冷空气吗？\n\n                   北京2013年春节烟花爆竹将于2月5日也就是腊月二十五正式开卖，现在烟花鞭炮公司已经开始向各个销售网点配送烟花。10天后，大量烟花爆竹将在城市、乡村的各个角落中升腾、炸响。已经不堪重负的北京空气恐将愈加不堪。', 1, '钼', 1, 'lizhili', '2013-01-31 00:00:00', '2013-01-31 00:00:00', 0),
	(207, '  武钢预计今年减税7300万', 'lizhili', 17, 35, '中新网1月30日电 随着春节逐渐临近，每年唯一的烟花爆竹销售燃放季即将开始，这对原本已经屡屡爆表的空气质量无异于雪上加霜。根据媒体报道，2012年除夕夜北京PM2.5数据在短短几小时内暴增80倍，市民开始对是否燃放烟花爆竹进行反思，相对应的，却是节能减排相应政策法规对烟花爆竹燃放监管的缺失。\n\n                   北京雾霾又来侵袭，多日不见阳光，空气中弥散着烟灰的味道，看不见摸不着的PM2.5让人心生恐慌，新一轮口罩采购潮涌起。上一次雾霾的消散基本靠“吹”，而本轮还只能依靠冷空气吗？\n\n                   北京2013年春节烟花爆竹将于2月5日也就是腊月二十五正式开卖，现在烟花鞭炮公司已经开始向各个销售网点配送烟花。10天后，大量烟花爆竹将在城市、乡村的各个角落中升腾、炸响。已经不堪重负的北京空气恐将愈加不堪。', 1, '钼', 1, 'lizhili', '2013-01-31 00:00:00', '2013-01-31 00:00:00', 1),
	(208, '  乌海三美国际矿业高管拜访中信锦州公司', 'lizhili', 17, 35, '中新网1月30日电 随着春节逐渐临近，每年唯一的烟花爆竹销售燃放季即将开始，这对原本已经屡屡爆表的空气质量无异于雪上加霜。根据媒体报道，2012年除夕夜北京PM2.5数据在短短几小时内暴增80倍，市民开始对是否燃放烟花爆竹进行反思，相对应的，却是节能减排相应政策法规对烟花爆竹燃放监管的缺失。\n\n                   北京雾霾又来侵袭，多日不见阳光，空气中弥散着烟灰的味道，看不见摸不着的PM2.5让人心生恐慌，新一轮口罩采购潮涌起。上一次雾霾的消散基本靠“吹”，而本轮还只能依靠冷空气吗？\n\n                   北京2013年春节烟花爆竹将于2月5日也就是腊月二十五正式开卖，现在烟花鞭炮公司已经开始向各个销售网点配送烟花。10天后，大量烟花爆竹将在城市、乡村的各个角落中升腾、炸响。已经不堪重负的北京空气恐将愈加不堪。', 1, '钼', 1, 'lizhili', '2013-01-31 00:00:00', '2013-01-31 00:00:00', 1),
	(209, '  我国确定今年工业节能减排目标', 'lizhili', 17, 35, '中新网1月30日电 随着春节逐渐临近，每年唯一的烟花爆竹销售燃放季即将开始，这对原本已经屡屡爆表的空气质量无异于雪上加霜。根据媒体报道，2012年除夕夜北京PM2.5数据在短短几小时内暴增80倍，市民开始对是否燃放烟花爆竹进行反思，相对应的，却是节能减排相应政策法规对烟花爆竹燃放监管的缺失。\n\n                   北京雾霾又来侵袭，多日不见阳光，空气中弥散着烟灰的味道，看不见摸不着的PM2.5让人心生恐慌，新一轮口罩采购潮涌起。上一次雾霾的消散基本靠“吹”，而本轮还只能依靠冷空气吗？\n\n                   北京2013年春节烟花爆竹将于2月5日也就是腊月二十五正式开卖，现在烟花鞭炮公司已经开始向各个销售网点配送烟花。10天后，大量烟花爆竹将在城市、乡村的各个角落中升腾、炸响。已经不堪重负的北京空气恐将愈加不堪。', 1, '钼', 1, 'lizhili', '2013-01-31 00:00:00', '2013-01-31 00:00:00', 1),
	(210, '  2013年固定资产投资预计增8万亿 多省GDP预增1', 'lizhili', 17, 35, '中新网1月30日电 随着春节逐渐临近，每年唯一的烟花爆竹销售燃放季即将开始，这对原本已经屡屡爆表的空气质量无异于雪上加霜。根据媒体报道，2012年除夕夜北京PM2.5数据在短短几小时内暴增80倍，市民开始对是否燃放烟花爆竹进行反思，相对应的，却是节能减排相应政策法规对烟花爆竹燃放监管的缺失。\n\n                   北京雾霾又来侵袭，多日不见阳光，空气中弥散着烟灰的味道，看不见摸不着的PM2.5让人心生恐慌，新一轮口罩采购潮涌起。上一次雾霾的消散基本靠“吹”，而本轮还只能依靠冷空气吗？\n\n                   北京2013年春节烟花爆竹将于2月5日也就是腊月二十五正式开卖，现在烟花鞭炮公司已经开始向各个销售网点配送烟花。10天后，大量烟花爆竹将在城市、乡村的各个角落中升腾、炸响。已经不堪重负的北京空气恐将愈加不堪。', 1, '钼', 1, 'lizhili', '2013-01-31 00:00:00', '2013-01-31 00:00:00', 1),
	(211, '  2012年12月全国进口铁合金分国别统计', 'lizhili', 17, 35, '中新网1月30日电 随着春节逐渐临近，每年唯一的烟花爆竹销售燃放季即将开始，这对原本已经屡屡爆表的空气质量无异于雪上加霜。根据媒体报道，2012年除夕夜北京PM2.5数据在短短几小时内暴增80倍，市民开始对是否燃放烟花爆竹进行反思，相对应的，却是节能减排相应政策法规对烟花爆竹燃放监管的缺失。\n\n                   北京雾霾又来侵袭，多日不见阳光，空气中弥散着烟灰的味道，看不见摸不着的PM2.5让人心生恐慌，新一轮口罩采购潮涌起。上一次雾霾的消散基本靠“吹”，而本轮还只能依靠冷空气吗？\n\n                   北京2013年春节烟花爆竹将于2月5日也就是腊月二十五正式开卖，现在烟花鞭炮公司已经开始向各个销售网点配送烟花。10天后，大量烟花爆竹将在城市、乡村的各个角落中升腾、炸响。已经不堪重负的北京空气恐将愈加不堪。', 1, '钼', 1, 'lizhili', '2013-01-31 00:00:00', '2013-01-31 00:00:00', 1),
	(212, '  武钢预计今年减税7300万', 'lizhili', 17, 35, '中新网1月30日电 随着春节逐渐临近，每年唯一的烟花爆竹销售燃放季即将开始，这对原本已经屡屡爆表的空气质量无异于雪上加霜。根据媒体报道，2012年除夕夜北京PM2.5数据在短短几小时内暴增80倍，市民开始对是否燃放烟花爆竹进行反思，相对应的，却是节能减排相应政策法规对烟花爆竹燃放监管的缺失。\n\n                   北京雾霾又来侵袭，多日不见阳光，空气中弥散着烟灰的味道，看不见摸不着的PM2.5让人心生恐慌，新一轮口罩采购潮涌起。上一次雾霾的消散基本靠“吹”，而本轮还只能依靠冷空气吗？\n\n                   北京2013年春节烟花爆竹将于2月5日也就是腊月二十五正式开卖，现在烟花鞭炮公司已经开始向各个销售网点配送烟花。10天后，大量烟花爆竹将在城市、乡村的各个角落中升腾、炸响。已经不堪重负的北京空气恐将愈加不堪。', 1, '钼', 1, 'lizhili', '2013-01-31 00:00:00', '2013-01-31 00:00:00', 1),
	(213, '  近期钢厂钼铁招标汇总（920吨/6家）', 'lizhili', 17, 35, '中新网1月30日电 随着春节逐渐临近，每年唯一的烟花爆竹销售燃放季即将开始，这对原本已经屡屡爆表的空气质量无异于雪上加霜。根据媒体报道，2012年除夕夜北京PM2.5数据在短短几小时内暴增80倍，市民开始对是否燃放烟花爆竹进行反思，相对应的，却是节能减排相应政策法规对烟花爆竹燃放监管的缺失。\n\n                   北京雾霾又来侵袭，多日不见阳光，空气中弥散着烟灰的味道，看不见摸不着的PM2.5让人心生恐慌，新一轮口罩采购潮涌起。上一次雾霾的消散基本靠“吹”，而本轮还只能依靠冷空气吗？\n\n                   北京2013年春节烟花爆竹将于2月5日也就是腊月二十五正式开卖，现在烟花鞭炮公司已经开始向各个销售网点配送烟花。10天后，大量烟花爆竹将在城市、乡村的各个角落中升腾、炸响。已经不堪重负的北京空气恐将愈加不堪。', 1, '钼', 1, 'lizhili', '2013-01-31 00:00:00', '2013-01-31 00:00:00', 0),
	(214, '  辽宁发生5.1级地震 当地矿企未受影响', 'lizhili', 17, 35, '中新网1月30日电 随着春节逐渐临近，每年唯一的烟花爆竹销售燃放季即将开始，这对原本已经屡屡爆表的空气质量无异于雪上加霜。根据媒体报道，2012年除夕夜北京PM2.5数据在短短几小时内暴增80倍，市民开始对是否燃放烟花爆竹进行反思，相对应的，却是节能减排相应政策法规对烟花爆竹燃放监管的缺失。\n\n                   北京雾霾又来侵袭，多日不见阳光，空气中弥散着烟灰的味道，看不见摸不着的PM2.5让人心生恐慌，新一轮口罩采购潮涌起。上一次雾霾的消散基本靠“吹”，而本轮还只能依靠冷空气吗？\n\n                   北京2013年春节烟花爆竹将于2月5日也就是腊月二十五正式开卖，现在烟花鞭炮公司已经开始向各个销售网点配送烟花。10天后，大量烟花爆竹将在城市、乡村的各个角落中升腾、炸响。已经不堪重负的北京空气恐将愈加不堪。', 1, '钼', 1, 'lizhili', '2013-01-31 00:00:00', '2013-01-31 00:00:00', 0),
	(215, '  2012年我国新增铁、锰、镍、钨、钼矿资源储量', 'lizhili', 17, 35, '中新网1月30日电 随着春节逐渐临近，每年唯一的烟花爆竹销售燃放季即将开始，这对原本已经屡屡爆表的空气质量无异于雪上加霜。根据媒体报道，2012年除夕夜北京PM2.5数据在短短几小时内暴增80倍，市民开始对是否燃放烟花爆竹进行反思，相对应的，却是节能减排相应政策法规对烟花爆竹燃放监管的缺失。\n\n                   北京雾霾又来侵袭，多日不见阳光，空气中弥散着烟灰的味道，看不见摸不着的PM2.5让人心生恐慌，新一轮口罩采购潮涌起。上一次雾霾的消散基本靠“吹”，而本轮还只能依靠冷空气吗？\n\n                   北京2013年春节烟花爆竹将于2月5日也就是腊月二十五正式开卖，现在烟花鞭炮公司已经开始向各个销售网点配送烟花。10天后，大量烟花爆竹将在城市、乡村的各个角落中升腾、炸响。已经不堪重负的北京空气恐将愈加不堪。', 1, '钼', 1, 'lizhili', '2013-01-31 00:00:00', '2013-01-31 00:00:00', 0),
	(216, '  辽宁发生5.1级地震 当地矿企未受影响', 'lizhili', 17, 35, '中新网1月30日电 随着春节逐渐临近，每年唯一的烟花爆竹销售燃放季即将开始，这对原本已经屡屡爆表的空气质量无异于雪上加霜。根据媒体报道，2012年除夕夜北京PM2.5数据在短短几小时内暴增80倍，市民开始对是否燃放烟花爆竹进行反思，相对应的，却是节能减排相应政策法规对烟花爆竹燃放监管的缺失。\n\n                   北京雾霾又来侵袭，多日不见阳光，空气中弥散着烟灰的味道，看不见摸不着的PM2.5让人心生恐慌，新一轮口罩采购潮涌起。上一次雾霾的消散基本靠“吹”，而本轮还只能依靠冷空气吗？\n\n                   北京2013年春节烟花爆竹将于2月5日也就是腊月二十五正式开卖，现在烟花鞭炮公司已经开始向各个销售网点配送烟花。10天后，大量烟花爆竹将在城市、乡村的各个角落中升腾、炸响。已经不堪重负的北京空气恐将愈加不堪。', 1, '钼', 1, 'lizhili', '2013-01-31 00:00:00', '2013-01-31 00:00:00', 0),
	(217, '  2013年固定资产投资预计增8万亿 多省GDP预增1', 'lizhili', 17, 35, '中新网1月30日电 随着春节逐渐临近，每年唯一的烟花爆竹销售燃放季即将开始，这对原本已经屡屡爆表的空气质量无异于雪上加霜。根据媒体报道，2012年除夕夜北京PM2.5数据在短短几小时内暴增80倍，市民开始对是否燃放烟花爆竹进行反思，相对应的，却是节能减排相应政策法规对烟花爆竹燃放监管的缺失。\n\n                   北京雾霾又来侵袭，多日不见阳光，空气中弥散着烟灰的味道，看不见摸不着的PM2.5让人心生恐慌，新一轮口罩采购潮涌起。上一次雾霾的消散基本靠“吹”，而本轮还只能依靠冷空气吗？\n\n                   北京2013年春节烟花爆竹将于2月5日也就是腊月二十五正式开卖，现在烟花鞭炮公司已经开始向各个销售网点配送烟花。10天后，大量烟花爆竹将在城市、乡村的各个角落中升腾、炸响。已经不堪重负的北京空气恐将愈加不堪。', 1, '钼', 1, 'lizhili', '2013-01-31 00:00:00', '2013-01-31 00:00:00', 1),
	(218, '  宝钢提前大幅上调3月份钢价', 'lizhili', 17, 35, '中新网1月30日电 随着春节逐渐临近，每年唯一的烟花爆竹销售燃放季即将开始，这对原本已经屡屡爆表的空气质量无异于雪上加霜。根据媒体报道，2012年除夕夜北京PM2.5数据在短短几小时内暴增80倍，市民开始对是否燃放烟花爆竹进行反思，相对应的，却是节能减排相应政策法规对烟花爆竹燃放监管的缺失。\n\n                   北京雾霾又来侵袭，多日不见阳光，空气中弥散着烟灰的味道，看不见摸不着的PM2.5让人心生恐慌，新一轮口罩采购潮涌起。上一次雾霾的消散基本靠“吹”，而本轮还只能依靠冷空气吗？\n\n                   北京2013年春节烟花爆竹将于2月5日也就是腊月二十五正式开卖，现在烟花鞭炮公司已经开始向各个销售网点配送烟花。10天后，大量烟花爆竹将在城市、乡村的各个角落中升腾、炸响。已经不堪重负的北京空气恐将愈加不堪。', 1, '钼', 1, 'lizhili', '2013-01-31 00:00:00', '2013-01-31 00:00:00', 1),
	(219, '  近期钢厂钼铁招标汇总（920吨/6家）', 'lizhili', 17, 35, '中新网1月30日电 随着春节逐渐临近，每年唯一的烟花爆竹销售燃放季即将开始，这对原本已经屡屡爆表的空气质量无异于雪上加霜。根据媒体报道，2012年除夕夜北京PM2.5数据在短短几小时内暴增80倍，市民开始对是否燃放烟花爆竹进行反思，相对应的，却是节能减排相应政策法规对烟花爆竹燃放监管的缺失。\n\n                   北京雾霾又来侵袭，多日不见阳光，空气中弥散着烟灰的味道，看不见摸不着的PM2.5让人心生恐慌，新一轮口罩采购潮涌起。上一次雾霾的消散基本靠“吹”，而本轮还只能依靠冷空气吗？\n\n                   北京2013年春节烟花爆竹将于2月5日也就是腊月二十五正式开卖，现在烟花鞭炮公司已经开始向各个销售网点配送烟花。10天后，大量烟花爆竹将在城市、乡村的各个角落中升腾、炸响。已经不堪重负的北京空气恐将愈加不堪。', 1, '钼', 1, 'lizhili', '2013-01-31 00:00:00', '2013-01-31 00:00:00', 0),
	(220, '  2012国内粗钢产量7.17亿吨 钢铁转向低速增长', 'lizhili', 17, 35, '中新网1月30日电 随着春节逐渐临近，每年唯一的烟花爆竹销售燃放季即将开始，这对原本已经屡屡爆表的空气质量无异于雪上加霜。根据媒体报道，2012年除夕夜北京PM2.5数据在短短几小时内暴增80倍，市民开始对是否燃放烟花爆竹进行反思，相对应的，却是节能减排相应政策法规对烟花爆竹燃放监管的缺失。\n\n                   北京雾霾又来侵袭，多日不见阳光，空气中弥散着烟灰的味道，看不见摸不着的PM2.5让人心生恐慌，新一轮口罩采购潮涌起。上一次雾霾的消散基本靠“吹”，而本轮还只能依靠冷空气吗？\n\n                   北京2013年春节烟花爆竹将于2月5日也就是腊月二十五正式开卖，现在烟花鞭炮公司已经开始向各个销售网点配送烟花。10天后，大量烟花爆竹将在城市、乡村的各个角落中升腾、炸响。已经不堪重负的北京空气恐将愈加不堪。', 1, '钼', 1, 'lizhili', '2013-01-31 00:00:00', '2013-01-31 00:00:00', 1),
	(221, '  钼股份荣获“陕西省质量信用等级A级企业”称', 'lizhili', 17, 35, '中新网1月30日电 随着春节逐渐临近，每年唯一的烟花爆竹销售燃放季即将开始，这对原本已经屡屡爆表的空气质量无异于雪上加霜。根据媒体报道，2012年除夕夜北京PM2.5数据在短短几小时内暴增80倍，市民开始对是否燃放烟花爆竹进行反思，相对应的，却是节能减排相应政策法规对烟花爆竹燃放监管的缺失。\n\n                   北京雾霾又来侵袭，多日不见阳光，空气中弥散着烟灰的味道，看不见摸不着的PM2.5让人心生恐慌，新一轮口罩采购潮涌起。上一次雾霾的消散基本靠“吹”，而本轮还只能依靠冷空气吗？\n\n                   北京2013年春节烟花爆竹将于2月5日也就是腊月二十五正式开卖，现在烟花鞭炮公司已经开始向各个销售网点配送烟花。10天后，大量烟花爆竹将在城市、乡村的各个角落中升腾、炸响。已经不堪重负的北京空气恐将愈加不堪。', 1, '钼', 1, 'lizhili', '2013-01-31 00:00:00', '2013-01-31 00:00:00', 1),
	(222, '  有色金属行业:钓鱼岛争端升温,战争金属上火,', 'lizhili', 17, 35, '中新网1月30日电 随着春节逐渐临近，每年唯一的烟花爆竹销售燃放季即将开始，这对原本已经屡屡爆表的空气质量无异于雪上加霜。根据媒体报道，2012年除夕夜北京PM2.5数据在短短几小时内暴增80倍，市民开始对是否燃放烟花爆竹进行反思，相对应的，却是节能减排相应政策法规对烟花爆竹燃放监管的缺失。\n\n                   北京雾霾又来侵袭，多日不见阳光，空气中弥散着烟灰的味道，看不见摸不着的PM2.5让人心生恐慌，新一轮口罩采购潮涌起。上一次雾霾的消散基本靠“吹”，而本轮还只能依靠冷空气吗？\n\n                   北京2013年春节烟花爆竹将于2月5日也就是腊月二十五正式开卖，现在烟花鞭炮公司已经开始向各个销售网点配送烟花。10天后，大量烟花爆竹将在城市、乡村的各个角落中升腾、炸响。已经不堪重负的北京空气恐将愈加不堪。', 1, '钼', 1, 'lizhili', '2013-01-31 00:00:00', '2013-01-31 00:00:00', 0),
	(223, '  2012年12月全国进口铁合金分关别统计', 'lizhili', 17, 35, '中新网1月30日电 随着春节逐渐临近，每年唯一的烟花爆竹销售燃放季即将开始，这对原本已经屡屡爆表的空气质量无异于雪上加霜。根据媒体报道，2012年除夕夜北京PM2.5数据在短短几小时内暴增80倍，市民开始对是否燃放烟花爆竹进行反思，相对应的，却是节能减排相应政策法规对烟花爆竹燃放监管的缺失。\n\n                   北京雾霾又来侵袭，多日不见阳光，空气中弥散着烟灰的味道，看不见摸不着的PM2.5让人心生恐慌，新一轮口罩采购潮涌起。上一次雾霾的消散基本靠“吹”，而本轮还只能依靠冷空气吗？\n\n                   北京2013年春节烟花爆竹将于2月5日也就是腊月二十五正式开卖，现在烟花鞭炮公司已经开始向各个销售网点配送烟花。10天后，大量烟花爆竹将在城市、乡村的各个角落中升腾、炸响。已经不堪重负的北京空气恐将愈加不堪。', 1, '钼', 1, 'lizhili', '2013-01-31 00:00:00', '2013-01-31 00:00:00', 1),
	(224, '  武钢预计今年减税7300万', 'lizhili', 17, 35, '中新网1月30日电 随着春节逐渐临近，每年唯一的烟花爆竹销售燃放季即将开始，这对原本已经屡屡爆表的空气质量无异于雪上加霜。根据媒体报道，2012年除夕夜北京PM2.5数据在短短几小时内暴增80倍，市民开始对是否燃放烟花爆竹进行反思，相对应的，却是节能减排相应政策法规对烟花爆竹燃放监管的缺失。\n\n                   北京雾霾又来侵袭，多日不见阳光，空气中弥散着烟灰的味道，看不见摸不着的PM2.5让人心生恐慌，新一轮口罩采购潮涌起。上一次雾霾的消散基本靠“吹”，而本轮还只能依靠冷空气吗？\n\n                   北京2013年春节烟花爆竹将于2月5日也就是腊月二十五正式开卖，现在烟花鞭炮公司已经开始向各个销售网点配送烟花。10天后，大量烟花爆竹将在城市、乡村的各个角落中升腾、炸响。已经不堪重负的北京空气恐将愈加不堪。', 1, '钼', 1, 'lizhili', '2013-01-31 00:00:00', '2013-01-31 00:00:00', 1),
	(225, '  2012年12月全国进口铁合金分国别统计', 'lizhili', 17, 35, '中新网1月30日电 随着春节逐渐临近，每年唯一的烟花爆竹销售燃放季即将开始，这对原本已经屡屡爆表的空气质量无异于雪上加霜。根据媒体报道，2012年除夕夜北京PM2.5数据在短短几小时内暴增80倍，市民开始对是否燃放烟花爆竹进行反思，相对应的，却是节能减排相应政策法规对烟花爆竹燃放监管的缺失。\n\n                   北京雾霾又来侵袭，多日不见阳光，空气中弥散着烟灰的味道，看不见摸不着的PM2.5让人心生恐慌，新一轮口罩采购潮涌起。上一次雾霾的消散基本靠“吹”，而本轮还只能依靠冷空气吗？\n\n                   北京2013年春节烟花爆竹将于2月5日也就是腊月二十五正式开卖，现在烟花鞭炮公司已经开始向各个销售网点配送烟花。10天后，大量烟花爆竹将在城市、乡村的各个角落中升腾、炸响。已经不堪重负的北京空气恐将愈加不堪。', 1, '钼', 1, 'lizhili', '2013-01-31 00:00:00', '2013-01-31 00:00:00', 1),
	(226, '  2012年12月全国进口铁合金分国别统计', 'lizhili', 17, 35, '中新网1月30日电 随着春节逐渐临近，每年唯一的烟花爆竹销售燃放季即将开始，这对原本已经屡屡爆表的空气质量无异于雪上加霜。根据媒体报道，2012年除夕夜北京PM2.5数据在短短几小时内暴增80倍，市民开始对是否燃放烟花爆竹进行反思，相对应的，却是节能减排相应政策法规对烟花爆竹燃放监管的缺失。\n\n                   北京雾霾又来侵袭，多日不见阳光，空气中弥散着烟灰的味道，看不见摸不着的PM2.5让人心生恐慌，新一轮口罩采购潮涌起。上一次雾霾的消散基本靠“吹”，而本轮还只能依靠冷空气吗？\n\n                   北京2013年春节烟花爆竹将于2月5日也就是腊月二十五正式开卖，现在烟花鞭炮公司已经开始向各个销售网点配送烟花。10天后，大量烟花爆竹将在城市、乡村的各个角落中升腾、炸响。已经不堪重负的北京空气恐将愈加不堪。', 1, '钼', 1, 'lizhili', '2013-01-31 00:00:00', '2013-01-31 00:00:00', 0),
	(227, '  2012年全国粗钢产量同比增长3.1%', 'lizhili', 17, 35, '中新网1月30日电 随着春节逐渐临近，每年唯一的烟花爆竹销售燃放季即将开始，这对原本已经屡屡爆表的空气质量无异于雪上加霜。根据媒体报道，2012年除夕夜北京PM2.5数据在短短几小时内暴增80倍，市民开始对是否燃放烟花爆竹进行反思，相对应的，却是节能减排相应政策法规对烟花爆竹燃放监管的缺失。\n\n                   北京雾霾又来侵袭，多日不见阳光，空气中弥散着烟灰的味道，看不见摸不着的PM2.5让人心生恐慌，新一轮口罩采购潮涌起。上一次雾霾的消散基本靠“吹”，而本轮还只能依靠冷空气吗？\n\n                   北京2013年春节烟花爆竹将于2月5日也就是腊月二十五正式开卖，现在烟花鞭炮公司已经开始向各个销售网点配送烟花。10天后，大量烟花爆竹将在城市、乡村的各个角落中升腾、炸响。已经不堪重负的北京空气恐将愈加不堪。', 1, '钼', 1, 'lizhili', '2013-01-31 00:00:00', '2013-01-31 00:00:00', 0),
	(228, '  乌海三美国际矿业高管拜访中信锦州公司', 'lizhili', 17, 35, '中新网1月30日电 随着春节逐渐临近，每年唯一的烟花爆竹销售燃放季即将开始，这对原本已经屡屡爆表的空气质量无异于雪上加霜。根据媒体报道，2012年除夕夜北京PM2.5数据在短短几小时内暴增80倍，市民开始对是否燃放烟花爆竹进行反思，相对应的，却是节能减排相应政策法规对烟花爆竹燃放监管的缺失。\n\n                   北京雾霾又来侵袭，多日不见阳光，空气中弥散着烟灰的味道，看不见摸不着的PM2.5让人心生恐慌，新一轮口罩采购潮涌起。上一次雾霾的消散基本靠“吹”，而本轮还只能依靠冷空气吗？\n\n                   北京2013年春节烟花爆竹将于2月5日也就是腊月二十五正式开卖，现在烟花鞭炮公司已经开始向各个销售网点配送烟花。10天后，大量烟花爆竹将在城市、乡村的各个角落中升腾、炸响。已经不堪重负的北京空气恐将愈加不堪。', 1, '钼', 1, 'lizhili', '2013-01-31 00:00:00', '2013-01-31 00:00:00', 1),
	(229, '  钼股份荣获“陕西省质量信用等级A级企业”称', 'lizhili', 17, 35, '中新网1月30日电 随着春节逐渐临近，每年唯一的烟花爆竹销售燃放季即将开始，这对原本已经屡屡爆表的空气质量无异于雪上加霜。根据媒体报道，2012年除夕夜北京PM2.5数据在短短几小时内暴增80倍，市民开始对是否燃放烟花爆竹进行反思，相对应的，却是节能减排相应政策法规对烟花爆竹燃放监管的缺失。\n\n                   北京雾霾又来侵袭，多日不见阳光，空气中弥散着烟灰的味道，看不见摸不着的PM2.5让人心生恐慌，新一轮口罩采购潮涌起。上一次雾霾的消散基本靠“吹”，而本轮还只能依靠冷空气吗？\n\n                   北京2013年春节烟花爆竹将于2月5日也就是腊月二十五正式开卖，现在烟花鞭炮公司已经开始向各个销售网点配送烟花。10天后，大量烟花爆竹将在城市、乡村的各个角落中升腾、炸响。已经不堪重负的北京空气恐将愈加不堪。', 1, '钼', 1, 'lizhili', '2013-01-31 00:00:00', '2013-01-31 00:00:00', 0),
	(230, '  2012年12月全国进口铁合金分关别统计', 'lizhili', 17, 35, '中新网1月30日电 随着春节逐渐临近，每年唯一的烟花爆竹销售燃放季即将开始，这对原本已经屡屡爆表的空气质量无异于雪上加霜。根据媒体报道，2012年除夕夜北京PM2.5数据在短短几小时内暴增80倍，市民开始对是否燃放烟花爆竹进行反思，相对应的，却是节能减排相应政策法规对烟花爆竹燃放监管的缺失。\n\n                   北京雾霾又来侵袭，多日不见阳光，空气中弥散着烟灰的味道，看不见摸不着的PM2.5让人心生恐慌，新一轮口罩采购潮涌起。上一次雾霾的消散基本靠“吹”，而本轮还只能依靠冷空气吗？\n\n                   北京2013年春节烟花爆竹将于2月5日也就是腊月二十五正式开卖，现在烟花鞭炮公司已经开始向各个销售网点配送烟花。10天后，大量烟花爆竹将在城市、乡村的各个角落中升腾、炸响。已经不堪重负的北京空气恐将愈加不堪。', 1, '钼', 1, 'lizhili', '2013-01-31 00:00:00', '2013-01-31 00:00:00', 0),
	(231, '  我国确定今年工业节能减排目标', 'lizhili', 17, 35, '中新网1月30日电 随着春节逐渐临近，每年唯一的烟花爆竹销售燃放季即将开始，这对原本已经屡屡爆表的空气质量无异于雪上加霜。根据媒体报道，2012年除夕夜北京PM2.5数据在短短几小时内暴增80倍，市民开始对是否燃放烟花爆竹进行反思，相对应的，却是节能减排相应政策法规对烟花爆竹燃放监管的缺失。\n\n                   北京雾霾又来侵袭，多日不见阳光，空气中弥散着烟灰的味道，看不见摸不着的PM2.5让人心生恐慌，新一轮口罩采购潮涌起。上一次雾霾的消散基本靠“吹”，而本轮还只能依靠冷空气吗？\n\n                   北京2013年春节烟花爆竹将于2月5日也就是腊月二十五正式开卖，现在烟花鞭炮公司已经开始向各个销售网点配送烟花。10天后，大量烟花爆竹将在城市、乡村的各个角落中升腾、炸响。已经不堪重负的北京空气恐将愈加不堪。', 1, '钼', 1, 'lizhili', '2013-01-31 00:00:00', '2013-01-31 00:00:00', 1),
	(232, '  2013年固定资产投资预计增8万亿 多省GDP预增1', 'lizhili', 17, 35, '中新网1月30日电 随着春节逐渐临近，每年唯一的烟花爆竹销售燃放季即将开始，这对原本已经屡屡爆表的空气质量无异于雪上加霜。根据媒体报道，2012年除夕夜北京PM2.5数据在短短几小时内暴增80倍，市民开始对是否燃放烟花爆竹进行反思，相对应的，却是节能减排相应政策法规对烟花爆竹燃放监管的缺失。\n\n                   北京雾霾又来侵袭，多日不见阳光，空气中弥散着烟灰的味道，看不见摸不着的PM2.5让人心生恐慌，新一轮口罩采购潮涌起。上一次雾霾的消散基本靠“吹”，而本轮还只能依靠冷空气吗？\n\n                   北京2013年春节烟花爆竹将于2月5日也就是腊月二十五正式开卖，现在烟花鞭炮公司已经开始向各个销售网点配送烟花。10天后，大量烟花爆竹将在城市、乡村的各个角落中升腾、炸响。已经不堪重负的北京空气恐将愈加不堪。', 1, '钼', 1, 'lizhili', '2013-01-31 00:00:00', '2013-01-31 00:00:00', 0),
	(233, '  钼股份荣获“陕西省质量信用等级A级企业”称', 'lizhili', 17, 35, '中新网1月30日电 随着春节逐渐临近，每年唯一的烟花爆竹销售燃放季即将开始，这对原本已经屡屡爆表的空气质量无异于雪上加霜。根据媒体报道，2012年除夕夜北京PM2.5数据在短短几小时内暴增80倍，市民开始对是否燃放烟花爆竹进行反思，相对应的，却是节能减排相应政策法规对烟花爆竹燃放监管的缺失。\n\n                   北京雾霾又来侵袭，多日不见阳光，空气中弥散着烟灰的味道，看不见摸不着的PM2.5让人心生恐慌，新一轮口罩采购潮涌起。上一次雾霾的消散基本靠“吹”，而本轮还只能依靠冷空气吗？\n\n                   北京2013年春节烟花爆竹将于2月5日也就是腊月二十五正式开卖，现在烟花鞭炮公司已经开始向各个销售网点配送烟花。10天后，大量烟花爆竹将在城市、乡村的各个角落中升腾、炸响。已经不堪重负的北京空气恐将愈加不堪。', 1, '钼', 1, 'lizhili', '2013-01-31 00:00:00', '2013-01-31 00:00:00', 1),
	(234, '  2012年12月全国进口铁合金分国别统计', 'lizhili', 17, 35, '中新网1月30日电 随着春节逐渐临近，每年唯一的烟花爆竹销售燃放季即将开始，这对原本已经屡屡爆表的空气质量无异于雪上加霜。根据媒体报道，2012年除夕夜北京PM2.5数据在短短几小时内暴增80倍，市民开始对是否燃放烟花爆竹进行反思，相对应的，却是节能减排相应政策法规对烟花爆竹燃放监管的缺失。\n\n                   北京雾霾又来侵袭，多日不见阳光，空气中弥散着烟灰的味道，看不见摸不着的PM2.5让人心生恐慌，新一轮口罩采购潮涌起。上一次雾霾的消散基本靠“吹”，而本轮还只能依靠冷空气吗？\n\n                   北京2013年春节烟花爆竹将于2月5日也就是腊月二十五正式开卖，现在烟花鞭炮公司已经开始向各个销售网点配送烟花。10天后，大量烟花爆竹将在城市、乡村的各个角落中升腾、炸响。已经不堪重负的北京空气恐将愈加不堪。', 1, '钼', 1, 'lizhili', '2013-01-31 00:00:00', '2013-01-31 00:00:00', 1),
	(235, '  乌海三美国际矿业高管拜访中信锦州公司', 'lizhili', 17, 35, '中新网1月30日电 随着春节逐渐临近，每年唯一的烟花爆竹销售燃放季即将开始，这对原本已经屡屡爆表的空气质量无异于雪上加霜。根据媒体报道，2012年除夕夜北京PM2.5数据在短短几小时内暴增80倍，市民开始对是否燃放烟花爆竹进行反思，相对应的，却是节能减排相应政策法规对烟花爆竹燃放监管的缺失。\n\n                   北京雾霾又来侵袭，多日不见阳光，空气中弥散着烟灰的味道，看不见摸不着的PM2.5让人心生恐慌，新一轮口罩采购潮涌起。上一次雾霾的消散基本靠“吹”，而本轮还只能依靠冷空气吗？\n\n                   北京2013年春节烟花爆竹将于2月5日也就是腊月二十五正式开卖，现在烟花鞭炮公司已经开始向各个销售网点配送烟花。10天后，大量烟花爆竹将在城市、乡村的各个角落中升腾、炸响。已经不堪重负的北京空气恐将愈加不堪。', 1, '钼', 1, 'lizhili', '2013-01-31 00:00:00', '2013-01-31 00:00:00', 0),
	(236, '  2012年12月全国进口铁合金分关别统计', 'lizhili', 17, 35, '中新网1月30日电 随着春节逐渐临近，每年唯一的烟花爆竹销售燃放季即将开始，这对原本已经屡屡爆表的空气质量无异于雪上加霜。根据媒体报道，2012年除夕夜北京PM2.5数据在短短几小时内暴增80倍，市民开始对是否燃放烟花爆竹进行反思，相对应的，却是节能减排相应政策法规对烟花爆竹燃放监管的缺失。\n\n                   北京雾霾又来侵袭，多日不见阳光，空气中弥散着烟灰的味道，看不见摸不着的PM2.5让人心生恐慌，新一轮口罩采购潮涌起。上一次雾霾的消散基本靠“吹”，而本轮还只能依靠冷空气吗？\n\n                   北京2013年春节烟花爆竹将于2月5日也就是腊月二十五正式开卖，现在烟花鞭炮公司已经开始向各个销售网点配送烟花。10天后，大量烟花爆竹将在城市、乡村的各个角落中升腾、炸响。已经不堪重负的北京空气恐将愈加不堪。', 1, '钼', 1, 'lizhili', '2013-01-31 00:00:00', '2013-01-31 00:00:00', 1),
	(237, '  2012年全国粗钢产量同比增长3.1%', 'lizhili', 17, 35, '中新网1月30日电 随着春节逐渐临近，每年唯一的烟花爆竹销售燃放季即将开始，这对原本已经屡屡爆表的空气质量无异于雪上加霜。根据媒体报道，2012年除夕夜北京PM2.5数据在短短几小时内暴增80倍，市民开始对是否燃放烟花爆竹进行反思，相对应的，却是节能减排相应政策法规对烟花爆竹燃放监管的缺失。\n\n                   北京雾霾又来侵袭，多日不见阳光，空气中弥散着烟灰的味道，看不见摸不着的PM2.5让人心生恐慌，新一轮口罩采购潮涌起。上一次雾霾的消散基本靠“吹”，而本轮还只能依靠冷空气吗？\n\n                   北京2013年春节烟花爆竹将于2月5日也就是腊月二十五正式开卖，现在烟花鞭炮公司已经开始向各个销售网点配送烟花。10天后，大量烟花爆竹将在城市、乡村的各个角落中升腾、炸响。已经不堪重负的北京空气恐将愈加不堪。', 1, '钼', 1, 'lizhili', '2013-01-31 00:00:00', '2013-01-31 00:00:00', 0),
	(238, '  钼股份荣获“陕西省质量信用等级A级企业”称', 'lizhili', 17, 35, '中新网1月30日电 随着春节逐渐临近，每年唯一的烟花爆竹销售燃放季即将开始，这对原本已经屡屡爆表的空气质量无异于雪上加霜。根据媒体报道，2012年除夕夜北京PM2.5数据在短短几小时内暴增80倍，市民开始对是否燃放烟花爆竹进行反思，相对应的，却是节能减排相应政策法规对烟花爆竹燃放监管的缺失。\n\n                   北京雾霾又来侵袭，多日不见阳光，空气中弥散着烟灰的味道，看不见摸不着的PM2.5让人心生恐慌，新一轮口罩采购潮涌起。上一次雾霾的消散基本靠“吹”，而本轮还只能依靠冷空气吗？\n\n                   北京2013年春节烟花爆竹将于2月5日也就是腊月二十五正式开卖，现在烟花鞭炮公司已经开始向各个销售网点配送烟花。10天后，大量烟花爆竹将在城市、乡村的各个角落中升腾、炸响。已经不堪重负的北京空气恐将愈加不堪。', 1, '钼', 1, 'lizhili', '2013-01-31 00:00:00', '2013-01-31 00:00:00', 0),
	(239, '  2012国内粗钢产量7.17亿吨 钢铁转向低速增长', 'lizhili', 17, 35, '中新网1月30日电 随着春节逐渐临近，每年唯一的烟花爆竹销售燃放季即将开始，这对原本已经屡屡爆表的空气质量无异于雪上加霜。根据媒体报道，2012年除夕夜北京PM2.5数据在短短几小时内暴增80倍，市民开始对是否燃放烟花爆竹进行反思，相对应的，却是节能减排相应政策法规对烟花爆竹燃放监管的缺失。\n\n                   北京雾霾又来侵袭，多日不见阳光，空气中弥散着烟灰的味道，看不见摸不着的PM2.5让人心生恐慌，新一轮口罩采购潮涌起。上一次雾霾的消散基本靠“吹”，而本轮还只能依靠冷空气吗？\n\n                   北京2013年春节烟花爆竹将于2月5日也就是腊月二十五正式开卖，现在烟花鞭炮公司已经开始向各个销售网点配送烟花。10天后，大量烟花爆竹将在城市、乡村的各个角落中升腾、炸响。已经不堪重负的北京空气恐将愈加不堪。', 1, '钼', 1, 'lizhili', '2013-01-31 00:00:00', '2013-01-31 00:00:00', 0),
	(240, '  2013年固定资产投资预计增8万亿 多省GDP预增1', 'lizhili', 17, 35, '中新网1月30日电 随着春节逐渐临近，每年唯一的烟花爆竹销售燃放季即将开始，这对原本已经屡屡爆表的空气质量无异于雪上加霜。根据媒体报道，2012年除夕夜北京PM2.5数据在短短几小时内暴增80倍，市民开始对是否燃放烟花爆竹进行反思，相对应的，却是节能减排相应政策法规对烟花爆竹燃放监管的缺失。\n\n                   北京雾霾又来侵袭，多日不见阳光，空气中弥散着烟灰的味道，看不见摸不着的PM2.5让人心生恐慌，新一轮口罩采购潮涌起。上一次雾霾的消散基本靠“吹”，而本轮还只能依靠冷空气吗？\n\n                   北京2013年春节烟花爆竹将于2月5日也就是腊月二十五正式开卖，现在烟花鞭炮公司已经开始向各个销售网点配送烟花。10天后，大量烟花爆竹将在城市、乡村的各个角落中升腾、炸响。已经不堪重负的北京空气恐将愈加不堪。', 1, '钼', 1, 'lizhili', '2013-01-31 00:00:00', '2013-01-31 00:00:00', 1),
	(241, '  宝钢提前大幅上调3月份钢价', 'lizhili', 17, 35, '中新网1月30日电 随着春节逐渐临近，每年唯一的烟花爆竹销售燃放季即将开始，这对原本已经屡屡爆表的空气质量无异于雪上加霜。根据媒体报道，2012年除夕夜北京PM2.5数据在短短几小时内暴增80倍，市民开始对是否燃放烟花爆竹进行反思，相对应的，却是节能减排相应政策法规对烟花爆竹燃放监管的缺失。\n\n                   北京雾霾又来侵袭，多日不见阳光，空气中弥散着烟灰的味道，看不见摸不着的PM2.5让人心生恐慌，新一轮口罩采购潮涌起。上一次雾霾的消散基本靠“吹”，而本轮还只能依靠冷空气吗？\n\n                   北京2013年春节烟花爆竹将于2月5日也就是腊月二十五正式开卖，现在烟花鞭炮公司已经开始向各个销售网点配送烟花。10天后，大量烟花爆竹将在城市、乡村的各个角落中升腾、炸响。已经不堪重负的北京空气恐将愈加不堪。', 1, '钼', 1, 'lizhili', '2013-01-31 00:00:00', '2013-01-31 00:00:00', 0),
	(242, '  铁路货运提价或上半年推出 提价一分约增收200', 'lizhili', 17, 35, '中新网1月30日电 随着春节逐渐临近，每年唯一的烟花爆竹销售燃放季即将开始，这对原本已经屡屡爆表的空气质量无异于雪上加霜。根据媒体报道，2012年除夕夜北京PM2.5数据在短短几小时内暴增80倍，市民开始对是否燃放烟花爆竹进行反思，相对应的，却是节能减排相应政策法规对烟花爆竹燃放监管的缺失。\n\n                   北京雾霾又来侵袭，多日不见阳光，空气中弥散着烟灰的味道，看不见摸不着的PM2.5让人心生恐慌，新一轮口罩采购潮涌起。上一次雾霾的消散基本靠“吹”，而本轮还只能依靠冷空气吗？\n\n                   北京2013年春节烟花爆竹将于2月5日也就是腊月二十五正式开卖，现在烟花鞭炮公司已经开始向各个销售网点配送烟花。10天后，大量烟花爆竹将在城市、乡村的各个角落中升腾、炸响。已经不堪重负的北京空气恐将愈加不堪。', 1, '钼', 1, 'lizhili', '2013-01-31 00:00:00', '2013-01-31 00:00:00', 1),
	(243, '  2012年全国粗钢产量同比增长3.1%', 'lizhili', 17, 35, '中新网1月30日电 随着春节逐渐临近，每年唯一的烟花爆竹销售燃放季即将开始，这对原本已经屡屡爆表的空气质量无异于雪上加霜。根据媒体报道，2012年除夕夜北京PM2.5数据在短短几小时内暴增80倍，市民开始对是否燃放烟花爆竹进行反思，相对应的，却是节能减排相应政策法规对烟花爆竹燃放监管的缺失。\n\n                   北京雾霾又来侵袭，多日不见阳光，空气中弥散着烟灰的味道，看不见摸不着的PM2.5让人心生恐慌，新一轮口罩采购潮涌起。上一次雾霾的消散基本靠“吹”，而本轮还只能依靠冷空气吗？\n\n                   北京2013年春节烟花爆竹将于2月5日也就是腊月二十五正式开卖，现在烟花鞭炮公司已经开始向各个销售网点配送烟花。10天后，大量烟花爆竹将在城市、乡村的各个角落中升腾、炸响。已经不堪重负的北京空气恐将愈加不堪。', 1, '钼', 1, 'lizhili', '2013-01-31 00:00:00', '2013-01-31 00:00:00', 0),
	(244, '  辽宁发生5.1级地震 当地矿企未受影响', 'lizhili', 17, 35, '中新网1月30日电 随着春节逐渐临近，每年唯一的烟花爆竹销售燃放季即将开始，这对原本已经屡屡爆表的空气质量无异于雪上加霜。根据媒体报道，2012年除夕夜北京PM2.5数据在短短几小时内暴增80倍，市民开始对是否燃放烟花爆竹进行反思，相对应的，却是节能减排相应政策法规对烟花爆竹燃放监管的缺失。\n\n                   北京雾霾又来侵袭，多日不见阳光，空气中弥散着烟灰的味道，看不见摸不着的PM2.5让人心生恐慌，新一轮口罩采购潮涌起。上一次雾霾的消散基本靠“吹”，而本轮还只能依靠冷空气吗？\n\n                   北京2013年春节烟花爆竹将于2月5日也就是腊月二十五正式开卖，现在烟花鞭炮公司已经开始向各个销售网点配送烟花。10天后，大量烟花爆竹将在城市、乡村的各个角落中升腾、炸响。已经不堪重负的北京空气恐将愈加不堪。', 1, '钼', 1, 'lizhili', '2013-01-31 00:00:00', '2013-01-31 00:00:00', 0),
	(245, '  辽宁发生5.1级地震 当地矿企未受影响', 'lizhili', 17, 35, '中新网1月30日电 随着春节逐渐临近，每年唯一的烟花爆竹销售燃放季即将开始，这对原本已经屡屡爆表的空气质量无异于雪上加霜。根据媒体报道，2012年除夕夜北京PM2.5数据在短短几小时内暴增80倍，市民开始对是否燃放烟花爆竹进行反思，相对应的，却是节能减排相应政策法规对烟花爆竹燃放监管的缺失。\n\n                   北京雾霾又来侵袭，多日不见阳光，空气中弥散着烟灰的味道，看不见摸不着的PM2.5让人心生恐慌，新一轮口罩采购潮涌起。上一次雾霾的消散基本靠“吹”，而本轮还只能依靠冷空气吗？\n\n                   北京2013年春节烟花爆竹将于2月5日也就是腊月二十五正式开卖，现在烟花鞭炮公司已经开始向各个销售网点配送烟花。10天后，大量烟花爆竹将在城市、乡村的各个角落中升腾、炸响。已经不堪重负的北京空气恐将愈加不堪。', 1, '钼', 1, 'lizhili', '2013-01-31 00:00:00', '2013-01-31 00:00:00', 0),
	(246, '  宝钢提前大幅上调3月份钢价', 'lizhili', 17, 35, '中新网1月30日电 随着春节逐渐临近，每年唯一的烟花爆竹销售燃放季即将开始，这对原本已经屡屡爆表的空气质量无异于雪上加霜。根据媒体报道，2012年除夕夜北京PM2.5数据在短短几小时内暴增80倍，市民开始对是否燃放烟花爆竹进行反思，相对应的，却是节能减排相应政策法规对烟花爆竹燃放监管的缺失。\n\n                   北京雾霾又来侵袭，多日不见阳光，空气中弥散着烟灰的味道，看不见摸不着的PM2.5让人心生恐慌，新一轮口罩采购潮涌起。上一次雾霾的消散基本靠“吹”，而本轮还只能依靠冷空气吗？\n\n                   北京2013年春节烟花爆竹将于2月5日也就是腊月二十五正式开卖，现在烟花鞭炮公司已经开始向各个销售网点配送烟花。10天后，大量烟花爆竹将在城市、乡村的各个角落中升腾、炸响。已经不堪重负的北京空气恐将愈加不堪。', 1, '钼', 1, 'lizhili', '2013-01-31 00:00:00', '2013-01-31 00:00:00', 1),
	(247, '  有色金属行业:钓鱼岛争端升温,战争金属上火,', 'lizhili', 17, 35, '中新网1月30日电 随着春节逐渐临近，每年唯一的烟花爆竹销售燃放季即将开始，这对原本已经屡屡爆表的空气质量无异于雪上加霜。根据媒体报道，2012年除夕夜北京PM2.5数据在短短几小时内暴增80倍，市民开始对是否燃放烟花爆竹进行反思，相对应的，却是节能减排相应政策法规对烟花爆竹燃放监管的缺失。\n\n                   北京雾霾又来侵袭，多日不见阳光，空气中弥散着烟灰的味道，看不见摸不着的PM2.5让人心生恐慌，新一轮口罩采购潮涌起。上一次雾霾的消散基本靠“吹”，而本轮还只能依靠冷空气吗？\n\n                   北京2013年春节烟花爆竹将于2月5日也就是腊月二十五正式开卖，现在烟花鞭炮公司已经开始向各个销售网点配送烟花。10天后，大量烟花爆竹将在城市、乡村的各个角落中升腾、炸响。已经不堪重负的北京空气恐将愈加不堪。', 1, '钼', 1, 'lizhili', '2013-01-31 00:00:00', '2013-01-31 00:00:00', 0),
	(248, '  宝钢提前大幅上调3月份钢价', 'lizhili', 17, 35, '中新网1月30日电 随着春节逐渐临近，每年唯一的烟花爆竹销售燃放季即将开始，这对原本已经屡屡爆表的空气质量无异于雪上加霜。根据媒体报道，2012年除夕夜北京PM2.5数据在短短几小时内暴增80倍，市民开始对是否燃放烟花爆竹进行反思，相对应的，却是节能减排相应政策法规对烟花爆竹燃放监管的缺失。\n\n                   北京雾霾又来侵袭，多日不见阳光，空气中弥散着烟灰的味道，看不见摸不着的PM2.5让人心生恐慌，新一轮口罩采购潮涌起。上一次雾霾的消散基本靠“吹”，而本轮还只能依靠冷空气吗？\n\n                   北京2013年春节烟花爆竹将于2月5日也就是腊月二十五正式开卖，现在烟花鞭炮公司已经开始向各个销售网点配送烟花。10天后，大量烟花爆竹将在城市、乡村的各个角落中升腾、炸响。已经不堪重负的北京空气恐将愈加不堪。', 1, '钼', 1, 'lizhili', '2013-01-31 00:00:00', '2013-01-31 00:00:00', 1),
	(249, '  2012年我国新增铁、锰、镍、钨、钼矿资源储量', 'lizhili', 17, 35, '中新网1月30日电 随着春节逐渐临近，每年唯一的烟花爆竹销售燃放季即将开始，这对原本已经屡屡爆表的空气质量无异于雪上加霜。根据媒体报道，2012年除夕夜北京PM2.5数据在短短几小时内暴增80倍，市民开始对是否燃放烟花爆竹进行反思，相对应的，却是节能减排相应政策法规对烟花爆竹燃放监管的缺失。\n\n                   北京雾霾又来侵袭，多日不见阳光，空气中弥散着烟灰的味道，看不见摸不着的PM2.5让人心生恐慌，新一轮口罩采购潮涌起。上一次雾霾的消散基本靠“吹”，而本轮还只能依靠冷空气吗？\n\n                   北京2013年春节烟花爆竹将于2月5日也就是腊月二十五正式开卖，现在烟花鞭炮公司已经开始向各个销售网点配送烟花。10天后，大量烟花爆竹将在城市、乡村的各个角落中升腾、炸响。已经不堪重负的北京空气恐将愈加不堪。', 1, '钼', 1, 'lizhili', '2013-01-31 00:00:00', '2013-01-31 00:00:00', 0),
	(250, '  2012年我国新增铁、锰、镍、钨、钼矿资源储量', 'lizhili', 17, 35, '中新网1月30日电 随着春节逐渐临近，每年唯一的烟花爆竹销售燃放季即将开始，这对原本已经屡屡爆表的空气质量无异于雪上加霜。根据媒体报道，2012年除夕夜北京PM2.5数据在短短几小时内暴增80倍，市民开始对是否燃放烟花爆竹进行反思，相对应的，却是节能减排相应政策法规对烟花爆竹燃放监管的缺失。\n\n                   北京雾霾又来侵袭，多日不见阳光，空气中弥散着烟灰的味道，看不见摸不着的PM2.5让人心生恐慌，新一轮口罩采购潮涌起。上一次雾霾的消散基本靠“吹”，而本轮还只能依靠冷空气吗？\n\n                   北京2013年春节烟花爆竹将于2月5日也就是腊月二十五正式开卖，现在烟花鞭炮公司已经开始向各个销售网点配送烟花。10天后，大量烟花爆竹将在城市、乡村的各个角落中升腾、炸响。已经不堪重负的北京空气恐将愈加不堪。', 1, '钼', 1, 'lizhili', '2013-01-31 00:00:00', '2013-01-31 00:00:00', 0);
/*!40000 ALTER TABLE `mu_article` ENABLE KEYS */;


# Dumping structure for table mu.mu_city
DROP TABLE IF EXISTS `mu_city`;
CREATE TABLE IF NOT EXISTS `mu_city` (
  `city_id` int(11) NOT NULL AUTO_INCREMENT,
  `city_name` varchar(128) NOT NULL,
  `city_parent` int(11) NOT NULL DEFAULT '0',
  `city_level` tinyint(4) DEFAULT NULL,
  `city_order` tinyint(4) DEFAULT '0',
  `city_open` tinyint(4) DEFAULT '1',
  PRIMARY KEY (`city_id`)
) ENGINE=MyISAM AUTO_INCREMENT=8 DEFAULT CHARSET=utf8 COMMENT='省市联动表';

# Dumping data for table mu.mu_city: 7 rows
DELETE FROM `mu_city`;
/*!40000 ALTER TABLE `mu_city` DISABLE KEYS */;
INSERT INTO `mu_city` (`city_id`, `city_name`, `city_parent`, `city_level`, `city_order`, `city_open`) VALUES
	(1, '西南', 0, 1, 1, NULL),
	(2, '重庆', 1, 2, 1, NULL),
	(3, '大>足', 2, 3, 1, NULL),
	(4, '渝中区', 2, 3, 2, NULL),
	(5, '华北', 0, NULL, NULL, NULL),
	(6, '河南', 5, NULL, NULL, NULL),
	(7, '平顶山', 6, NULL, NULL, NULL);
/*!40000 ALTER TABLE `mu_city` ENABLE KEYS */;


# Dumping structure for table mu.mu_favorite
DROP TABLE IF EXISTS `mu_favorite`;
CREATE TABLE IF NOT EXISTS `mu_favorite` (
  `favorite_id` bigint(20) NOT NULL AUTO_INCREMENT,
  `favorited_object_id` bigint(20) NOT NULL COMMENT '供求ID 现货ID',
  `favorited_object_type` tinyint(4) NOT NULL COMMENT '1 供求 2现货 ',
  `favorit_user_id` int(11) DEFAULT NULL COMMENT '收藏人',
  `favorite_time` datetime DEFAULT NULL COMMENT '''添加时间''',
  PRIMARY KEY (`favorite_id`)
) ENGINE=MyISAM DEFAULT CHARSET=utf8;

# Dumping data for table mu.mu_favorite: 0 rows
DELETE FROM `mu_favorite`;
/*!40000 ALTER TABLE `mu_favorite` DISABLE KEYS */;
/*!40000 ALTER TABLE `mu_favorite` ENABLE KEYS */;


# Dumping structure for table mu.mu_file
DROP TABLE IF EXISTS `mu_file`;
CREATE TABLE IF NOT EXISTS `mu_file` (
  `file_id` int(11) NOT NULL AUTO_INCREMENT,
  `file_title` varchar(45) DEFAULT NULL,
  `file_type_id` tinyint(4) DEFAULT NULL COMMENT '1图片 2文件',
  `file_content` varchar(255) DEFAULT NULL,
  `file_url` varchar(255) DEFAULT NULL,
  `file_user_id` int(11) NOT NULL,
  `file_create_time` datetime DEFAULT NULL,
  PRIMARY KEY (`file_id`)
) ENGINE=InnoDB DEFAULT CHARSET=utf8;

# Dumping data for table mu.mu_file: ~0 rows (approximately)
DELETE FROM `mu_file`;
/*!40000 ALTER TABLE `mu_file` DISABLE KEYS */;
/*!40000 ALTER TABLE `mu_file` ENABLE KEYS */;


# Dumping structure for table mu.mu_find_passwd
DROP TABLE IF EXISTS `mu_find_passwd`;
CREATE TABLE IF NOT EXISTS `mu_find_passwd` (
  `find_id` bigint(20) NOT NULL,
  `find_user_id` int(11) NOT NULL,
  `find_new_passwd` varchar(45) DEFAULT NULL,
  `find_status` tinyint(4) DEFAULT NULL,
  `find_mobile_no` varchar(45) DEFAULT NULL,
  `find_date` tinyint(4) DEFAULT NULL,
  PRIMARY KEY (`find_id`)
) ENGINE=MyISAM DEFAULT CHARSET=utf8 COMMENT='找回密码功能';

# Dumping data for table mu.mu_find_passwd: 0 rows
DELETE FROM `mu_find_passwd`;
/*!40000 ALTER TABLE `mu_find_passwd` DISABLE KEYS */;
/*!40000 ALTER TABLE `mu_find_passwd` ENABLE KEYS */;


# Dumping structure for table mu.mu_friend_link
DROP TABLE IF EXISTS `mu_friend_link`;
CREATE TABLE IF NOT EXISTS `mu_friend_link` (
  `flink_id` int(11) NOT NULL AUTO_INCREMENT,
  `flink_name` varchar(128) NOT NULL,
  `flink_user_id` int(11) NOT NULL,
  `flink_url` varchar(512) DEFAULT NULL,
  `flink_status` tinyint(4) DEFAULT NULL,
  `flink_create_date` datetime DEFAULT NULL,
  PRIMARY KEY (`flink_id`)
) ENGINE=MyISAM AUTO_INCREMENT=3 DEFAULT CHARSET=utf8 COMMENT='友情链接';

# Dumping data for table mu.mu_friend_link: 2 rows
DELETE FROM `mu_friend_link`;
/*!40000 ALTER TABLE `mu_friend_link` DISABLE KEYS */;
INSERT INTO `mu_friend_link` (`flink_id`, `flink_name`, `flink_user_id`, `flink_url`, `flink_status`, `flink_create_date`) VALUES
	(1, '百度科技', 3, 'http://www.baidu.com', 1, '2013-02-25 00:17:38'),
	(2, 'google科技', 3, 'http://www.google.com', 1, '2013-02-25 00:17:38');
/*!40000 ALTER TABLE `mu_friend_link` ENABLE KEYS */;


# Dumping structure for table mu.mu_func
DROP TABLE IF EXISTS `mu_func`;
CREATE TABLE IF NOT EXISTS `mu_func` (
  `func_id` int(11) NOT NULL,
  `func_name` varchar(128) NOT NULL,
  `func_action` varchar(1024) DEFAULT NULL,
  PRIMARY KEY (`func_id`)
) ENGINE=MyISAM DEFAULT CHARSET=utf8;

# Dumping data for table mu.mu_func: 0 rows
DELETE FROM `mu_func`;
/*!40000 ALTER TABLE `mu_func` DISABLE KEYS */;
/*!40000 ALTER TABLE `mu_func` ENABLE KEYS */;


# Dumping structure for table mu.mu_image_library
DROP TABLE IF EXISTS `mu_image_library`;
CREATE TABLE IF NOT EXISTS `mu_image_library` (
  `image_id` int(10) NOT NULL AUTO_INCREMENT,
  `image_title` varchar(128) NOT NULL,
  `image_thumb_src` varchar(256) NOT NULL,
  `image_src` varchar(256) NOT NULL DEFAULT '0',
  `image_status` int(11) NOT NULL DEFAULT '0' COMMENT '是否启用',
  `image_used_type` int(11) NOT NULL DEFAULT '0' COMMENT '图片被使用的分类',
  `image_added_by` int(11) NOT NULL DEFAULT '0' COMMENT '图片添加人',
  `image_added_time` datetime NOT NULL COMMENT '图片添加时间',
  PRIMARY KEY (`image_id`)
) ENGINE=InnoDB AUTO_INCREMENT=24 DEFAULT CHARSET=utf8 COMMENT='图片库';

# Dumping data for table mu.mu_image_library: ~21 rows (approximately)
DELETE FROM `mu_image_library`;
/*!40000 ALTER TABLE `mu_image_library` DISABLE KEYS */;
INSERT INTO `mu_image_library` (`image_id`, `image_title`, `image_thumb_src`, `image_src`, `image_status`, `image_used_type`, `image_added_by`, `image_added_time`) VALUES
	(3, '侧事故', '', '28_1361441380_228.jpg', 33, 28, 1, '2013-02-21 18:09:40'),
	(4, '测试图片4', '', '28_1361456537_8483.jpg', 33, 28, 1, '2013-02-21 18:11:10'),
	(5, '出', '', '31_1361450015_1209.jpg', 33, 31, 1, '2013-02-21 20:33:35'),
	(6, '出', '', '31_1361450015_1209.jpg', 33, 31, 1, '2013-02-21 21:49:07'),
	(7, '出', '', '31_1361454751_5647.jpg', 33, 31, 1, '2013-02-21 21:50:25'),
	(8, '未指定', '', '28_1361510942_5194.png', 33, 28, 1, '2013-02-22 06:29:02'),
	(9, '未指定', '', '28_1361511282_1871.jpg', 33, 28, 1, '2013-02-22 06:34:42'),
	(10, '未指定', '', '28_1361511282_8491.jpg', 33, 28, 1, '2013-02-22 06:34:42'),
	(11, '未指定', '', '28_1361511303_1810.jpg', 33, 28, 1, '2013-02-22 06:35:03'),
	(12, '未指定', '', '28_1361511303_835.jpg', 33, 28, 1, '2013-02-22 06:35:03'),
	(13, '未指定', '', '28_1361513840_8148.jpg', 1, 28, 1, '2013-02-22 07:17:20'),
	(14, '未指定', '', '28_1361513840_7299.jpg', 1, 28, 1, '2013-02-22 07:17:20'),
	(15, '未指定', '', '28_1361513840_5819.jpg', 33, 28, 1, '2013-02-22 07:17:20'),
	(16, '未指定', '', '28_1361513895_813.jpg', 1, 28, 1, '2013-02-22 07:18:15'),
	(17, '未指定', '', '28_1361513895_6133.jpg', 1, 28, 1, '2013-02-22 07:18:15'),
	(18, '未指定', '', '28_1361513973_1438.jpg', 1, 28, 1, '2013-02-22 07:19:33'),
	(19, '未指定', '', '28_1361513973_4258.jpg', 1, 28, 1, '2013-02-22 07:19:33'),
	(20, '未指定', '', '28_1361514040_6251.jpg', 1, 28, 1, '2013-02-22 07:20:08'),
	(21, '未指定', '', '28_1361514008_4276.jpg', 1, 28, 1, '2013-02-22 07:20:08'),
	(22, '的发的是否', 'thumb_31_1361517672_2639.jpg', '31_1361517672_2639.jpg', 1, 31, 1, '2013-02-22 08:21:12'),
	(23, '未指定', 'thumb_28_1361517783_2944.jpg', '28_1361517783_2944.jpg', 1, 28, 1, '2013-02-22 08:23:03');
/*!40000 ALTER TABLE `mu_image_library` ENABLE KEYS */;


# Dumping structure for table mu.mu_point_rule
DROP TABLE IF EXISTS `mu_point_rule`;
CREATE TABLE IF NOT EXISTS `mu_point_rule` (
  `rule_id` int(11) NOT NULL,
  `func_id` tinyint(4) NOT NULL,
  `action_point` tinyint(4) NOT NULL DEFAULT '0',
  PRIMARY KEY (`rule_id`)
) ENGINE=MyISAM DEFAULT CHARSET=utf8;

# Dumping data for table mu.mu_point_rule: 0 rows
DELETE FROM `mu_point_rule`;
/*!40000 ALTER TABLE `mu_point_rule` DISABLE KEYS */;
/*!40000 ALTER TABLE `mu_point_rule` ENABLE KEYS */;


# Dumping structure for table mu.mu_price_summary
DROP TABLE IF EXISTS `mu_price_summary`;
CREATE TABLE IF NOT EXISTS `mu_price_summary` (
  `sum_id` int(11) NOT NULL AUTO_INCREMENT,
  `sum_unit` int(4) DEFAULT NULL COMMENT '计量单位，吨',
  `sum_price` decimal(15,2) DEFAULT NULL COMMENT '汇总价钱',
  `sum_year` varchar(45) DEFAULT NULL,
  `sum_month` varchar(45) DEFAULT NULL,
  `sum_day` varchar(45) DEFAULT NULL,
  `sum_product_type` int(4) DEFAULT NULL COMMENT '产品类型: 钼铁，钼精矿，三氧化钼',
  `sum_product_zone` int(4) DEFAULT NULL COMMENT '产品地区',
  `sum_add_date` datetime DEFAULT NULL,
  PRIMARY KEY (`sum_id`)
) ENGINE=InnoDB DEFAULT CHARSET=utf8;

# Dumping data for table mu.mu_price_summary: ~0 rows (approximately)
DELETE FROM `mu_price_summary`;
/*!40000 ALTER TABLE `mu_price_summary` DISABLE KEYS */;
/*!40000 ALTER TABLE `mu_price_summary` ENABLE KEYS */;


# Dumping structure for table mu.mu_product
DROP TABLE IF EXISTS `mu_product`;
CREATE TABLE IF NOT EXISTS `mu_product` (
  `product_id` bigint(20) NOT NULL AUTO_INCREMENT,
  `product_user_id` int(11) NOT NULL COMMENT '用户ID',
  `product_keyword` varchar(128) DEFAULT NULL COMMENT '用户ID',
  `product_name` varchar(45) NOT NULL,
  `product_quanity` int(11) DEFAULT NULL COMMENT '数量',
  `product_unit` int(11) DEFAULT NULL COMMENT '数量单位:吨,公斤等',
  `product_type_id` int(4) DEFAULT NULL COMMENT '产品分类',
  `product_price` decimal(10,0) DEFAULT NULL COMMENT '0表示电议',
  `product_status` int(4) DEFAULT NULL COMMENT '在售',
  `product_city_id` int(4) DEFAULT NULL COMMENT '在售',
  `product_content` text COMMENT '在售',
  `product_location` varchar(100) DEFAULT NULL COMMENT '''存货地''',
  `product_special` int(1) DEFAULT NULL COMMENT '是否特价',
  `product_join_date` datetime DEFAULT NULL,
  `product_image_src` varchar(128) DEFAULT NULL,
  `product_check_by` varchar(128) DEFAULT NULL,
  PRIMARY KEY (`product_id`),
  KEY `product_user_id` (`product_user_id`)
) ENGINE=MyISAM AUTO_INCREMENT=200 DEFAULT CHARSET=utf8 COMMENT='现货';

# Dumping data for table mu.mu_product: 199 rows
DELETE FROM `mu_product`;
/*!40000 ALTER TABLE `mu_product` DISABLE KEYS */;
INSERT INTO `mu_product` (`product_id`, `product_user_id`, `product_keyword`, `product_name`, `product_quanity`, `product_unit`, `product_type_id`, `product_price`, `product_status`, `product_city_id`, `product_content`, `product_location`, `product_special`, `product_join_date`, `product_image_src`, `product_check_by`) VALUES
	(1, 1, '钼铁，钼矿', '银靶，锡靶，钼靶，钼靶，钽靶，钨靶，铌靶', 990, 11, 22, 504, 2, 4, NULL, '深圳龙华大浪石光工业区', 0, '0000-00-00 00:00:00', 'http://www.zhuzao.com/UploadFile/Baikeuppic/1230873708.jpg', 'ueelife'),
	(2, 1, '钼铁，钼矿', '银靶，锡靶，钼靶，钼靶，钽靶，钨靶，铌靶', 354, 11, 22, 851, 2, 3, NULL, '深圳龙华大浪石光工业区', 1, '0000-00-00 00:00:00', 'http://www.zhuzao.com/UploadFile/Baikeuppic/1230873708.jpg', 'ueelife1'),
	(3, 1, '钼铁，钼矿', '工业炉用钼制品', 425, 11, 22, 987, 2, 6, NULL, '深圳龙华大浪石光工业区', 1, '0000-00-00 00:00:00', 'http://www.zhuzao.com/UploadFile/Baikeuppic/1230873708.jpg', 'ueelife1'),
	(4, 1, '钼铁，钼矿', 'C-276万能的抗腐蚀镍-铬-钼合金', 300, 11, 21, 135, 2, 4, NULL, '深圳龙华大浪石光工业区', 0, '0000-00-00 00:00:00', 'http://www.zhuzao.com/UploadFile/Baikeuppic/1230873708.jpg', 'ueelife'),
	(5, 1, '钼铁，钼矿', '钨粉，钨条，钨铁，钨钼合金粉，钨锭', 466, 11, 21, 887, 2, 6, NULL, '深圳龙华大浪石光工业区', 1, '0000-00-00 00:00:00', 'http://www.zhuzao.com/UploadFile/Baikeuppic/1230873708.jpg', 'ueelife1'),
	(6, 1, '钼铁，钼矿', '钼板', 874, 11, 21, 752, 2, 6, NULL, '深圳龙华大浪石光工业区', 1, '0000-00-00 00:00:00', 'http://www.zhuzao.com/UploadFile/Baikeuppic/1230873708.jpg', 'ueelife1'),
	(7, 1, '钼铁，钼矿', '钛,钛合金钨钼等稀有金属', 383, 11, 22, 735, 2, 3, NULL, '深圳龙华大浪石光工业区', 1, '0000-00-00 00:00:00', 'http://www.zhuzao.com/UploadFile/Baikeuppic/1230873708.jpg', 'ueelife1'),
	(8, 1, '钼铁，钼矿', '钼盒', 500, 11, 22, 524, 2, 4, NULL, '深圳龙华大浪石光工业区', 0, '0000-00-00 00:00:00', 'http://www.zhuzao.com/UploadFile/Baikeuppic/1230873708.jpg', 'ueelife'),
	(9, 1, '钼铁，钼矿', '钛,钛合金钨钼等稀有金属', 554, 11, 21, 456, 2, 3, NULL, '深圳龙华大浪石光工业区', 1, '0000-00-00 00:00:00', 'http://www.zhuzao.com/UploadFile/Baikeuppic/1230873708.jpg', 'ueelife1'),
	(10, 1, '钼铁，钼矿', '银靶，锡靶，钼靶，钼靶，钽靶，钨靶，铌靶', 160, 11, 22, 131, 2, 6, NULL, '深圳龙华大浪石光工业区', 1, '0000-00-00 00:00:00', 'http://www.zhuzao.com/UploadFile/Baikeuppic/1230873708.jpg', 'ueelife1'),
	(11, 1, '钼铁，钼矿', '钛,钛合金钨钼等稀有金属', 240, 11, 21, 750, 2, 4, NULL, '深圳龙华大浪石光工业区', 1, '0000-00-00 00:00:00', 'http://www.zhuzao.com/UploadFile/Baikeuppic/1230873708.jpg', 'ueelife1'),
	(12, 1, '钼铁，钼矿', '钼片', 697, 11, 21, 684, 2, 3, NULL, '深圳龙华大浪石光工业区', 1, '0000-00-00 00:00:00', 'http://www.zhuzao.com/UploadFile/Baikeuppic/1230873708.jpg', 'ueelife1'),
	(13, 1, '钼铁，钼矿', 'C-276万能的抗腐蚀镍-铬-钼合金', 993, 11, 22, 298, 2, 6, NULL, '深圳龙华大浪石光工业区', 1, '0000-00-00 00:00:00', 'http://www.zhuzao.com/UploadFile/Baikeuppic/1230873708.jpg', 'ueelife1'),
	(14, 1, '钼铁，钼矿', '钛,钛合金钨钼等稀有金属', 492, 11, 21, 29, 1, 3, NULL, '深圳龙华大浪石光工业区', 1, '0000-00-00 00:00:00', 'http://www.zhuzao.com/UploadFile/Baikeuppic/1230873708.jpg', NULL),
	(15, 1, '钼铁，钼矿', '钼板', 723, 11, 21, 308, 1, 4, NULL, '深圳龙华大浪石光工业区', 1, '0000-00-00 00:00:00', 'http://www.zhuzao.com/UploadFile/Baikeuppic/1230873708.jpg', NULL),
	(16, 1, '钼铁，钼矿', '进口金属钼、钼棒、钼带、钼粉、钼条、钼合金', 347, 11, 22, 777, 1, 4, NULL, '深圳龙华大浪石光工业区', 1, '0000-00-00 00:00:00', 'http://www.zhuzao.com/UploadFile/Baikeuppic/1230873708.jpg', NULL),
	(17, 1, '钼铁，钼矿', '钼板', 956, 11, 21, 672, 2, 4, NULL, '深圳龙华大浪石光工业区', 0, '0000-00-00 00:00:00', 'http://www.zhuzao.com/UploadFile/Baikeuppic/1230873708.jpg', 'ueelife'),
	(18, 1, '钼铁，钼矿', '钼片', 566, 11, 22, 309, 1, 4, NULL, '深圳龙华大浪石光工业区', 1, '0000-00-00 00:00:00', 'http://www.zhuzao.com/UploadFile/Baikeuppic/1230873708.jpg', NULL),
	(19, 1, '钼铁，钼矿', '钼丝网', 990, 11, 22, 884, 2, 6, NULL, '深圳龙华大浪石光工业区', 0, '0000-00-00 00:00:00', 'http://www.zhuzao.com/UploadFile/Baikeuppic/1230873708.jpg', 'ueelife'),
	(20, 1, '钼铁，钼矿', '钼片', 417, 11, 21, 169, 2, 4, NULL, '深圳龙华大浪石光工业区', 0, '0000-00-00 00:00:00', 'http://www.zhuzao.com/UploadFile/Baikeuppic/1230873708.jpg', 'ueelife'),
	(21, 1, '钼铁，钼矿', '钼网', 139, 11, 22, 155, 1, 3, NULL, '深圳龙华大浪石光工业区', 1, '0000-00-00 00:00:00', 'http://www.zhuzao.com/UploadFile/Baikeuppic/1230873708.jpg', NULL),
	(22, 1, '钼铁，钼矿', '钼丝网', 701, 11, 22, 665, 2, 3, NULL, '深圳龙华大浪石光工业区', 0, '0000-00-00 00:00:00', 'http://www.zhuzao.com/UploadFile/Baikeuppic/1230873708.jpg', 'ueelife'),
	(23, 1, '钼铁，钼矿', '钼丝网', 284, 11, 22, 855, 2, 4, NULL, '深圳龙华大浪石光工业区', 0, '0000-00-00 00:00:00', 'http://www.zhuzao.com/UploadFile/Baikeuppic/1230873708.jpg', 'ueelife'),
	(24, 1, '钼铁，钼矿', '钼丝网', 338, 11, 21, 359, 1, 3, NULL, '深圳龙华大浪石光工业区', 1, '0000-00-00 00:00:00', 'http://www.zhuzao.com/UploadFile/Baikeuppic/1230873708.jpg', NULL),
	(25, 1, '钼铁，钼矿', '工业炉用钼制品', 723, 11, 22, 225, 1, 3, NULL, '深圳龙华大浪石光工业区', 1, '0000-00-00 00:00:00', 'http://www.zhuzao.com/UploadFile/Baikeuppic/1230873708.jpg', NULL),
	(26, 1, '钼铁，钼矿', '银靶，锡靶，钼靶，钼靶，钽靶，钨靶，铌靶', 509, 11, 22, 315, 1, 3, NULL, '深圳龙华大浪石光工业区', 1, '0000-00-00 00:00:00', 'http://www.zhuzao.com/UploadFile/Baikeuppic/1230873708.jpg', NULL),
	(27, 1, '钼铁，钼矿', '钼盒', 968, 11, 22, 679, 2, 3, NULL, '深圳龙华大浪石光工业区', 0, '0000-00-00 00:00:00', 'http://www.zhuzao.com/UploadFile/Baikeuppic/1230873708.jpg', 'ueelife'),
	(28, 1, '钼铁，钼矿', '钼杆/钼棒', 769, 11, 22, 990, 1, 4, NULL, '深圳龙华大浪石光工业区', 1, '0000-00-00 00:00:00', 'http://www.zhuzao.com/UploadFile/Baikeuppic/1230873708.jpg', NULL),
	(29, 1, '钼铁，钼矿', 'C-276万能的抗腐蚀镍-铬-钼合金', 871, 11, 22, 556, 1, 6, NULL, '深圳龙华大浪石光工业区', 1, '0000-00-00 00:00:00', 'http://www.zhuzao.com/UploadFile/Baikeuppic/1230873708.jpg', NULL),
	(30, 1, '钼铁，钼矿', '钼粉/纳米钼粉', 733, 11, 21, 80, 1, 6, NULL, '深圳龙华大浪石光工业区', 1, '0000-00-00 00:00:00', 'http://www.zhuzao.com/UploadFile/Baikeuppic/1230873708.jpg', NULL),
	(31, 1, '钼铁，钼矿', '供应三氧化钼', 795, 11, 22, 772, 2, 3, NULL, '深圳龙华大浪石光工业区', 0, '0000-00-00 00:00:00', 'http://www.zhuzao.com/UploadFile/Baikeuppic/1230873708.jpg', 'ueelife'),
	(32, 1, '钼铁，钼矿', '钼板', 628, 11, 22, 717, 1, 3, NULL, '深圳龙华大浪石光工业区', 0, '0000-00-00 00:00:00', 'http://www.zhuzao.com/UploadFile/Baikeuppic/1230873708.jpg', NULL),
	(33, 1, '钼铁，钼矿', '银靶，锡靶，钼靶，钼靶，钽靶，钨靶，铌靶', 438, 11, 22, 549, 1, 6, NULL, '深圳龙华大浪石光工业区', 0, '0000-00-00 00:00:00', 'http://www.zhuzao.com/UploadFile/Baikeuppic/1230873708.jpg', NULL),
	(34, 1, '钼铁，钼矿', '钼丝网', 758, 11, 21, 504, 1, 6, NULL, '深圳龙华大浪石光工业区', 0, '0000-00-00 00:00:00', 'http://www.zhuzao.com/UploadFile/Baikeuppic/1230873708.jpg', NULL),
	(35, 1, '钼铁，钼矿', '工业炉用钼制品', 322, 11, 21, 135, 1, 6, NULL, '深圳龙华大浪石光工业区', 1, '0000-00-00 00:00:00', 'http://www.zhuzao.com/UploadFile/Baikeuppic/1230873708.jpg', NULL),
	(36, 1, '钼铁，钼矿', 'TZM', 741, 11, 22, 986, 1, 6, NULL, '深圳龙华大浪石光工业区', 0, '0000-00-00 00:00:00', 'http://www.zhuzao.com/UploadFile/Baikeuppic/1230873708.jpg', NULL),
	(37, 1, '钼铁，钼矿', '钼网', 644, 11, 21, 728, 1, 6, NULL, '深圳龙华大浪石光工业区', 1, '0000-00-00 00:00:00', 'http://www.zhuzao.com/UploadFile/Baikeuppic/1230873708.jpg', NULL),
	(38, 1, '钼铁，钼矿', '供应三氧化钼', 700, 11, 21, 873, 1, 4, NULL, '深圳龙华大浪石光工业区', 1, '0000-00-00 00:00:00', 'http://www.zhuzao.com/UploadFile/Baikeuppic/1230873708.jpg', NULL),
	(39, 1, '钼铁，钼矿', '钛丝网除沫器', 120, 11, 22, 587, 1, 4, NULL, '深圳龙华大浪石光工业区', 1, '0000-00-00 00:00:00', 'http://www.zhuzao.com/UploadFile/Baikeuppic/1230873708.jpg', NULL),
	(40, 1, '钼铁，钼矿', '钼粉/纳米钼粉', 147, 11, 21, 173, 1, 4, NULL, '深圳龙华大浪石光工业区', 1, '0000-00-00 00:00:00', 'http://www.zhuzao.com/UploadFile/Baikeuppic/1230873708.jpg', NULL),
	(41, 1, '钼铁，钼矿', '钼丝', 643, 11, 22, 896, 1, 3, NULL, '深圳龙华大浪石光工业区', 1, '0000-00-00 00:00:00', 'http://www.zhuzao.com/UploadFile/Baikeuppic/1230873708.jpg', NULL),
	(42, 1, '钼铁，钼矿', '钼板', 189, 11, 21, 564, 1, 6, NULL, '深圳龙华大浪石光工业区', 1, '0000-00-00 00:00:00', 'http://www.zhuzao.com/UploadFile/Baikeuppic/1230873708.jpg', NULL),
	(43, 1, '钼铁，钼矿', '钛,钛合金钨钼等稀有金属', 405, 11, 22, 159, 1, 6, NULL, '深圳龙华大浪石光工业区', 0, '0000-00-00 00:00:00', 'http://www.zhuzao.com/UploadFile/Baikeuppic/1230873708.jpg', NULL),
	(44, 1, '钼铁，钼矿', '钼丝网', 749, 11, 21, 47, 1, 6, NULL, '深圳龙华大浪石光工业区', 0, '0000-00-00 00:00:00', 'http://www.zhuzao.com/UploadFile/Baikeuppic/1230873708.jpg', NULL),
	(45, 1, '钼铁，钼矿', '钼片', 291, 11, 22, 31, 1, 3, NULL, '深圳龙华大浪石光工业区', 1, '0000-00-00 00:00:00', 'http://www.zhuzao.com/UploadFile/Baikeuppic/1230873708.jpg', NULL),
	(46, 1, '钼铁，钼矿', '钨粉，钨条，钨铁，钨钼合金粉，钨锭', 193, 11, 21, 680, 1, 4, NULL, '深圳龙华大浪石光工业区', 1, '0000-00-00 00:00:00', 'http://www.zhuzao.com/UploadFile/Baikeuppic/1230873708.jpg', NULL),
	(47, 1, '钼铁，钼矿', '钼盒', 381, 11, 22, 545, 2, 6, NULL, '深圳龙华大浪石光工业区', 1, '0000-00-00 00:00:00', 'http://www.zhuzao.com/UploadFile/Baikeuppic/1230873708.jpg', 'ueelife'),
	(48, 1, '钼铁，钼矿', '工业炉用钼制品', 983, 11, 21, 875, 1, 6, NULL, '深圳龙华大浪石光工业区', 0, '0000-00-00 00:00:00', 'http://www.zhuzao.com/UploadFile/Baikeuppic/1230873708.jpg', NULL),
	(49, 1, '钼铁，钼矿', '钛,钛合金钨钼等稀有金属', 171, 11, 22, 491, 1, 4, NULL, '深圳龙华大浪石光工业区', 0, '0000-00-00 00:00:00', 'http://www.zhuzao.com/UploadFile/Baikeuppic/1230873708.jpg', NULL),
	(50, 1, '钼铁，钼矿', '供应三氧化钼', 854, 11, 21, 90, 1, 6, NULL, '深圳龙华大浪石光工业区', 0, '0000-00-00 00:00:00', 'http://www.zhuzao.com/UploadFile/Baikeuppic/1230873708.jpg', NULL),
	(51, 1, '钼铁，钼矿', 'C-276万能的抗腐蚀镍-铬-钼合金', 276, 11, 21, 364, 1, 6, NULL, '深圳龙华大浪石光工业区', 0, '0000-00-00 00:00:00', 'http://www.zhuzao.com/UploadFile/Baikeuppic/1230873708.jpg', NULL),
	(52, 1, '钼铁，钼矿', '钼坩埚', 268, 11, 21, 930, 1, 4, NULL, '深圳龙华大浪石光工业区', 0, '0000-00-00 00:00:00', 'http://www.zhuzao.com/UploadFile/Baikeuppic/1230873708.jpg', NULL),
	(53, 1, '钼铁，钼矿', '钼盒', 394, 11, 22, 111, 1, 4, NULL, '深圳龙华大浪石光工业区', 0, '0000-00-00 00:00:00', 'http://www.zhuzao.com/UploadFile/Baikeuppic/1230873708.jpg', NULL),
	(54, 1, '钼铁，钼矿', '钼杆/钼棒', 777, 11, 21, 625, 2, 4, NULL, '深圳龙华大浪石光工业区', 1, '0000-00-00 00:00:00', 'http://www.zhuzao.com/UploadFile/Baikeuppic/1230873708.jpg', 'ueelife'),
	(55, 1, '钼铁，钼矿', '钼杆/钼棒', 483, 11, 22, 322, 2, 4, NULL, '深圳龙华大浪石光工业区', 1, '0000-00-00 00:00:00', 'http://www.zhuzao.com/UploadFile/Baikeuppic/1230873708.jpg', 'ueelife'),
	(56, 1, '钼铁，钼矿', 'TZM', 903, 11, 22, 222, 2, 6, NULL, '深圳龙华大浪石光工业区', 1, '0000-00-00 00:00:00', 'http://www.zhuzao.com/UploadFile/Baikeuppic/1230873708.jpg', 'ueelife'),
	(57, 1, '钼铁，钼矿', '钼盒', 285, 11, 22, 967, 1, 6, NULL, '深圳龙华大浪石光工业区', 0, '0000-00-00 00:00:00', 'http://www.zhuzao.com/UploadFile/Baikeuppic/1230873708.jpg', NULL),
	(58, 1, '钼铁，钼矿', '钼丝', 377, 11, 21, 736, 2, 4, NULL, '深圳龙华大浪石光工业区', 1, '0000-00-00 00:00:00', 'http://www.zhuzao.com/UploadFile/Baikeuppic/1230873708.jpg', 'ueelife'),
	(59, 1, '钼铁，钼矿', '钼丝网', 265, 11, 22, 449, 1, 6, NULL, '深圳龙华大浪石光工业区', 0, '0000-00-00 00:00:00', 'http://www.zhuzao.com/UploadFile/Baikeuppic/1230873708.jpg', NULL),
	(60, 1, '钼铁，钼矿', '废钼回收', 428, 11, 21, 134, 1, 6, NULL, '深圳龙华大浪石光工业区', 0, '0000-00-00 00:00:00', 'http://www.zhuzao.com/UploadFile/Baikeuppic/1230873708.jpg', NULL),
	(61, 1, '钼铁，钼矿', '工业炉用钼制品', 822, 11, 21, 862, 1, 3, NULL, '深圳龙华大浪石光工业区', 0, '0000-00-00 00:00:00', 'http://www.zhuzao.com/UploadFile/Baikeuppic/1230873708.jpg', NULL),
	(62, 1, '钼铁，钼矿', '废钼回收', 800, 11, 22, 831, 1, 3, NULL, '深圳龙华大浪石光工业区', 0, '0000-00-00 00:00:00', 'http://www.zhuzao.com/UploadFile/Baikeuppic/1230873708.jpg', NULL),
	(63, 1, '钼铁，钼矿', '钼坩埚', 999, 11, 21, 81, 2, 4, NULL, '深圳龙华大浪石光工业区', 1, '0000-00-00 00:00:00', 'http://www.zhuzao.com/UploadFile/Baikeuppic/1230873708.jpg', 'ueelife'),
	(64, 1, '钼铁，钼矿', '钼丝', 180, 11, 22, 960, 1, 6, NULL, '深圳龙华大浪石光工业区', 0, '0000-00-00 00:00:00', 'http://www.zhuzao.com/UploadFile/Baikeuppic/1230873708.jpg', NULL),
	(65, 1, '钼铁，钼矿', '钼靶材', 201, 11, 22, 31, 1, 4, NULL, '深圳龙华大浪石光工业区', 0, '0000-00-00 00:00:00', 'http://www.zhuzao.com/UploadFile/Baikeuppic/1230873708.jpg', NULL),
	(66, 1, '钼铁，钼矿', '钛,钛合金钨钼等稀有金属', 612, 11, 22, 662, 1, 4, NULL, '深圳龙华大浪石光工业区', 0, '0000-00-00 00:00:00', 'http://www.zhuzao.com/UploadFile/Baikeuppic/1230873708.jpg', NULL),
	(67, 1, '钼铁，钼矿', '钼粉,电解钼粉,金属钼粉,纳米钼粉,纳米碳化钼粉', 255, 11, 21, 1000, 2, 3, NULL, '深圳龙华大浪石光工业区', 1, '0000-00-00 00:00:00', 'http://www.zhuzao.com/UploadFile/Baikeuppic/1230873708.jpg', 'ueelife'),
	(68, 1, '钼铁，钼矿', '钨粉，钨条，钨铁，钨钼合金粉，钨锭', 911, 11, 22, 493, 1, 4, NULL, '深圳龙华大浪石光工业区', 0, '0000-00-00 00:00:00', 'http://www.zhuzao.com/UploadFile/Baikeuppic/1230873708.jpg', NULL),
	(69, 1, '钼铁，钼矿', '钼丝', 680, 11, 22, 35, 1, 3, NULL, '深圳龙华大浪石光工业区', 0, '0000-00-00 00:00:00', 'http://www.zhuzao.com/UploadFile/Baikeuppic/1230873708.jpg', NULL),
	(70, 1, '钼铁，钼矿', '钼坩埚', 872, 11, 21, 969, 1, 4, NULL, '深圳龙华大浪石光工业区', 0, '0000-00-00 00:00:00', 'http://www.zhuzao.com/UploadFile/Baikeuppic/1230873708.jpg', NULL),
	(71, 1, '钼铁，钼矿', 'TZM', 897, 11, 21, 525, 2, 3, NULL, '深圳龙华大浪石光工业区', 1, '0000-00-00 00:00:00', 'http://www.zhuzao.com/UploadFile/Baikeuppic/1230873708.jpg', 'ueelife'),
	(72, 1, '钼铁，钼矿', '钼板', 503, 11, 22, 489, 1, 4, NULL, '深圳龙华大浪石光工业区', 0, '0000-00-00 00:00:00', 'http://www.zhuzao.com/UploadFile/Baikeuppic/1230873708.jpg', NULL),
	(73, 1, '钼铁，钼矿', '进口金属钼、钼棒、钼带、钼粉、钼条、钼合金', 252, 11, 22, 269, 2, 4, NULL, '深圳龙华大浪石光工业区', 1, '0000-00-00 00:00:00', 'http://www.zhuzao.com/UploadFile/Baikeuppic/1230873708.jpg', 'ueelife'),
	(74, 1, '钼铁，钼矿', '钛丝网除沫器', 913, 11, 21, 589, 2, 4, NULL, '深圳龙华大浪石光工业区', 1, '0000-00-00 00:00:00', 'http://www.zhuzao.com/UploadFile/Baikeuppic/1230873708.jpg', 'ueelife'),
	(75, 1, '钼铁，钼矿', '钼杆/钼棒', 170, 11, 21, 546, 1, 6, NULL, '深圳龙华大浪石光工业区', 1, '0000-00-00 00:00:00', 'http://www.zhuzao.com/UploadFile/Baikeuppic/1230873708.jpg', NULL),
	(76, 1, '钼铁，钼矿', '钼杆/钼棒', 768, 11, 21, 919, 1, 6, NULL, '深圳龙华大浪石光工业区', 0, '0000-00-00 00:00:00', 'http://www.zhuzao.com/UploadFile/Baikeuppic/1230873708.jpg', NULL),
	(77, 1, '钼铁，钼矿', '钛,钛合金钨钼等稀有金属', 256, 11, 21, 87, 1, 3, NULL, '深圳龙华大浪石光工业区', 1, '0000-00-00 00:00:00', 'http://www.zhuzao.com/UploadFile/Baikeuppic/1230873708.jpg', NULL),
	(78, 1, '钼铁，钼矿', '钛,钛合金钨钼等稀有金属', 335, 11, 22, 15, 1, 3, NULL, '深圳龙华大浪石光工业区', 1, '0000-00-00 00:00:00', 'http://www.zhuzao.com/UploadFile/Baikeuppic/1230873708.jpg', NULL),
	(79, 1, '钼铁，钼矿', '供应三氧化钼', 153, 11, 22, 36, 1, 6, NULL, '深圳龙华大浪石光工业区', 0, '0000-00-00 00:00:00', 'http://www.zhuzao.com/UploadFile/Baikeuppic/1230873708.jpg', NULL),
	(80, 1, '钼铁，钼矿', '钼杆/钼棒', 277, 11, 22, 77, 1, 4, NULL, '深圳龙华大浪石光工业区', 0, '0000-00-00 00:00:00', 'http://www.zhuzao.com/UploadFile/Baikeuppic/1230873708.jpg', NULL),
	(81, 1, '钼铁，钼矿', '钼粉/纳米钼粉', 740, 11, 21, 590, 1, 3, NULL, '深圳龙华大浪石光工业区', 0, '0000-00-00 00:00:00', 'http://www.zhuzao.com/UploadFile/Baikeuppic/1230873708.jpg', NULL),
	(82, 1, '钼铁，钼矿', '钛,钛合金钨钼等稀有金属', 935, 11, 21, 58, 1, 3, NULL, '深圳龙华大浪石光工业区', 1, '0000-00-00 00:00:00', 'http://www.zhuzao.com/UploadFile/Baikeuppic/1230873708.jpg', NULL),
	(83, 1, '钼铁，钼矿', '废钼回收', 792, 11, 22, 490, 1, 6, NULL, '深圳龙华大浪石光工业区', 0, '0000-00-00 00:00:00', 'http://www.zhuzao.com/UploadFile/Baikeuppic/1230873708.jpg', NULL),
	(84, 1, '钼铁，钼矿', '钼板', 557, 11, 22, 120, 1, 4, NULL, '深圳龙华大浪石光工业区', 1, '0000-00-00 00:00:00', 'http://www.zhuzao.com/UploadFile/Baikeuppic/1230873708.jpg', NULL),
	(85, 1, '钼铁，钼矿', '钨粉，钨条，钨铁，钨钼合金粉，钨锭', 311, 11, 22, 277, 1, 4, NULL, '深圳龙华大浪石光工业区', 0, '0000-00-00 00:00:00', 'http://www.zhuzao.com/UploadFile/Baikeuppic/1230873708.jpg', NULL),
	(86, 1, '钼铁，钼矿', '钨粉，钨条，钨铁，钨钼合金粉，钨锭', 157, 11, 22, 916, 1, 4, NULL, '深圳龙华大浪石光工业区', 1, '0000-00-00 00:00:00', 'http://www.zhuzao.com/UploadFile/Baikeuppic/1230873708.jpg', NULL),
	(87, 1, '钼铁，钼矿', '钨粉，钨条，钨铁，钨钼合金粉，钨锭', 137, 11, 22, 126, 1, 4, NULL, '深圳龙华大浪石光工业区', 0, '0000-00-00 00:00:00', 'http://www.zhuzao.com/UploadFile/Baikeuppic/1230873708.jpg', NULL),
	(88, 1, '钼铁，钼矿', '钼网', 579, 11, 21, 699, 1, 4, NULL, '深圳龙华大浪石光工业区', 0, '0000-00-00 00:00:00', 'http://www.zhuzao.com/UploadFile/Baikeuppic/1230873708.jpg', NULL),
	(89, 1, '钼铁，钼矿', '钼盒', 974, 11, 22, 375, 1, 4, NULL, '深圳龙华大浪石光工业区', 0, '0000-00-00 00:00:00', 'http://www.zhuzao.com/UploadFile/Baikeuppic/1230873708.jpg', NULL),
	(90, 1, '钼铁，钼矿', '钼板', 943, 11, 21, 578, 1, 6, NULL, '深圳龙华大浪石光工业区', 0, '0000-00-00 00:00:00', 'http://www.zhuzao.com/UploadFile/Baikeuppic/1230873708.jpg', NULL),
	(91, 1, '钼铁，钼矿', '钼丝', 469, 11, 21, 596, 1, 3, NULL, '深圳龙华大浪石光工业区', 1, '0000-00-00 00:00:00', 'http://www.zhuzao.com/UploadFile/Baikeuppic/1230873708.jpg', NULL),
	(92, 1, '钼铁，钼矿', '钼盒', 794, 11, 21, 379, 1, 3, NULL, '深圳龙华大浪石光工业区', 0, '0000-00-00 00:00:00', 'http://www.zhuzao.com/UploadFile/Baikeuppic/1230873708.jpg', NULL),
	(93, 1, '钼铁，钼矿', '钼杆/钼棒', 328, 11, 21, 679, 1, 6, NULL, '深圳龙华大浪石光工业区', 1, '0000-00-00 00:00:00', 'http://www.zhuzao.com/UploadFile/Baikeuppic/1230873708.jpg', NULL),
	(94, 1, '钼铁，钼矿', '钼网', 413, 11, 21, 22, 1, 3, NULL, '深圳龙华大浪石光工业区', 0, '0000-00-00 00:00:00', 'http://www.zhuzao.com/UploadFile/Baikeuppic/1230873708.jpg', NULL),
	(95, 1, '钼铁，钼矿', '供应三氧化钼', 349, 11, 22, 792, 1, 3, NULL, '深圳龙华大浪石光工业区', 0, '0000-00-00 00:00:00', 'http://www.zhuzao.com/UploadFile/Baikeuppic/1230873708.jpg', NULL),
	(96, 1, '钼铁，钼矿', '钛丝网除沫器', 341, 11, 21, 655, 1, 4, NULL, '深圳龙华大浪石光工业区', 0, '0000-00-00 00:00:00', 'http://www.zhuzao.com/UploadFile/Baikeuppic/1230873708.jpg', NULL),
	(97, 1, '钼铁，钼矿', 'TZM', 134, 11, 21, 155, 1, 6, NULL, '深圳龙华大浪石光工业区', 0, '0000-00-00 00:00:00', 'http://www.zhuzao.com/UploadFile/Baikeuppic/1230873708.jpg', NULL),
	(98, 1, '钼铁，钼矿', '钼粉,电解钼粉,金属钼粉,纳米钼粉,纳米碳化钼粉', 691, 11, 21, 684, 1, 4, NULL, '深圳龙华大浪石光工业区', 0, '0000-00-00 00:00:00', 'http://www.zhuzao.com/UploadFile/Baikeuppic/1230873708.jpg', NULL),
	(99, 1, '钼铁，钼矿', '钼丝网', 271, 11, 21, 986, 1, 4, NULL, '深圳龙华大浪石光工业区', 1, '0000-00-00 00:00:00', 'http://www.zhuzao.com/UploadFile/Baikeuppic/1230873708.jpg', NULL),
	(100, 1, '钼铁，钼矿', '进口金属钼、钼棒、钼带、钼粉、钼条、钼合金', 319, 11, 21, 76, 1, 4, NULL, '深圳龙华大浪石光工业区', 0, '0000-00-00 00:00:00', 'http://www.zhuzao.com/UploadFile/Baikeuppic/1230873708.jpg', NULL),
	(101, 1, '钼铁，钼矿', '钼板', 648, 11, 22, 958, 1, 4, NULL, '深圳龙华大浪石光工业区', 1, '0000-00-00 00:00:00', 'http://www.zhuzao.com/UploadFile/Baikeuppic/1230873708.jpg', NULL),
	(102, 1, '钼铁，钼矿', '钼杆/钼棒', 669, 11, 22, 626, 1, 4, NULL, '深圳龙华大浪石光工业区', 0, '0000-00-00 00:00:00', 'http://www.zhuzao.com/UploadFile/Baikeuppic/1230873708.jpg', NULL),
	(103, 1, '钼铁，钼矿', '钛丝网除沫器', 106, 11, 22, 185, 1, 4, NULL, '深圳龙华大浪石光工业区', 1, '0000-00-00 00:00:00', 'http://www.zhuzao.com/UploadFile/Baikeuppic/1230873708.jpg', NULL),
	(104, 1, '钼铁，钼矿', '钼网', 817, 11, 22, 871, 1, 6, NULL, '深圳龙华大浪石光工业区', 1, '0000-00-00 00:00:00', 'http://www.zhuzao.com/UploadFile/Baikeuppic/1230873708.jpg', NULL),
	(105, 1, '钼铁，钼矿', '钨粉，钨条，钨铁，钨钼合金粉，钨锭', 994, 11, 21, 185, 1, 4, NULL, '深圳龙华大浪石光工业区', 1, '0000-00-00 00:00:00', 'http://www.zhuzao.com/UploadFile/Baikeuppic/1230873708.jpg', NULL),
	(106, 1, '钼铁，钼矿', '钼粉/纳米钼粉', 411, 11, 22, 826, 1, 3, NULL, '深圳龙华大浪石光工业区', 0, '0000-00-00 00:00:00', 'http://www.zhuzao.com/UploadFile/Baikeuppic/1230873708.jpg', NULL),
	(107, 1, '钼铁，钼矿', '钼盒', 700, 11, 22, 818, 1, 6, NULL, '深圳龙华大浪石光工业区', 0, '0000-00-00 00:00:00', 'http://www.zhuzao.com/UploadFile/Baikeuppic/1230873708.jpg', NULL),
	(108, 1, '钼铁，钼矿', '钼粉,电解钼粉,金属钼粉,纳米钼粉,纳米碳化钼粉', 493, 11, 22, 138, 1, 3, NULL, '深圳龙华大浪石光工业区', 1, '0000-00-00 00:00:00', 'http://www.zhuzao.com/UploadFile/Baikeuppic/1230873708.jpg', NULL),
	(109, 1, '钼铁，钼矿', '供应三氧化钼', 339, 11, 22, 751, 1, 3, NULL, '深圳龙华大浪石光工业区', 1, '0000-00-00 00:00:00', 'http://www.zhuzao.com/UploadFile/Baikeuppic/1230873708.jpg', NULL),
	(110, 1, '钼铁，钼矿', '工业炉用钼制品', 403, 11, 22, 744, 1, 6, NULL, '深圳龙华大浪石光工业区', 0, '0000-00-00 00:00:00', 'http://www.zhuzao.com/UploadFile/Baikeuppic/1230873708.jpg', NULL),
	(111, 1, '钼铁，钼矿', '钼靶材', 802, 11, 22, 625, 1, 3, NULL, '深圳龙华大浪石光工业区', 1, '0000-00-00 00:00:00', 'http://www.zhuzao.com/UploadFile/Baikeuppic/1230873708.jpg', NULL),
	(112, 1, '钼铁，钼矿', '钼粉/纳米钼粉', 954, 11, 22, 587, 1, 4, NULL, '深圳龙华大浪石光工业区', 0, '0000-00-00 00:00:00', 'http://www.zhuzao.com/UploadFile/Baikeuppic/1230873708.jpg', NULL),
	(113, 1, '钼铁，钼矿', '进口金属钼、钼棒、钼带、钼粉、钼条、钼合金', 126, 11, 22, 110, 1, 6, NULL, '深圳龙华大浪石光工业区', 1, '0000-00-00 00:00:00', 'http://www.zhuzao.com/UploadFile/Baikeuppic/1230873708.jpg', NULL),
	(114, 1, '钼铁，钼矿', 'C-276万能的抗腐蚀镍-铬-钼合金', 305, 11, 21, 660, 1, 6, NULL, '深圳龙华大浪石光工业区', 0, '0000-00-00 00:00:00', 'http://www.zhuzao.com/UploadFile/Baikeuppic/1230873708.jpg', NULL),
	(115, 1, '钼铁，钼矿', 'TZM', 162, 11, 22, 597, 1, 4, NULL, '深圳龙华大浪石光工业区', 1, '0000-00-00 00:00:00', 'http://www.zhuzao.com/UploadFile/Baikeuppic/1230873708.jpg', NULL),
	(116, 1, '钼铁，钼矿', '钨粉，钨条，钨铁，钨钼合金粉，钨锭', 996, 11, 21, 433, 1, 4, NULL, '深圳龙华大浪石光工业区', 0, '0000-00-00 00:00:00', 'http://www.zhuzao.com/UploadFile/Baikeuppic/1230873708.jpg', NULL),
	(117, 1, '钼铁，钼矿', '钛,钛合金钨钼等稀有金属', 645, 11, 22, 453, 1, 6, NULL, '深圳龙华大浪石光工业区', 0, '0000-00-00 00:00:00', 'http://www.zhuzao.com/UploadFile/Baikeuppic/1230873708.jpg', NULL),
	(118, 1, '钼铁，钼矿', '钛,钛合金钨钼等稀有金属', 817, 11, 21, 914, 1, 6, NULL, '深圳龙华大浪石光工业区', 1, '0000-00-00 00:00:00', 'http://www.zhuzao.com/UploadFile/Baikeuppic/1230873708.jpg', NULL),
	(119, 1, '钼铁，钼矿', '钛丝网除沫器', 102, 11, 22, 210, 1, 4, NULL, '深圳龙华大浪石光工业区', 1, '0000-00-00 00:00:00', 'http://www.zhuzao.com/UploadFile/Baikeuppic/1230873708.jpg', NULL),
	(120, 1, '钼铁，钼矿', '钼网', 820, 11, 21, 872, 1, 4, NULL, '深圳龙华大浪石光工业区', 0, '0000-00-00 00:00:00', 'http://www.zhuzao.com/UploadFile/Baikeuppic/1230873708.jpg', NULL),
	(121, 1, '钼铁，钼矿', '钛,钛合金钨钼等稀有金属', 366, 11, 21, 685, 2, 3, NULL, '深圳龙华大浪石光工业区', 0, '0000-00-00 00:00:00', 'http://www.zhuzao.com/UploadFile/Baikeuppic/1230873708.jpg', 'ueelife'),
	(122, 1, '钼铁，钼矿', 'TZM', 280, 11, 22, 589, 2, 3, NULL, '深圳龙华大浪石光工业区', 0, '0000-00-00 00:00:00', 'http://www.zhuzao.com/UploadFile/Baikeuppic/1230873708.jpg', 'ueelife'),
	(123, 1, '钼铁，钼矿', '钼板', 330, 11, 21, 575, 2, 4, NULL, '深圳龙华大浪石光工业区', 0, '0000-00-00 00:00:00', 'http://www.zhuzao.com/UploadFile/Baikeuppic/1230873708.jpg', 'ueelife'),
	(124, 1, '钼铁，钼矿', '钛,钛合金钨钼等稀有金属', 601, 11, 22, 627, 2, 3, NULL, '深圳龙华大浪石光工业区', 0, '0000-00-00 00:00:00', 'http://www.zhuzao.com/UploadFile/Baikeuppic/1230873708.jpg', 'ueelife'),
	(125, 1, '钼铁，钼矿', '钛,钛合金钨钼等稀有金属', 1000, 11, 21, 436, 2, 3, NULL, '深圳龙华大浪石光工业区', 0, '0000-00-00 00:00:00', 'http://www.zhuzao.com/UploadFile/Baikeuppic/1230873708.jpg', 'ueelife'),
	(126, 1, '钼铁，钼矿', '钼丝网', 114, 11, 21, 498, 1, 6, NULL, '深圳龙华大浪石光工业区', 1, '0000-00-00 00:00:00', 'http://www.zhuzao.com/UploadFile/Baikeuppic/1230873708.jpg', NULL),
	(127, 1, '钼铁，钼矿', '钼丝网', 118, 11, 21, 339, 2, 4, NULL, '深圳龙华大浪石光工业区', 0, '0000-00-00 00:00:00', 'http://www.zhuzao.com/UploadFile/Baikeuppic/1230873708.jpg', 'ueelife'),
	(128, 1, '钼铁，钼矿', '钼板', 673, 11, 22, 162, 1, 6, NULL, '深圳龙华大浪石光工业区', 1, '0000-00-00 00:00:00', 'http://www.zhuzao.com/UploadFile/Baikeuppic/1230873708.jpg', NULL),
	(129, 1, '钼铁，钼矿', '银靶，锡靶，钼靶，钼靶，钽靶，钨靶，铌靶', 791, 11, 21, 46, 1, 4, NULL, '深圳龙华大浪石光工业区', 1, '0000-00-00 00:00:00', 'http://www.zhuzao.com/UploadFile/Baikeuppic/1230873708.jpg', NULL),
	(130, 1, '钼铁，钼矿', '钼盒', 499, 11, 22, 905, 1, 3, NULL, '深圳龙华大浪石光工业区', 1, '0000-00-00 00:00:00', 'http://www.zhuzao.com/UploadFile/Baikeuppic/1230873708.jpg', NULL),
	(131, 1, '钼铁，钼矿', '钨粉，钨条，钨铁，钨钼合金粉，钨锭', 155, 11, 21, 657, 1, 4, NULL, '深圳龙华大浪石光工业区', 1, '0000-00-00 00:00:00', 'http://www.zhuzao.com/UploadFile/Baikeuppic/1230873708.jpg', NULL),
	(132, 1, '钼铁，钼矿', '进口金属钼、钼棒、钼带、钼粉、钼条、钼合金', 794, 11, 21, 996, 1, 6, NULL, '深圳龙华大浪石光工业区', 1, '0000-00-00 00:00:00', 'http://www.zhuzao.com/UploadFile/Baikeuppic/1230873708.jpg', NULL),
	(133, 1, '钼铁，钼矿', '银靶，锡靶，钼靶，钼靶，钽靶，钨靶，铌靶', 283, 11, 22, 641, 2, 6, NULL, '深圳龙华大浪石光工业区', 0, '0000-00-00 00:00:00', 'http://www.zhuzao.com/UploadFile/Baikeuppic/1230873708.jpg', 'ueelife'),
	(134, 1, '钼铁，钼矿', '钼片', 133, 11, 21, 610, 2, 4, NULL, '深圳龙华大浪石光工业区', 0, '0000-00-00 00:00:00', 'http://www.zhuzao.com/UploadFile/Baikeuppic/1230873708.jpg', 'ueelife'),
	(135, 1, '钼铁，钼矿', '钼盒', 356, 11, 22, 301, 2, 6, NULL, '深圳龙华大浪石光工业区', 0, '0000-00-00 00:00:00', 'http://www.zhuzao.com/UploadFile/Baikeuppic/1230873708.jpg', 'ueelife'),
	(136, 1, '钼铁，钼矿', '钼杆/钼棒', 855, 11, 22, 931, 1, 4, NULL, '深圳龙华大浪石光工业区', 1, '0000-00-00 00:00:00', 'http://www.zhuzao.com/UploadFile/Baikeuppic/1230873708.jpg', NULL),
	(137, 1, '钼铁，钼矿', '钼网', 809, 11, 21, 956, 2, 6, NULL, '深圳龙华大浪石光工业区', 0, '0000-00-00 00:00:00', 'http://www.zhuzao.com/UploadFile/Baikeuppic/1230873708.jpg', 'ueelife'),
	(138, 1, '钼铁，钼矿', '钼丝网', 912, 11, 21, 680, 1, 6, NULL, '深圳龙华大浪石光工业区', 0, '0000-00-00 00:00:00', 'http://www.zhuzao.com/UploadFile/Baikeuppic/1230873708.jpg', NULL),
	(139, 1, '钼铁，钼矿', '钼坩埚', 844, 11, 22, 233, 1, 3, NULL, '深圳龙华大浪石光工业区', 0, '0000-00-00 00:00:00', 'http://www.zhuzao.com/UploadFile/Baikeuppic/1230873708.jpg', NULL),
	(140, 1, '钼铁，钼矿', '银靶，锡靶，钼靶，钼靶，钽靶，钨靶，铌靶', 383, 11, 22, 96, 1, 6, NULL, '深圳龙华大浪石光工业区', 1, '0000-00-00 00:00:00', 'http://www.zhuzao.com/UploadFile/Baikeuppic/1230873708.jpg', NULL),
	(141, 1, '钼铁，钼矿', '进口金属钼、钼棒、钼带、钼粉、钼条、钼合金', 761, 11, 22, 811, 1, 3, NULL, '深圳龙华大浪石光工业区', 1, '0000-00-00 00:00:00', 'http://www.zhuzao.com/UploadFile/Baikeuppic/1230873708.jpg', NULL),
	(142, 1, '钼铁，钼矿', '银靶，锡靶，钼靶，钼靶，钽靶，钨靶，铌靶', 911, 11, 22, 351, 1, 4, NULL, '深圳龙华大浪石光工业区', 1, '0000-00-00 00:00:00', 'http://www.zhuzao.com/UploadFile/Baikeuppic/1230873708.jpg', NULL),
	(143, 1, '钼铁，钼矿', '进口金属钼、钼棒、钼带、钼粉、钼条、钼合金', 140, 11, 22, 863, 1, 3, NULL, '深圳龙华大浪石光工业区', 0, '0000-00-00 00:00:00', 'http://www.zhuzao.com/UploadFile/Baikeuppic/1230873708.jpg', NULL),
	(144, 1, '钼铁，钼矿', '钼网', 903, 11, 22, 301, 1, 3, NULL, '深圳龙华大浪石光工业区', 1, '0000-00-00 00:00:00', 'http://www.zhuzao.com/UploadFile/Baikeuppic/1230873708.jpg', NULL),
	(145, 1, '钼铁，钼矿', '钛,钛合金钨钼等稀有金属', 348, 11, 21, 399, 1, 3, NULL, '深圳龙华大浪石光工业区', 1, '0000-00-00 00:00:00', 'http://www.zhuzao.com/UploadFile/Baikeuppic/1230873708.jpg', NULL),
	(146, 1, '钼铁，钼矿', '钼片', 362, 11, 21, 106, 1, 3, NULL, '深圳龙华大浪石光工业区', 0, '0000-00-00 00:00:00', 'http://www.zhuzao.com/UploadFile/Baikeuppic/1230873708.jpg', NULL),
	(147, 1, '钼铁，钼矿', '工业炉用钼制品', 726, 11, 21, 805, 1, 3, NULL, '深圳龙华大浪石光工业区', 1, '0000-00-00 00:00:00', 'http://www.zhuzao.com/UploadFile/Baikeuppic/1230873708.jpg', NULL),
	(148, 1, '钼铁，钼矿', '钛,钛合金钨钼等稀有金属', 168, 11, 21, 140, 1, 6, NULL, '深圳龙华大浪石光工业区', 1, '0000-00-00 00:00:00', 'http://www.zhuzao.com/UploadFile/Baikeuppic/1230873708.jpg', NULL),
	(149, 1, '钼铁，钼矿', '钼丝网', 992, 11, 22, 436, 1, 6, NULL, '深圳龙华大浪石光工业区', 0, '0000-00-00 00:00:00', 'http://www.zhuzao.com/UploadFile/Baikeuppic/1230873708.jpg', NULL),
	(150, 1, '钼铁，钼矿', '进口金属钼、钼棒、钼带、钼粉、钼条、钼合金', 806, 11, 22, 459, 1, 4, NULL, '深圳龙华大浪石光工业区', 1, '0000-00-00 00:00:00', 'http://www.zhuzao.com/UploadFile/Baikeuppic/1230873708.jpg', NULL),
	(151, 1, '钼铁，钼矿', '钼盒', 112, 11, 21, 96, 1, 3, NULL, '深圳龙华大浪石光工业区', 0, '0000-00-00 00:00:00', 'http://www.zhuzao.com/UploadFile/Baikeuppic/1230873708.jpg', NULL),
	(152, 1, '钼铁，钼矿', '钛,钛合金钨钼等稀有金属', 930, 11, 22, 281, 1, 4, NULL, '深圳龙华大浪石光工业区', 1, '0000-00-00 00:00:00', 'http://www.zhuzao.com/UploadFile/Baikeuppic/1230873708.jpg', NULL),
	(153, 1, '钼铁，钼矿', '钼片', 810, 11, 21, 871, 1, 3, NULL, '深圳龙华大浪石光工业区', 0, '0000-00-00 00:00:00', 'http://www.zhuzao.com/UploadFile/Baikeuppic/1230873708.jpg', NULL),
	(154, 1, '钼铁，钼矿', '钼网', 407, 11, 22, 276, 1, 4, NULL, '深圳龙华大浪石光工业区', 1, '0000-00-00 00:00:00', 'http://www.zhuzao.com/UploadFile/Baikeuppic/1230873708.jpg', NULL),
	(155, 1, '钼铁，钼矿', '钼片', 158, 11, 21, 598, 1, 3, NULL, '深圳龙华大浪石光工业区', 1, '0000-00-00 00:00:00', 'http://www.zhuzao.com/UploadFile/Baikeuppic/1230873708.jpg', NULL),
	(156, 1, '钼铁，钼矿', '钼坩埚', 392, 11, 22, 547, 1, 6, NULL, '深圳龙华大浪石光工业区', 1, '0000-00-00 00:00:00', 'http://www.zhuzao.com/UploadFile/Baikeuppic/1230873708.jpg', NULL),
	(157, 1, '钼铁，钼矿', '钛,钛合金钨钼等稀有金属', 422, 11, 22, 661, 1, 3, NULL, '深圳龙华大浪石光工业区', 0, '0000-00-00 00:00:00', 'http://www.zhuzao.com/UploadFile/Baikeuppic/1230873708.jpg', NULL),
	(158, 1, '钼铁，钼矿', '钼盒', 828, 11, 22, 974, 1, 6, NULL, '深圳龙华大浪石光工业区', 1, '0000-00-00 00:00:00', 'http://www.zhuzao.com/UploadFile/Baikeuppic/1230873708.jpg', NULL),
	(159, 1, '钼铁，钼矿', '钼丝网', 568, 11, 22, 973, 1, 6, NULL, '深圳龙华大浪石光工业区', 0, '0000-00-00 00:00:00', 'http://www.zhuzao.com/UploadFile/Baikeuppic/1230873708.jpg', NULL),
	(160, 1, '钼铁，钼矿', '钼丝网', 644, 11, 21, 297, 1, 3, NULL, '深圳龙华大浪石光工业区', 0, '0000-00-00 00:00:00', 'http://www.zhuzao.com/UploadFile/Baikeuppic/1230873708.jpg', NULL),
	(161, 1, '钼铁，钼矿', '钨粉，钨条，钨铁，钨钼合金粉，钨锭', 465, 11, 22, 344, 1, 6, NULL, '深圳龙华大浪石光工业区', 1, '0000-00-00 00:00:00', 'http://www.zhuzao.com/UploadFile/Baikeuppic/1230873708.jpg', NULL),
	(162, 1, '钼铁，钼矿', '钼丝网', 791, 11, 21, 188, 1, 4, NULL, '深圳龙华大浪石光工业区', 1, '0000-00-00 00:00:00', 'http://www.zhuzao.com/UploadFile/Baikeuppic/1230873708.jpg', NULL),
	(163, 1, '钼铁，钼矿', '钼丝网', 964, 11, 21, 933, 1, 3, NULL, '深圳龙华大浪石光工业区', 1, '0000-00-00 00:00:00', 'http://www.zhuzao.com/UploadFile/Baikeuppic/1230873708.jpg', NULL),
	(164, 1, '钼铁，钼矿', '钼网', 798, 11, 22, 967, 1, 4, NULL, '深圳龙华大浪石光工业区', 1, '0000-00-00 00:00:00', 'http://www.zhuzao.com/UploadFile/Baikeuppic/1230873708.jpg', NULL),
	(165, 1, '钼铁，钼矿', '钼板', 969, 11, 22, 503, 1, 6, NULL, '深圳龙华大浪石光工业区', 1, '0000-00-00 00:00:00', 'http://www.zhuzao.com/UploadFile/Baikeuppic/1230873708.jpg', NULL),
	(166, 1, '钼铁，钼矿', '废钼回收', 642, 11, 21, 202, 1, 4, NULL, '深圳龙华大浪石光工业区', 0, '0000-00-00 00:00:00', 'http://www.zhuzao.com/UploadFile/Baikeuppic/1230873708.jpg', NULL),
	(167, 1, '钼铁，钼矿', '钼片', 803, 11, 22, 353, 1, 4, NULL, '深圳龙华大浪石光工业区', 1, '0000-00-00 00:00:00', 'http://www.zhuzao.com/UploadFile/Baikeuppic/1230873708.jpg', NULL),
	(168, 1, '钼铁，钼矿', '钛丝网除沫器', 630, 11, 21, 512, 1, 3, NULL, '深圳龙华大浪石光工业区', 1, '0000-00-00 00:00:00', 'http://www.zhuzao.com/UploadFile/Baikeuppic/1230873708.jpg', NULL),
	(169, 1, '钼铁，钼矿', '供应三氧化钼', 657, 11, 21, 602, 1, 3, NULL, '深圳龙华大浪石光工业区', 0, '0000-00-00 00:00:00', 'http://www.zhuzao.com/UploadFile/Baikeuppic/1230873708.jpg', NULL),
	(170, 1, '钼铁，钼矿', '工业炉用钼制品', 225, 11, 21, 15, 1, 3, NULL, '深圳龙华大浪石光工业区', 1, '0000-00-00 00:00:00', 'http://www.zhuzao.com/UploadFile/Baikeuppic/1230873708.jpg', NULL),
	(171, 1, '钼铁，钼矿', '钼板', 526, 11, 22, 569, 1, 4, NULL, '深圳龙华大浪石光工业区', 0, '0000-00-00 00:00:00', 'http://www.zhuzao.com/UploadFile/Baikeuppic/1230873708.jpg', NULL),
	(172, 1, '钼铁，钼矿', '钼坩埚', 970, 11, 22, 409, 1, 6, NULL, '深圳龙华大浪石光工业区', 1, '0000-00-00 00:00:00', 'http://www.zhuzao.com/UploadFile/Baikeuppic/1230873708.jpg', NULL),
	(173, 1, '钼铁，钼矿', '钼杆/钼棒', 198, 11, 21, 66, 1, 4, NULL, '深圳龙华大浪石光工业区', 0, '0000-00-00 00:00:00', 'http://www.zhuzao.com/UploadFile/Baikeuppic/1230873708.jpg', NULL),
	(174, 1, '钼铁，钼矿', '工业炉用钼制品', 454, 11, 22, 111, 1, 6, NULL, '深圳龙华大浪石光工业区', 1, '0000-00-00 00:00:00', 'http://www.zhuzao.com/UploadFile/Baikeuppic/1230873708.jpg', NULL),
	(175, 1, '钼铁，钼矿', '钼板', 656, 11, 22, 768, 1, 4, NULL, '深圳龙华大浪石光工业区', 1, '0000-00-00 00:00:00', 'http://www.zhuzao.com/UploadFile/Baikeuppic/1230873708.jpg', NULL),
	(176, 1, '钼铁，钼矿', '钼丝网', 391, 11, 21, 959, 1, 6, NULL, '深圳龙华大浪石光工业区', 0, '0000-00-00 00:00:00', 'http://www.zhuzao.com/UploadFile/Baikeuppic/1230873708.jpg', NULL),
	(177, 1, '钼铁，钼矿', '钼网', 360, 11, 22, 902, 1, 4, NULL, '深圳龙华大浪石光工业区', 0, '0000-00-00 00:00:00', 'http://www.zhuzao.com/UploadFile/Baikeuppic/1230873708.jpg', NULL),
	(178, 1, '钼铁，钼矿', '钼网', 172, 11, 22, 908, 1, 6, NULL, '深圳龙华大浪石光工业区', 1, '0000-00-00 00:00:00', 'http://www.zhuzao.com/UploadFile/Baikeuppic/1230873708.jpg', NULL),
	(179, 1, '钼铁，钼矿', '银靶，锡靶，钼靶，钼靶，钽靶，钨靶，铌靶', 446, 11, 21, 995, 1, 4, NULL, '深圳龙华大浪石光工业区', 0, '0000-00-00 00:00:00', 'http://www.zhuzao.com/UploadFile/Baikeuppic/1230873708.jpg', NULL),
	(180, 1, '钼铁，钼矿', '钼粉,电解钼粉,金属钼粉,纳米钼粉,纳米碳化钼粉', 309, 11, 22, 474, 1, 3, NULL, '深圳龙华大浪石光工业区', 0, '0000-00-00 00:00:00', 'http://www.zhuzao.com/UploadFile/Baikeuppic/1230873708.jpg', NULL),
	(181, 1, '钼铁，钼矿', 'C-276万能的抗腐蚀镍-铬-钼合金', 439, 11, 22, 318, 1, 3, NULL, '深圳龙华大浪石光工业区', 0, '0000-00-00 00:00:00', 'http://www.zhuzao.com/UploadFile/Baikeuppic/1230873708.jpg', NULL),
	(182, 1, '钼铁，钼矿', '钼丝网', 425, 11, 21, 807, 1, 6, NULL, '深圳龙华大浪石光工业区', 1, '0000-00-00 00:00:00', 'http://www.zhuzao.com/UploadFile/Baikeuppic/1230873708.jpg', NULL),
	(183, 1, '钼铁，钼矿', '钼杆/钼棒', 329, 11, 21, 961, 1, 4, NULL, '深圳龙华大浪石光工业区', 0, '0000-00-00 00:00:00', 'http://www.zhuzao.com/UploadFile/Baikeuppic/1230873708.jpg', NULL),
	(184, 1, '钼铁，钼矿', '钼盒', 414, 11, 21, 667, 1, 6, NULL, '深圳龙华大浪石光工业区', 1, '0000-00-00 00:00:00', 'http://www.zhuzao.com/UploadFile/Baikeuppic/1230873708.jpg', NULL),
	(185, 1, '钼铁，钼矿', '钼片', 690, 11, 22, 672, 1, 6, NULL, '深圳龙华大浪石光工业区', 1, '0000-00-00 00:00:00', 'http://www.zhuzao.com/UploadFile/Baikeuppic/1230873708.jpg', NULL),
	(186, 1, '钼铁，钼矿', '钛,钛合金钨钼等稀有金属', 188, 11, 21, 876, 1, 3, NULL, '深圳龙华大浪石光工业区', 0, '0000-00-00 00:00:00', 'http://www.zhuzao.com/UploadFile/Baikeuppic/1230873708.jpg', NULL),
	(187, 1, '钼铁，钼矿', '工业炉用钼制品', 503, 11, 22, 243, 1, 6, NULL, '深圳龙华大浪石光工业区', 0, '0000-00-00 00:00:00', 'http://www.zhuzao.com/UploadFile/Baikeuppic/1230873708.jpg', NULL),
	(188, 1, '钼铁，钼矿', '钼粉/纳米钼粉', 420, 11, 21, 263, 1, 6, NULL, '深圳龙华大浪石光工业区', 0, '0000-00-00 00:00:00', 'http://www.zhuzao.com/UploadFile/Baikeuppic/1230873708.jpg', NULL),
	(189, 1, '钼铁，钼矿', '钼盒', 844, 11, 21, 811, 1, 6, NULL, '深圳龙华大浪石光工业区', 0, '0000-00-00 00:00:00', 'http://www.zhuzao.com/UploadFile/Baikeuppic/1230873708.jpg', NULL),
	(190, 1, '钼铁，钼矿', '供应三氧化钼', 475, 11, 21, 491, 1, 6, NULL, '深圳龙华大浪石光工业区', 0, '0000-00-00 00:00:00', 'http://www.zhuzao.com/UploadFile/Baikeuppic/1230873708.jpg', NULL),
	(191, 1, '钼铁，钼矿', '钼板', 256, 11, 21, 708, 1, 6, NULL, '深圳龙华大浪石光工业区', 1, '0000-00-00 00:00:00', 'http://www.zhuzao.com/UploadFile/Baikeuppic/1230873708.jpg', NULL),
	(192, 1, '钼铁，钼矿', 'C-276万能的抗腐蚀镍-铬-钼合金', 692, 11, 21, 237, 1, 4, NULL, '深圳龙华大浪石光工业区', 1, '0000-00-00 00:00:00', 'http://www.zhuzao.com/UploadFile/Baikeuppic/1230873708.jpg', NULL),
	(193, 1, '钼铁，钼矿', '废钼回收', 804, 11, 21, 456, 1, 6, NULL, '深圳龙华大浪石光工业区', 1, '0000-00-00 00:00:00', 'http://www.zhuzao.com/UploadFile/Baikeuppic/1230873708.jpg', NULL),
	(194, 1, '钼铁，钼矿', '钛,钛合金钨钼等稀有金属', 647, 11, 22, 952, 1, 6, NULL, '深圳龙华大浪石光工业区', 1, '0000-00-00 00:00:00', 'http://www.zhuzao.com/UploadFile/Baikeuppic/1230873708.jpg', NULL),
	(195, 1, '钼铁，钼矿', '钨粉，钨条，钨铁，钨钼合金粉，钨锭', 486, 11, 22, 439, 1, 4, NULL, '深圳龙华大浪石光工业区', 1, '0000-00-00 00:00:00', 'http://www.zhuzao.com/UploadFile/Baikeuppic/1230873708.jpg', NULL),
	(196, 1, '钼铁，钼矿', '废钼回收', 408, 11, 22, 297, 1, 6, NULL, '深圳龙华大浪石光工业区', 1, '0000-00-00 00:00:00', 'http://www.zhuzao.com/UploadFile/Baikeuppic/1230873708.jpg', NULL),
	(197, 1, '钼铁，钼矿', '钼杆/钼棒', 739, 11, 22, 624, 1, 6, NULL, '深圳龙华大浪石光工业区', 0, '0000-00-00 00:00:00', 'http://www.zhuzao.com/UploadFile/Baikeuppic/1230873708.jpg', NULL),
	(198, 1, '钼铁，钼矿', '钛丝网除沫器', 418, 11, 22, 711, 1, 6, NULL, '深圳龙华大浪石光工业区', 0, '0000-00-00 00:00:00', 'http://www.zhuzao.com/UploadFile/Baikeuppic/1230873708.jpg', NULL),
	(199, 1, '钼铁，钼矿', '钼靶材', 823, 11, 22, 990, 1, 4, NULL, '深圳龙华大浪石光工业区', 0, '0000-00-00 00:00:00', 'http://www.zhuzao.com/UploadFile/Baikeuppic/1230873708.jpg', NULL);
/*!40000 ALTER TABLE `mu_product` ENABLE KEYS */;


# Dumping structure for table mu.mu_recommend
DROP TABLE IF EXISTS `mu_recommend`;
CREATE TABLE IF NOT EXISTS `mu_recommend` (
  `recommend_id` int(11) NOT NULL AUTO_INCREMENT,
  `recommend_object_id` bigint(20) NOT NULL COMMENT '用户,文章,供求等',
  `recommend_type` tinyint(11) NOT NULL,
  `recommend_position` tinyint(11) NOT NULL,
  `recommend_status` tinyint(4) DEFAULT NULL,
  `recommend_time` datetime DEFAULT NULL,
  PRIMARY KEY (`recommend_id`)
) ENGINE=MyISAM AUTO_INCREMENT=3 DEFAULT CHARSET=utf8;

# Dumping data for table mu.mu_recommend: 2 rows
DELETE FROM `mu_recommend`;
/*!40000 ALTER TABLE `mu_recommend` DISABLE KEYS */;
INSERT INTO `mu_recommend` (`recommend_id`, `recommend_object_id`, `recommend_type`, `recommend_position`, `recommend_status`, `recommend_time`) VALUES
	(1, 1, 23, 25, 1, '2013-01-31 23:57:46'),
	(2, 31, 21, 27, 1, '2013-01-31 23:59:23');
/*!40000 ALTER TABLE `mu_recommend` ENABLE KEYS */;


# Dumping structure for table mu.mu_right_assignment
DROP TABLE IF EXISTS `mu_right_assignment`;
CREATE TABLE IF NOT EXISTS `mu_right_assignment` (
  `itemname` varchar(64) NOT NULL,
  `userid` int(11) NOT NULL,
  `bizrule` varchar(1024) DEFAULT NULL,
  `data` varchar(1024) DEFAULT NULL,
  PRIMARY KEY (`userid`,`itemname`)
) ENGINE=MyISAM DEFAULT CHARSET=utf8;

# Dumping data for table mu.mu_right_assignment: 2 rows
DELETE FROM `mu_right_assignment`;
/*!40000 ALTER TABLE `mu_right_assignment` DISABLE KEYS */;
INSERT INTO `mu_right_assignment` (`itemname`, `userid`, `bizrule`, `data`) VALUES
	('productAdmin', 2, NULL, 'N;'),
	('superAdmin', 1, NULL, 'N;');
/*!40000 ALTER TABLE `mu_right_assignment` ENABLE KEYS */;


# Dumping structure for table mu.mu_right_item
DROP TABLE IF EXISTS `mu_right_item`;
CREATE TABLE IF NOT EXISTS `mu_right_item` (
  `name` varchar(64) NOT NULL,
  `type` int(11) NOT NULL,
  `zh_name` varchar(128) DEFAULT NULL COMMENT '权限项目中文名称',
  `description` varchar(1024) CHARACTER SET gbk DEFAULT NULL,
  `bizrule` varchar(1024) CHARACTER SET gbk DEFAULT NULL COMMENT 'php script for eval',
  `data` varchar(1024) CHARACTER SET gbk DEFAULT NULL,
  PRIMARY KEY (`name`)
) ENGINE=MyISAM DEFAULT CHARSET=utf8;

# Dumping data for table mu.mu_right_item: 86 rows
DELETE FROM `mu_right_item`;
/*!40000 ALTER TABLE `mu_right_item` DISABLE KEYS */;
INSERT INTO `mu_right_item` (`name`, `type`, `zh_name`, `description`, `bizrule`, `data`) VALUES
	('admin-AdvertisementRecommendManageAdvertisement', 0, NULL, NULL, NULL, 'N;'),
	('admin-AdvertisementRecommendUpdateAdvertisement', 0, NULL, NULL, NULL, 'N;'),
	('admin-AdvertisementRecommendManageRecommend', 0, NULL, NULL, NULL, 'N;'),
	('admin-AdvertisementRecommendChangePosition', 0, NULL, NULL, NULL, 'N;'),
	('admin-AdvertisementRecommendChangeInfoType', 0, NULL, NULL, NULL, 'N;'),
	('admin-AdvertisementRecommendChangeInfoStatus', 0, NULL, NULL, NULL, 'N;'),
	('admin-ArticleManageNews', 0, NULL, NULL, NULL, 'N;'),
	('admin-ArticleManagePrice', 0, NULL, NULL, NULL, 'N;'),
	('admin-ArticleUpdateArticle', 0, NULL, NULL, NULL, 'N;'),
	('admin-ArticleChangeNewsStatus', 0, NULL, NULL, NULL, 'N;'),
	('admin-ArticleChangePriceStatus', 0, NULL, NULL, NULL, 'N;'),
	('admin-ProductManageProduct', 0, NULL, NULL, NULL, 'N;'),
	('admin-ProductUpdateProduct', 0, NULL, NULL, NULL, 'N;'),
	('admin-ProductChangeProductStatus', 0, NULL, NULL, NULL, 'N;'),
	('admin-ProductChangeSpecialStatus', 0, NULL, NULL, NULL, 'N;'),
	('admin-ProductManageSpecial', 0, NULL, NULL, NULL, 'N;'),
	('admin-ProductManageSupply', 0, NULL, NULL, NULL, 'N;'),
	('admin-ProductManageBuy', 0, NULL, NULL, NULL, 'N;'),
	('admin-ProductUpdateSupply', 0, NULL, NULL, NULL, 'N;'),
	('admin-ProductManageEnterprise', 0, NULL, NULL, NULL, 'N;'),
	('admin-ProductChangeEnterpriseStatus', 0, NULL, NULL, NULL, 'N;'),
	('admin-ProductUpdateEnterprise', 0, NULL, NULL, NULL, 'N;'),
	('admin-SitePage', 0, NULL, NULL, NULL, 'N;'),
	('admin-SiteIndex', 0, NULL, NULL, NULL, 'N;'),
	('admin-SiteError', 0, NULL, NULL, NULL, 'N;'),
	('admin-SiteLogin', 0, NULL, NULL, NULL, 'N;'),
	('admin-SiteLogout', 0, NULL, NULL, NULL, 'N;'),
	('admin-SiteUpdateCity', 0, NULL, NULL, NULL, 'N;'),
	('admin-SiteManageCity', 0, NULL, NULL, NULL, 'N;'),
	('admin-SiteUpdateTerm', 0, NULL, NULL, NULL, 'N;'),
	('admin-SiteManageTerm', 0, NULL, NULL, NULL, 'N;'),
	('admin-SiteManageBasicSiteInfo', 0, NULL, NULL, NULL, 'N;'),
	('admin-SiteManageSiteEmailSetting', 0, NULL, NULL, NULL, 'N;'),
	('admin-UserCreate', 0, NULL, NULL, NULL, 'N;'),
	('admin-UserUpdate', 0, NULL, NULL, NULL, 'N;'),
	('admin-UserDelete', 0, NULL, NULL, NULL, 'N;'),
	('admin-UserGenerateNewRightOpers', 0, NULL, NULL, NULL, 'N;'),
	('admin-UserGenerateAllRightOpers', 0, NULL, NULL, NULL, 'N;'),
	('admin-UserManageAdminUser', 0, NULL, NULL, NULL, 'N;'),
	('admin-UserManageUser', 0, NULL, NULL, NULL, 'N;'),
	('admin-UserUpdateUser', 0, NULL, NULL, NULL, 'N;'),
	('admin-UserUpdateAdminUser', 0, NULL, NULL, NULL, 'N;'),
	('admin-UserAssign', 0, NULL, NULL, NULL, 'N;'),
	('admin-UserManageAuthItem', 0, NULL, NULL, NULL, 'N;'),
	('admin-UserGetAuthItem', 0, NULL, NULL, NULL, 'N;'),
	('admin-UserDeleteAuthItem', 0, NULL, NULL, NULL, 'N;'),
	('superAdmin', 2, '超级管理员', '', '', 's:0:"";'),
	('userManage', 1, '会员管理', '', '', 's:0:"";'),
	('adminManage', 1, '管理员管理', '', '', 's:0:"";'),
	('rolesManage', 1, '角色任务管理', '', '', 's:0:"";'),
	('operatorsManage', 1, '功能管理', '', '', 's:0:"";'),
	('siteSetting', 1, '网站基本信息设置', '', '', 's:0:"";'),
	('cityManage', 1, '地区管理', '', '', 's:0:"";'),
	('basicTypeManage', 1, '网站基本类别管理', '', '', 's:0:"";'),
	('smtpSetting', 1, '邮件设置', '', '', 's:0:"";'),
	('specialManage', 1, '特价管理', '', '', 's:0:"";'),
	('productManage', 1, '现货管理', '', '', 's:0:"";'),
	('supplyManage', 1, '供应管理', '', '', 's:0:"";'),
	('buyManage', 1, '求购管理', '', '', 's:0:"";'),
	('enterpriseManage', 1, '企业库管理', '', '', 's:0:"";'),
	('newsManage', 1, '新闻管理', '', '', 's:0:"";'),
	('priceManage', 1, '行情管理', '', '', 's:0:"";'),
	('advertisementManage', 1, '广告管理', '', '', 's:0:"";'),
	('recommendManage', 1, '推荐管理', '', '', 's:0:"";'),
	('siteIndex', 1, '管理后台首页', '', '', 's:0:"";'),
	('productAdmin', 2, '信息管理员', '', '', 's:0:"";'),
	('admin-ProductChangeSupplyStatus', 0, NULL, NULL, NULL, 'N;'),
	('admin-ProductChangeBuyStatus', 0, NULL, NULL, NULL, 'N;'),
	('admin-SiteSendTestEmail', 0, NULL, NULL, NULL, 'N;'),
	('admin-SiteSaveTermGroup', 0, NULL, NULL, NULL, 'N;'),
	('admin-SiteManageTermGroup', 0, NULL, NULL, NULL, 'N;'),
	('admin-SiteManageSMSSetting', 0, NULL, NULL, NULL, 'N;'),
	('smsSetting', 1, '短信设置', '', '', 's:0:"";'),
	('admin-ArticleManageImageLibary', 0, NULL, NULL, NULL, 'N;'),
	('admin-ArticleUpdateImageLibary', 0, NULL, NULL, NULL, 'N;'),
	('admin-ArticleBatchUpdateImageTitle', 0, NULL, NULL, NULL, 'N;'),
	('admin-ArticleBatchUploadImage', 0, NULL, NULL, NULL, 'N;'),
	('admin-ArticleManagePriceSummary', 0, NULL, NULL, NULL, 'N;'),
	('admin-ArticleChangeImageLibaryStatus', 0, NULL, NULL, NULL, 'N;'),
	('admin-ArticleUpdatePriceSummary', 0, NULL, NULL, NULL, 'N;'),
	('admin-ArticleDeletePriceSummary', 0, NULL, NULL, NULL, 'N;'),
	('admin-UserChangeUserTemplateStatus', 0, NULL, NULL, NULL, 'N;'),
	('manageUserTemplate', 1, '旺铺模板管理', '', '', 's:0:"";'),
	('admin-UserManageUserTemplate', 0, NULL, NULL, NULL, 'N;'),
	('admin-UserDeleteUserTemplate', 0, NULL, NULL, NULL, 'N;'),
	('admin-UserUpdateUserTemplate', 0, NULL, NULL, NULL, 'N;');
/*!40000 ALTER TABLE `mu_right_item` ENABLE KEYS */;


# Dumping structure for table mu.mu_right_itemchildren
DROP TABLE IF EXISTS `mu_right_itemchildren`;
CREATE TABLE IF NOT EXISTS `mu_right_itemchildren` (
  `parent` varchar(64) NOT NULL,
  `child` varchar(64) NOT NULL,
  PRIMARY KEY (`parent`,`child`)
) ENGINE=MyISAM DEFAULT CHARSET=utf8;

# Dumping data for table mu.mu_right_itemchildren: 96 rows
DELETE FROM `mu_right_itemchildren`;
/*!40000 ALTER TABLE `mu_right_itemchildren` DISABLE KEYS */;
INSERT INTO `mu_right_itemchildren` (`parent`, `child`) VALUES
	('adminManage', 'admin-UserAssign'),
	('adminManage', 'admin-UserManageAdminUser'),
	('adminManage', 'admin-UserUpdateAdminUser'),
	('advertisementManage', 'admin-AdvertisementRecommendManageAdvertisement'),
	('advertisementManage', 'admin-AdvertisementRecommendUpdateAdvertisement'),
	('basicTypeManage', 'admin-SiteManageTerm'),
	('basicTypeManage', 'admin-SiteManageTermGroup'),
	('basicTypeManage', 'admin-SiteSaveTermGroup'),
	('basicTypeManage', 'admin-SiteUpdateTerm'),
	('buyManage', 'admin-ProductChangeBuyStatus'),
	('buyManage', 'admin-ProductManageBuy'),
	('buyManage', 'admin-ProductUpdateSupply'),
	('cityManage', 'admin-SiteManageCity'),
	('cityManage', 'admin-SiteUpdateCity'),
	('enterpriseManage', 'admin-ProductChangeEnterpriseStatus'),
	('enterpriseManage', 'admin-ProductManageEnterprise'),
	('enterpriseManage', 'admin-ProductUpdateEnterprise'),
	('manageUserTemplate', 'admin-UserChangeUserTemplateStatus'),
	('manageUserTemplate', 'admin-UserDeleteUserTemplate'),
	('manageUserTemplate', 'admin-UserManageUserTemplate'),
	('manageUserTemplate', 'admin-UserUpdateUserTemplate'),
	('newsManage', 'admin-ArticleBatchUpdateImageTitle'),
	('newsManage', 'admin-ArticleBatchUploadImage'),
	('newsManage', 'admin-ArticleChangeImageLibaryStatus'),
	('newsManage', 'admin-ArticleChangeNewsStatus'),
	('newsManage', 'admin-ArticleManageImageLibary'),
	('newsManage', 'admin-ArticleManageNews'),
	('newsManage', 'admin-ArticleUpdateArticle'),
	('newsManage', 'admin-ArticleUpdateImageLibary'),
	('operatorsManage', 'admin-UserGenerateAllRightOpers'),
	('operatorsManage', 'admin-UserGenerateNewRightOpers'),
	('priceManage', 'admin-ArticleChangePriceStatus'),
	('priceManage', 'admin-ArticleDeletePriceSummary'),
	('priceManage', 'admin-ArticleManagePrice'),
	('priceManage', 'admin-ArticleManagePriceSummary'),
	('priceManage', 'admin-ArticleUpdateArticle'),
	('priceManage', 'admin-ArticleUpdatePriceSummary'),
	('productAdmin', 'buyManage'),
	('productAdmin', 'enterpriseManage'),
	('productAdmin', 'newsManage'),
	('productAdmin', 'priceManage'),
	('productAdmin', 'productManage'),
	('productAdmin', 'siteIndex'),
	('productAdmin', 'specialManage'),
	('productAdmin', 'supplyManage'),
	('productManage', 'admin-ProductChangeProductStatus'),
	('productManage', 'admin-ProductManageProduct'),
	('productManage', 'admin-ProductUpdateProduct'),
	('recommendManage', 'admin-AdvertisementRecommendChangeInfoStatus'),
	('recommendManage', 'admin-AdvertisementRecommendChangeInfoType'),
	('recommendManage', 'admin-AdvertisementRecommendChangePosition'),
	('recommendManage', 'admin-AdvertisementRecommendManageRecommend'),
	('rolesManage', 'admin-UserCreate'),
	('rolesManage', 'admin-UserDelete'),
	('rolesManage', 'admin-UserDeleteAuthItem'),
	('rolesManage', 'admin-UserGetAuthItem'),
	('rolesManage', 'admin-UserManageAuthItem'),
	('rolesManage', 'admin-UserUpdate'),
	('siteIndex', 'admin-SiteError'),
	('siteIndex', 'admin-SiteIndex'),
	('siteIndex', 'admin-SiteLogin'),
	('siteIndex', 'admin-SiteLogout'),
	('siteIndex', 'admin-SitePage'),
	('siteSetting', 'admin-SiteManageBasicSiteInfo'),
	('smsSetting', 'admin-SiteManageSMSSetting'),
	('smtpSetting', 'admin-SiteManageSiteEmailSetting'),
	('smtpSetting', 'admin-SiteSendTestEmail'),
	('specialManage', 'admin-ProductChangeSpecialStatus'),
	('specialManage', 'admin-ProductManageSpecial'),
	('specialManage', 'admin-ProductUpdateProduct'),
	('superAdmin', 'adminManage'),
	('superAdmin', 'advertisementManage'),
	('superAdmin', 'basicTypeManage'),
	('superAdmin', 'buyManage'),
	('superAdmin', 'cityManage'),
	('superAdmin', 'enterpriseManage'),
	('superAdmin', 'manageUserTemplate'),
	('superAdmin', 'newsManage'),
	('superAdmin', 'operatorsManage'),
	('superAdmin', 'priceManage'),
	('superAdmin', 'productManage'),
	('superAdmin', 'recommendManage'),
	('superAdmin', 'rolesManage'),
	('superAdmin', 'siteIndex'),
	('superAdmin', 'siteSetting'),
	('superAdmin', 'smsSetting'),
	('superAdmin', 'smtpSetting'),
	('superAdmin', 'specialManage'),
	('superAdmin', 'supplyManage'),
	('superAdmin', 'userManage'),
	('supplyManage', 'admin-ProductChangeSupplyStatus'),
	('supplyManage', 'admin-ProductManageSupply'),
	('supplyManage', 'admin-ProductUpdateSupply'),
	('userManage', 'admin-UserAssign'),
	('userManage', 'admin-UserManageUser'),
	('userManage', 'admin-UserUpdateUser');
/*!40000 ALTER TABLE `mu_right_itemchildren` ENABLE KEYS */;


# Dumping structure for table mu.mu_sms_code
DROP TABLE IF EXISTS `mu_sms_code`;
CREATE TABLE IF NOT EXISTS `mu_sms_code` (
  `sms_id` bigint(20) NOT NULL,
  `mobile_no` varchar(45) DEFAULT NULL,
  `sms_code` varchar(45) DEFAULT NULL,
  `sms_status` tinyint(4) DEFAULT NULL COMMENT '是否验证成功',
  `sms_send_date` datetime DEFAULT NULL,
  PRIMARY KEY (`sms_id`)
) ENGINE=MyISAM DEFAULT CHARSET=utf8 COMMENT='手机验证码';

# Dumping data for table mu.mu_sms_code: 0 rows
DELETE FROM `mu_sms_code`;
/*!40000 ALTER TABLE `mu_sms_code` DISABLE KEYS */;
/*!40000 ALTER TABLE `mu_sms_code` ENABLE KEYS */;


# Dumping structure for table mu.mu_store_front_setting
DROP TABLE IF EXISTS `mu_store_front_setting`;
CREATE TABLE IF NOT EXISTS `mu_store_front_setting` (
  `setting_id` int(10) NOT NULL AUTO_INCREMENT,
  `user_id` int(10) NOT NULL DEFAULT '0',
  `setting_config_data` text,
  PRIMARY KEY (`setting_id`)
) ENGINE=InnoDB DEFAULT CHARSET=utf8 COMMENT='用户旺铺配置';

# Dumping data for table mu.mu_store_front_setting: ~0 rows (approximately)
DELETE FROM `mu_store_front_setting`;
/*!40000 ALTER TABLE `mu_store_front_setting` DISABLE KEYS */;
/*!40000 ALTER TABLE `mu_store_front_setting` ENABLE KEYS */;


# Dumping structure for table mu.mu_success_case
DROP TABLE IF EXISTS `mu_success_case`;
CREATE TABLE IF NOT EXISTS `mu_success_case` (
  `case_id` int(11) NOT NULL AUTO_INCREMENT,
  `supply_id` int(11) NOT NULL,
  `purchase_user_id` int(11) NOT NULL,
  `purchase_amount` varchar(32) DEFAULT NULL,
  `create_time` datetime DEFAULT NULL,
  `case_status` int(11) DEFAULT NULL,
  `case_recommend` tinyint(4) NOT NULL,
  PRIMARY KEY (`case_id`)
) ENGINE=InnoDB AUTO_INCREMENT=100 DEFAULT CHARSET=utf8;

# Dumping data for table mu.mu_success_case: ~99 rows (approximately)
DELETE FROM `mu_success_case`;
/*!40000 ALTER TABLE `mu_success_case` DISABLE KEYS */;
INSERT INTO `mu_success_case` (`case_id`, `supply_id`, `purchase_user_id`, `purchase_amount`, `create_time`, `case_status`, `case_recommend`) VALUES
	(1, 35, 48, '89', '2013-01-31 00:00:00', 20, 0),
	(2, 89, 46, '73', '2013-01-31 00:00:00', 2, 0),
	(3, 80, 29, '106', '2013-01-31 00:00:00', 1, 0),
	(4, 40, 93, '148', '2013-01-31 00:00:00', 20, 1),
	(5, 85, 74, '215', '2013-01-31 00:00:00', 2, 0),
	(6, 48, 88, '516', '2013-01-31 00:00:00', 20, 0),
	(7, 86, 16, '434', '2013-01-31 00:00:00', 1, 1),
	(8, 43, 33, '343', '2013-01-31 00:00:00', 1, 0),
	(9, 69, 50, '409', '2013-01-31 00:00:00', 2, 0),
	(10, 36, 65, '465', '2013-01-31 00:00:00', 2, 1),
	(11, 53, 97, '287', '2013-01-31 00:00:00', 2, 0),
	(12, 65, 6, '688', '2013-01-31 00:00:00', 2, 0),
	(13, 41, 90, '316', '2013-01-31 00:00:00', 20, 0),
	(14, 51, 44, '977', '2013-01-31 00:00:00', 1, 1),
	(15, 54, 94, '1396', '2013-01-31 00:00:00', 1, 1),
	(16, 46, 92, '1269', '2013-01-31 00:00:00', 20, 0),
	(17, 75, 25, '623', '2013-01-31 00:00:00', 2, 0),
	(18, 65, 44, '113', '2013-01-31 00:00:00', 2, 0),
	(19, 56, 47, '136', '2013-01-31 00:00:00', 1, 1),
	(20, 84, 19, '1296', '2013-01-31 00:00:00', 2, 0),
	(21, 87, 28, '1605', '2013-01-31 00:00:00', 1, 1),
	(22, 82, 90, '1161', '2013-01-31 00:00:00', 1, 1),
	(23, 48, 61, '1417', '2013-01-31 00:00:00', 20, 0),
	(24, 54, 98, '1301', '2013-01-31 00:00:00', 2, 1),
	(25, 36, 76, '796', '2013-01-31 00:00:00', 20, 1),
	(26, 78, 76, '514', '2013-01-31 00:00:00', 1, 0),
	(27, 73, 66, '1353', '2013-01-31 00:00:00', 1, 1),
	(28, 61, 89, '385', '2013-01-31 00:00:00', 1, 1),
	(29, 50, 4, '2053', '2013-01-31 00:00:00', 1, 0),
	(30, 54, 26, '546', '2013-01-31 00:00:00', 2, 0),
	(31, 52, 32, '1644', '2013-01-31 00:00:00', 20, 1),
	(32, 83, 46, '1913', '2013-01-31 00:00:00', 20, 1),
	(33, 53, 30, '1366', '2013-01-31 00:00:00', 20, 1),
	(34, 49, 15, '2973', '2013-01-31 00:00:00', 2, 1),
	(35, 55, 37, '2559', '2013-01-31 00:00:00', 1, 0),
	(36, 82, 69, '810', '2013-01-31 00:00:00', 2, 1),
	(37, 94, 10, '2221', '2013-01-31 00:00:00', 1, 1),
	(38, 85, 4, '621', '2013-01-31 00:00:00', 2, 0),
	(39, 76, 52, '2318', '2013-01-31 00:00:00', 20, 0),
	(40, 65, 45, '2651', '2013-01-31 00:00:00', 2, 1),
	(41, 34, 36, '124', '2013-01-31 00:00:00', 20, 1),
	(42, 88, 84, '3478', '2013-01-31 00:00:00', 2, 1),
	(43, 61, 54, '245', '2013-01-31 00:00:00', 1, 1),
	(44, 31, 10, '142', '2013-01-31 00:00:00', 2, 0),
	(45, 31, 33, '4272', '2013-01-31 00:00:00', 1, 1),
	(46, 76, 37, '2385', '2013-01-31 00:00:00', 20, 1),
	(47, 47, 11, '3164', '2013-01-31 00:00:00', 1, 1),
	(48, 96, 50, '4257', '2013-01-31 00:00:00', 2, 1),
	(49, 53, 2, '1314', '2013-01-31 00:00:00', 20, 0),
	(50, 88, 48, '3742', '2013-01-31 00:00:00', 2, 0),
	(51, 65, 86, '904', '2013-01-31 00:00:00', 20, 0),
	(52, 36, 56, '2134', '2013-01-31 00:00:00', 2, 0),
	(53, 59, 27, '3889', '2013-01-31 00:00:00', 20, 1),
	(54, 77, 34, '527', '2013-01-31 00:00:00', 1, 1),
	(55, 97, 30, '5324', '2013-01-31 00:00:00', 2, 0),
	(56, 95, 22, '2517', '2013-01-31 00:00:00', 20, 0),
	(57, 42, 95, '4280', '2013-01-31 00:00:00', 1, 1),
	(58, 46, 87, '1550', '2013-01-31 00:00:00', 20, 1),
	(59, 50, 98, '1080', '2013-01-31 00:00:00', 2, 1),
	(60, 87, 82, '3836', '2013-01-31 00:00:00', 20, 1),
	(61, 89, 81, '2522', '2013-01-31 00:00:00', 20, 1),
	(62, 98, 21, '5084', '2013-01-31 00:00:00', 1, 0),
	(63, 85, 31, '3127', '2013-01-31 00:00:00', 20, 1),
	(64, 50, 38, '3711', '2013-01-31 00:00:00', 20, 1),
	(65, 35, 85, '447', '2013-01-31 00:00:00', 1, 1),
	(66, 66, 12, '1919', '2013-01-31 00:00:00', 20, 1),
	(67, 77, 63, '5623', '2013-01-31 00:00:00', 20, 1),
	(68, 73, 10, '5524', '2013-01-31 00:00:00', 20, 0),
	(69, 41, 85, '5590', '2013-01-31 00:00:00', 20, 1),
	(70, 97, 68, '3244', '2013-01-31 00:00:00', 2, 1),
	(71, 75, 47, '1227', '2013-01-31 00:00:00', 1, 0),
	(72, 34, 18, '6064', '2013-01-31 00:00:00', 2, 1),
	(73, 31, 78, '589', '2013-01-31 00:00:00', 1, 1),
	(74, 49, 22, '6703', '2013-01-31 00:00:00', 1, 1),
	(75, 57, 78, '4572', '2013-01-31 00:00:00', 20, 1),
	(76, 71, 71, '291', '2013-01-31 00:00:00', 20, 0),
	(77, 92, 28, '6241', '2013-01-31 00:00:00', 2, 0),
	(78, 71, 97, '5278', '2013-01-31 00:00:00', 2, 0),
	(79, 72, 43, '3869', '2013-01-31 00:00:00', 20, 0),
	(80, 75, 67, '633', '2013-01-31 00:00:00', 1, 1),
	(81, 33, 57, '2048', '2013-01-31 00:00:00', 2, 1),
	(82, 32, 42, '703', '2013-01-31 00:00:00', 1, 1),
	(83, 93, 97, '7033', '2013-01-31 00:00:00', 1, 0),
	(84, 81, 77, '1382', '2013-01-31 00:00:00', 1, 1),
	(85, 63, 14, '253', '2013-01-31 00:00:00', 20, 0),
	(86, 39, 58, '6877', '2013-01-31 00:00:00', 20, 0),
	(87, 35, 1, '8197', '2013-01-31 00:00:00', 2, 1),
	(88, 35, 46, '591', '2013-01-31 00:00:00', 1, 0),
	(89, 35, 42, '1351', '2013-01-31 00:00:00', 2, 0),
	(90, 42, 38, '1509', '2013-01-31 00:00:00', 20, 0),
	(91, 99, 93, '8798', '2013-01-31 00:00:00', 2, 1),
	(92, 43, 46, '3626', '2013-01-31 00:00:00', 1, 1),
	(93, 35, 17, '5787', '2013-01-31 00:00:00', 2, 0),
	(94, 73, 61, '3486', '2013-01-31 00:00:00', 20, 1),
	(95, 92, 1, '1633', '2013-01-31 00:00:00', 20, 0),
	(96, 60, 46, '1167', '2013-01-31 00:00:00', 1, 0),
	(97, 68, 37, '7702', '2013-01-31 00:00:00', 1, 1),
	(98, 79, 52, '6467', '2013-01-31 00:00:00', 20, 1),
	(99, 33, 48, '7973', '2013-01-31 00:00:00', 1, 0);
/*!40000 ALTER TABLE `mu_success_case` ENABLE KEYS */;


# Dumping structure for table mu.mu_supply
DROP TABLE IF EXISTS `mu_supply`;
CREATE TABLE IF NOT EXISTS `mu_supply` (
  `supply_id` int(11) NOT NULL AUTO_INCREMENT,
  `supply_name` varchar(218) NOT NULL,
  `supply_user_id` int(11) NOT NULL,
  `supply_type` int(11) NOT NULL COMMENT '供求类型',
  `supply_keyword` varchar(128) DEFAULT NULL COMMENT '供求类型',
  `supply_category_id` int(4) NOT NULL COMMENT '供应产品的品类',
  `supply_contractor` varchar(32) DEFAULT NULL COMMENT '''发布者''',
  `supply_content` text COMMENT '''发布内容''',
  `supply_address` varchar(100) DEFAULT NULL COMMENT '供货地址',
  `supply_city_id` int(4) DEFAULT NULL COMMENT '供货地址',
  `supply_status` int(11) DEFAULT NULL COMMENT '起草 待审核 已发布',
  `supply_phone` char(32) DEFAULT NULL COMMENT '''联系电话''',
  `supply_unit` int(11) DEFAULT NULL COMMENT '''联系电话''',
  `supply_price` decimal(8,0) DEFAULT NULL COMMENT '价钱',
  `supply_valid_date` datetime DEFAULT NULL COMMENT '''0表示长期有效''',
  `supply_check_by` varchar(128) DEFAULT NULL COMMENT '审核人',
  `supply_recommend` tinyint(4) DEFAULT '0' COMMENT '是否推荐',
  `supply_image_src` varchar(218) DEFAULT NULL COMMENT '是否推荐',
  `supply_join_date` datetime DEFAULT NULL COMMENT '''发表日期''',
  PRIMARY KEY (`supply_id`),
  KEY `supply_user_id` (`supply_user_id`)
) ENGINE=MyISAM AUTO_INCREMENT=201 DEFAULT CHARSET=utf8;

# Dumping data for table mu.mu_supply: 170 rows
DELETE FROM `mu_supply`;
/*!40000 ALTER TABLE `mu_supply` DISABLE KEYS */;
INSERT INTO `mu_supply` (`supply_id`, `supply_name`, `supply_user_id`, `supply_type`, `supply_keyword`, `supply_category_id`, `supply_contractor`, `supply_content`, `supply_address`, `supply_city_id`, `supply_status`, `supply_phone`, `supply_unit`, `supply_price`, `supply_valid_date`, `supply_check_by`, `supply_recommend`, `supply_image_src`, `supply_join_date`) VALUES
	(31, '求购废钼催化剂', 1, 19, '钼铁，钼矿', 21, '李先生', '长期出售钼酸铵', '深圳龙华大浪石光工业区', 4, 1, '18666666', 0, 674, '0000-00-00 00:00:00', '1', 1, NULL, NULL),
	(32, '深圳废钼条回收', 1, 18, '钼铁，钼矿', 22, '李先生', '采购钼丝，钼针，钼板，钼铁', '深圳龙华大浪石光工业区', 3, 2, '18666666', 0, 277, '0000-00-00 00:00:00', 'ueelife1', 1, NULL, NULL),
	(33, '钼铁钼棒回收钼片钼块回收钼渣回收上海钼丝废钼回收', 1, 18, '钼铁，钼矿', 21, '李先生', '长期出售钼酸铵', '深圳龙华大浪石光工业区', 6, 2, '18666666', 0, 592, '0000-00-00 00:00:00', 'ueelife1', 1, NULL, NULL),
	(34, '求购废钼催化剂', 1, 18, '钼铁，钼矿', 21, '李先生', '求购废钼催化剂', '深圳龙华大浪石光工业区', 3, 2, '18666666', 0, 1000, '0000-00-00 00:00:00', 'ueelife1', 1, NULL, NULL),
	(35, '长期钼铁出售', 1, 18, '钼铁，钼矿', 21, '李先生', '采购钼丝，钼针，钼板，钼铁', '深圳龙华大浪石光工业区', 6, 2, '18666666', 0, 321, '0000-00-00 00:00:00', 'ueelife1', 1, NULL, NULL),
	(36, '采购钼丝，钼针，钼板，钼铁', 1, 19, '钼铁，钼矿', 22, '李先生', '采购钼丝，钼针，钼板，钼铁', '深圳龙华大浪石光工业区', 6, 1, '18666666', 0, 459, '0000-00-00 00:00:00', '1', 1, NULL, NULL),
	(37, '长期供应钼铁60%', 1, 18, '钼铁，钼矿', 22, '李先生', '保密现金回收钼铁', '深圳龙华大浪石光工业区', 6, 2, '18666666', 0, 684, '0000-00-00 00:00:00', 'ueelife1', 1, NULL, NULL),
	(38, '长期供应钼铁60%，欢迎来电', 1, 19, '钼铁，钼矿', 21, '李先生', '采购钼丝，钼针，钼板，钼铁', '深圳龙华大浪石光工业区', 4, 1, '18666666', 0, 605, '0000-00-00 00:00:00', '1', 1, NULL, NULL),
	(39, '保密现金回收钼铁', 1, 18, '钼铁，钼矿', 22, '李先生', '长期供应钼铁60%', '深圳龙华大浪石光工业区', 6, 2, '18666666', 0, 416, '0000-00-00 00:00:00', 'ueelife1', 1, NULL, NULL),
	(40, '求购废钼催化剂', 1, 18, '钼铁，钼矿', 22, '李先生', '长期供应钼铁60%，欢迎来电', '深圳龙华大浪石光工业区', 6, 2, '18666666', 0, 603, '0000-00-00 00:00:00', 'ueelife1', 1, NULL, NULL),
	(41, '长期供应钼铁60%，欢迎来电', 1, 19, '钼铁，钼矿', 22, '李先生', '长期钼铁出售', '深圳龙华大浪石光工业区', 3, 1, '18666666', 0, 999, '0000-00-00 00:00:00', '1', 1, NULL, NULL),
	(42, '求购废钼催化剂', 1, 19, '钼铁，钼矿', 21, '李先生', '采购钼丝，钼针，钼板，钼铁', '深圳龙华大浪石光工业区', 4, 1, '18666666', 0, 119, '0000-00-00 00:00:00', '1', 1, NULL, NULL),
	(43, '求购废钼催化剂', 1, 19, '钼铁，钼矿', 22, '李先生', '采购钼丝，钼针，钼板，钼铁', '深圳龙华大浪石光工业区', 4, 1, '18666666', 0, 395, '0000-00-00 00:00:00', '1', 1, NULL, NULL),
	(44, '我公司长期大量求购废钼丝', 1, 18, '钼铁，钼矿', 22, '李先生', '长期供应钼铁', '深圳龙华大浪石光工业区', 3, 2, '18666666', 0, 164, '0000-00-00 00:00:00', 'ueelife1', 1, NULL, NULL),
	(45, '长期钼铁出售', 1, 18, '钼铁，钼矿', 21, '李先生', '长期供应钼铁60%，欢迎来电', '深圳龙华大浪石光工业区', 3, 2, '18666666', 0, 611, '0000-00-00 00:00:00', 'ueelife1', 1, NULL, NULL),
	(46, '我公司长期大量求购废钼丝', 1, 19, '钼铁，钼矿', 21, '李先生', '长期供应钼铁60%，欢迎来电', '深圳龙华大浪石光工业区', 4, 1, '18666666', 0, 524, '0000-00-00 00:00:00', '1', 1, NULL, NULL),
	(47, '求购废钼催化剂', 1, 18, '钼铁，钼矿', 22, '李先生', '深圳废钼条回收', '深圳龙华大浪石光工业区', 6, 2, '18666666', 0, 333, '0000-00-00 00:00:00', 'ueelife1', 1, NULL, NULL),
	(48, '我公司长期大量求购废钼丝', 1, 19, '钼铁，钼矿', 22, '李先生', '我公司长期大量求购废钼丝', '深圳龙华大浪石光工业区', 3, 1, '18666666', 0, 781, '0000-00-00 00:00:00', '1', 1, NULL, NULL),
	(49, '求购废钼催化剂', 1, 19, '钼铁，钼矿', 21, '李先生', '供应钼铁', '深圳龙华大浪石光工业区', 3, 1, '18666666', 0, 482, '0000-00-00 00:00:00', '1', 1, NULL, NULL),
	(50, '长期供应钼铁60%，欢迎来电', 1, 19, '钼铁，钼矿', 21, '李先生', '钼铁钼棒回收钼片钼块回收钼渣回收上海钼丝废钼回收', '深圳龙华大浪石光工业区', 4, 1, '18666666', 0, 228, '0000-00-00 00:00:00', '1', 1, NULL, NULL),
	(51, '求购废钼催化剂', 1, 19, '钼铁，钼矿', 21, '李先生', '保密现金回收钼铁', '深圳龙华大浪石光工业区', 6, 1, '18666666', 0, 838, '0000-00-00 00:00:00', '1', 1, NULL, NULL),
	(52, '钼铁钼棒回收钼片钼块回收钼渣回收上海钼丝废钼回收', 1, 19, '钼铁，钼矿', 22, '李先生', '长期供应钼铁60%，欢迎来电', '深圳龙华大浪石光工业区', 4, 1, '18666666', 0, 341, '0000-00-00 00:00:00', '1', 1, NULL, NULL),
	(53, '长期供应钼铁60%', 1, 18, '钼铁，钼矿', 21, '李先生', '长期供应钼铁60%', '深圳龙华大浪石光工业区', 6, 1, '18666666', 0, 688, '0000-00-00 00:00:00', 'ueelife', 1, NULL, NULL),
	(54, '采购钼丝，钼针，钼板，钼铁', 1, 19, '钼铁，钼矿', 21, '李先生', '采购钼丝，钼针，钼板，钼铁', '深圳龙华大浪石光工业区', 4, 1, '18666666', 0, 181, '0000-00-00 00:00:00', '1', 1, NULL, NULL),
	(55, '长期供应钼铁', 1, 19, '钼铁，钼矿', 22, '李先生', '采购钼丝，钼针，钼板，钼铁', '深圳龙华大浪石光工业区', 6, 1, '18666666', 0, 434, '0000-00-00 00:00:00', '1', 1, NULL, NULL),
	(56, '供应钼铁', 1, 19, '钼铁，钼矿', 22, '李先生', '长期供应钼铁', '深圳龙华大浪石光工业区', 4, 1, '18666666', 0, 602, '0000-00-00 00:00:00', '1', 1, NULL, NULL),
	(57, '长期出售钼酸铵', 1, 19, '钼铁，钼矿', 22, '李先生', '长期出售钼酸铵', '深圳龙华大浪石光工业区', 4, 1, '18666666', 0, 614, '0000-00-00 00:00:00', '1', 1, NULL, NULL),
	(58, '采购钼丝，钼针，钼板，钼铁', 1, 19, '钼铁，钼矿', 21, '李先生', '长期供应钼铁60%，欢迎来电', '深圳龙华大浪石光工业区', 6, 1, '18666666', 0, 352, '0000-00-00 00:00:00', '1', 1, NULL, NULL),
	(59, '长期供应钼铁60%', 1, 18, '钼铁，钼矿', 22, '李先生', '采购钼丝，钼针，钼板，钼铁', '深圳龙华大浪石光工业区', 4, 1, '18666666', 0, 898, '0000-00-00 00:00:00', 'ueelife', 1, NULL, NULL),
	(60, '保密现金回收钼铁', 1, 18, '钼铁，钼矿', 21, '李先生', '采购钼丝，钼针，钼板，钼铁', '深圳龙华大浪石光工业区', 6, 1, '18666666', 0, 390, '0000-00-00 00:00:00', 'ueelife', 1, NULL, NULL),
	(61, '长期供应钼铁', 1, 19, '钼铁，钼矿', 21, '李先生', '长期供应钼铁60%', '深圳龙华大浪石光工业区', 4, 1, '18666666', 0, 179, '0000-00-00 00:00:00', '1', 1, NULL, NULL),
	(62, '长期供应钼铁60%', 1, 19, '钼铁，钼矿', 21, '李先生', '长期供应钼铁60%，欢迎来电', '深圳龙华大浪石光工业区', 4, 1, '18666666', 0, 211, '0000-00-00 00:00:00', '1', 1, NULL, NULL),
	(63, '保密现金回收钼铁', 1, 19, '钼铁，钼矿', 22, '李先生', '长期供应钼铁', '深圳龙华大浪石光工业区', 3, 1, '18666666', 0, 632, '0000-00-00 00:00:00', '1', 1, NULL, NULL),
	(64, '保密现金回收钼铁', 1, 18, '钼铁，钼矿', 22, '李先生', '深圳废钼条回收', '深圳龙华大浪石光工业区', 4, 1, '18666666', 0, 453, '0000-00-00 00:00:00', 'ueelife', 1, NULL, NULL),
	(65, '长期出售钼酸铵', 1, 19, '钼铁，钼矿', 22, '李先生', '长期供应钼铁60%', '深圳龙华大浪石光工业区', 6, 1, '18666666', 0, 264, '0000-00-00 00:00:00', '1', 1, NULL, NULL),
	(66, '长期钼铁出售', 1, 19, '钼铁，钼矿', 21, '李先生', '采购钼丝，钼针，钼板，钼铁', '深圳龙华大浪石光工业区', 6, 1, '18666666', 0, 346, '0000-00-00 00:00:00', '1', 1, NULL, NULL),
	(67, '求购废钼催化剂', 1, 18, '钼铁，钼矿', 21, '李先生', '长期供应钼铁60%，欢迎来电', '深圳龙华大浪石光工业区', 3, 1, '18666666', 0, 335, '0000-00-00 00:00:00', 'ueelife', 1, NULL, NULL),
	(68, '保密现金回收钼铁', 1, 19, '钼铁，钼矿', 21, '李先生', '长期供应钼铁60%，欢迎来电', '深圳龙华大浪石光工业区', 6, 1, '18666666', 0, 414, '0000-00-00 00:00:00', '1', 1, NULL, NULL),
	(69, '采购钼丝，钼针，钼板，钼铁', 1, 18, '钼铁，钼矿', 21, '李先生', '长期出售钼酸铵', '深圳龙华大浪石光工业区', 3, 1, '18666666', 0, 15, '0000-00-00 00:00:00', 'ueelife', 1, NULL, NULL),
	(70, '钼铁钼棒回收钼片钼块回收钼渣回收上海钼丝废钼回收', 1, 19, '钼铁，钼矿', 21, '李先生', '长期供应钼铁60%', '深圳龙华大浪石光工业区', 6, 1, '18666666', 0, 558, '0000-00-00 00:00:00', '1', 1, NULL, NULL),
	(71, '长期出售钼酸铵', 1, 18, '钼铁，钼矿', 21, '李先生', '长期钼铁出售', '深圳龙华大浪石光工业区', 4, 1, '18666666', 0, 799, '0000-00-00 00:00:00', 'ueelife', 1, NULL, NULL),
	(72, '长期供应钼铁60%', 1, 18, '钼铁，钼矿', 21, '李先生', '长期出售钼酸铵', '深圳龙华大浪石光工业区', 3, 1, '18666666', 0, 289, '0000-00-00 00:00:00', 'ueelife', 1, NULL, NULL),
	(73, '我公司长期大量求购废钼丝', 1, 18, '钼铁，钼矿', 21, '李先生', '长期供应钼铁', '深圳龙华大浪石光工业区', 3, 1, '18666666', 0, 600, '0000-00-00 00:00:00', 'ueelife', 1, NULL, NULL),
	(74, '深圳废钼条回收', 1, 19, '钼铁，钼矿', 21, '李先生', '保密现金回收钼铁', '深圳龙华大浪石光工业区', 6, 1, '18666666', 0, 794, '0000-00-00 00:00:00', '1', 1, NULL, NULL),
	(75, '长期钼铁出售', 1, 18, '钼铁，钼矿', 21, '李先生', '保密现金回收钼铁', '深圳龙华大浪石光工业区', 6, 1, '18666666', 0, 1000, '0000-00-00 00:00:00', 'ueelife', 1, NULL, NULL),
	(76, '采购钼丝，钼针，钼板，钼铁', 1, 18, '钼铁，钼矿', 21, '李先生', '保密现金回收钼铁', '深圳龙华大浪石光工业区', 6, 2, '18666666', 0, 437, '0000-00-00 00:00:00', 'ueelife', 1, NULL, NULL),
	(77, '深圳废钼条回收', 1, 19, '钼铁，钼矿', 22, '李先生', '深圳废钼条回收', '深圳龙华大浪石光工业区', 6, 1, '18666666', 0, 244, '0000-00-00 00:00:00', '1', 1, NULL, NULL),
	(78, '采购钼丝，钼针，钼板，钼铁', 1, 18, '钼铁，钼矿', 21, '李先生', '钼铁钼棒回收钼片钼块回收钼渣回收上海钼丝废钼回收', '深圳龙华大浪石光工业区', 3, 2, '18666666', 0, 529, '0000-00-00 00:00:00', 'ueelife', 1, NULL, NULL),
	(79, '长期供应钼铁', 1, 18, '钼铁，钼矿', 22, '李先生', '深圳废钼条回收', '深圳龙华大浪石光工业区', 6, 2, '18666666', 0, 83, '0000-00-00 00:00:00', 'ueelife', 1, NULL, NULL),
	(80, '采购钼丝，钼针，钼板，钼铁', 1, 19, '钼铁，钼矿', 21, '李先生', '采购钼丝，钼针，钼板，钼铁', '深圳龙华大浪石光工业区', 3, 1, '18666666', 0, 800, '0000-00-00 00:00:00', '1', 1, NULL, NULL),
	(81, '长期供应钼铁', 1, 18, '钼铁，钼矿', 22, '李先生', '求购废钼催化剂', '深圳龙华大浪石光工业区', 3, 2, '18666666', 0, 90, '0000-00-00 00:00:00', 'ueelife', 1, NULL, NULL),
	(82, '供应钼铁', 1, 19, '钼铁，钼矿', 22, '李先生', '长期供应钼铁60%，欢迎来电', '深圳龙华大浪石光工业区', 3, 1, '18666666', 0, 891, '0000-00-00 00:00:00', '1', 1, NULL, NULL),
	(83, '保密现金回收钼铁', 1, 19, '钼铁，钼矿', 22, '李先生', '采购钼丝，钼针，钼板，钼铁', '深圳龙华大浪石光工业区', 4, 1, '18666666', 0, 594, '0000-00-00 00:00:00', '1', 1, NULL, NULL),
	(84, '深圳废钼条回收', 1, 18, '钼铁，钼矿', 21, '李先生', '长期供应钼铁60%，欢迎来电', '深圳龙华大浪石光工业区', 4, 2, '18666666', 0, 124, '0000-00-00 00:00:00', 'ueelife', 1, NULL, NULL),
	(85, '长期供应钼铁60%', 1, 18, '钼铁，钼矿', 22, '李先生', '求购废钼催化剂', '深圳龙华大浪石光工业区', 4, 2, '18666666', 0, 672, '0000-00-00 00:00:00', 'ueelife', 1, NULL, NULL),
	(86, '长期钼铁出售', 1, 19, '钼铁，钼矿', 22, '李先生', '长期钼铁出售', '深圳龙华大浪石光工业区', 4, 1, '18666666', 0, 476, '0000-00-00 00:00:00', '1', 1, NULL, NULL),
	(87, '采购钼丝，钼针，钼板，钼铁', 1, 19, '钼铁，钼矿', 22, '李先生', '长期钼铁出售', '深圳龙华大浪石光工业区', 4, 1, '18666666', 0, 376, '0000-00-00 00:00:00', '1', 1, NULL, NULL),
	(88, '采购钼丝，钼针，钼板，钼铁', 1, 19, '钼铁，钼矿', 21, '李先生', '采购钼丝，钼针，钼板，钼铁', '深圳龙华大浪石光工业区', 4, 1, '18666666', 0, 370, '0000-00-00 00:00:00', '1', 1, NULL, NULL),
	(89, '长期钼铁出售', 1, 19, '钼铁，钼矿', 22, '李先生', '长期出售钼酸铵', '深圳龙华大浪石光工业区', 4, 1, '18666666', 0, 928, '0000-00-00 00:00:00', '1', 1, NULL, NULL),
	(90, '求购废钼催化剂', 1, 18, '钼铁，钼矿', 22, '李先生', '长期供应钼铁60%', '深圳龙华大浪石光工业区', 4, 2, '18666666', 0, 322, '0000-00-00 00:00:00', 'ueelife', 1, NULL, NULL),
	(91, '求购废钼催化剂', 1, 18, '钼铁，钼矿', 22, '李先生', '钼铁钼棒回收钼片钼块回收钼渣回收上海钼丝废钼回收', '深圳龙华大浪石光工业区', 6, 2, '18666666', 0, 104, '0000-00-00 00:00:00', 'ueelife', 1, NULL, NULL),
	(92, '采购钼丝，钼针，钼板，钼铁', 1, 18, '钼铁，钼矿', 21, '李先生', '长期供应钼铁', '深圳龙华大浪石光工业区', 3, 2, '18666666', 0, 878, '0000-00-00 00:00:00', 'ueelife', 1, NULL, NULL),
	(93, '长期供应钼铁60%', 1, 19, '钼铁，钼矿', 21, '李先生', '长期出售钼酸铵', '深圳龙华大浪石光工业区', 4, 1, '18666666', 0, 812, '0000-00-00 00:00:00', '1', 1, NULL, NULL),
	(94, '保密现金回收钼铁', 1, 19, '钼铁，钼矿', 21, '李先生', '长期钼铁出售', '深圳龙华大浪石光工业区', 4, 1, '18666666', 0, 86, '0000-00-00 00:00:00', '1', 1, NULL, NULL),
	(95, '长期供应钼铁', 1, 19, '钼铁，钼矿', 22, '李先生', '长期供应钼铁60%', '深圳龙华大浪石光工业区', 4, 1, '18666666', 0, 417, '0000-00-00 00:00:00', '1', 1, NULL, NULL),
	(96, '长期钼铁出售', 1, 19, '钼铁，钼矿', 22, '李先生', '保密现金回收钼铁', '深圳龙华大浪石光工业区', 3, 1, '18666666', 0, 248, '0000-00-00 00:00:00', '1', 1, NULL, NULL),
	(97, '长期供应钼铁60%，欢迎来电', 1, 19, '钼铁，钼矿', 21, '李先生', '长期供应钼铁', '深圳龙华大浪石光工业区', 4, 1, '18666666', 0, 347, '0000-00-00 00:00:00', '1', 1, NULL, NULL),
	(98, '长期钼铁出售', 1, 18, '钼铁，钼矿', 22, '李先生', '长期钼铁出售', '深圳龙华大浪石光工业区', 3, 2, '18666666', 0, 502, '0000-00-00 00:00:00', 'ueelife', 1, NULL, NULL),
	(99, '长期供应钼铁60%', 1, 19, '钼铁，钼矿', 21, '李先生', '采购钼丝，钼针，钼板，钼铁', '深圳龙华大浪石光工业区', 4, 1, '18666666', 0, 772, '0000-00-00 00:00:00', '1', 1, NULL, NULL),
	(100, '长期钼铁出售', 1, 19, '钼铁，钼矿', 21, '李先生', '采购钼丝，钼针，钼板，钼铁', '深圳龙华大浪石光工业区', 3, 1, '18666666', 0, 33, '0000-00-00 00:00:00', '1', 1, NULL, NULL),
	(101, '长期供应钼铁60%，欢迎来电', 1, 19, '钼铁，钼矿', 21, '李先生', '采购钼丝，钼针，钼板，钼铁', '深圳龙华大浪石光工业区', 3, 1, '18666666', 0, 504, '0000-00-00 00:00:00', '1', 1, NULL, NULL),
	(102, '保密现金回收钼铁', 1, 18, '钼铁，钼矿', 21, '李先生', '钼铁钼棒回收钼片钼块回收钼渣回收上海钼丝废钼回收', '深圳龙华大浪石光工业区', 4, 2, '18666666', 0, 264, '0000-00-00 00:00:00', 'ueelife', 1, NULL, NULL),
	(103, '我公司长期大量求购废钼丝', 1, 19, '钼铁，钼矿', 22, '李先生', '长期供应钼铁60%', '深圳龙华大浪石光工业区', 4, 1, '18666666', 0, 731, '0000-00-00 00:00:00', '1', 1, NULL, NULL),
	(104, '长期供应钼铁', 1, 18, '钼铁，钼矿', 21, '李先生', '采购钼丝，钼针，钼板，钼铁', '深圳龙华大浪石光工业区', 6, 2, '18666666', 0, 748, '0000-00-00 00:00:00', 'ueelife', 1, NULL, NULL),
	(105, '采购钼丝，钼针，钼板，钼铁', 1, 18, '钼铁，钼矿', 21, '李先生', '深圳废钼条回收', '深圳龙华大浪石光工业区', 4, 2, '18666666', 0, 353, '0000-00-00 00:00:00', 'ueelife', 1, NULL, NULL),
	(106, '深圳废钼条回收', 1, 18, '钼铁，钼矿', 22, '李先生', '长期出售钼酸铵', '深圳龙华大浪石光工业区', 6, 2, '18666666', 0, 830, '0000-00-00 00:00:00', 'ueelife', 1, NULL, NULL),
	(107, '长期出售钼酸铵', 1, 18, '钼铁，钼矿', 22, '李先生', '采购钼丝，钼针，钼板，钼铁', '深圳龙华大浪石光工业区', 4, 2, '18666666', 0, 195, '0000-00-00 00:00:00', 'ueelife', 1, NULL, NULL),
	(108, '长期钼铁出售', 1, 18, '钼铁，钼矿', 22, '李先生', '采购钼丝，钼针，钼板，钼铁', '深圳龙华大浪石光工业区', 4, 2, '18666666', 0, 472, '0000-00-00 00:00:00', 'ueelife', 1, NULL, NULL),
	(109, '保密现金回收钼铁', 1, 19, '钼铁，钼矿', 21, '李先生', '长期钼铁出售', '深圳龙华大浪石光工业区', 3, 1, '18666666', 0, 364, '0000-00-00 00:00:00', '1', 1, NULL, NULL),
	(110, '长期供应钼铁60%', 1, 19, '钼铁，钼矿', 21, '李先生', '我公司长期大量求购废钼丝', '深圳龙华大浪石光工业区', 3, 1, '18666666', 0, 569, '0000-00-00 00:00:00', '1', 1, NULL, NULL),
	(111, '长期供应钼铁60%，欢迎来电', 1, 19, '钼铁，钼矿', 21, '李先生', '长期供应钼铁60%', '深圳龙华大浪石光工业区', 4, 1, '18666666', 0, 956, '0000-00-00 00:00:00', '1', 1, NULL, NULL),
	(112, '钼铁钼棒回收钼片钼块回收钼渣回收上海钼丝废钼回收', 1, 19, '钼铁，钼矿', 22, '李先生', '钼铁钼棒回收钼片钼块回收钼渣回收上海钼丝废钼回收', '深圳龙华大浪石光工业区', 3, 1, '18666666', 0, 607, '0000-00-00 00:00:00', '1', 1, NULL, NULL),
	(113, '长期供应钼铁60%', 1, 19, '钼铁，钼矿', 22, '李先生', '长期出售钼酸铵', '深圳龙华大浪石光工业区', 4, 1, '18666666', 0, 182, '0000-00-00 00:00:00', '1', 1, NULL, NULL),
	(114, '采购钼丝，钼针，钼板，钼铁', 1, 18, '钼铁，钼矿', 21, '李先生', '长期出售钼酸铵', '深圳龙华大浪石光工业区', 4, 2, '18666666', 0, 650, '0000-00-00 00:00:00', 'ueelife', 1, NULL, NULL),
	(115, '深圳废钼条回收', 1, 18, '钼铁，钼矿', 21, '李先生', '我公司长期大量求购废钼丝', '深圳龙华大浪石光工业区', 4, 2, '18666666', 0, 543, '0000-00-00 00:00:00', 'ueelife', 1, NULL, NULL),
	(116, '长期供应钼铁', 1, 19, '钼铁，钼矿', 22, '李先生', '长期供应钼铁60%，欢迎来电', '深圳龙华大浪石光工业区', 6, 1, '18666666', 0, 485, '0000-00-00 00:00:00', '1', 1, NULL, NULL),
	(117, '长期供应钼铁60%', 1, 19, '钼铁，钼矿', 22, '李先生', '长期供应钼铁60%，欢迎来电', '深圳龙华大浪石光工业区', 6, 1, '18666666', 0, 741, '0000-00-00 00:00:00', '1', 1, NULL, NULL),
	(118, '供应钼铁', 1, 18, '钼铁，钼矿', 21, '李先生', '长期出售钼酸铵', '深圳龙华大浪石光工业区', 6, 2, '18666666', 0, 76, '0000-00-00 00:00:00', 'ueelife', 1, NULL, NULL),
	(119, '求购废钼催化剂', 1, 19, '钼铁，钼矿', 22, '李先生', '长期供应钼铁60%，欢迎来电', '深圳龙华大浪石光工业区', 6, 1, '18666666', 0, 486, '0000-00-00 00:00:00', '1', 1, NULL, NULL),
	(120, '长期钼铁出售', 1, 18, '钼铁，钼矿', 22, '李先生', '长期供应钼铁60%', '深圳龙华大浪石光工业区', 3, 2, '18666666', 0, 244, '0000-00-00 00:00:00', 'ueelife', 1, NULL, NULL),
	(121, '供应钼铁', 1, 19, '钼铁，钼矿', 22, '李先生', '采购钼丝，钼针，钼板，钼铁', '深圳龙华大浪石光工业区', 3, 1, '18666666', 0, 390, '0000-00-00 00:00:00', '1', 1, NULL, NULL),
	(122, '深圳废钼条回收', 1, 19, '钼铁，钼矿', 21, '李先生', '长期供应钼铁60%', '深圳龙华大浪石光工业区', 4, 1, '18666666', 0, 762, '0000-00-00 00:00:00', '1', 1, NULL, NULL),
	(123, '深圳废钼条回收', 1, 18, '钼铁，钼矿', 21, '李先生', '长期供应钼铁60%，欢迎来电', '深圳龙华大浪石光工业区', 3, 1, '18666666', 0, 205, '0000-00-00 00:00:00', '1', 1, NULL, NULL),
	(124, '采购钼丝，钼针，钼板，钼铁', 1, 19, '钼铁，钼矿', 22, '李先生', '深圳废钼条回收', '深圳龙华大浪石光工业区', 3, 1, '18666666', 0, 664, '0000-00-00 00:00:00', '1', 1, NULL, NULL),
	(125, '长期供应钼铁60%，欢迎来电', 1, 19, '钼铁，钼矿', 21, '李先生', '长期钼铁出售', '深圳龙华大浪石光工业区', 4, 1, '18666666', 0, 18, '0000-00-00 00:00:00', '1', 1, NULL, NULL),
	(126, '求购废钼催化剂', 1, 19, '钼铁，钼矿', 22, '李先生', '长期钼铁出售', '深圳龙华大浪石光工业区', 6, 1, '18666666', 0, 652, '0000-00-00 00:00:00', '1', 1, NULL, NULL),
	(127, '求购废钼催化剂', 1, 19, '钼铁，钼矿', 22, '李先生', '长期钼铁出售', '深圳龙华大浪石光工业区', 3, 1, '18666666', 0, 283, '0000-00-00 00:00:00', '1', 1, NULL, NULL),
	(128, '采购钼丝，钼针，钼板，钼铁', 1, 19, '钼铁，钼矿', 22, '李先生', '保密现金回收钼铁', '深圳龙华大浪石光工业区', 4, 1, '18666666', 0, 849, '0000-00-00 00:00:00', '1', 1, NULL, NULL),
	(129, '保密现金回收钼铁', 1, 18, '钼铁，钼矿', 22, '李先生', '长期钼铁出售', '深圳龙华大浪石光工业区', 3, 1, '18666666', 0, 380, '0000-00-00 00:00:00', '1', 1, NULL, NULL),
	(130, '深圳废钼条回收', 1, 18, '钼铁，钼矿', 21, '李先生', '保密现金回收钼铁', '深圳龙华大浪石光工业区', 6, 1, '18666666', 0, 766, '0000-00-00 00:00:00', '1', 1, NULL, NULL),
	(131, '长期供应钼铁60%，欢迎来电', 1, 18, '钼铁，钼矿', 21, '李先生', '采购钼丝，钼针，钼板，钼铁', '深圳龙华大浪石光工业区', 6, 1, '18666666', 0, 593, '0000-00-00 00:00:00', '1', 1, NULL, NULL),
	(132, '采购钼丝，钼针，钼板，钼铁', 1, 19, '钼铁，钼矿', 21, '李先生', '求购废钼催化剂', '深圳龙华大浪石光工业区', 6, 1, '18666666', 0, 295, '0000-00-00 00:00:00', '1', 1, NULL, NULL),
	(133, '采购钼丝，钼针，钼板，钼铁', 1, 18, '钼铁，钼矿', 22, '李先生', '保密现金回收钼铁', '深圳龙华大浪石光工业区', 6, 1, '18666666', 0, 344, '0000-00-00 00:00:00', '1', 1, NULL, NULL),
	(134, '采购钼丝，钼针，钼板，钼铁', 1, 19, '钼铁，钼矿', 22, '李先生', '供应钼铁', '深圳龙华大浪石光工业区', 4, 1, '18666666', 0, 120, '0000-00-00 00:00:00', '1', 1, NULL, NULL),
	(135, '长期供应钼铁60%，欢迎来电', 1, 19, '钼铁，钼矿', 22, '李先生', '供应钼铁', '深圳龙华大浪石光工业区', 3, 1, '18666666', 0, 710, '0000-00-00 00:00:00', '1', 1, NULL, NULL),
	(136, '供应钼铁', 1, 19, '钼铁，钼矿', 21, '李先生', '供应钼铁', '深圳龙华大浪石光工业区', 3, 1, '18666666', 0, 841, '0000-00-00 00:00:00', '1', 1, NULL, NULL),
	(137, '深圳废钼条回收', 1, 18, '钼铁，钼矿', 21, '李先生', '采购钼丝，钼针，钼板，钼铁', '深圳龙华大浪石光工业区', 6, 1, '18666666', 0, 828, '0000-00-00 00:00:00', '1', 1, NULL, NULL),
	(138, '长期供应钼铁60%', 1, 18, '钼铁，钼矿', 21, '李先生', '长期供应钼铁60%，欢迎来电', '深圳龙华大浪石光工业区', 3, 1, '18666666', 0, 134, '0000-00-00 00:00:00', '1', 1, NULL, NULL),
	(139, '钼铁钼棒回收钼片钼块回收钼渣回收上海钼丝废钼回收', 1, 18, '钼铁，钼矿', 21, '李先生', '长期钼铁出售', '深圳龙华大浪石光工业区', 6, 1, '18666666', 0, 899, '0000-00-00 00:00:00', '1', 1, NULL, NULL),
	(140, '长期钼铁出售', 1, 18, '钼铁，钼矿', 21, '李先生', '求购废钼催化剂', '深圳龙华大浪石光工业区', 3, 1, '18666666', 0, 458, '0000-00-00 00:00:00', '1', 1, NULL, NULL),
	(141, '供应钼铁', 1, 18, '钼铁，钼矿', 21, '李先生', '我公司长期大量求购废钼丝', '深圳龙华大浪石光工业区', 4, 1, '18666666', 0, 581, '0000-00-00 00:00:00', '1', 1, NULL, NULL),
	(142, '深圳废钼条回收', 1, 18, '钼铁，钼矿', 22, '李先生', '长期供应钼铁60%，欢迎来电', '深圳龙华大浪石光工业区', 4, 1, '18666666', 0, 847, '0000-00-00 00:00:00', '1', 1, NULL, NULL),
	(143, '采购钼丝，钼针，钼板，钼铁', 1, 18, '钼铁，钼矿', 22, '李先生', '钼铁钼棒回收钼片钼块回收钼渣回收上海钼丝废钼回收', '深圳龙华大浪石光工业区', 4, 1, '18666666', 0, 788, '0000-00-00 00:00:00', '1', 1, NULL, NULL),
	(144, '长期出售钼酸铵', 1, 18, '钼铁，钼矿', 21, '李先生', '长期供应钼铁60%，欢迎来电', '深圳龙华大浪石光工业区', 6, 1, '18666666', 0, 695, '0000-00-00 00:00:00', '1', 1, NULL, NULL),
	(145, '长期供应钼铁', 1, 19, '钼铁，钼矿', 21, '李先生', '长期供应钼铁', '深圳龙华大浪石光工业区', 3, 1, '18666666', 0, 408, '0000-00-00 00:00:00', '1', 1, NULL, NULL),
	(146, '深圳废钼条回收', 1, 18, '钼铁，钼矿', 21, '李先生', '深圳废钼条回收', '深圳龙华大浪石光工业区', 4, 1, '18666666', 0, 357, '0000-00-00 00:00:00', '1', 1, NULL, NULL),
	(147, '供应钼铁', 1, 19, '钼铁，钼矿', 22, '李先生', '采购钼丝，钼针，钼板，钼铁', '深圳龙华大浪石光工业区', 6, 1, '18666666', 0, 52, '0000-00-00 00:00:00', '1', 1, NULL, NULL),
	(148, '求购废钼催化剂', 1, 18, '钼铁，钼矿', 21, '李先生', '长期供应钼铁60%', '深圳龙华大浪石光工业区', 6, 1, '18666666', 0, 694, '0000-00-00 00:00:00', '1', 1, NULL, NULL),
	(149, '求购废钼催化剂', 1, 19, '钼铁，钼矿', 21, '李先生', '求购废钼催化剂', '深圳龙华大浪石光工业区', 4, 1, '18666666', 0, 76, '0000-00-00 00:00:00', '1', 1, NULL, NULL),
	(150, '采购钼丝，钼针，钼板，钼铁', 1, 19, '钼铁，钼矿', 22, '李先生', '保密现金回收钼铁', '深圳龙华大浪石光工业区', 4, 1, '18666666', 0, 691, '0000-00-00 00:00:00', '1', 1, NULL, NULL),
	(151, '供应钼铁', 1, 18, '钼铁，钼矿', 21, '李先生', '长期供应钼铁', '深圳龙华大浪石光工业区', 6, 1, '18666666', 0, 136, '0000-00-00 00:00:00', '1', 1, NULL, NULL),
	(152, '钼铁钼棒回收钼片钼块回收钼渣回收上海钼丝废钼回收', 1, 19, '钼铁，钼矿', 21, '李先生', '长期出售钼酸铵', '深圳龙华大浪石光工业区', 4, 1, '18666666', 0, 975, '0000-00-00 00:00:00', '1', 1, NULL, NULL),
	(153, '长期供应钼铁', 1, 18, '钼铁，钼矿', 21, '李先生', '求购废钼催化剂', '深圳龙华大浪石光工业区', 6, 1, '18666666', 0, 721, '0000-00-00 00:00:00', '1', 1, NULL, NULL),
	(154, '深圳废钼条回收', 1, 18, '钼铁，钼矿', 21, '李先生', '供应钼铁', '深圳龙华大浪石光工业区', 3, 1, '18666666', 0, 283, '0000-00-00 00:00:00', '1', 1, NULL, NULL),
	(155, '长期钼铁出售', 1, 19, '钼铁，钼矿', 22, '李先生', '长期供应钼铁60%', '深圳龙华大浪石光工业区', 3, 1, '18666666', 0, 38, '0000-00-00 00:00:00', '1', 1, NULL, NULL),
	(156, '我公司长期大量求购废钼丝', 1, 18, '钼铁，钼矿', 22, '李先生', '采购钼丝，钼针，钼板，钼铁', '深圳龙华大浪石光工业区', 3, 1, '18666666', 0, 40, '0000-00-00 00:00:00', '1', 1, NULL, NULL),
	(157, '我公司长期大量求购废钼丝', 1, 19, '钼铁，钼矿', 22, '李先生', '钼铁钼棒回收钼片钼块回收钼渣回收上海钼丝废钼回收', '深圳龙华大浪石光工业区', 4, 1, '18666666', 0, 234, '0000-00-00 00:00:00', '1', 1, NULL, NULL),
	(158, '长期钼铁出售', 1, 18, '钼铁，钼矿', 21, '李先生', '深圳废钼条回收', '深圳龙华大浪石光工业区', 6, 1, '18666666', 0, 93, '0000-00-00 00:00:00', '1', 1, NULL, NULL),
	(159, '采购钼丝，钼针，钼板，钼铁', 1, 18, '钼铁，钼矿', 21, '李先生', '深圳废钼条回收', '深圳龙华大浪石光工业区', 6, 1, '18666666', 0, 342, '0000-00-00 00:00:00', '1', 1, NULL, NULL),
	(160, '长期出售钼酸铵', 1, 19, '钼铁，钼矿', 21, '李先生', '求购废钼催化剂', '深圳龙华大浪石光工业区', 4, 1, '18666666', 0, 245, '0000-00-00 00:00:00', '1', 1, NULL, NULL),
	(161, '深圳废钼条回收', 1, 18, '钼铁，钼矿', 22, '李先生', '供应钼铁', '深圳龙华大浪石光工业区', 6, 1, '18666666', 0, 828, '0000-00-00 00:00:00', '1', 1, NULL, NULL),
	(162, '长期供应钼铁', 1, 19, '钼铁，钼矿', 22, '李先生', '采购钼丝，钼针，钼板，钼铁', '深圳龙华大浪石光工业区', 6, 1, '18666666', 0, 108, '0000-00-00 00:00:00', '1', 1, NULL, NULL),
	(163, '长期供应钼铁60%，欢迎来电', 1, 19, '钼铁，钼矿', 22, '李先生', '长期钼铁出售', '深圳龙华大浪石光工业区', 4, 1, '18666666', 0, 500, '0000-00-00 00:00:00', '1', 1, NULL, NULL),
	(164, '长期供应钼铁60%', 1, 18, '钼铁，钼矿', 22, '李先生', '采购钼丝，钼针，钼板，钼铁', '深圳龙华大浪石光工业区', 6, 1, '18666666', 0, 801, '0000-00-00 00:00:00', '1', 1, NULL, NULL),
	(165, '长期钼铁出售', 1, 19, '钼铁，钼矿', 21, '李先生', '保密现金回收钼铁', '深圳龙华大浪石光工业区', 4, 1, '18666666', 0, 242, '0000-00-00 00:00:00', '1', 1, NULL, NULL),
	(166, '长期钼铁出售', 1, 19, '钼铁，钼矿', 21, '李先生', '长期供应钼铁60%', '深圳龙华大浪石光工业区', 3, 1, '18666666', 0, 873, '0000-00-00 00:00:00', '1', 1, NULL, NULL),
	(167, '采购钼丝，钼针，钼板，钼铁', 1, 18, '钼铁，钼矿', 22, '李先生', '保密现金回收钼铁', '深圳龙华大浪石光工业区', 6, 1, '18666666', 0, 742, '0000-00-00 00:00:00', '1', 1, NULL, NULL),
	(168, '长期供应钼铁60%，欢迎来电', 1, 19, '钼铁，钼矿', 21, '李先生', '钼铁钼棒回收钼片钼块回收钼渣回收上海钼丝废钼回收', '深圳龙华大浪石光工业区', 4, 1, '18666666', 0, 958, '0000-00-00 00:00:00', '1', 1, NULL, NULL),
	(169, '求购废钼催化剂', 1, 19, '钼铁，钼矿', 21, '李先生', '长期供应钼铁60%，欢迎来电', '深圳龙华大浪石光工业区', 4, 1, '18666666', 0, 335, '0000-00-00 00:00:00', '1', 1, NULL, NULL),
	(170, '供应钼铁', 1, 18, '钼铁，钼矿', 22, '李先生', '长期出售钼酸铵', '深圳龙华大浪石光工业区', 6, 1, '18666666', 0, 617, '0000-00-00 00:00:00', '1', 1, NULL, NULL),
	(171, '保密现金回收钼铁', 1, 18, '钼铁，钼矿', 22, '李先生', '长期钼铁出售', '深圳龙华大浪石光工业区', 3, 1, '18666666', 0, 561, '0000-00-00 00:00:00', '1', 1, NULL, NULL),
	(172, '长期供应钼铁60%，欢迎来电', 1, 19, '钼铁，钼矿', 21, '李先生', '保密现金回收钼铁', '深圳龙华大浪石光工业区', 3, 1, '18666666', 0, 577, '0000-00-00 00:00:00', '1', 1, NULL, NULL),
	(173, '采购钼丝，钼针，钼板，钼铁', 1, 19, '钼铁，钼矿', 22, '李先生', '长期供应钼铁60%，欢迎来电', '深圳龙华大浪石光工业区', 6, 1, '18666666', 0, 958, '0000-00-00 00:00:00', '1', 1, NULL, NULL),
	(174, '求购废钼催化剂', 1, 18, '钼铁，钼矿', 22, '李先生', '求购废钼催化剂', '深圳龙华大浪石光工业区', 3, 1, '18666666', 0, 317, '0000-00-00 00:00:00', '1', 1, NULL, NULL),
	(175, '采购钼丝，钼针，钼板，钼铁', 1, 18, '钼铁，钼矿', 22, '李先生', '我公司长期大量求购废钼丝', '深圳龙华大浪石光工业区', 3, 1, '18666666', 0, 669, '0000-00-00 00:00:00', '1', 1, NULL, NULL),
	(176, '求购废钼催化剂', 1, 18, '钼铁，钼矿', 21, '李先生', '长期出售钼酸铵', '深圳龙华大浪石光工业区', 3, 1, '18666666', 0, 703, '0000-00-00 00:00:00', '1', 1, NULL, NULL),
	(177, '保密现金回收钼铁', 1, 19, '钼铁，钼矿', 22, '李先生', '长期供应钼铁60%', '深圳龙华大浪石光工业区', 6, 1, '18666666', 0, 811, '0000-00-00 00:00:00', '1', 1, NULL, NULL),
	(178, '保密现金回收钼铁', 1, 18, '钼铁，钼矿', 21, '李先生', '长期钼铁出售', '深圳龙华大浪石光工业区', 6, 1, '18666666', 0, 853, '0000-00-00 00:00:00', '1', 1, NULL, NULL),
	(179, '长期钼铁出售', 1, 18, '钼铁，钼矿', 22, '李先生', '求购废钼催化剂', '深圳龙华大浪石光工业区', 6, 1, '18666666', 0, 242, '0000-00-00 00:00:00', '1', 1, NULL, NULL),
	(180, '求购废钼催化剂', 1, 18, '钼铁，钼矿', 21, '李先生', '我公司长期大量求购废钼丝', '深圳龙华大浪石光工业区', 4, 1, '18666666', 0, 190, '0000-00-00 00:00:00', '1', 1, NULL, NULL),
	(181, '长期供应钼铁', 1, 19, '钼铁，钼矿', 22, '李先生', '供应钼铁', '深圳龙华大浪石光工业区', 3, 1, '18666666', 0, 541, '0000-00-00 00:00:00', '1', 1, NULL, NULL),
	(182, '长期供应钼铁60%', 1, 19, '钼铁，钼矿', 22, '李先生', '长期钼铁出售', '深圳龙华大浪石光工业区', 6, 1, '18666666', 0, 152, '0000-00-00 00:00:00', '1', 1, NULL, NULL),
	(183, '钼铁钼棒回收钼片钼块回收钼渣回收上海钼丝废钼回收', 1, 19, '钼铁，钼矿', 22, '李先生', '长期供应钼铁', '深圳龙华大浪石光工业区', 3, 1, '18666666', 0, 195, '0000-00-00 00:00:00', '1', 1, NULL, NULL),
	(184, '我公司长期大量求购废钼丝', 1, 18, '钼铁，钼矿', 21, '李先生', '长期供应钼铁60%', '深圳龙华大浪石光工业区', 3, 1, '18666666', 0, 953, '0000-00-00 00:00:00', '1', 1, NULL, NULL),
	(185, '深圳废钼条回收', 1, 18, '钼铁，钼矿', 22, '李先生', '长期供应钼铁60%，欢迎来电', '深圳龙华大浪石光工业区', 3, 1, '18666666', 0, 419, '0000-00-00 00:00:00', '1', 1, NULL, NULL),
	(186, '钼铁钼棒回收钼片钼块回收钼渣回收上海钼丝废钼回收', 1, 18, '钼铁，钼矿', 21, '李先生', '我公司长期大量求购废钼丝', '深圳龙华大浪石光工业区', 4, 1, '18666666', 0, 799, '0000-00-00 00:00:00', '1', 1, NULL, NULL),
	(187, '长期钼铁出售', 1, 19, '钼铁，钼矿', 21, '李先生', '采购钼丝，钼针，钼板，钼铁', '深圳龙华大浪石光工业区', 6, 1, '18666666', 0, 712, '0000-00-00 00:00:00', '1', 1, NULL, NULL),
	(188, '钼铁钼棒回收钼片钼块回收钼渣回收上海钼丝废钼回收', 1, 19, '钼铁，钼矿', 22, '李先生', '采购钼丝，钼针，钼板，钼铁', '深圳龙华大浪石光工业区', 4, 1, '18666666', 0, 67, '0000-00-00 00:00:00', '1', 1, NULL, NULL),
	(189, '长期供应钼铁60%，欢迎来电', 1, 18, '钼铁，钼矿', 21, '李先生', '采购钼丝，钼针，钼板，钼铁', '深圳龙华大浪石光工业区', 3, 1, '18666666', 0, 134, '0000-00-00 00:00:00', '1', 1, NULL, NULL),
	(190, '长期供应钼铁', 1, 18, '钼铁，钼矿', 22, '李先生', '保密现金回收钼铁', '深圳龙华大浪石光工业区', 4, 1, '18666666', 0, 167, '0000-00-00 00:00:00', '1', 1, NULL, NULL),
	(191, '供应钼铁', 1, 18, '钼铁，钼矿', 22, '李先生', '求购废钼催化剂', '深圳龙华大浪石光工业区', 3, 1, '18666666', 0, 571, '0000-00-00 00:00:00', '1', 1, NULL, NULL),
	(192, '我公司长期大量求购废钼丝', 1, 18, '钼铁，钼矿', 22, '李先生', '采购钼丝，钼针，钼板，钼铁', '深圳龙华大浪石光工业区', 3, 1, '18666666', 0, 317, '0000-00-00 00:00:00', '1', 1, NULL, NULL),
	(193, '求购废钼催化剂', 1, 19, '钼铁，钼矿', 22, '李先生', '深圳废钼条回收', '深圳龙华大浪石光工业区', 4, 1, '18666666', 0, 623, '0000-00-00 00:00:00', '1', 1, NULL, NULL),
	(194, '钼铁钼棒回收钼片钼块回收钼渣回收上海钼丝废钼回收', 1, 18, '钼铁，钼矿', 22, '李先生', '长期供应钼铁', '深圳龙华大浪石光工业区', 4, 1, '18666666', 0, 397, '0000-00-00 00:00:00', '1', 1, NULL, NULL),
	(195, '保密现金回收钼铁', 1, 18, '钼铁，钼矿', 21, '李先生', '采购钼丝，钼针，钼板，钼铁', '深圳龙华大浪石光工业区', 4, 1, '18666666', 0, 779, '0000-00-00 00:00:00', '1', 1, NULL, NULL),
	(196, '我公司长期大量求购废钼丝', 1, 19, '钼铁，钼矿', 22, '李先生', '长期供应钼铁', '深圳龙华大浪石光工业区', 3, 1, '18666666', 0, 111, '0000-00-00 00:00:00', '1', 1, NULL, NULL),
	(197, '深圳废钼条回收', 1, 18, '钼铁，钼矿', 22, '李先生', '长期供应钼铁60%，欢迎来电', '深圳龙华大浪石光工业区', 3, 1, '18666666', 0, 750, '0000-00-00 00:00:00', '1', 1, NULL, NULL),
	(198, '长期供应钼铁', 1, 18, '钼铁，钼矿', 22, '李先生', '我公司长期大量求购废钼丝', '深圳龙华大浪石光工业区', 6, 1, '18666666', 0, 132, '0000-00-00 00:00:00', '1', 1, NULL, NULL),
	(199, '长期钼铁出售', 1, 18, '钼铁，钼矿', 22, '李先生', '长期钼铁出售', '深圳龙华大浪石光工业区', 4, 1, '18666666', 0, 88, '0000-00-00 00:00:00', '1', 1, NULL, NULL),
	(200, '我公司长期大量求购废钼丝', 1, 18, '钼铁，钼矿', 21, '李先生', '采购钼丝，钼针，钼板，钼铁', '深圳龙华大浪石光工业区', 3, 1, '18666666', 0, 426, '0000-00-00 00:00:00', '1', 1, NULL, NULL);
/*!40000 ALTER TABLE `mu_supply` ENABLE KEYS */;


# Dumping structure for table mu.mu_term
DROP TABLE IF EXISTS `mu_term`;
CREATE TABLE IF NOT EXISTS `mu_term` (
  `term_id` int(11) NOT NULL AUTO_INCREMENT,
  `term_parent_id` int(4) DEFAULT '0',
  `term_name` varchar(128) NOT NULL,
  `term_slug` varchar(200) DEFAULT NULL COMMENT '''描述''',
  `term_group_id` int(4) NOT NULL COMMENT '比如产品分类 职位 ',
  `term_order` int(4) DEFAULT '0',
  `term_create_time` datetime DEFAULT NULL,
  PRIMARY KEY (`term_id`)
) ENGINE=MyISAM AUTO_INCREMENT=38 DEFAULT CHARSET=utf8;

# Dumping data for table mu.mu_term: 37 rows
DELETE FROM `mu_term`;
/*!40000 ALTER TABLE `mu_term` DISABLE KEYS */;
INSERT INTO `mu_term` (`term_id`, `term_parent_id`, `term_name`, `term_slug`, `term_group_id`, `term_order`, `term_create_time`) VALUES
	(1, 0, '有效', NULL, 1, 0, '2013-01-20 10:27:00'),
	(2, 0, '无效', NULL, 1, 0, '2013-01-20 17:56:41'),
	(3, 0, '吨', NULL, 2, 0, '2013-01-22 22:31:17'),
	(4, 0, '国有企业', NULL, 4, 0, '2013-01-23 20:59:01'),
	(5, 0, '中外合资', NULL, 4, 0, '2013-01-23 20:59:00'),
	(6, 0, '采矿型', NULL, 5, 0, '2013-01-23 20:58:59'),
	(7, 0, '贸易型', NULL, 5, 0, '2013-01-23 20:58:57'),
	(8, 0, '董事长', NULL, 3, 0, '2013-01-23 21:02:36'),
	(9, 0, '图片', NULL, 6, 0, '2013-01-24 22:29:45'),
	(10, 0, 'flash', NULL, 6, 0, '2013-01-24 22:30:00'),
	(11, 0, '首页底部', NULL, 7, 0, '2013-01-24 22:30:22'),
	(12, 0, '首页幻灯片下方', NULL, 7, 0, '2013-01-26 23:42:01'),
	(13, 0, '供应信息', NULL, 8, 0, '2013-01-24 22:46:11'),
	(14, 0, '采购信息', NULL, 8, 0, '2013-01-24 22:46:22'),
	(15, 0, '首页特价信息', NULL, 9, 0, '2013-01-26 23:42:04'),
	(16, 0, '行情', NULL, 10, 0, '2013-01-26 23:41:46'),
	(17, 0, '新闻', NULL, 10, 0, '2013-01-26 23:41:59'),
	(18, 0, '供应', NULL, 11, 0, '2013-01-27 14:37:56'),
	(19, 0, '求购', NULL, 11, 0, '2013-01-27 14:37:54'),
	(20, 0, '钼知识', NULL, 10, 0, '2013-01-28 00:49:38'),
	(21, 0, '供求信息', NULL, 12, 0, NULL),
	(22, 0, '现货特价信息', NULL, 12, 0, NULL),
	(23, 0, '文章信息', NULL, 12, 0, NULL),
	(24, 0, '企业信息', NULL, 12, 0, NULL),
	(25, 0, '首页flash左1', NULL, 13, 0, '2013-01-31 23:55:27'),
	(26, 0, '首页flash下1', NULL, 13, 0, '2013-01-31 23:56:02'),
	(27, 0, '首页中2', NULL, 13, 0, '2013-02-01 00:00:27'),
	(28, 0, '钼初级', '', 14, 0, NULL),
	(29, 0, '钼化工', '', 14, 0, NULL),
	(30, 0, '钼制品', '', 14, 0, NULL),
	(31, 28, '钼精矿', '', 14, 0, NULL),
	(32, 29, '钼酸钡', '', 14, 0, NULL),
	(33, 0, '待审', NULL, 1, 0, '2013-02-21 10:37:05'),
	(34, 17, '国际新闻', '', 10, 0, NULL),
	(35, 17, '国内新闻', '', 10, 0, NULL),
	(36, 16, '国内行情', '', 10, 0, NULL),
	(37, 16, '国际行情', '', 10, 0, NULL);
/*!40000 ALTER TABLE `mu_term` ENABLE KEYS */;


# Dumping structure for table mu.mu_term_group
DROP TABLE IF EXISTS `mu_term_group`;
CREATE TABLE IF NOT EXISTS `mu_term_group` (
  `group_id` int(11) NOT NULL AUTO_INCREMENT,
  `group_name` varchar(100) DEFAULT NULL,
  `group_desc` varchar(128) DEFAULT NULL,
  PRIMARY KEY (`group_id`)
) ENGINE=MyISAM AUTO_INCREMENT=15 DEFAULT CHARSET=utf8;

# Dumping data for table mu.mu_term_group: 14 rows
DELETE FROM `mu_term_group`;
/*!40000 ALTER TABLE `mu_term_group` DISABLE KEYS */;
INSERT INTO `mu_term_group` (`group_id`, `group_name`, `group_desc`) VALUES
	(1, '状态', NULL),
	(2, '重量单位', NULL),
	(3, '职位', NULL),
	(4, '企业类型', NULL),
	(5, '经营模式', NULL),
	(6, '广告媒体类型', NULL),
	(7, '广告位置', NULL),
	(8, '推荐信息类型', NULL),
	(9, '推荐位置', NULL),
	(10, '文章类型', NULL),
	(11, '供求类型', NULL),
	(12, '推荐信息类型', NULL),
	(13, '推荐模块', NULL),
	(14, '钼分类', '');
/*!40000 ALTER TABLE `mu_term_group` ENABLE KEYS */;


# Dumping structure for table mu.mu_user
DROP TABLE IF EXISTS `mu_user`;
CREATE TABLE IF NOT EXISTS `mu_user` (
  `user_id` int(11) NOT NULL AUTO_INCREMENT,
  `user_name` varchar(50) NOT NULL,
  `user_pwd` varchar(40) NOT NULL,
  `user_email` char(100) DEFAULT NULL,
  `user_nickname` varchar(20) DEFAULT NULL,
  `user_type` int(4) DEFAULT NULL COMMENT '用户类型',
  `user_mobile_no` varchar(30) DEFAULT NULL,
  `user_telephone` varchar(30) DEFAULT NULL COMMENT '联系电话',
  `user_first_name` varchar(50) DEFAULT NULL,
  `user_last_name` varchar(50) DEFAULT NULL,
  `user_status` int(4) DEFAULT NULL,
  `user_province_id` int(4) DEFAULT NULL COMMENT '所在省市',
  `user_city_id` int(4) DEFAULT NULL COMMENT '所在城市',
  `user_subscribe` int(4) DEFAULT NULL COMMENT '用户是否订阅钼市网行情',
  `user_point` bigint(20) DEFAULT NULL COMMENT '用户积分',
  `user_template` varchar(128) DEFAULT NULL COMMENT '会员选择的模板',
  `user_open_template` tinyint(4) DEFAULT '0' COMMENT '是否开启会员模板',
  `user_join_date` datetime DEFAULT NULL COMMENT '''注册时间''',
  `user_confirm_date` datetime DEFAULT NULL COMMENT '''验证时间''',
  `user_last_login_date` datetime DEFAULT NULL COMMENT '''最近登录时间''',
  PRIMARY KEY (`user_id`),
  UNIQUE KEY `user_name` (`user_name`)
) ENGINE=MyISAM AUTO_INCREMENT=101 DEFAULT CHARSET=utf8;

# Dumping data for table mu.mu_user: 3 rows
DELETE FROM `mu_user`;
/*!40000 ALTER TABLE `mu_user` DISABLE KEYS */;
INSERT INTO `mu_user` (`user_id`, `user_name`, `user_pwd`, `user_email`, `user_nickname`, `user_type`, `user_mobile_no`, `user_telephone`, `user_first_name`, `user_last_name`, `user_status`, `user_province_id`, `user_city_id`, `user_subscribe`, `user_point`, `user_template`, `user_open_template`, `user_join_date`, `user_confirm_date`, `user_last_login_date`) VALUES
	(1, 'ueelife', 'e10adc3949ba59abbe56e057f20f883e', '', '', 0, '15015088124', NULL, '肖富乾', NULL, 1, NULL, 3, 0, NULL, NULL, 0, '2013-02-06 20:53:48', NULL, NULL),
	(2, 'ueelife1', 'e10adc3949ba59abbe56e057f20f883e', 'xiao2008abc@163.com', 'adada', 0, '', NULL, 'xiaofuqian', NULL, 1, NULL, 0, 1, NULL, NULL, 0, '2013-02-06 20:53:49', NULL, NULL),
	(3, 'ueelife2', 'e10adc3949ba59abbe56e057f20f883e', '', 'nike', 1, '15015088124', '023-43367621', '肖富乾', NULL, 1, NULL, 0, 1, NULL, 'default', 1, '2013-02-06 20:53:51', '2013-02-24 23:37:47', '2013-02-24 23:37:45');
/*!40000 ALTER TABLE `mu_user` ENABLE KEYS */;


# Dumping structure for table mu.mu_user_arctile
DROP TABLE IF EXISTS `mu_user_arctile`;
CREATE TABLE IF NOT EXISTS `mu_user_arctile` (
  `art_id` int(10) NOT NULL AUTO_INCREMENT,
  `art_user_id` int(10) NOT NULL DEFAULT '0',
  `art_title` varchar(218) NOT NULL DEFAULT '' COMMENT '新闻动态标题',
  `art_subtitle` varchar(218) DEFAULT '' COMMENT '新闻动态副标题',
  `art_tags` varchar(218) DEFAULT '' COMMENT '新闻动态副标题',
  `art_intro` varchar(512) DEFAULT '' COMMENT '新闻简介',
  `art_click_count` int(11) DEFAULT '0' COMMENT '新闻点击数',
  `art_content` mediumtext COMMENT '新闻内容',
  `art_added_date` datetime DEFAULT NULL COMMENT '新闻发布时间',
  `art_updated_date` datetime DEFAULT NULL COMMENT '新闻更新时间',
  PRIMARY KEY (`art_id`)
) ENGINE=InnoDB DEFAULT CHARSET=utf8 COMMENT='用户企业动态';

# Dumping data for table mu.mu_user_arctile: ~0 rows (approximately)
DELETE FROM `mu_user_arctile`;
/*!40000 ALTER TABLE `mu_user_arctile` DISABLE KEYS */;
/*!40000 ALTER TABLE `mu_user_arctile` ENABLE KEYS */;


# Dumping structure for table mu.mu_user_certificate
DROP TABLE IF EXISTS `mu_user_certificate`;
CREATE TABLE IF NOT EXISTS `mu_user_certificate` (
  `cert_id` int(11) NOT NULL,
  `cert_ent_id` int(11) NOT NULL,
  `cert_title` varchar(128) DEFAULT NULL COMMENT '''资质''',
  `cert_img_src` varchar(128) DEFAULT NULL COMMENT '''图片地址''',
  PRIMARY KEY (`cert_id`)
) ENGINE=MyISAM DEFAULT CHARSET=utf8;

# Dumping data for table mu.mu_user_certificate: 0 rows
DELETE FROM `mu_user_certificate`;
/*!40000 ALTER TABLE `mu_user_certificate` DISABLE KEYS */;
/*!40000 ALTER TABLE `mu_user_certificate` ENABLE KEYS */;


# Dumping structure for table mu.mu_user_enterprise
DROP TABLE IF EXISTS `mu_user_enterprise`;
CREATE TABLE IF NOT EXISTS `mu_user_enterprise` (
  `ent_id` int(11) NOT NULL AUTO_INCREMENT,
  `ent_user_id` int(11) NOT NULL COMMENT '企业对应的网站用户',
  `ent_name` varchar(256) DEFAULT NULL COMMENT '企业对应的网站用户',
  `ent_type` int(4) DEFAULT NULL COMMENT '企业类型，如国有，私营',
  `ent_website` varchar(512) DEFAULT NULL COMMENT '''网站地址''',
  `ent_business_model` int(4) unsigned DEFAULT NULL COMMENT '经营模式，生产，贸易等',
  `ent_tax` varchar(30) DEFAULT NULL COMMENT '经营模式，生产，贸易等',
  `ent_zipcode` char(32) DEFAULT NULL COMMENT '''邮编''',
  `ent_introduce` text COMMENT '''企业介绍''',
  `ent_location` varchar(218) DEFAULT NULL COMMENT '''企业详细地址''',
  `ent_city` int(4) DEFAULT NULL COMMENT '所在市地区',
  `ent_status` int(4) NOT NULL DEFAULT '0' COMMENT '企业状态',
  `ent_chief` varchar(128) NOT NULL COMMENT '''负责人''',
  `ent_create_time` datetime NOT NULL COMMENT '添加时间',
  `ent_chief_postion` int(11) DEFAULT NULL COMMENT '负责人职位',
  `ent_business_scope` varchar(512) DEFAULT NULL COMMENT '''经营范围''',
  `ent_registered_capital` decimal(10,0) DEFAULT NULL COMMENT '注册资金',
  `ent_recommend` tinyint(1) DEFAULT NULL COMMENT '是否推荐企业',
  `ent_logo` varchar(128) DEFAULT NULL COMMENT '公司LOGO',
  `ent_image` varchar(128) DEFAULT NULL COMMENT '公司形象图',
  `ent_update_time` datetime DEFAULT NULL COMMENT '修改时间',
  `ent_check_by` varchar(50) DEFAULT NULL COMMENT '审核人',
  PRIMARY KEY (`ent_id`),
  KEY `ent_user_id` (`ent_user_id`)
) ENGINE=MyISAM AUTO_INCREMENT=101 DEFAULT CHARSET=utf8;

# Dumping data for table mu.mu_user_enterprise: 3 rows
DELETE FROM `mu_user_enterprise`;
/*!40000 ALTER TABLE `mu_user_enterprise` DISABLE KEYS */;
INSERT INTO `mu_user_enterprise` (`ent_id`, `ent_user_id`, `ent_name`, `ent_type`, `ent_website`, `ent_business_model`, `ent_tax`, `ent_zipcode`, `ent_introduce`, `ent_location`, `ent_city`, `ent_status`, `ent_chief`, `ent_create_time`, `ent_chief_postion`, `ent_business_scope`, `ent_registered_capital`, `ent_recommend`, `ent_logo`, `ent_image`, `ent_update_time`, `ent_check_by`) VALUES
	(45, 1, '镇江市金广铁合金有限公司(钼贸易型企业)', 4, 'http://www.mushw.com', 6, NULL, '51800', '企业是从事生产、流通、服务等经济活动，以生产或服务满足社会需要，实行自主经营、独立核算、依法设立的一种盈利性的经济组织。企业主要指独立的盈利性组织。在中国计划经济时期，“企业”是与“事业单位”平行使用的常用词语。《辞海》1979年版中，“企业”的解释为：“从事生产、流通或服务活动的独立核算经济单位”；“事业单位”的解释为：“受国家机关领导，不实行经济核算的单位”。在20世纪后期中国大陆改革开放与现代化建设及信息技术领域新概念大量涌入的背景下，“企业”一词的用法有所变化，并不限于商业性或盈利组织', '深圳', 4, 1, '李总', '2013-01-31 00:00:00', 8, '网络，安全，建站', 500, 1, 'image', NULL, '2013-01-31 00:00:00', 'ueelife'),
	(69, 2, '昆明昊泰钼化有限公司(钼生产型/贸易型企业)', 5, 'http://www.mushw.com', 6, NULL, '51800', '企业是从事生产、流通、服务等经济活动，以生产或服务满足社会需要，实行自主经营、独立核算、依法设立的一种盈利性的经济组织。企业主要指独立的盈利性组织。在中国计划经济时期，“企业”是与“事业单位”平行使用的常用词语。《辞海》1979年版中，“企业”的解释为：“从事生产、流通或服务活动的独立核算经济单位”；“事业单位”的解释为：“受国家机关领导，不实行经济核算的单位”。在20世纪后期中国大陆改革开放与现代化建设及信息技术领域新概念大量涌入的背景下，“企业”一词的用法有所变化，并不限于商业性或盈利组织', '深圳', 3, 2, '李总', '2013-01-31 00:00:00', 8, '网络，安全，建站', 500, 1, 'image', NULL, '2013-01-31 00:00:00', 'ueelife'),
	(100, 3, '昆明昊泰钼化有限公司(钼生产型/贸易型企业)-分部', 5, 'http://www.mushw.com', 6, '023-4555443', '51800', '企业是从事生产、流通、服务等经济活动，以生产或服务满足社会需要，实行自主经营、独立核算、依法设立的一种盈利性的经济组织。企业主要指独立的盈利性组织。在中国计划经济时期，“企业”是与“事业单位”平行使用的常用词语。《辞海》1979年版中，“企业”的解释为：“从事生产、流通或服务活动的独立核算经济单位”；“事业单位”的解释为：“受国家机关领导，不实行经济核算的单位”。在20世纪后期中国大陆改革开放与现代化建设及信息技术领域新概念大量涌入的背景下，“企业”一词的用法有所变化，并不限于商业性或盈利组织', '深圳', 3, 1, '李总', '2013-01-31 00:00:00', 8, '网络，安全，建站', 500, 1, 'logo.jpg', 'image.jpg', '2013-01-31 00:00:00', 'ueelife');
/*!40000 ALTER TABLE `mu_user_enterprise` ENABLE KEYS */;


# Dumping structure for table mu.mu_user_template
DROP TABLE IF EXISTS `mu_user_template`;
CREATE TABLE IF NOT EXISTS `mu_user_template` (
  `temp_id` int(10) NOT NULL AUTO_INCREMENT,
  `temp_name` varchar(128) NOT NULL DEFAULT '未指定',
  `temp_status` int(11) NOT NULL DEFAULT '2',
  `temp_order` int(11) NOT NULL DEFAULT '0',
  `temp_dir` varchar(128) NOT NULL DEFAULT 'default',
  `temp_amount` int(11) NOT NULL DEFAULT '0' COMMENT '模板被使用的次数',
  `temp_added_date` datetime DEFAULT NULL,
  `temp_updated_date` datetime DEFAULT NULL,
  PRIMARY KEY (`temp_id`)
) ENGINE=InnoDB AUTO_INCREMENT=3 DEFAULT CHARSET=utf8 COMMENT='会员的旺铺模板';

# Dumping data for table mu.mu_user_template: ~1 rows (approximately)
DELETE FROM `mu_user_template`;
/*!40000 ALTER TABLE `mu_user_template` DISABLE KEYS */;
INSERT INTO `mu_user_template` (`temp_id`, `temp_name`, `temp_status`, `temp_order`, `temp_dir`, `temp_amount`, `temp_added_date`, `temp_updated_date`) VALUES
	(2, 'temp2', 1, 0, 'default', 0, '2013-02-24 11:38:33', NULL);
/*!40000 ALTER TABLE `mu_user_template` ENABLE KEYS */;


# Dumping structure for view mu.mu_view_recommend
DROP VIEW IF EXISTS `mu_view_recommend`;
# Creating temporary table to overcome VIEW dependency errors
CREATE TABLE `mu_view_recommend` (
	`recommend_id` INT(11) NOT NULL DEFAULT '0',
	`name` VARCHAR(256) NULL DEFAULT NULL COLLATE 'utf8_general_ci',
	`recommend_object_id` BIGINT(20) NOT NULL DEFAULT '0',
	`recommend_type` TINYINT(4) NOT NULL DEFAULT '0',
	`recommend_position` TINYINT(4) NOT NULL DEFAULT '0',
	`recommend_status` TINYINT(4) NULL DEFAULT NULL,
	`recommend_time` DATETIME NULL DEFAULT NULL
) ENGINE=MyISAM;


# Dumping structure for view mu.mu_view_recommend
DROP VIEW IF EXISTS `mu_view_recommend`;
# Removing temporary table and create final VIEW structure
DROP TABLE IF EXISTS `mu_view_recommend`;
CREATE ALGORITHM=UNDEFINED DEFINER=`root`@`localhost` SQL SECURITY DEFINER VIEW `mu_view_recommend` AS select `re`.`recommend_id` AS `recommend_id`,`ar`.`art_title` AS `name`,`re`.`recommend_object_id` AS `recommend_object_id`,`re`.`recommend_type` AS `recommend_type`,`re`.`recommend_position` AS `recommend_position`,`re`.`recommend_status` AS `recommend_status`,`re`.`recommend_time` AS `recommend_time` from (`mu_article` `ar` join `mu_recommend` `re` on((`ar`.`art_id` = `re`.`recommend_object_id`))) where (`re`.`recommend_type` = 23) union all select `re`.`recommend_id` AS `recommend_id`,`su`.`supply_name` AS `name`,`re`.`recommend_object_id` AS `recommend_object_id`,`re`.`recommend_type` AS `recommend_type`,`re`.`recommend_position` AS `recommend_position`,`re`.`recommend_status` AS `recommend_status`,`re`.`recommend_time` AS `recommend_time` from (`mu_supply` `su` join `mu_recommend` `re` on((`su`.`supply_id` = `re`.`recommend_object_id`))) where (`re`.`recommend_type` = 21) union all select `re`.`recommend_id` AS `recommend_id`,`pr`.`product_name` AS `name`,`re`.`recommend_object_id` AS `recommend_object_id`,`re`.`recommend_type` AS `recommend_type`,`re`.`recommend_position` AS `recommend_position`,`re`.`recommend_status` AS `recommend_status`,`re`.`recommend_time` AS `recommend_time` from (`mu_product` `pr` join `mu_recommend` `re` on((`pr`.`product_id` = `re`.`recommend_object_id`))) where (`re`.`recommend_type` = 22) union all select `re`.`recommend_id` AS `recommend_id`,`ue`.`ent_name` AS `name`,`re`.`recommend_object_id` AS `recommend_object_id`,`re`.`recommend_type` AS `recommend_type`,`re`.`recommend_position` AS `recommend_position`,`re`.`recommend_status` AS `recommend_status`,`re`.`recommend_time` AS `recommend_time` from (`mu_user_enterprise` `ue` join `mu_recommend` `re` on((`ue`.`ent_id` = `re`.`recommend_object_id`))) where (`re`.`recommend_type` = 24);
/*!40101 SET SQL_MODE=@OLD_SQL_MODE */;
/*!40014 SET FOREIGN_KEY_CHECKS=@OLD_FOREIGN_KEY_CHECKS */;
/*!40101 SET CHARACTER_SET_CLIENT=@OLD_CHARACTER_SET_CLIENT */;
