/*
Navicat MySQL Data Transfer

Source Server         : 127.0.0.1
Source Server Version : 50516
Source Host           : localhost:3306
Source Database       : mu

Target Server Type    : MYSQL
Target Server Version : 50516
File Encoding         : 65001

Date: 2013-01-31 01:25:48
*/

SET FOREIGN_KEY_CHECKS=0;
-- ----------------------------
-- Table structure for `mu_advertisement`
-- ----------------------------
DROP TABLE IF EXISTS `mu_advertisement`;
CREATE TABLE `mu_advertisement` (
  `ad_id` int(11) NOT NULL AUTO_INCREMENT,
  `ad_user_id` int(11) NOT NULL,
  `ad_title` varchar(128) DEFAULT NULL,
  `ad_type` tinyint(4) NOT NULL COMMENT '视频,图片,flash',
  `ad_no` tinyint(4) NOT NULL COMMENT '''广告编号是用于指明位置''',
  `ad_link` varchar(256) DEFAULT NULL,
  `ad_status` tinyint(4) DEFAULT NULL,
  `ad_click_num` int(11) DEFAULT NULL COMMENT '点击量',
  `ad_start_date` datetime DEFAULT NULL COMMENT '''广告的有效开始时间''',
  `ad_end_date` datetime DEFAULT NULL COMMENT '''广告的有效结束时间''',
  `ad_price` decimal(12,0) DEFAULT NULL COMMENT '广告费用',
  `ad_media_src` varchar(128) DEFAULT NULL COMMENT '广告媒体文件',
  `ad_create_time` datetime DEFAULT NULL,
  PRIMARY KEY (`ad_id`)
) ENGINE=MyISAM AUTO_INCREMENT=2 DEFAULT CHARSET=utf8;

-- ----------------------------
-- Records of mu_advertisement
-- ----------------------------
INSERT INTO mu_advertisement VALUES ('1', '1', '钼铁推广', '9', '11', 'www.baidu.com', '1', '200', '2013-01-24 23:44:05', '2013-12-24 23:44:07', '20000', null, '2013-01-24 23:44:24');

-- ----------------------------
-- Table structure for `mu_article`
-- ----------------------------
DROP TABLE IF EXISTS `mu_article`;
CREATE TABLE `mu_article` (
  `art_id` int(11) NOT NULL AUTO_INCREMENT,
  `art_title` varchar(128) NOT NULL,
  `art_source` char(128) DEFAULT NULL COMMENT '''文章出处''',
  `art_category_id` int(11) NOT NULL COMMENT '文章分类 行情 新闻 ',
  `art_content` text COMMENT '''文章内容''',
  `art_status` int(11) DEFAULT NULL COMMENT '起草 审核中 发布',
  `art_tags` varchar(45) DEFAULT NULL COMMENT '''文章tags''',
  `art_user_id` tinyint(4) NOT NULL COMMENT '文章发表人',
  `art_check_by` varchar(45) DEFAULT NULL COMMENT '''审核人''',
  `art_post_date` datetime DEFAULT NULL COMMENT '''发布时间''',
  `art_modified_date` datetime DEFAULT NULL COMMENT '''修改时间''',
  `art_recommend` tinyint(4) DEFAULT NULL COMMENT '文章推荐',
  PRIMARY KEY (`art_id`)
) ENGINE=MyISAM AUTO_INCREMENT=360 DEFAULT CHARSET=utf8;

-- ----------------------------
-- Records of mu_article
-- ----------------------------
INSERT INTO mu_article VALUES ('101', '磨矿介质对钼精矿碳含量影响研究', 'lizhili', '20', '　钼精矿市场：今日40-45%钼精矿主流报价1540-1570元/吨度附近，47%及以上品位1560-1580元/吨度，价格暂时持稳，行情仍有继续向上运行迹象。行情短期利好，之前部分商家场外观望，近期开始逐步参与市场。栾川某商家表示，前期矿商停产较多，贸易商多以低库存场外等待行情好转。虽然近期钼精矿价格开始有所好转，但是上调的步伐依然较慢。与成本相比，盈利空间较小。期待后期继续上行。\n                    \n                    　　钼铁市场：钼铁价格暂时保持平稳，市场主流报价10.7-11万元/吨（现款-承兑）。当前，在行情利好带动下，有商家报价呈现虚高状况，整体现款报价期间10.6-10.8万元/吨为主，承兑10.9-11.1万元/吨左右。市场需求尚无完全释放，高价成交偏少。月底部分钢厂招标会逐步启动，钼铁厂家有继续挺价迹象。从近期的钢厂招标来看，钢厂60钼铁的承兑招标价格10.4-10.6万元/吨较为常见，后期有提升空间。\n                    \n                    　　12月21日LME钼期货报价整体保持平稳，3月期钼报价25250/25750美元/吨；15月期钼报价25720/26720美元/吨，LME期钼持仓132手。今日简讯：明年贷款需求将相对旺盛，城镇化为信贷投放重点；中金：新型城镇化难以支持新一轮地产投资；意大利总理蒙蒂递交辞呈，大选或于明年2月举行。\n                    \n                    　　周初外盘钼市部分产品价格仍有上调迹象，欧洲钼铁、氧化钼等都有一定涨幅；美国市场稍显平稳，价格暂稳波动。其次，欧亚将钼氧化物进口关税从5%降至零，这有利增加外部市场对该产品的需求，降低钼铁合金的生产成本，提高外部市场行业竞争力。国内行情运行平稳，主要钼产品价格继续保持在相对高位。同时，市场部分商家报价仍有抬高迹象，加之年底逼近，后期钢厂招标或有新的改观。', '1', '钼,行情,美元', '1', 'lizhili', '2013-01-31 00:00:00', '2013-01-31 00:00:00', '1');
INSERT INTO mu_article VALUES ('102', '金堆城钼业公司选矿工艺现状分析', 'lizhili', '20', '　钼精矿市场：今日40-45%钼精矿主流报价1540-1570元/吨度附近，47%及以上品位1560-1580元/吨度，价格暂时持稳，行情仍有继续向上运行迹象。行情短期利好，之前部分商家场外观望，近期开始逐步参与市场。栾川某商家表示，前期矿商停产较多，贸易商多以低库存场外等待行情好转。虽然近期钼精矿价格开始有所好转，但是上调的步伐依然较慢。与成本相比，盈利空间较小。期待后期继续上行。\n                    \n                    　　钼铁市场：钼铁价格暂时保持平稳，市场主流报价10.7-11万元/吨（现款-承兑）。当前，在行情利好带动下，有商家报价呈现虚高状况，整体现款报价期间10.6-10.8万元/吨为主，承兑10.9-11.1万元/吨左右。市场需求尚无完全释放，高价成交偏少。月底部分钢厂招标会逐步启动，钼铁厂家有继续挺价迹象。从近期的钢厂招标来看，钢厂60钼铁的承兑招标价格10.4-10.6万元/吨较为常见，后期有提升空间。\n                    \n                    　　12月21日LME钼期货报价整体保持平稳，3月期钼报价25250/25750美元/吨；15月期钼报价25720/26720美元/吨，LME期钼持仓132手。今日简讯：明年贷款需求将相对旺盛，城镇化为信贷投放重点；中金：新型城镇化难以支持新一轮地产投资；意大利总理蒙蒂递交辞呈，大选或于明年2月举行。\n                    \n                    　　周初外盘钼市部分产品价格仍有上调迹象，欧洲钼铁、氧化钼等都有一定涨幅；美国市场稍显平稳，价格暂稳波动。其次，欧亚将钼氧化物进口关税从5%降至零，这有利增加外部市场对该产品的需求，降低钼铁合金的生产成本，提高外部市场行业竞争力。国内行情运行平稳，主要钼产品价格继续保持在相对高位。同时，市场部分商家报价仍有抬高迹象，加之年底逼近，后期钢厂招标或有新的改观。', '1', '钼,行情,美元', '1', 'lizhili', '2013-01-31 00:00:00', '2013-01-31 00:00:00', '1');
INSERT INTO mu_article VALUES ('103', '钼矿及其处理', 'lizhili', '20', '　钼精矿市场：今日40-45%钼精矿主流报价1540-1570元/吨度附近，47%及以上品位1560-1580元/吨度，价格暂时持稳，行情仍有继续向上运行迹象。行情短期利好，之前部分商家场外观望，近期开始逐步参与市场。栾川某商家表示，前期矿商停产较多，贸易商多以低库存场外等待行情好转。虽然近期钼精矿价格开始有所好转，但是上调的步伐依然较慢。与成本相比，盈利空间较小。期待后期继续上行。\n                    \n                    　　钼铁市场：钼铁价格暂时保持平稳，市场主流报价10.7-11万元/吨（现款-承兑）。当前，在行情利好带动下，有商家报价呈现虚高状况，整体现款报价期间10.6-10.8万元/吨为主，承兑10.9-11.1万元/吨左右。市场需求尚无完全释放，高价成交偏少。月底部分钢厂招标会逐步启动，钼铁厂家有继续挺价迹象。从近期的钢厂招标来看，钢厂60钼铁的承兑招标价格10.4-10.6万元/吨较为常见，后期有提升空间。\n                    \n                    　　12月21日LME钼期货报价整体保持平稳，3月期钼报价25250/25750美元/吨；15月期钼报价25720/26720美元/吨，LME期钼持仓132手。今日简讯：明年贷款需求将相对旺盛，城镇化为信贷投放重点；中金：新型城镇化难以支持新一轮地产投资；意大利总理蒙蒂递交辞呈，大选或于明年2月举行。\n                    \n                    　　周初外盘钼市部分产品价格仍有上调迹象，欧洲钼铁、氧化钼等都有一定涨幅；美国市场稍显平稳，价格暂稳波动。其次，欧亚将钼氧化物进口关税从5%降至零，这有利增加外部市场对该产品的需求，降低钼铁合金的生产成本，提高外部市场行业竞争力。国内行情运行平稳，主要钼产品价格继续保持在相对高位。同时，市场部分商家报价仍有抬高迹象，加之年底逼近，后期钢厂招标或有新的改观。', '1', '钼,行情,美元', '1', 'lizhili', '2013-01-31 00:00:00', '2013-01-31 00:00:00', '1');
INSERT INTO mu_article VALUES ('104', '金堆城钼业公司选矿工艺现状分析', 'lizhili', '20', '　钼精矿市场：今日40-45%钼精矿主流报价1540-1570元/吨度附近，47%及以上品位1560-1580元/吨度，价格暂时持稳，行情仍有继续向上运行迹象。行情短期利好，之前部分商家场外观望，近期开始逐步参与市场。栾川某商家表示，前期矿商停产较多，贸易商多以低库存场外等待行情好转。虽然近期钼精矿价格开始有所好转，但是上调的步伐依然较慢。与成本相比，盈利空间较小。期待后期继续上行。\n                    \n                    　　钼铁市场：钼铁价格暂时保持平稳，市场主流报价10.7-11万元/吨（现款-承兑）。当前，在行情利好带动下，有商家报价呈现虚高状况，整体现款报价期间10.6-10.8万元/吨为主，承兑10.9-11.1万元/吨左右。市场需求尚无完全释放，高价成交偏少。月底部分钢厂招标会逐步启动，钼铁厂家有继续挺价迹象。从近期的钢厂招标来看，钢厂60钼铁的承兑招标价格10.4-10.6万元/吨较为常见，后期有提升空间。\n                    \n                    　　12月21日LME钼期货报价整体保持平稳，3月期钼报价25250/25750美元/吨；15月期钼报价25720/26720美元/吨，LME期钼持仓132手。今日简讯：明年贷款需求将相对旺盛，城镇化为信贷投放重点；中金：新型城镇化难以支持新一轮地产投资；意大利总理蒙蒂递交辞呈，大选或于明年2月举行。\n                    \n                    　　周初外盘钼市部分产品价格仍有上调迹象，欧洲钼铁、氧化钼等都有一定涨幅；美国市场稍显平稳，价格暂稳波动。其次，欧亚将钼氧化物进口关税从5%降至零，这有利增加外部市场对该产品的需求，降低钼铁合金的生产成本，提高外部市场行业竞争力。国内行情运行平稳，主要钼产品价格继续保持在相对高位。同时，市场部分商家报价仍有抬高迹象，加之年底逼近，后期钢厂招标或有新的改观。', '1', '钼,行情,美元', '1', 'lizhili', '2013-01-31 00:00:00', '2013-01-31 00:00:00', '0');
INSERT INTO mu_article VALUES ('105', '钼钨氧化矿选矿工艺', 'lizhili', '20', '　钼精矿市场：今日40-45%钼精矿主流报价1540-1570元/吨度附近，47%及以上品位1560-1580元/吨度，价格暂时持稳，行情仍有继续向上运行迹象。行情短期利好，之前部分商家场外观望，近期开始逐步参与市场。栾川某商家表示，前期矿商停产较多，贸易商多以低库存场外等待行情好转。虽然近期钼精矿价格开始有所好转，但是上调的步伐依然较慢。与成本相比，盈利空间较小。期待后期继续上行。\n                    \n                    　　钼铁市场：钼铁价格暂时保持平稳，市场主流报价10.7-11万元/吨（现款-承兑）。当前，在行情利好带动下，有商家报价呈现虚高状况，整体现款报价期间10.6-10.8万元/吨为主，承兑10.9-11.1万元/吨左右。市场需求尚无完全释放，高价成交偏少。月底部分钢厂招标会逐步启动，钼铁厂家有继续挺价迹象。从近期的钢厂招标来看，钢厂60钼铁的承兑招标价格10.4-10.6万元/吨较为常见，后期有提升空间。\n                    \n                    　　12月21日LME钼期货报价整体保持平稳，3月期钼报价25250/25750美元/吨；15月期钼报价25720/26720美元/吨，LME期钼持仓132手。今日简讯：明年贷款需求将相对旺盛，城镇化为信贷投放重点；中金：新型城镇化难以支持新一轮地产投资；意大利总理蒙蒂递交辞呈，大选或于明年2月举行。\n                    \n                    　　周初外盘钼市部分产品价格仍有上调迹象，欧洲钼铁、氧化钼等都有一定涨幅；美国市场稍显平稳，价格暂稳波动。其次，欧亚将钼氧化物进口关税从5%降至零，这有利增加外部市场对该产品的需求，降低钼铁合金的生产成本，提高外部市场行业竞争力。国内行情运行平稳，主要钼产品价格继续保持在相对高位。同时，市场部分商家报价仍有抬高迹象，加之年底逼近，后期钢厂招标或有新的改观。', '1', '钼,行情,美元', '1', 'lizhili', '2013-01-31 00:00:00', '2013-01-31 00:00:00', '1');
INSERT INTO mu_article VALUES ('106', '钼铁的牌号及其用途', 'lizhili', '20', '　钼精矿市场：今日40-45%钼精矿主流报价1540-1570元/吨度附近，47%及以上品位1560-1580元/吨度，价格暂时持稳，行情仍有继续向上运行迹象。行情短期利好，之前部分商家场外观望，近期开始逐步参与市场。栾川某商家表示，前期矿商停产较多，贸易商多以低库存场外等待行情好转。虽然近期钼精矿价格开始有所好转，但是上调的步伐依然较慢。与成本相比，盈利空间较小。期待后期继续上行。\n                    \n                    　　钼铁市场：钼铁价格暂时保持平稳，市场主流报价10.7-11万元/吨（现款-承兑）。当前，在行情利好带动下，有商家报价呈现虚高状况，整体现款报价期间10.6-10.8万元/吨为主，承兑10.9-11.1万元/吨左右。市场需求尚无完全释放，高价成交偏少。月底部分钢厂招标会逐步启动，钼铁厂家有继续挺价迹象。从近期的钢厂招标来看，钢厂60钼铁的承兑招标价格10.4-10.6万元/吨较为常见，后期有提升空间。\n                    \n                    　　12月21日LME钼期货报价整体保持平稳，3月期钼报价25250/25750美元/吨；15月期钼报价25720/26720美元/吨，LME期钼持仓132手。今日简讯：明年贷款需求将相对旺盛，城镇化为信贷投放重点；中金：新型城镇化难以支持新一轮地产投资；意大利总理蒙蒂递交辞呈，大选或于明年2月举行。\n                    \n                    　　周初外盘钼市部分产品价格仍有上调迹象，欧洲钼铁、氧化钼等都有一定涨幅；美国市场稍显平稳，价格暂稳波动。其次，欧亚将钼氧化物进口关税从5%降至零，这有利增加外部市场对该产品的需求，降低钼铁合金的生产成本，提高外部市场行业竞争力。国内行情运行平稳，主要钼产品价格继续保持在相对高位。同时，市场部分商家报价仍有抬高迹象，加之年底逼近，后期钢厂招标或有新的改观。', '1', '钼,行情,美元', '1', 'lizhili', '2013-01-31 00:00:00', '2013-01-31 00:00:00', '1');
INSERT INTO mu_article VALUES ('107', '钼矿及其处理', 'lizhili', '20', '　钼精矿市场：今日40-45%钼精矿主流报价1540-1570元/吨度附近，47%及以上品位1560-1580元/吨度，价格暂时持稳，行情仍有继续向上运行迹象。行情短期利好，之前部分商家场外观望，近期开始逐步参与市场。栾川某商家表示，前期矿商停产较多，贸易商多以低库存场外等待行情好转。虽然近期钼精矿价格开始有所好转，但是上调的步伐依然较慢。与成本相比，盈利空间较小。期待后期继续上行。\n                    \n                    　　钼铁市场：钼铁价格暂时保持平稳，市场主流报价10.7-11万元/吨（现款-承兑）。当前，在行情利好带动下，有商家报价呈现虚高状况，整体现款报价期间10.6-10.8万元/吨为主，承兑10.9-11.1万元/吨左右。市场需求尚无完全释放，高价成交偏少。月底部分钢厂招标会逐步启动，钼铁厂家有继续挺价迹象。从近期的钢厂招标来看，钢厂60钼铁的承兑招标价格10.4-10.6万元/吨较为常见，后期有提升空间。\n                    \n                    　　12月21日LME钼期货报价整体保持平稳，3月期钼报价25250/25750美元/吨；15月期钼报价25720/26720美元/吨，LME期钼持仓132手。今日简讯：明年贷款需求将相对旺盛，城镇化为信贷投放重点；中金：新型城镇化难以支持新一轮地产投资；意大利总理蒙蒂递交辞呈，大选或于明年2月举行。\n                    \n                    　　周初外盘钼市部分产品价格仍有上调迹象，欧洲钼铁、氧化钼等都有一定涨幅；美国市场稍显平稳，价格暂稳波动。其次，欧亚将钼氧化物进口关税从5%降至零，这有利增加外部市场对该产品的需求，降低钼铁合金的生产成本，提高外部市场行业竞争力。国内行情运行平稳，主要钼产品价格继续保持在相对高位。同时，市场部分商家报价仍有抬高迹象，加之年底逼近，后期钢厂招标或有新的改观。', '1', '钼,行情,美元', '1', 'lizhili', '2013-01-31 00:00:00', '2013-01-31 00:00:00', '0');
INSERT INTO mu_article VALUES ('108', '钼矿及其处理', 'lizhili', '20', '　钼精矿市场：今日40-45%钼精矿主流报价1540-1570元/吨度附近，47%及以上品位1560-1580元/吨度，价格暂时持稳，行情仍有继续向上运行迹象。行情短期利好，之前部分商家场外观望，近期开始逐步参与市场。栾川某商家表示，前期矿商停产较多，贸易商多以低库存场外等待行情好转。虽然近期钼精矿价格开始有所好转，但是上调的步伐依然较慢。与成本相比，盈利空间较小。期待后期继续上行。\n                    \n                    　　钼铁市场：钼铁价格暂时保持平稳，市场主流报价10.7-11万元/吨（现款-承兑）。当前，在行情利好带动下，有商家报价呈现虚高状况，整体现款报价期间10.6-10.8万元/吨为主，承兑10.9-11.1万元/吨左右。市场需求尚无完全释放，高价成交偏少。月底部分钢厂招标会逐步启动，钼铁厂家有继续挺价迹象。从近期的钢厂招标来看，钢厂60钼铁的承兑招标价格10.4-10.6万元/吨较为常见，后期有提升空间。\n                    \n                    　　12月21日LME钼期货报价整体保持平稳，3月期钼报价25250/25750美元/吨；15月期钼报价25720/26720美元/吨，LME期钼持仓132手。今日简讯：明年贷款需求将相对旺盛，城镇化为信贷投放重点；中金：新型城镇化难以支持新一轮地产投资；意大利总理蒙蒂递交辞呈，大选或于明年2月举行。\n                    \n                    　　周初外盘钼市部分产品价格仍有上调迹象，欧洲钼铁、氧化钼等都有一定涨幅；美国市场稍显平稳，价格暂稳波动。其次，欧亚将钼氧化物进口关税从5%降至零，这有利增加外部市场对该产品的需求，降低钼铁合金的生产成本，提高外部市场行业竞争力。国内行情运行平稳，主要钼产品价格继续保持在相对高位。同时，市场部分商家报价仍有抬高迹象，加之年底逼近，后期钢厂招标或有新的改观。', '1', '钼,行情,美元', '1', 'lizhili', '2013-01-31 00:00:00', '2013-01-31 00:00:00', '1');
INSERT INTO mu_article VALUES ('109', '钼矿及其处理', 'lizhili', '20', '　钼精矿市场：今日40-45%钼精矿主流报价1540-1570元/吨度附近，47%及以上品位1560-1580元/吨度，价格暂时持稳，行情仍有继续向上运行迹象。行情短期利好，之前部分商家场外观望，近期开始逐步参与市场。栾川某商家表示，前期矿商停产较多，贸易商多以低库存场外等待行情好转。虽然近期钼精矿价格开始有所好转，但是上调的步伐依然较慢。与成本相比，盈利空间较小。期待后期继续上行。\n                    \n                    　　钼铁市场：钼铁价格暂时保持平稳，市场主流报价10.7-11万元/吨（现款-承兑）。当前，在行情利好带动下，有商家报价呈现虚高状况，整体现款报价期间10.6-10.8万元/吨为主，承兑10.9-11.1万元/吨左右。市场需求尚无完全释放，高价成交偏少。月底部分钢厂招标会逐步启动，钼铁厂家有继续挺价迹象。从近期的钢厂招标来看，钢厂60钼铁的承兑招标价格10.4-10.6万元/吨较为常见，后期有提升空间。\n                    \n                    　　12月21日LME钼期货报价整体保持平稳，3月期钼报价25250/25750美元/吨；15月期钼报价25720/26720美元/吨，LME期钼持仓132手。今日简讯：明年贷款需求将相对旺盛，城镇化为信贷投放重点；中金：新型城镇化难以支持新一轮地产投资；意大利总理蒙蒂递交辞呈，大选或于明年2月举行。\n                    \n                    　　周初外盘钼市部分产品价格仍有上调迹象，欧洲钼铁、氧化钼等都有一定涨幅；美国市场稍显平稳，价格暂稳波动。其次，欧亚将钼氧化物进口关税从5%降至零，这有利增加外部市场对该产品的需求，降低钼铁合金的生产成本，提高外部市场行业竞争力。国内行情运行平稳，主要钼产品价格继续保持在相对高位。同时，市场部分商家报价仍有抬高迹象，加之年底逼近，后期钢厂招标或有新的改观。', '1', '钼,行情,美元', '1', 'lizhili', '2013-01-31 00:00:00', '2013-01-31 00:00:00', '1');
INSERT INTO mu_article VALUES ('110', '关于钼的一般常识', 'lizhili', '20', '　钼精矿市场：今日40-45%钼精矿主流报价1540-1570元/吨度附近，47%及以上品位1560-1580元/吨度，价格暂时持稳，行情仍有继续向上运行迹象。行情短期利好，之前部分商家场外观望，近期开始逐步参与市场。栾川某商家表示，前期矿商停产较多，贸易商多以低库存场外等待行情好转。虽然近期钼精矿价格开始有所好转，但是上调的步伐依然较慢。与成本相比，盈利空间较小。期待后期继续上行。\n                    \n                    　　钼铁市场：钼铁价格暂时保持平稳，市场主流报价10.7-11万元/吨（现款-承兑）。当前，在行情利好带动下，有商家报价呈现虚高状况，整体现款报价期间10.6-10.8万元/吨为主，承兑10.9-11.1万元/吨左右。市场需求尚无完全释放，高价成交偏少。月底部分钢厂招标会逐步启动，钼铁厂家有继续挺价迹象。从近期的钢厂招标来看，钢厂60钼铁的承兑招标价格10.4-10.6万元/吨较为常见，后期有提升空间。\n                    \n                    　　12月21日LME钼期货报价整体保持平稳，3月期钼报价25250/25750美元/吨；15月期钼报价25720/26720美元/吨，LME期钼持仓132手。今日简讯：明年贷款需求将相对旺盛，城镇化为信贷投放重点；中金：新型城镇化难以支持新一轮地产投资；意大利总理蒙蒂递交辞呈，大选或于明年2月举行。\n                    \n                    　　周初外盘钼市部分产品价格仍有上调迹象，欧洲钼铁、氧化钼等都有一定涨幅；美国市场稍显平稳，价格暂稳波动。其次，欧亚将钼氧化物进口关税从5%降至零，这有利增加外部市场对该产品的需求，降低钼铁合金的生产成本，提高外部市场行业竞争力。国内行情运行平稳，主要钼产品价格继续保持在相对高位。同时，市场部分商家报价仍有抬高迹象，加之年底逼近，后期钢厂招标或有新的改观。', '1', '钼,行情,美元', '1', 'lizhili', '2013-01-31 00:00:00', '2013-01-31 00:00:00', '1');
INSERT INTO mu_article VALUES ('111', '关于钼的一般常识', 'lizhili', '20', '　钼精矿市场：今日40-45%钼精矿主流报价1540-1570元/吨度附近，47%及以上品位1560-1580元/吨度，价格暂时持稳，行情仍有继续向上运行迹象。行情短期利好，之前部分商家场外观望，近期开始逐步参与市场。栾川某商家表示，前期矿商停产较多，贸易商多以低库存场外等待行情好转。虽然近期钼精矿价格开始有所好转，但是上调的步伐依然较慢。与成本相比，盈利空间较小。期待后期继续上行。\n                    \n                    　　钼铁市场：钼铁价格暂时保持平稳，市场主流报价10.7-11万元/吨（现款-承兑）。当前，在行情利好带动下，有商家报价呈现虚高状况，整体现款报价期间10.6-10.8万元/吨为主，承兑10.9-11.1万元/吨左右。市场需求尚无完全释放，高价成交偏少。月底部分钢厂招标会逐步启动，钼铁厂家有继续挺价迹象。从近期的钢厂招标来看，钢厂60钼铁的承兑招标价格10.4-10.6万元/吨较为常见，后期有提升空间。\n                    \n                    　　12月21日LME钼期货报价整体保持平稳，3月期钼报价25250/25750美元/吨；15月期钼报价25720/26720美元/吨，LME期钼持仓132手。今日简讯：明年贷款需求将相对旺盛，城镇化为信贷投放重点；中金：新型城镇化难以支持新一轮地产投资；意大利总理蒙蒂递交辞呈，大选或于明年2月举行。\n                    \n                    　　周初外盘钼市部分产品价格仍有上调迹象，欧洲钼铁、氧化钼等都有一定涨幅；美国市场稍显平稳，价格暂稳波动。其次，欧亚将钼氧化物进口关税从5%降至零，这有利增加外部市场对该产品的需求，降低钼铁合金的生产成本，提高外部市场行业竞争力。国内行情运行平稳，主要钼产品价格继续保持在相对高位。同时，市场部分商家报价仍有抬高迹象，加之年底逼近，后期钢厂招标或有新的改观。', '1', '钼,行情,美元', '1', 'lizhili', '2013-01-31 00:00:00', '2013-01-31 00:00:00', '0');
INSERT INTO mu_article VALUES ('112', '钼及其化合物的物理化学性质', 'lizhili', '20', '　钼精矿市场：今日40-45%钼精矿主流报价1540-1570元/吨度附近，47%及以上品位1560-1580元/吨度，价格暂时持稳，行情仍有继续向上运行迹象。行情短期利好，之前部分商家场外观望，近期开始逐步参与市场。栾川某商家表示，前期矿商停产较多，贸易商多以低库存场外等待行情好转。虽然近期钼精矿价格开始有所好转，但是上调的步伐依然较慢。与成本相比，盈利空间较小。期待后期继续上行。\n                    \n                    　　钼铁市场：钼铁价格暂时保持平稳，市场主流报价10.7-11万元/吨（现款-承兑）。当前，在行情利好带动下，有商家报价呈现虚高状况，整体现款报价期间10.6-10.8万元/吨为主，承兑10.9-11.1万元/吨左右。市场需求尚无完全释放，高价成交偏少。月底部分钢厂招标会逐步启动，钼铁厂家有继续挺价迹象。从近期的钢厂招标来看，钢厂60钼铁的承兑招标价格10.4-10.6万元/吨较为常见，后期有提升空间。\n                    \n                    　　12月21日LME钼期货报价整体保持平稳，3月期钼报价25250/25750美元/吨；15月期钼报价25720/26720美元/吨，LME期钼持仓132手。今日简讯：明年贷款需求将相对旺盛，城镇化为信贷投放重点；中金：新型城镇化难以支持新一轮地产投资；意大利总理蒙蒂递交辞呈，大选或于明年2月举行。\n                    \n                    　　周初外盘钼市部分产品价格仍有上调迹象，欧洲钼铁、氧化钼等都有一定涨幅；美国市场稍显平稳，价格暂稳波动。其次，欧亚将钼氧化物进口关税从5%降至零，这有利增加外部市场对该产品的需求，降低钼铁合金的生产成本，提高外部市场行业竞争力。国内行情运行平稳，主要钼产品价格继续保持在相对高位。同时，市场部分商家报价仍有抬高迹象，加之年底逼近，后期钢厂招标或有新的改观。', '1', '钼,行情,美元', '1', 'lizhili', '2013-01-31 00:00:00', '2013-01-31 00:00:00', '0');
INSERT INTO mu_article VALUES ('113', '钼矿及其处理', 'lizhili', '20', '　钼精矿市场：今日40-45%钼精矿主流报价1540-1570元/吨度附近，47%及以上品位1560-1580元/吨度，价格暂时持稳，行情仍有继续向上运行迹象。行情短期利好，之前部分商家场外观望，近期开始逐步参与市场。栾川某商家表示，前期矿商停产较多，贸易商多以低库存场外等待行情好转。虽然近期钼精矿价格开始有所好转，但是上调的步伐依然较慢。与成本相比，盈利空间较小。期待后期继续上行。\n                    \n                    　　钼铁市场：钼铁价格暂时保持平稳，市场主流报价10.7-11万元/吨（现款-承兑）。当前，在行情利好带动下，有商家报价呈现虚高状况，整体现款报价期间10.6-10.8万元/吨为主，承兑10.9-11.1万元/吨左右。市场需求尚无完全释放，高价成交偏少。月底部分钢厂招标会逐步启动，钼铁厂家有继续挺价迹象。从近期的钢厂招标来看，钢厂60钼铁的承兑招标价格10.4-10.6万元/吨较为常见，后期有提升空间。\n                    \n                    　　12月21日LME钼期货报价整体保持平稳，3月期钼报价25250/25750美元/吨；15月期钼报价25720/26720美元/吨，LME期钼持仓132手。今日简讯：明年贷款需求将相对旺盛，城镇化为信贷投放重点；中金：新型城镇化难以支持新一轮地产投资；意大利总理蒙蒂递交辞呈，大选或于明年2月举行。\n                    \n                    　　周初外盘钼市部分产品价格仍有上调迹象，欧洲钼铁、氧化钼等都有一定涨幅；美国市场稍显平稳，价格暂稳波动。其次，欧亚将钼氧化物进口关税从5%降至零，这有利增加外部市场对该产品的需求，降低钼铁合金的生产成本，提高外部市场行业竞争力。国内行情运行平稳，主要钼产品价格继续保持在相对高位。同时，市场部分商家报价仍有抬高迹象，加之年底逼近，后期钢厂招标或有新的改观。', '1', '钼,行情,美元', '1', 'lizhili', '2013-01-31 00:00:00', '2013-01-31 00:00:00', '0');
INSERT INTO mu_article VALUES ('114', '钼铁的牌号及其用途', 'lizhili', '20', '　钼精矿市场：今日40-45%钼精矿主流报价1540-1570元/吨度附近，47%及以上品位1560-1580元/吨度，价格暂时持稳，行情仍有继续向上运行迹象。行情短期利好，之前部分商家场外观望，近期开始逐步参与市场。栾川某商家表示，前期矿商停产较多，贸易商多以低库存场外等待行情好转。虽然近期钼精矿价格开始有所好转，但是上调的步伐依然较慢。与成本相比，盈利空间较小。期待后期继续上行。\n                    \n                    　　钼铁市场：钼铁价格暂时保持平稳，市场主流报价10.7-11万元/吨（现款-承兑）。当前，在行情利好带动下，有商家报价呈现虚高状况，整体现款报价期间10.6-10.8万元/吨为主，承兑10.9-11.1万元/吨左右。市场需求尚无完全释放，高价成交偏少。月底部分钢厂招标会逐步启动，钼铁厂家有继续挺价迹象。从近期的钢厂招标来看，钢厂60钼铁的承兑招标价格10.4-10.6万元/吨较为常见，后期有提升空间。\n                    \n                    　　12月21日LME钼期货报价整体保持平稳，3月期钼报价25250/25750美元/吨；15月期钼报价25720/26720美元/吨，LME期钼持仓132手。今日简讯：明年贷款需求将相对旺盛，城镇化为信贷投放重点；中金：新型城镇化难以支持新一轮地产投资；意大利总理蒙蒂递交辞呈，大选或于明年2月举行。\n                    \n                    　　周初外盘钼市部分产品价格仍有上调迹象，欧洲钼铁、氧化钼等都有一定涨幅；美国市场稍显平稳，价格暂稳波动。其次，欧亚将钼氧化物进口关税从5%降至零，这有利增加外部市场对该产品的需求，降低钼铁合金的生产成本，提高外部市场行业竞争力。国内行情运行平稳，主要钼产品价格继续保持在相对高位。同时，市场部分商家报价仍有抬高迹象，加之年底逼近，后期钢厂招标或有新的改观。', '1', '钼,行情,美元', '1', 'lizhili', '2013-01-31 00:00:00', '2013-01-31 00:00:00', '0');
INSERT INTO mu_article VALUES ('115', '钼铁的牌号及其用途', 'lizhili', '20', '　钼精矿市场：今日40-45%钼精矿主流报价1540-1570元/吨度附近，47%及以上品位1560-1580元/吨度，价格暂时持稳，行情仍有继续向上运行迹象。行情短期利好，之前部分商家场外观望，近期开始逐步参与市场。栾川某商家表示，前期矿商停产较多，贸易商多以低库存场外等待行情好转。虽然近期钼精矿价格开始有所好转，但是上调的步伐依然较慢。与成本相比，盈利空间较小。期待后期继续上行。\n                    \n                    　　钼铁市场：钼铁价格暂时保持平稳，市场主流报价10.7-11万元/吨（现款-承兑）。当前，在行情利好带动下，有商家报价呈现虚高状况，整体现款报价期间10.6-10.8万元/吨为主，承兑10.9-11.1万元/吨左右。市场需求尚无完全释放，高价成交偏少。月底部分钢厂招标会逐步启动，钼铁厂家有继续挺价迹象。从近期的钢厂招标来看，钢厂60钼铁的承兑招标价格10.4-10.6万元/吨较为常见，后期有提升空间。\n                    \n                    　　12月21日LME钼期货报价整体保持平稳，3月期钼报价25250/25750美元/吨；15月期钼报价25720/26720美元/吨，LME期钼持仓132手。今日简讯：明年贷款需求将相对旺盛，城镇化为信贷投放重点；中金：新型城镇化难以支持新一轮地产投资；意大利总理蒙蒂递交辞呈，大选或于明年2月举行。\n                    \n                    　　周初外盘钼市部分产品价格仍有上调迹象，欧洲钼铁、氧化钼等都有一定涨幅；美国市场稍显平稳，价格暂稳波动。其次，欧亚将钼氧化物进口关税从5%降至零，这有利增加外部市场对该产品的需求，降低钼铁合金的生产成本，提高外部市场行业竞争力。国内行情运行平稳，主要钼产品价格继续保持在相对高位。同时，市场部分商家报价仍有抬高迹象，加之年底逼近，后期钢厂招标或有新的改观。', '1', '钼,行情,美元', '1', 'lizhili', '2013-01-31 00:00:00', '2013-01-31 00:00:00', '1');
INSERT INTO mu_article VALUES ('116', '钼铁的牌号及其用途', 'lizhili', '20', '　钼精矿市场：今日40-45%钼精矿主流报价1540-1570元/吨度附近，47%及以上品位1560-1580元/吨度，价格暂时持稳，行情仍有继续向上运行迹象。行情短期利好，之前部分商家场外观望，近期开始逐步参与市场。栾川某商家表示，前期矿商停产较多，贸易商多以低库存场外等待行情好转。虽然近期钼精矿价格开始有所好转，但是上调的步伐依然较慢。与成本相比，盈利空间较小。期待后期继续上行。\n                    \n                    　　钼铁市场：钼铁价格暂时保持平稳，市场主流报价10.7-11万元/吨（现款-承兑）。当前，在行情利好带动下，有商家报价呈现虚高状况，整体现款报价期间10.6-10.8万元/吨为主，承兑10.9-11.1万元/吨左右。市场需求尚无完全释放，高价成交偏少。月底部分钢厂招标会逐步启动，钼铁厂家有继续挺价迹象。从近期的钢厂招标来看，钢厂60钼铁的承兑招标价格10.4-10.6万元/吨较为常见，后期有提升空间。\n                    \n                    　　12月21日LME钼期货报价整体保持平稳，3月期钼报价25250/25750美元/吨；15月期钼报价25720/26720美元/吨，LME期钼持仓132手。今日简讯：明年贷款需求将相对旺盛，城镇化为信贷投放重点；中金：新型城镇化难以支持新一轮地产投资；意大利总理蒙蒂递交辞呈，大选或于明年2月举行。\n                    \n                    　　周初外盘钼市部分产品价格仍有上调迹象，欧洲钼铁、氧化钼等都有一定涨幅；美国市场稍显平稳，价格暂稳波动。其次，欧亚将钼氧化物进口关税从5%降至零，这有利增加外部市场对该产品的需求，降低钼铁合金的生产成本，提高外部市场行业竞争力。国内行情运行平稳，主要钼产品价格继续保持在相对高位。同时，市场部分商家报价仍有抬高迹象，加之年底逼近，后期钢厂招标或有新的改观。', '1', '钼,行情,美元', '1', 'lizhili', '2013-01-31 00:00:00', '2013-01-31 00:00:00', '1');
INSERT INTO mu_article VALUES ('117', '金堆城钼业公司选矿工艺现状分析', 'lizhili', '20', '　钼精矿市场：今日40-45%钼精矿主流报价1540-1570元/吨度附近，47%及以上品位1560-1580元/吨度，价格暂时持稳，行情仍有继续向上运行迹象。行情短期利好，之前部分商家场外观望，近期开始逐步参与市场。栾川某商家表示，前期矿商停产较多，贸易商多以低库存场外等待行情好转。虽然近期钼精矿价格开始有所好转，但是上调的步伐依然较慢。与成本相比，盈利空间较小。期待后期继续上行。\n                    \n                    　　钼铁市场：钼铁价格暂时保持平稳，市场主流报价10.7-11万元/吨（现款-承兑）。当前，在行情利好带动下，有商家报价呈现虚高状况，整体现款报价期间10.6-10.8万元/吨为主，承兑10.9-11.1万元/吨左右。市场需求尚无完全释放，高价成交偏少。月底部分钢厂招标会逐步启动，钼铁厂家有继续挺价迹象。从近期的钢厂招标来看，钢厂60钼铁的承兑招标价格10.4-10.6万元/吨较为常见，后期有提升空间。\n                    \n                    　　12月21日LME钼期货报价整体保持平稳，3月期钼报价25250/25750美元/吨；15月期钼报价25720/26720美元/吨，LME期钼持仓132手。今日简讯：明年贷款需求将相对旺盛，城镇化为信贷投放重点；中金：新型城镇化难以支持新一轮地产投资；意大利总理蒙蒂递交辞呈，大选或于明年2月举行。\n                    \n                    　　周初外盘钼市部分产品价格仍有上调迹象，欧洲钼铁、氧化钼等都有一定涨幅；美国市场稍显平稳，价格暂稳波动。其次，欧亚将钼氧化物进口关税从5%降至零，这有利增加外部市场对该产品的需求，降低钼铁合金的生产成本，提高外部市场行业竞争力。国内行情运行平稳，主要钼产品价格继续保持在相对高位。同时，市场部分商家报价仍有抬高迹象，加之年底逼近，后期钢厂招标或有新的改观。', '1', '钼,行情,美元', '1', 'lizhili', '2013-01-31 00:00:00', '2013-01-31 00:00:00', '1');
INSERT INTO mu_article VALUES ('118', '钼矿及其处理', 'lizhili', '20', '　钼精矿市场：今日40-45%钼精矿主流报价1540-1570元/吨度附近，47%及以上品位1560-1580元/吨度，价格暂时持稳，行情仍有继续向上运行迹象。行情短期利好，之前部分商家场外观望，近期开始逐步参与市场。栾川某商家表示，前期矿商停产较多，贸易商多以低库存场外等待行情好转。虽然近期钼精矿价格开始有所好转，但是上调的步伐依然较慢。与成本相比，盈利空间较小。期待后期继续上行。\n                    \n                    　　钼铁市场：钼铁价格暂时保持平稳，市场主流报价10.7-11万元/吨（现款-承兑）。当前，在行情利好带动下，有商家报价呈现虚高状况，整体现款报价期间10.6-10.8万元/吨为主，承兑10.9-11.1万元/吨左右。市场需求尚无完全释放，高价成交偏少。月底部分钢厂招标会逐步启动，钼铁厂家有继续挺价迹象。从近期的钢厂招标来看，钢厂60钼铁的承兑招标价格10.4-10.6万元/吨较为常见，后期有提升空间。\n                    \n                    　　12月21日LME钼期货报价整体保持平稳，3月期钼报价25250/25750美元/吨；15月期钼报价25720/26720美元/吨，LME期钼持仓132手。今日简讯：明年贷款需求将相对旺盛，城镇化为信贷投放重点；中金：新型城镇化难以支持新一轮地产投资；意大利总理蒙蒂递交辞呈，大选或于明年2月举行。\n                    \n                    　　周初外盘钼市部分产品价格仍有上调迹象，欧洲钼铁、氧化钼等都有一定涨幅；美国市场稍显平稳，价格暂稳波动。其次，欧亚将钼氧化物进口关税从5%降至零，这有利增加外部市场对该产品的需求，降低钼铁合金的生产成本，提高外部市场行业竞争力。国内行情运行平稳，主要钼产品价格继续保持在相对高位。同时，市场部分商家报价仍有抬高迹象，加之年底逼近，后期钢厂招标或有新的改观。', '1', '钼,行情,美元', '1', 'lizhili', '2013-01-31 00:00:00', '2013-01-31 00:00:00', '1');
INSERT INTO mu_article VALUES ('119', '关于钼的一般常识', 'lizhili', '20', '　钼精矿市场：今日40-45%钼精矿主流报价1540-1570元/吨度附近，47%及以上品位1560-1580元/吨度，价格暂时持稳，行情仍有继续向上运行迹象。行情短期利好，之前部分商家场外观望，近期开始逐步参与市场。栾川某商家表示，前期矿商停产较多，贸易商多以低库存场外等待行情好转。虽然近期钼精矿价格开始有所好转，但是上调的步伐依然较慢。与成本相比，盈利空间较小。期待后期继续上行。\n                    \n                    　　钼铁市场：钼铁价格暂时保持平稳，市场主流报价10.7-11万元/吨（现款-承兑）。当前，在行情利好带动下，有商家报价呈现虚高状况，整体现款报价期间10.6-10.8万元/吨为主，承兑10.9-11.1万元/吨左右。市场需求尚无完全释放，高价成交偏少。月底部分钢厂招标会逐步启动，钼铁厂家有继续挺价迹象。从近期的钢厂招标来看，钢厂60钼铁的承兑招标价格10.4-10.6万元/吨较为常见，后期有提升空间。\n                    \n                    　　12月21日LME钼期货报价整体保持平稳，3月期钼报价25250/25750美元/吨；15月期钼报价25720/26720美元/吨，LME期钼持仓132手。今日简讯：明年贷款需求将相对旺盛，城镇化为信贷投放重点；中金：新型城镇化难以支持新一轮地产投资；意大利总理蒙蒂递交辞呈，大选或于明年2月举行。\n                    \n                    　　周初外盘钼市部分产品价格仍有上调迹象，欧洲钼铁、氧化钼等都有一定涨幅；美国市场稍显平稳，价格暂稳波动。其次，欧亚将钼氧化物进口关税从5%降至零，这有利增加外部市场对该产品的需求，降低钼铁合金的生产成本，提高外部市场行业竞争力。国内行情运行平稳，主要钼产品价格继续保持在相对高位。同时，市场部分商家报价仍有抬高迹象，加之年底逼近，后期钢厂招标或有新的改观。', '1', '钼,行情,美元', '1', 'lizhili', '2013-01-31 00:00:00', '2013-01-31 00:00:00', '1');
INSERT INTO mu_article VALUES ('120', '钼铁的冶炼', 'lizhili', '20', '　钼精矿市场：今日40-45%钼精矿主流报价1540-1570元/吨度附近，47%及以上品位1560-1580元/吨度，价格暂时持稳，行情仍有继续向上运行迹象。行情短期利好，之前部分商家场外观望，近期开始逐步参与市场。栾川某商家表示，前期矿商停产较多，贸易商多以低库存场外等待行情好转。虽然近期钼精矿价格开始有所好转，但是上调的步伐依然较慢。与成本相比，盈利空间较小。期待后期继续上行。\n                    \n                    　　钼铁市场：钼铁价格暂时保持平稳，市场主流报价10.7-11万元/吨（现款-承兑）。当前，在行情利好带动下，有商家报价呈现虚高状况，整体现款报价期间10.6-10.8万元/吨为主，承兑10.9-11.1万元/吨左右。市场需求尚无完全释放，高价成交偏少。月底部分钢厂招标会逐步启动，钼铁厂家有继续挺价迹象。从近期的钢厂招标来看，钢厂60钼铁的承兑招标价格10.4-10.6万元/吨较为常见，后期有提升空间。\n                    \n                    　　12月21日LME钼期货报价整体保持平稳，3月期钼报价25250/25750美元/吨；15月期钼报价25720/26720美元/吨，LME期钼持仓132手。今日简讯：明年贷款需求将相对旺盛，城镇化为信贷投放重点；中金：新型城镇化难以支持新一轮地产投资；意大利总理蒙蒂递交辞呈，大选或于明年2月举行。\n                    \n                    　　周初外盘钼市部分产品价格仍有上调迹象，欧洲钼铁、氧化钼等都有一定涨幅；美国市场稍显平稳，价格暂稳波动。其次，欧亚将钼氧化物进口关税从5%降至零，这有利增加外部市场对该产品的需求，降低钼铁合金的生产成本，提高外部市场行业竞争力。国内行情运行平稳，主要钼产品价格继续保持在相对高位。同时，市场部分商家报价仍有抬高迹象，加之年底逼近，后期钢厂招标或有新的改观。', '1', '钼,行情,美元', '1', 'lizhili', '2013-01-31 00:00:00', '2013-01-31 00:00:00', '0');
INSERT INTO mu_article VALUES ('121', '钼铁的牌号及其用途', 'lizhili', '20', '　钼精矿市场：今日40-45%钼精矿主流报价1540-1570元/吨度附近，47%及以上品位1560-1580元/吨度，价格暂时持稳，行情仍有继续向上运行迹象。行情短期利好，之前部分商家场外观望，近期开始逐步参与市场。栾川某商家表示，前期矿商停产较多，贸易商多以低库存场外等待行情好转。虽然近期钼精矿价格开始有所好转，但是上调的步伐依然较慢。与成本相比，盈利空间较小。期待后期继续上行。\n                    \n                    　　钼铁市场：钼铁价格暂时保持平稳，市场主流报价10.7-11万元/吨（现款-承兑）。当前，在行情利好带动下，有商家报价呈现虚高状况，整体现款报价期间10.6-10.8万元/吨为主，承兑10.9-11.1万元/吨左右。市场需求尚无完全释放，高价成交偏少。月底部分钢厂招标会逐步启动，钼铁厂家有继续挺价迹象。从近期的钢厂招标来看，钢厂60钼铁的承兑招标价格10.4-10.6万元/吨较为常见，后期有提升空间。\n                    \n                    　　12月21日LME钼期货报价整体保持平稳，3月期钼报价25250/25750美元/吨；15月期钼报价25720/26720美元/吨，LME期钼持仓132手。今日简讯：明年贷款需求将相对旺盛，城镇化为信贷投放重点；中金：新型城镇化难以支持新一轮地产投资；意大利总理蒙蒂递交辞呈，大选或于明年2月举行。\n                    \n                    　　周初外盘钼市部分产品价格仍有上调迹象，欧洲钼铁、氧化钼等都有一定涨幅；美国市场稍显平稳，价格暂稳波动。其次，欧亚将钼氧化物进口关税从5%降至零，这有利增加外部市场对该产品的需求，降低钼铁合金的生产成本，提高外部市场行业竞争力。国内行情运行平稳，主要钼产品价格继续保持在相对高位。同时，市场部分商家报价仍有抬高迹象，加之年底逼近，后期钢厂招标或有新的改观。', '1', '钼,行情,美元', '1', 'lizhili', '2013-01-31 00:00:00', '2013-01-31 00:00:00', '1');
INSERT INTO mu_article VALUES ('122', '钼铁的冶炼', 'lizhili', '20', '　钼精矿市场：今日40-45%钼精矿主流报价1540-1570元/吨度附近，47%及以上品位1560-1580元/吨度，价格暂时持稳，行情仍有继续向上运行迹象。行情短期利好，之前部分商家场外观望，近期开始逐步参与市场。栾川某商家表示，前期矿商停产较多，贸易商多以低库存场外等待行情好转。虽然近期钼精矿价格开始有所好转，但是上调的步伐依然较慢。与成本相比，盈利空间较小。期待后期继续上行。\n                    \n                    　　钼铁市场：钼铁价格暂时保持平稳，市场主流报价10.7-11万元/吨（现款-承兑）。当前，在行情利好带动下，有商家报价呈现虚高状况，整体现款报价期间10.6-10.8万元/吨为主，承兑10.9-11.1万元/吨左右。市场需求尚无完全释放，高价成交偏少。月底部分钢厂招标会逐步启动，钼铁厂家有继续挺价迹象。从近期的钢厂招标来看，钢厂60钼铁的承兑招标价格10.4-10.6万元/吨较为常见，后期有提升空间。\n                    \n                    　　12月21日LME钼期货报价整体保持平稳，3月期钼报价25250/25750美元/吨；15月期钼报价25720/26720美元/吨，LME期钼持仓132手。今日简讯：明年贷款需求将相对旺盛，城镇化为信贷投放重点；中金：新型城镇化难以支持新一轮地产投资；意大利总理蒙蒂递交辞呈，大选或于明年2月举行。\n                    \n                    　　周初外盘钼市部分产品价格仍有上调迹象，欧洲钼铁、氧化钼等都有一定涨幅；美国市场稍显平稳，价格暂稳波动。其次，欧亚将钼氧化物进口关税从5%降至零，这有利增加外部市场对该产品的需求，降低钼铁合金的生产成本，提高外部市场行业竞争力。国内行情运行平稳，主要钼产品价格继续保持在相对高位。同时，市场部分商家报价仍有抬高迹象，加之年底逼近，后期钢厂招标或有新的改观。', '1', '钼,行情,美元', '1', 'lizhili', '2013-01-31 00:00:00', '2013-01-31 00:00:00', '0');
INSERT INTO mu_article VALUES ('123', '钼钨氧化矿选矿工艺', 'lizhili', '20', '　钼精矿市场：今日40-45%钼精矿主流报价1540-1570元/吨度附近，47%及以上品位1560-1580元/吨度，价格暂时持稳，行情仍有继续向上运行迹象。行情短期利好，之前部分商家场外观望，近期开始逐步参与市场。栾川某商家表示，前期矿商停产较多，贸易商多以低库存场外等待行情好转。虽然近期钼精矿价格开始有所好转，但是上调的步伐依然较慢。与成本相比，盈利空间较小。期待后期继续上行。\n                    \n                    　　钼铁市场：钼铁价格暂时保持平稳，市场主流报价10.7-11万元/吨（现款-承兑）。当前，在行情利好带动下，有商家报价呈现虚高状况，整体现款报价期间10.6-10.8万元/吨为主，承兑10.9-11.1万元/吨左右。市场需求尚无完全释放，高价成交偏少。月底部分钢厂招标会逐步启动，钼铁厂家有继续挺价迹象。从近期的钢厂招标来看，钢厂60钼铁的承兑招标价格10.4-10.6万元/吨较为常见，后期有提升空间。\n                    \n                    　　12月21日LME钼期货报价整体保持平稳，3月期钼报价25250/25750美元/吨；15月期钼报价25720/26720美元/吨，LME期钼持仓132手。今日简讯：明年贷款需求将相对旺盛，城镇化为信贷投放重点；中金：新型城镇化难以支持新一轮地产投资；意大利总理蒙蒂递交辞呈，大选或于明年2月举行。\n                    \n                    　　周初外盘钼市部分产品价格仍有上调迹象，欧洲钼铁、氧化钼等都有一定涨幅；美国市场稍显平稳，价格暂稳波动。其次，欧亚将钼氧化物进口关税从5%降至零，这有利增加外部市场对该产品的需求，降低钼铁合金的生产成本，提高外部市场行业竞争力。国内行情运行平稳，主要钼产品价格继续保持在相对高位。同时，市场部分商家报价仍有抬高迹象，加之年底逼近，后期钢厂招标或有新的改观。', '1', '钼,行情,美元', '1', 'lizhili', '2013-01-31 00:00:00', '2013-01-31 00:00:00', '1');
INSERT INTO mu_article VALUES ('124', '金堆城钼业公司选矿工艺现状分析', 'lizhili', '20', '　钼精矿市场：今日40-45%钼精矿主流报价1540-1570元/吨度附近，47%及以上品位1560-1580元/吨度，价格暂时持稳，行情仍有继续向上运行迹象。行情短期利好，之前部分商家场外观望，近期开始逐步参与市场。栾川某商家表示，前期矿商停产较多，贸易商多以低库存场外等待行情好转。虽然近期钼精矿价格开始有所好转，但是上调的步伐依然较慢。与成本相比，盈利空间较小。期待后期继续上行。\n                    \n                    　　钼铁市场：钼铁价格暂时保持平稳，市场主流报价10.7-11万元/吨（现款-承兑）。当前，在行情利好带动下，有商家报价呈现虚高状况，整体现款报价期间10.6-10.8万元/吨为主，承兑10.9-11.1万元/吨左右。市场需求尚无完全释放，高价成交偏少。月底部分钢厂招标会逐步启动，钼铁厂家有继续挺价迹象。从近期的钢厂招标来看，钢厂60钼铁的承兑招标价格10.4-10.6万元/吨较为常见，后期有提升空间。\n                    \n                    　　12月21日LME钼期货报价整体保持平稳，3月期钼报价25250/25750美元/吨；15月期钼报价25720/26720美元/吨，LME期钼持仓132手。今日简讯：明年贷款需求将相对旺盛，城镇化为信贷投放重点；中金：新型城镇化难以支持新一轮地产投资；意大利总理蒙蒂递交辞呈，大选或于明年2月举行。\n                    \n                    　　周初外盘钼市部分产品价格仍有上调迹象，欧洲钼铁、氧化钼等都有一定涨幅；美国市场稍显平稳，价格暂稳波动。其次，欧亚将钼氧化物进口关税从5%降至零，这有利增加外部市场对该产品的需求，降低钼铁合金的生产成本，提高外部市场行业竞争力。国内行情运行平稳，主要钼产品价格继续保持在相对高位。同时，市场部分商家报价仍有抬高迹象，加之年底逼近，后期钢厂招标或有新的改观。', '1', '钼,行情,美元', '1', 'lizhili', '2013-01-31 00:00:00', '2013-01-31 00:00:00', '1');
INSERT INTO mu_article VALUES ('125', '钼铁的牌号及其用途', 'lizhili', '20', '　钼精矿市场：今日40-45%钼精矿主流报价1540-1570元/吨度附近，47%及以上品位1560-1580元/吨度，价格暂时持稳，行情仍有继续向上运行迹象。行情短期利好，之前部分商家场外观望，近期开始逐步参与市场。栾川某商家表示，前期矿商停产较多，贸易商多以低库存场外等待行情好转。虽然近期钼精矿价格开始有所好转，但是上调的步伐依然较慢。与成本相比，盈利空间较小。期待后期继续上行。\n                    \n                    　　钼铁市场：钼铁价格暂时保持平稳，市场主流报价10.7-11万元/吨（现款-承兑）。当前，在行情利好带动下，有商家报价呈现虚高状况，整体现款报价期间10.6-10.8万元/吨为主，承兑10.9-11.1万元/吨左右。市场需求尚无完全释放，高价成交偏少。月底部分钢厂招标会逐步启动，钼铁厂家有继续挺价迹象。从近期的钢厂招标来看，钢厂60钼铁的承兑招标价格10.4-10.6万元/吨较为常见，后期有提升空间。\n                    \n                    　　12月21日LME钼期货报价整体保持平稳，3月期钼报价25250/25750美元/吨；15月期钼报价25720/26720美元/吨，LME期钼持仓132手。今日简讯：明年贷款需求将相对旺盛，城镇化为信贷投放重点；中金：新型城镇化难以支持新一轮地产投资；意大利总理蒙蒂递交辞呈，大选或于明年2月举行。\n                    \n                    　　周初外盘钼市部分产品价格仍有上调迹象，欧洲钼铁、氧化钼等都有一定涨幅；美国市场稍显平稳，价格暂稳波动。其次，欧亚将钼氧化物进口关税从5%降至零，这有利增加外部市场对该产品的需求，降低钼铁合金的生产成本，提高外部市场行业竞争力。国内行情运行平稳，主要钼产品价格继续保持在相对高位。同时，市场部分商家报价仍有抬高迹象，加之年底逼近，后期钢厂招标或有新的改观。', '1', '钼,行情,美元', '1', 'lizhili', '2013-01-31 00:00:00', '2013-01-31 00:00:00', '0');
INSERT INTO mu_article VALUES ('126', '关于钼的一般常识', 'lizhili', '20', '　钼精矿市场：今日40-45%钼精矿主流报价1540-1570元/吨度附近，47%及以上品位1560-1580元/吨度，价格暂时持稳，行情仍有继续向上运行迹象。行情短期利好，之前部分商家场外观望，近期开始逐步参与市场。栾川某商家表示，前期矿商停产较多，贸易商多以低库存场外等待行情好转。虽然近期钼精矿价格开始有所好转，但是上调的步伐依然较慢。与成本相比，盈利空间较小。期待后期继续上行。\n                    \n                    　　钼铁市场：钼铁价格暂时保持平稳，市场主流报价10.7-11万元/吨（现款-承兑）。当前，在行情利好带动下，有商家报价呈现虚高状况，整体现款报价期间10.6-10.8万元/吨为主，承兑10.9-11.1万元/吨左右。市场需求尚无完全释放，高价成交偏少。月底部分钢厂招标会逐步启动，钼铁厂家有继续挺价迹象。从近期的钢厂招标来看，钢厂60钼铁的承兑招标价格10.4-10.6万元/吨较为常见，后期有提升空间。\n                    \n                    　　12月21日LME钼期货报价整体保持平稳，3月期钼报价25250/25750美元/吨；15月期钼报价25720/26720美元/吨，LME期钼持仓132手。今日简讯：明年贷款需求将相对旺盛，城镇化为信贷投放重点；中金：新型城镇化难以支持新一轮地产投资；意大利总理蒙蒂递交辞呈，大选或于明年2月举行。\n                    \n                    　　周初外盘钼市部分产品价格仍有上调迹象，欧洲钼铁、氧化钼等都有一定涨幅；美国市场稍显平稳，价格暂稳波动。其次，欧亚将钼氧化物进口关税从5%降至零，这有利增加外部市场对该产品的需求，降低钼铁合金的生产成本，提高外部市场行业竞争力。国内行情运行平稳，主要钼产品价格继续保持在相对高位。同时，市场部分商家报价仍有抬高迹象，加之年底逼近，后期钢厂招标或有新的改观。', '1', '钼,行情,美元', '1', 'lizhili', '2013-01-31 00:00:00', '2013-01-31 00:00:00', '0');
INSERT INTO mu_article VALUES ('127', '钼矿及其处理', 'lizhili', '20', '　钼精矿市场：今日40-45%钼精矿主流报价1540-1570元/吨度附近，47%及以上品位1560-1580元/吨度，价格暂时持稳，行情仍有继续向上运行迹象。行情短期利好，之前部分商家场外观望，近期开始逐步参与市场。栾川某商家表示，前期矿商停产较多，贸易商多以低库存场外等待行情好转。虽然近期钼精矿价格开始有所好转，但是上调的步伐依然较慢。与成本相比，盈利空间较小。期待后期继续上行。\n                    \n                    　　钼铁市场：钼铁价格暂时保持平稳，市场主流报价10.7-11万元/吨（现款-承兑）。当前，在行情利好带动下，有商家报价呈现虚高状况，整体现款报价期间10.6-10.8万元/吨为主，承兑10.9-11.1万元/吨左右。市场需求尚无完全释放，高价成交偏少。月底部分钢厂招标会逐步启动，钼铁厂家有继续挺价迹象。从近期的钢厂招标来看，钢厂60钼铁的承兑招标价格10.4-10.6万元/吨较为常见，后期有提升空间。\n                    \n                    　　12月21日LME钼期货报价整体保持平稳，3月期钼报价25250/25750美元/吨；15月期钼报价25720/26720美元/吨，LME期钼持仓132手。今日简讯：明年贷款需求将相对旺盛，城镇化为信贷投放重点；中金：新型城镇化难以支持新一轮地产投资；意大利总理蒙蒂递交辞呈，大选或于明年2月举行。\n                    \n                    　　周初外盘钼市部分产品价格仍有上调迹象，欧洲钼铁、氧化钼等都有一定涨幅；美国市场稍显平稳，价格暂稳波动。其次，欧亚将钼氧化物进口关税从5%降至零，这有利增加外部市场对该产品的需求，降低钼铁合金的生产成本，提高外部市场行业竞争力。国内行情运行平稳，主要钼产品价格继续保持在相对高位。同时，市场部分商家报价仍有抬高迹象，加之年底逼近，后期钢厂招标或有新的改观。', '1', '钼,行情,美元', '1', 'lizhili', '2013-01-31 00:00:00', '2013-01-31 00:00:00', '0');
INSERT INTO mu_article VALUES ('128', '钼及其化合物的物理化学性质', 'lizhili', '20', '　钼精矿市场：今日40-45%钼精矿主流报价1540-1570元/吨度附近，47%及以上品位1560-1580元/吨度，价格暂时持稳，行情仍有继续向上运行迹象。行情短期利好，之前部分商家场外观望，近期开始逐步参与市场。栾川某商家表示，前期矿商停产较多，贸易商多以低库存场外等待行情好转。虽然近期钼精矿价格开始有所好转，但是上调的步伐依然较慢。与成本相比，盈利空间较小。期待后期继续上行。\n                    \n                    　　钼铁市场：钼铁价格暂时保持平稳，市场主流报价10.7-11万元/吨（现款-承兑）。当前，在行情利好带动下，有商家报价呈现虚高状况，整体现款报价期间10.6-10.8万元/吨为主，承兑10.9-11.1万元/吨左右。市场需求尚无完全释放，高价成交偏少。月底部分钢厂招标会逐步启动，钼铁厂家有继续挺价迹象。从近期的钢厂招标来看，钢厂60钼铁的承兑招标价格10.4-10.6万元/吨较为常见，后期有提升空间。\n                    \n                    　　12月21日LME钼期货报价整体保持平稳，3月期钼报价25250/25750美元/吨；15月期钼报价25720/26720美元/吨，LME期钼持仓132手。今日简讯：明年贷款需求将相对旺盛，城镇化为信贷投放重点；中金：新型城镇化难以支持新一轮地产投资；意大利总理蒙蒂递交辞呈，大选或于明年2月举行。\n                    \n                    　　周初外盘钼市部分产品价格仍有上调迹象，欧洲钼铁、氧化钼等都有一定涨幅；美国市场稍显平稳，价格暂稳波动。其次，欧亚将钼氧化物进口关税从5%降至零，这有利增加外部市场对该产品的需求，降低钼铁合金的生产成本，提高外部市场行业竞争力。国内行情运行平稳，主要钼产品价格继续保持在相对高位。同时，市场部分商家报价仍有抬高迹象，加之年底逼近，后期钢厂招标或有新的改观。', '1', '钼,行情,美元', '1', 'lizhili', '2013-01-31 00:00:00', '2013-01-31 00:00:00', '1');
INSERT INTO mu_article VALUES ('129', '关于钼的一般常识', 'lizhili', '20', '　钼精矿市场：今日40-45%钼精矿主流报价1540-1570元/吨度附近，47%及以上品位1560-1580元/吨度，价格暂时持稳，行情仍有继续向上运行迹象。行情短期利好，之前部分商家场外观望，近期开始逐步参与市场。栾川某商家表示，前期矿商停产较多，贸易商多以低库存场外等待行情好转。虽然近期钼精矿价格开始有所好转，但是上调的步伐依然较慢。与成本相比，盈利空间较小。期待后期继续上行。\n                    \n                    　　钼铁市场：钼铁价格暂时保持平稳，市场主流报价10.7-11万元/吨（现款-承兑）。当前，在行情利好带动下，有商家报价呈现虚高状况，整体现款报价期间10.6-10.8万元/吨为主，承兑10.9-11.1万元/吨左右。市场需求尚无完全释放，高价成交偏少。月底部分钢厂招标会逐步启动，钼铁厂家有继续挺价迹象。从近期的钢厂招标来看，钢厂60钼铁的承兑招标价格10.4-10.6万元/吨较为常见，后期有提升空间。\n                    \n                    　　12月21日LME钼期货报价整体保持平稳，3月期钼报价25250/25750美元/吨；15月期钼报价25720/26720美元/吨，LME期钼持仓132手。今日简讯：明年贷款需求将相对旺盛，城镇化为信贷投放重点；中金：新型城镇化难以支持新一轮地产投资；意大利总理蒙蒂递交辞呈，大选或于明年2月举行。\n                    \n                    　　周初外盘钼市部分产品价格仍有上调迹象，欧洲钼铁、氧化钼等都有一定涨幅；美国市场稍显平稳，价格暂稳波动。其次，欧亚将钼氧化物进口关税从5%降至零，这有利增加外部市场对该产品的需求，降低钼铁合金的生产成本，提高外部市场行业竞争力。国内行情运行平稳，主要钼产品价格继续保持在相对高位。同时，市场部分商家报价仍有抬高迹象，加之年底逼近，后期钢厂招标或有新的改观。', '1', '钼,行情,美元', '1', 'lizhili', '2013-01-31 00:00:00', '2013-01-31 00:00:00', '0');
INSERT INTO mu_article VALUES ('130', '磨矿介质对钼精矿碳含量影响研究', 'lizhili', '20', '　钼精矿市场：今日40-45%钼精矿主流报价1540-1570元/吨度附近，47%及以上品位1560-1580元/吨度，价格暂时持稳，行情仍有继续向上运行迹象。行情短期利好，之前部分商家场外观望，近期开始逐步参与市场。栾川某商家表示，前期矿商停产较多，贸易商多以低库存场外等待行情好转。虽然近期钼精矿价格开始有所好转，但是上调的步伐依然较慢。与成本相比，盈利空间较小。期待后期继续上行。\n                    \n                    　　钼铁市场：钼铁价格暂时保持平稳，市场主流报价10.7-11万元/吨（现款-承兑）。当前，在行情利好带动下，有商家报价呈现虚高状况，整体现款报价期间10.6-10.8万元/吨为主，承兑10.9-11.1万元/吨左右。市场需求尚无完全释放，高价成交偏少。月底部分钢厂招标会逐步启动，钼铁厂家有继续挺价迹象。从近期的钢厂招标来看，钢厂60钼铁的承兑招标价格10.4-10.6万元/吨较为常见，后期有提升空间。\n                    \n                    　　12月21日LME钼期货报价整体保持平稳，3月期钼报价25250/25750美元/吨；15月期钼报价25720/26720美元/吨，LME期钼持仓132手。今日简讯：明年贷款需求将相对旺盛，城镇化为信贷投放重点；中金：新型城镇化难以支持新一轮地产投资；意大利总理蒙蒂递交辞呈，大选或于明年2月举行。\n                    \n                    　　周初外盘钼市部分产品价格仍有上调迹象，欧洲钼铁、氧化钼等都有一定涨幅；美国市场稍显平稳，价格暂稳波动。其次，欧亚将钼氧化物进口关税从5%降至零，这有利增加外部市场对该产品的需求，降低钼铁合金的生产成本，提高外部市场行业竞争力。国内行情运行平稳，主要钼产品价格继续保持在相对高位。同时，市场部分商家报价仍有抬高迹象，加之年底逼近，后期钢厂招标或有新的改观。', '1', '钼,行情,美元', '1', 'lizhili', '2013-01-31 00:00:00', '2013-01-31 00:00:00', '1');
INSERT INTO mu_article VALUES ('131', '磨矿介质对钼精矿碳含量影响研究', 'lizhili', '20', '　钼精矿市场：今日40-45%钼精矿主流报价1540-1570元/吨度附近，47%及以上品位1560-1580元/吨度，价格暂时持稳，行情仍有继续向上运行迹象。行情短期利好，之前部分商家场外观望，近期开始逐步参与市场。栾川某商家表示，前期矿商停产较多，贸易商多以低库存场外等待行情好转。虽然近期钼精矿价格开始有所好转，但是上调的步伐依然较慢。与成本相比，盈利空间较小。期待后期继续上行。\n                    \n                    　　钼铁市场：钼铁价格暂时保持平稳，市场主流报价10.7-11万元/吨（现款-承兑）。当前，在行情利好带动下，有商家报价呈现虚高状况，整体现款报价期间10.6-10.8万元/吨为主，承兑10.9-11.1万元/吨左右。市场需求尚无完全释放，高价成交偏少。月底部分钢厂招标会逐步启动，钼铁厂家有继续挺价迹象。从近期的钢厂招标来看，钢厂60钼铁的承兑招标价格10.4-10.6万元/吨较为常见，后期有提升空间。\n                    \n                    　　12月21日LME钼期货报价整体保持平稳，3月期钼报价25250/25750美元/吨；15月期钼报价25720/26720美元/吨，LME期钼持仓132手。今日简讯：明年贷款需求将相对旺盛，城镇化为信贷投放重点；中金：新型城镇化难以支持新一轮地产投资；意大利总理蒙蒂递交辞呈，大选或于明年2月举行。\n                    \n                    　　周初外盘钼市部分产品价格仍有上调迹象，欧洲钼铁、氧化钼等都有一定涨幅；美国市场稍显平稳，价格暂稳波动。其次，欧亚将钼氧化物进口关税从5%降至零，这有利增加外部市场对该产品的需求，降低钼铁合金的生产成本，提高外部市场行业竞争力。国内行情运行平稳，主要钼产品价格继续保持在相对高位。同时，市场部分商家报价仍有抬高迹象，加之年底逼近，后期钢厂招标或有新的改观。', '1', '钼,行情,美元', '1', 'lizhili', '2013-01-31 00:00:00', '2013-01-31 00:00:00', '1');
INSERT INTO mu_article VALUES ('132', '钼钨氧化矿选矿工艺', 'lizhili', '20', '　钼精矿市场：今日40-45%钼精矿主流报价1540-1570元/吨度附近，47%及以上品位1560-1580元/吨度，价格暂时持稳，行情仍有继续向上运行迹象。行情短期利好，之前部分商家场外观望，近期开始逐步参与市场。栾川某商家表示，前期矿商停产较多，贸易商多以低库存场外等待行情好转。虽然近期钼精矿价格开始有所好转，但是上调的步伐依然较慢。与成本相比，盈利空间较小。期待后期继续上行。\n                    \n                    　　钼铁市场：钼铁价格暂时保持平稳，市场主流报价10.7-11万元/吨（现款-承兑）。当前，在行情利好带动下，有商家报价呈现虚高状况，整体现款报价期间10.6-10.8万元/吨为主，承兑10.9-11.1万元/吨左右。市场需求尚无完全释放，高价成交偏少。月底部分钢厂招标会逐步启动，钼铁厂家有继续挺价迹象。从近期的钢厂招标来看，钢厂60钼铁的承兑招标价格10.4-10.6万元/吨较为常见，后期有提升空间。\n                    \n                    　　12月21日LME钼期货报价整体保持平稳，3月期钼报价25250/25750美元/吨；15月期钼报价25720/26720美元/吨，LME期钼持仓132手。今日简讯：明年贷款需求将相对旺盛，城镇化为信贷投放重点；中金：新型城镇化难以支持新一轮地产投资；意大利总理蒙蒂递交辞呈，大选或于明年2月举行。\n                    \n                    　　周初外盘钼市部分产品价格仍有上调迹象，欧洲钼铁、氧化钼等都有一定涨幅；美国市场稍显平稳，价格暂稳波动。其次，欧亚将钼氧化物进口关税从5%降至零，这有利增加外部市场对该产品的需求，降低钼铁合金的生产成本，提高外部市场行业竞争力。国内行情运行平稳，主要钼产品价格继续保持在相对高位。同时，市场部分商家报价仍有抬高迹象，加之年底逼近，后期钢厂招标或有新的改观。', '1', '钼,行情,美元', '1', 'lizhili', '2013-01-31 00:00:00', '2013-01-31 00:00:00', '1');
INSERT INTO mu_article VALUES ('133', '钼铁的牌号及其用途', 'lizhili', '20', '　钼精矿市场：今日40-45%钼精矿主流报价1540-1570元/吨度附近，47%及以上品位1560-1580元/吨度，价格暂时持稳，行情仍有继续向上运行迹象。行情短期利好，之前部分商家场外观望，近期开始逐步参与市场。栾川某商家表示，前期矿商停产较多，贸易商多以低库存场外等待行情好转。虽然近期钼精矿价格开始有所好转，但是上调的步伐依然较慢。与成本相比，盈利空间较小。期待后期继续上行。\n                    \n                    　　钼铁市场：钼铁价格暂时保持平稳，市场主流报价10.7-11万元/吨（现款-承兑）。当前，在行情利好带动下，有商家报价呈现虚高状况，整体现款报价期间10.6-10.8万元/吨为主，承兑10.9-11.1万元/吨左右。市场需求尚无完全释放，高价成交偏少。月底部分钢厂招标会逐步启动，钼铁厂家有继续挺价迹象。从近期的钢厂招标来看，钢厂60钼铁的承兑招标价格10.4-10.6万元/吨较为常见，后期有提升空间。\n                    \n                    　　12月21日LME钼期货报价整体保持平稳，3月期钼报价25250/25750美元/吨；15月期钼报价25720/26720美元/吨，LME期钼持仓132手。今日简讯：明年贷款需求将相对旺盛，城镇化为信贷投放重点；中金：新型城镇化难以支持新一轮地产投资；意大利总理蒙蒂递交辞呈，大选或于明年2月举行。\n                    \n                    　　周初外盘钼市部分产品价格仍有上调迹象，欧洲钼铁、氧化钼等都有一定涨幅；美国市场稍显平稳，价格暂稳波动。其次，欧亚将钼氧化物进口关税从5%降至零，这有利增加外部市场对该产品的需求，降低钼铁合金的生产成本，提高外部市场行业竞争力。国内行情运行平稳，主要钼产品价格继续保持在相对高位。同时，市场部分商家报价仍有抬高迹象，加之年底逼近，后期钢厂招标或有新的改观。', '1', '钼,行情,美元', '1', 'lizhili', '2013-01-31 00:00:00', '2013-01-31 00:00:00', '1');
INSERT INTO mu_article VALUES ('134', '金堆城钼业公司选矿工艺现状分析', 'lizhili', '20', '　钼精矿市场：今日40-45%钼精矿主流报价1540-1570元/吨度附近，47%及以上品位1560-1580元/吨度，价格暂时持稳，行情仍有继续向上运行迹象。行情短期利好，之前部分商家场外观望，近期开始逐步参与市场。栾川某商家表示，前期矿商停产较多，贸易商多以低库存场外等待行情好转。虽然近期钼精矿价格开始有所好转，但是上调的步伐依然较慢。与成本相比，盈利空间较小。期待后期继续上行。\n                    \n                    　　钼铁市场：钼铁价格暂时保持平稳，市场主流报价10.7-11万元/吨（现款-承兑）。当前，在行情利好带动下，有商家报价呈现虚高状况，整体现款报价期间10.6-10.8万元/吨为主，承兑10.9-11.1万元/吨左右。市场需求尚无完全释放，高价成交偏少。月底部分钢厂招标会逐步启动，钼铁厂家有继续挺价迹象。从近期的钢厂招标来看，钢厂60钼铁的承兑招标价格10.4-10.6万元/吨较为常见，后期有提升空间。\n                    \n                    　　12月21日LME钼期货报价整体保持平稳，3月期钼报价25250/25750美元/吨；15月期钼报价25720/26720美元/吨，LME期钼持仓132手。今日简讯：明年贷款需求将相对旺盛，城镇化为信贷投放重点；中金：新型城镇化难以支持新一轮地产投资；意大利总理蒙蒂递交辞呈，大选或于明年2月举行。\n                    \n                    　　周初外盘钼市部分产品价格仍有上调迹象，欧洲钼铁、氧化钼等都有一定涨幅；美国市场稍显平稳，价格暂稳波动。其次，欧亚将钼氧化物进口关税从5%降至零，这有利增加外部市场对该产品的需求，降低钼铁合金的生产成本，提高外部市场行业竞争力。国内行情运行平稳，主要钼产品价格继续保持在相对高位。同时，市场部分商家报价仍有抬高迹象，加之年底逼近，后期钢厂招标或有新的改观。', '1', '钼,行情,美元', '1', 'lizhili', '2013-01-31 00:00:00', '2013-01-31 00:00:00', '0');
INSERT INTO mu_article VALUES ('135', '磨矿介质对钼精矿碳含量影响研究', 'lizhili', '20', '　钼精矿市场：今日40-45%钼精矿主流报价1540-1570元/吨度附近，47%及以上品位1560-1580元/吨度，价格暂时持稳，行情仍有继续向上运行迹象。行情短期利好，之前部分商家场外观望，近期开始逐步参与市场。栾川某商家表示，前期矿商停产较多，贸易商多以低库存场外等待行情好转。虽然近期钼精矿价格开始有所好转，但是上调的步伐依然较慢。与成本相比，盈利空间较小。期待后期继续上行。\n                    \n                    　　钼铁市场：钼铁价格暂时保持平稳，市场主流报价10.7-11万元/吨（现款-承兑）。当前，在行情利好带动下，有商家报价呈现虚高状况，整体现款报价期间10.6-10.8万元/吨为主，承兑10.9-11.1万元/吨左右。市场需求尚无完全释放，高价成交偏少。月底部分钢厂招标会逐步启动，钼铁厂家有继续挺价迹象。从近期的钢厂招标来看，钢厂60钼铁的承兑招标价格10.4-10.6万元/吨较为常见，后期有提升空间。\n                    \n                    　　12月21日LME钼期货报价整体保持平稳，3月期钼报价25250/25750美元/吨；15月期钼报价25720/26720美元/吨，LME期钼持仓132手。今日简讯：明年贷款需求将相对旺盛，城镇化为信贷投放重点；中金：新型城镇化难以支持新一轮地产投资；意大利总理蒙蒂递交辞呈，大选或于明年2月举行。\n                    \n                    　　周初外盘钼市部分产品价格仍有上调迹象，欧洲钼铁、氧化钼等都有一定涨幅；美国市场稍显平稳，价格暂稳波动。其次，欧亚将钼氧化物进口关税从5%降至零，这有利增加外部市场对该产品的需求，降低钼铁合金的生产成本，提高外部市场行业竞争力。国内行情运行平稳，主要钼产品价格继续保持在相对高位。同时，市场部分商家报价仍有抬高迹象，加之年底逼近，后期钢厂招标或有新的改观。', '1', '钼,行情,美元', '1', 'lizhili', '2013-01-31 00:00:00', '2013-01-31 00:00:00', '1');
INSERT INTO mu_article VALUES ('136', '金堆城钼业公司选矿工艺现状分析', 'lizhili', '20', '　钼精矿市场：今日40-45%钼精矿主流报价1540-1570元/吨度附近，47%及以上品位1560-1580元/吨度，价格暂时持稳，行情仍有继续向上运行迹象。行情短期利好，之前部分商家场外观望，近期开始逐步参与市场。栾川某商家表示，前期矿商停产较多，贸易商多以低库存场外等待行情好转。虽然近期钼精矿价格开始有所好转，但是上调的步伐依然较慢。与成本相比，盈利空间较小。期待后期继续上行。\n                    \n                    　　钼铁市场：钼铁价格暂时保持平稳，市场主流报价10.7-11万元/吨（现款-承兑）。当前，在行情利好带动下，有商家报价呈现虚高状况，整体现款报价期间10.6-10.8万元/吨为主，承兑10.9-11.1万元/吨左右。市场需求尚无完全释放，高价成交偏少。月底部分钢厂招标会逐步启动，钼铁厂家有继续挺价迹象。从近期的钢厂招标来看，钢厂60钼铁的承兑招标价格10.4-10.6万元/吨较为常见，后期有提升空间。\n                    \n                    　　12月21日LME钼期货报价整体保持平稳，3月期钼报价25250/25750美元/吨；15月期钼报价25720/26720美元/吨，LME期钼持仓132手。今日简讯：明年贷款需求将相对旺盛，城镇化为信贷投放重点；中金：新型城镇化难以支持新一轮地产投资；意大利总理蒙蒂递交辞呈，大选或于明年2月举行。\n                    \n                    　　周初外盘钼市部分产品价格仍有上调迹象，欧洲钼铁、氧化钼等都有一定涨幅；美国市场稍显平稳，价格暂稳波动。其次，欧亚将钼氧化物进口关税从5%降至零，这有利增加外部市场对该产品的需求，降低钼铁合金的生产成本，提高外部市场行业竞争力。国内行情运行平稳，主要钼产品价格继续保持在相对高位。同时，市场部分商家报价仍有抬高迹象，加之年底逼近，后期钢厂招标或有新的改观。', '1', '钼,行情,美元', '1', 'lizhili', '2013-01-31 00:00:00', '2013-01-31 00:00:00', '0');
INSERT INTO mu_article VALUES ('137', '关于钼的一般常识', 'lizhili', '20', '　钼精矿市场：今日40-45%钼精矿主流报价1540-1570元/吨度附近，47%及以上品位1560-1580元/吨度，价格暂时持稳，行情仍有继续向上运行迹象。行情短期利好，之前部分商家场外观望，近期开始逐步参与市场。栾川某商家表示，前期矿商停产较多，贸易商多以低库存场外等待行情好转。虽然近期钼精矿价格开始有所好转，但是上调的步伐依然较慢。与成本相比，盈利空间较小。期待后期继续上行。\n                    \n                    　　钼铁市场：钼铁价格暂时保持平稳，市场主流报价10.7-11万元/吨（现款-承兑）。当前，在行情利好带动下，有商家报价呈现虚高状况，整体现款报价期间10.6-10.8万元/吨为主，承兑10.9-11.1万元/吨左右。市场需求尚无完全释放，高价成交偏少。月底部分钢厂招标会逐步启动，钼铁厂家有继续挺价迹象。从近期的钢厂招标来看，钢厂60钼铁的承兑招标价格10.4-10.6万元/吨较为常见，后期有提升空间。\n                    \n                    　　12月21日LME钼期货报价整体保持平稳，3月期钼报价25250/25750美元/吨；15月期钼报价25720/26720美元/吨，LME期钼持仓132手。今日简讯：明年贷款需求将相对旺盛，城镇化为信贷投放重点；中金：新型城镇化难以支持新一轮地产投资；意大利总理蒙蒂递交辞呈，大选或于明年2月举行。\n                    \n                    　　周初外盘钼市部分产品价格仍有上调迹象，欧洲钼铁、氧化钼等都有一定涨幅；美国市场稍显平稳，价格暂稳波动。其次，欧亚将钼氧化物进口关税从5%降至零，这有利增加外部市场对该产品的需求，降低钼铁合金的生产成本，提高外部市场行业竞争力。国内行情运行平稳，主要钼产品价格继续保持在相对高位。同时，市场部分商家报价仍有抬高迹象，加之年底逼近，后期钢厂招标或有新的改观。', '1', '钼,行情,美元', '1', 'lizhili', '2013-01-31 00:00:00', '2013-01-31 00:00:00', '0');
INSERT INTO mu_article VALUES ('138', '关于钼的一般常识', 'lizhili', '20', '　钼精矿市场：今日40-45%钼精矿主流报价1540-1570元/吨度附近，47%及以上品位1560-1580元/吨度，价格暂时持稳，行情仍有继续向上运行迹象。行情短期利好，之前部分商家场外观望，近期开始逐步参与市场。栾川某商家表示，前期矿商停产较多，贸易商多以低库存场外等待行情好转。虽然近期钼精矿价格开始有所好转，但是上调的步伐依然较慢。与成本相比，盈利空间较小。期待后期继续上行。\n                    \n                    　　钼铁市场：钼铁价格暂时保持平稳，市场主流报价10.7-11万元/吨（现款-承兑）。当前，在行情利好带动下，有商家报价呈现虚高状况，整体现款报价期间10.6-10.8万元/吨为主，承兑10.9-11.1万元/吨左右。市场需求尚无完全释放，高价成交偏少。月底部分钢厂招标会逐步启动，钼铁厂家有继续挺价迹象。从近期的钢厂招标来看，钢厂60钼铁的承兑招标价格10.4-10.6万元/吨较为常见，后期有提升空间。\n                    \n                    　　12月21日LME钼期货报价整体保持平稳，3月期钼报价25250/25750美元/吨；15月期钼报价25720/26720美元/吨，LME期钼持仓132手。今日简讯：明年贷款需求将相对旺盛，城镇化为信贷投放重点；中金：新型城镇化难以支持新一轮地产投资；意大利总理蒙蒂递交辞呈，大选或于明年2月举行。\n                    \n                    　　周初外盘钼市部分产品价格仍有上调迹象，欧洲钼铁、氧化钼等都有一定涨幅；美国市场稍显平稳，价格暂稳波动。其次，欧亚将钼氧化物进口关税从5%降至零，这有利增加外部市场对该产品的需求，降低钼铁合金的生产成本，提高外部市场行业竞争力。国内行情运行平稳，主要钼产品价格继续保持在相对高位。同时，市场部分商家报价仍有抬高迹象，加之年底逼近，后期钢厂招标或有新的改观。', '1', '钼,行情,美元', '1', 'lizhili', '2013-01-31 00:00:00', '2013-01-31 00:00:00', '1');
INSERT INTO mu_article VALUES ('139', '钼铁的冶炼', 'lizhili', '20', '　钼精矿市场：今日40-45%钼精矿主流报价1540-1570元/吨度附近，47%及以上品位1560-1580元/吨度，价格暂时持稳，行情仍有继续向上运行迹象。行情短期利好，之前部分商家场外观望，近期开始逐步参与市场。栾川某商家表示，前期矿商停产较多，贸易商多以低库存场外等待行情好转。虽然近期钼精矿价格开始有所好转，但是上调的步伐依然较慢。与成本相比，盈利空间较小。期待后期继续上行。\n                    \n                    　　钼铁市场：钼铁价格暂时保持平稳，市场主流报价10.7-11万元/吨（现款-承兑）。当前，在行情利好带动下，有商家报价呈现虚高状况，整体现款报价期间10.6-10.8万元/吨为主，承兑10.9-11.1万元/吨左右。市场需求尚无完全释放，高价成交偏少。月底部分钢厂招标会逐步启动，钼铁厂家有继续挺价迹象。从近期的钢厂招标来看，钢厂60钼铁的承兑招标价格10.4-10.6万元/吨较为常见，后期有提升空间。\n                    \n                    　　12月21日LME钼期货报价整体保持平稳，3月期钼报价25250/25750美元/吨；15月期钼报价25720/26720美元/吨，LME期钼持仓132手。今日简讯：明年贷款需求将相对旺盛，城镇化为信贷投放重点；中金：新型城镇化难以支持新一轮地产投资；意大利总理蒙蒂递交辞呈，大选或于明年2月举行。\n                    \n                    　　周初外盘钼市部分产品价格仍有上调迹象，欧洲钼铁、氧化钼等都有一定涨幅；美国市场稍显平稳，价格暂稳波动。其次，欧亚将钼氧化物进口关税从5%降至零，这有利增加外部市场对该产品的需求，降低钼铁合金的生产成本，提高外部市场行业竞争力。国内行情运行平稳，主要钼产品价格继续保持在相对高位。同时，市场部分商家报价仍有抬高迹象，加之年底逼近，后期钢厂招标或有新的改观。', '1', '钼,行情,美元', '1', 'lizhili', '2013-01-31 00:00:00', '2013-01-31 00:00:00', '0');
INSERT INTO mu_article VALUES ('140', '钼铁的冶炼', 'lizhili', '20', '　钼精矿市场：今日40-45%钼精矿主流报价1540-1570元/吨度附近，47%及以上品位1560-1580元/吨度，价格暂时持稳，行情仍有继续向上运行迹象。行情短期利好，之前部分商家场外观望，近期开始逐步参与市场。栾川某商家表示，前期矿商停产较多，贸易商多以低库存场外等待行情好转。虽然近期钼精矿价格开始有所好转，但是上调的步伐依然较慢。与成本相比，盈利空间较小。期待后期继续上行。\n                    \n                    　　钼铁市场：钼铁价格暂时保持平稳，市场主流报价10.7-11万元/吨（现款-承兑）。当前，在行情利好带动下，有商家报价呈现虚高状况，整体现款报价期间10.6-10.8万元/吨为主，承兑10.9-11.1万元/吨左右。市场需求尚无完全释放，高价成交偏少。月底部分钢厂招标会逐步启动，钼铁厂家有继续挺价迹象。从近期的钢厂招标来看，钢厂60钼铁的承兑招标价格10.4-10.6万元/吨较为常见，后期有提升空间。\n                    \n                    　　12月21日LME钼期货报价整体保持平稳，3月期钼报价25250/25750美元/吨；15月期钼报价25720/26720美元/吨，LME期钼持仓132手。今日简讯：明年贷款需求将相对旺盛，城镇化为信贷投放重点；中金：新型城镇化难以支持新一轮地产投资；意大利总理蒙蒂递交辞呈，大选或于明年2月举行。\n                    \n                    　　周初外盘钼市部分产品价格仍有上调迹象，欧洲钼铁、氧化钼等都有一定涨幅；美国市场稍显平稳，价格暂稳波动。其次，欧亚将钼氧化物进口关税从5%降至零，这有利增加外部市场对该产品的需求，降低钼铁合金的生产成本，提高外部市场行业竞争力。国内行情运行平稳，主要钼产品价格继续保持在相对高位。同时，市场部分商家报价仍有抬高迹象，加之年底逼近，后期钢厂招标或有新的改观。', '1', '钼,行情,美元', '1', 'lizhili', '2013-01-31 00:00:00', '2013-01-31 00:00:00', '0');
INSERT INTO mu_article VALUES ('141', '钼及其化合物的物理化学性质', 'lizhili', '20', '　钼精矿市场：今日40-45%钼精矿主流报价1540-1570元/吨度附近，47%及以上品位1560-1580元/吨度，价格暂时持稳，行情仍有继续向上运行迹象。行情短期利好，之前部分商家场外观望，近期开始逐步参与市场。栾川某商家表示，前期矿商停产较多，贸易商多以低库存场外等待行情好转。虽然近期钼精矿价格开始有所好转，但是上调的步伐依然较慢。与成本相比，盈利空间较小。期待后期继续上行。\n                    \n                    　　钼铁市场：钼铁价格暂时保持平稳，市场主流报价10.7-11万元/吨（现款-承兑）。当前，在行情利好带动下，有商家报价呈现虚高状况，整体现款报价期间10.6-10.8万元/吨为主，承兑10.9-11.1万元/吨左右。市场需求尚无完全释放，高价成交偏少。月底部分钢厂招标会逐步启动，钼铁厂家有继续挺价迹象。从近期的钢厂招标来看，钢厂60钼铁的承兑招标价格10.4-10.6万元/吨较为常见，后期有提升空间。\n                    \n                    　　12月21日LME钼期货报价整体保持平稳，3月期钼报价25250/25750美元/吨；15月期钼报价25720/26720美元/吨，LME期钼持仓132手。今日简讯：明年贷款需求将相对旺盛，城镇化为信贷投放重点；中金：新型城镇化难以支持新一轮地产投资；意大利总理蒙蒂递交辞呈，大选或于明年2月举行。\n                    \n                    　　周初外盘钼市部分产品价格仍有上调迹象，欧洲钼铁、氧化钼等都有一定涨幅；美国市场稍显平稳，价格暂稳波动。其次，欧亚将钼氧化物进口关税从5%降至零，这有利增加外部市场对该产品的需求，降低钼铁合金的生产成本，提高外部市场行业竞争力。国内行情运行平稳，主要钼产品价格继续保持在相对高位。同时，市场部分商家报价仍有抬高迹象，加之年底逼近，后期钢厂招标或有新的改观。', '1', '钼,行情,美元', '1', 'lizhili', '2013-01-31 00:00:00', '2013-01-31 00:00:00', '0');
INSERT INTO mu_article VALUES ('142', '磨矿介质对钼精矿碳含量影响研究', 'lizhili', '20', '　钼精矿市场：今日40-45%钼精矿主流报价1540-1570元/吨度附近，47%及以上品位1560-1580元/吨度，价格暂时持稳，行情仍有继续向上运行迹象。行情短期利好，之前部分商家场外观望，近期开始逐步参与市场。栾川某商家表示，前期矿商停产较多，贸易商多以低库存场外等待行情好转。虽然近期钼精矿价格开始有所好转，但是上调的步伐依然较慢。与成本相比，盈利空间较小。期待后期继续上行。\n                    \n                    　　钼铁市场：钼铁价格暂时保持平稳，市场主流报价10.7-11万元/吨（现款-承兑）。当前，在行情利好带动下，有商家报价呈现虚高状况，整体现款报价期间10.6-10.8万元/吨为主，承兑10.9-11.1万元/吨左右。市场需求尚无完全释放，高价成交偏少。月底部分钢厂招标会逐步启动，钼铁厂家有继续挺价迹象。从近期的钢厂招标来看，钢厂60钼铁的承兑招标价格10.4-10.6万元/吨较为常见，后期有提升空间。\n                    \n                    　　12月21日LME钼期货报价整体保持平稳，3月期钼报价25250/25750美元/吨；15月期钼报价25720/26720美元/吨，LME期钼持仓132手。今日简讯：明年贷款需求将相对旺盛，城镇化为信贷投放重点；中金：新型城镇化难以支持新一轮地产投资；意大利总理蒙蒂递交辞呈，大选或于明年2月举行。\n                    \n                    　　周初外盘钼市部分产品价格仍有上调迹象，欧洲钼铁、氧化钼等都有一定涨幅；美国市场稍显平稳，价格暂稳波动。其次，欧亚将钼氧化物进口关税从5%降至零，这有利增加外部市场对该产品的需求，降低钼铁合金的生产成本，提高外部市场行业竞争力。国内行情运行平稳，主要钼产品价格继续保持在相对高位。同时，市场部分商家报价仍有抬高迹象，加之年底逼近，后期钢厂招标或有新的改观。', '1', '钼,行情,美元', '1', 'lizhili', '2013-01-31 00:00:00', '2013-01-31 00:00:00', '1');
INSERT INTO mu_article VALUES ('143', '钼矿及其处理', 'lizhili', '20', '　钼精矿市场：今日40-45%钼精矿主流报价1540-1570元/吨度附近，47%及以上品位1560-1580元/吨度，价格暂时持稳，行情仍有继续向上运行迹象。行情短期利好，之前部分商家场外观望，近期开始逐步参与市场。栾川某商家表示，前期矿商停产较多，贸易商多以低库存场外等待行情好转。虽然近期钼精矿价格开始有所好转，但是上调的步伐依然较慢。与成本相比，盈利空间较小。期待后期继续上行。\n                    \n                    　　钼铁市场：钼铁价格暂时保持平稳，市场主流报价10.7-11万元/吨（现款-承兑）。当前，在行情利好带动下，有商家报价呈现虚高状况，整体现款报价期间10.6-10.8万元/吨为主，承兑10.9-11.1万元/吨左右。市场需求尚无完全释放，高价成交偏少。月底部分钢厂招标会逐步启动，钼铁厂家有继续挺价迹象。从近期的钢厂招标来看，钢厂60钼铁的承兑招标价格10.4-10.6万元/吨较为常见，后期有提升空间。\n                    \n                    　　12月21日LME钼期货报价整体保持平稳，3月期钼报价25250/25750美元/吨；15月期钼报价25720/26720美元/吨，LME期钼持仓132手。今日简讯：明年贷款需求将相对旺盛，城镇化为信贷投放重点；中金：新型城镇化难以支持新一轮地产投资；意大利总理蒙蒂递交辞呈，大选或于明年2月举行。\n                    \n                    　　周初外盘钼市部分产品价格仍有上调迹象，欧洲钼铁、氧化钼等都有一定涨幅；美国市场稍显平稳，价格暂稳波动。其次，欧亚将钼氧化物进口关税从5%降至零，这有利增加外部市场对该产品的需求，降低钼铁合金的生产成本，提高外部市场行业竞争力。国内行情运行平稳，主要钼产品价格继续保持在相对高位。同时，市场部分商家报价仍有抬高迹象，加之年底逼近，后期钢厂招标或有新的改观。', '1', '钼,行情,美元', '1', 'lizhili', '2013-01-31 00:00:00', '2013-01-31 00:00:00', '1');
INSERT INTO mu_article VALUES ('144', '金堆城钼业公司选矿工艺现状分析', 'lizhili', '20', '　钼精矿市场：今日40-45%钼精矿主流报价1540-1570元/吨度附近，47%及以上品位1560-1580元/吨度，价格暂时持稳，行情仍有继续向上运行迹象。行情短期利好，之前部分商家场外观望，近期开始逐步参与市场。栾川某商家表示，前期矿商停产较多，贸易商多以低库存场外等待行情好转。虽然近期钼精矿价格开始有所好转，但是上调的步伐依然较慢。与成本相比，盈利空间较小。期待后期继续上行。\n                    \n                    　　钼铁市场：钼铁价格暂时保持平稳，市场主流报价10.7-11万元/吨（现款-承兑）。当前，在行情利好带动下，有商家报价呈现虚高状况，整体现款报价期间10.6-10.8万元/吨为主，承兑10.9-11.1万元/吨左右。市场需求尚无完全释放，高价成交偏少。月底部分钢厂招标会逐步启动，钼铁厂家有继续挺价迹象。从近期的钢厂招标来看，钢厂60钼铁的承兑招标价格10.4-10.6万元/吨较为常见，后期有提升空间。\n                    \n                    　　12月21日LME钼期货报价整体保持平稳，3月期钼报价25250/25750美元/吨；15月期钼报价25720/26720美元/吨，LME期钼持仓132手。今日简讯：明年贷款需求将相对旺盛，城镇化为信贷投放重点；中金：新型城镇化难以支持新一轮地产投资；意大利总理蒙蒂递交辞呈，大选或于明年2月举行。\n                    \n                    　　周初外盘钼市部分产品价格仍有上调迹象，欧洲钼铁、氧化钼等都有一定涨幅；美国市场稍显平稳，价格暂稳波动。其次，欧亚将钼氧化物进口关税从5%降至零，这有利增加外部市场对该产品的需求，降低钼铁合金的生产成本，提高外部市场行业竞争力。国内行情运行平稳，主要钼产品价格继续保持在相对高位。同时，市场部分商家报价仍有抬高迹象，加之年底逼近，后期钢厂招标或有新的改观。', '1', '钼,行情,美元', '1', 'lizhili', '2013-01-31 00:00:00', '2013-01-31 00:00:00', '1');
INSERT INTO mu_article VALUES ('145', '钼铁的牌号及其用途', 'lizhili', '20', '　钼精矿市场：今日40-45%钼精矿主流报价1540-1570元/吨度附近，47%及以上品位1560-1580元/吨度，价格暂时持稳，行情仍有继续向上运行迹象。行情短期利好，之前部分商家场外观望，近期开始逐步参与市场。栾川某商家表示，前期矿商停产较多，贸易商多以低库存场外等待行情好转。虽然近期钼精矿价格开始有所好转，但是上调的步伐依然较慢。与成本相比，盈利空间较小。期待后期继续上行。\n                    \n                    　　钼铁市场：钼铁价格暂时保持平稳，市场主流报价10.7-11万元/吨（现款-承兑）。当前，在行情利好带动下，有商家报价呈现虚高状况，整体现款报价期间10.6-10.8万元/吨为主，承兑10.9-11.1万元/吨左右。市场需求尚无完全释放，高价成交偏少。月底部分钢厂招标会逐步启动，钼铁厂家有继续挺价迹象。从近期的钢厂招标来看，钢厂60钼铁的承兑招标价格10.4-10.6万元/吨较为常见，后期有提升空间。\n                    \n                    　　12月21日LME钼期货报价整体保持平稳，3月期钼报价25250/25750美元/吨；15月期钼报价25720/26720美元/吨，LME期钼持仓132手。今日简讯：明年贷款需求将相对旺盛，城镇化为信贷投放重点；中金：新型城镇化难以支持新一轮地产投资；意大利总理蒙蒂递交辞呈，大选或于明年2月举行。\n                    \n                    　　周初外盘钼市部分产品价格仍有上调迹象，欧洲钼铁、氧化钼等都有一定涨幅；美国市场稍显平稳，价格暂稳波动。其次，欧亚将钼氧化物进口关税从5%降至零，这有利增加外部市场对该产品的需求，降低钼铁合金的生产成本，提高外部市场行业竞争力。国内行情运行平稳，主要钼产品价格继续保持在相对高位。同时，市场部分商家报价仍有抬高迹象，加之年底逼近，后期钢厂招标或有新的改观。', '1', '钼,行情,美元', '1', 'lizhili', '2013-01-31 00:00:00', '2013-01-31 00:00:00', '1');
INSERT INTO mu_article VALUES ('146', '钼铁的牌号及其用途', 'lizhili', '20', '　钼精矿市场：今日40-45%钼精矿主流报价1540-1570元/吨度附近，47%及以上品位1560-1580元/吨度，价格暂时持稳，行情仍有继续向上运行迹象。行情短期利好，之前部分商家场外观望，近期开始逐步参与市场。栾川某商家表示，前期矿商停产较多，贸易商多以低库存场外等待行情好转。虽然近期钼精矿价格开始有所好转，但是上调的步伐依然较慢。与成本相比，盈利空间较小。期待后期继续上行。\n                    \n                    　　钼铁市场：钼铁价格暂时保持平稳，市场主流报价10.7-11万元/吨（现款-承兑）。当前，在行情利好带动下，有商家报价呈现虚高状况，整体现款报价期间10.6-10.8万元/吨为主，承兑10.9-11.1万元/吨左右。市场需求尚无完全释放，高价成交偏少。月底部分钢厂招标会逐步启动，钼铁厂家有继续挺价迹象。从近期的钢厂招标来看，钢厂60钼铁的承兑招标价格10.4-10.6万元/吨较为常见，后期有提升空间。\n                    \n                    　　12月21日LME钼期货报价整体保持平稳，3月期钼报价25250/25750美元/吨；15月期钼报价25720/26720美元/吨，LME期钼持仓132手。今日简讯：明年贷款需求将相对旺盛，城镇化为信贷投放重点；中金：新型城镇化难以支持新一轮地产投资；意大利总理蒙蒂递交辞呈，大选或于明年2月举行。\n                    \n                    　　周初外盘钼市部分产品价格仍有上调迹象，欧洲钼铁、氧化钼等都有一定涨幅；美国市场稍显平稳，价格暂稳波动。其次，欧亚将钼氧化物进口关税从5%降至零，这有利增加外部市场对该产品的需求，降低钼铁合金的生产成本，提高外部市场行业竞争力。国内行情运行平稳，主要钼产品价格继续保持在相对高位。同时，市场部分商家报价仍有抬高迹象，加之年底逼近，后期钢厂招标或有新的改观。', '1', '钼,行情,美元', '1', 'lizhili', '2013-01-31 00:00:00', '2013-01-31 00:00:00', '0');
INSERT INTO mu_article VALUES ('147', '磨矿介质对钼精矿碳含量影响研究', 'lizhili', '20', '　钼精矿市场：今日40-45%钼精矿主流报价1540-1570元/吨度附近，47%及以上品位1560-1580元/吨度，价格暂时持稳，行情仍有继续向上运行迹象。行情短期利好，之前部分商家场外观望，近期开始逐步参与市场。栾川某商家表示，前期矿商停产较多，贸易商多以低库存场外等待行情好转。虽然近期钼精矿价格开始有所好转，但是上调的步伐依然较慢。与成本相比，盈利空间较小。期待后期继续上行。\n                    \n                    　　钼铁市场：钼铁价格暂时保持平稳，市场主流报价10.7-11万元/吨（现款-承兑）。当前，在行情利好带动下，有商家报价呈现虚高状况，整体现款报价期间10.6-10.8万元/吨为主，承兑10.9-11.1万元/吨左右。市场需求尚无完全释放，高价成交偏少。月底部分钢厂招标会逐步启动，钼铁厂家有继续挺价迹象。从近期的钢厂招标来看，钢厂60钼铁的承兑招标价格10.4-10.6万元/吨较为常见，后期有提升空间。\n                    \n                    　　12月21日LME钼期货报价整体保持平稳，3月期钼报价25250/25750美元/吨；15月期钼报价25720/26720美元/吨，LME期钼持仓132手。今日简讯：明年贷款需求将相对旺盛，城镇化为信贷投放重点；中金：新型城镇化难以支持新一轮地产投资；意大利总理蒙蒂递交辞呈，大选或于明年2月举行。\n                    \n                    　　周初外盘钼市部分产品价格仍有上调迹象，欧洲钼铁、氧化钼等都有一定涨幅；美国市场稍显平稳，价格暂稳波动。其次，欧亚将钼氧化物进口关税从5%降至零，这有利增加外部市场对该产品的需求，降低钼铁合金的生产成本，提高外部市场行业竞争力。国内行情运行平稳，主要钼产品价格继续保持在相对高位。同时，市场部分商家报价仍有抬高迹象，加之年底逼近，后期钢厂招标或有新的改观。', '1', '钼,行情,美元', '1', 'lizhili', '2013-01-31 00:00:00', '2013-01-31 00:00:00', '1');
INSERT INTO mu_article VALUES ('148', '钼矿及其处理', 'lizhili', '20', '　钼精矿市场：今日40-45%钼精矿主流报价1540-1570元/吨度附近，47%及以上品位1560-1580元/吨度，价格暂时持稳，行情仍有继续向上运行迹象。行情短期利好，之前部分商家场外观望，近期开始逐步参与市场。栾川某商家表示，前期矿商停产较多，贸易商多以低库存场外等待行情好转。虽然近期钼精矿价格开始有所好转，但是上调的步伐依然较慢。与成本相比，盈利空间较小。期待后期继续上行。\n                    \n                    　　钼铁市场：钼铁价格暂时保持平稳，市场主流报价10.7-11万元/吨（现款-承兑）。当前，在行情利好带动下，有商家报价呈现虚高状况，整体现款报价期间10.6-10.8万元/吨为主，承兑10.9-11.1万元/吨左右。市场需求尚无完全释放，高价成交偏少。月底部分钢厂招标会逐步启动，钼铁厂家有继续挺价迹象。从近期的钢厂招标来看，钢厂60钼铁的承兑招标价格10.4-10.6万元/吨较为常见，后期有提升空间。\n                    \n                    　　12月21日LME钼期货报价整体保持平稳，3月期钼报价25250/25750美元/吨；15月期钼报价25720/26720美元/吨，LME期钼持仓132手。今日简讯：明年贷款需求将相对旺盛，城镇化为信贷投放重点；中金：新型城镇化难以支持新一轮地产投资；意大利总理蒙蒂递交辞呈，大选或于明年2月举行。\n                    \n                    　　周初外盘钼市部分产品价格仍有上调迹象，欧洲钼铁、氧化钼等都有一定涨幅；美国市场稍显平稳，价格暂稳波动。其次，欧亚将钼氧化物进口关税从5%降至零，这有利增加外部市场对该产品的需求，降低钼铁合金的生产成本，提高外部市场行业竞争力。国内行情运行平稳，主要钼产品价格继续保持在相对高位。同时，市场部分商家报价仍有抬高迹象，加之年底逼近，后期钢厂招标或有新的改观。', '1', '钼,行情,美元', '1', 'lizhili', '2013-01-31 00:00:00', '2013-01-31 00:00:00', '1');
INSERT INTO mu_article VALUES ('149', '钼铁的冶炼', 'lizhili', '20', '　钼精矿市场：今日40-45%钼精矿主流报价1540-1570元/吨度附近，47%及以上品位1560-1580元/吨度，价格暂时持稳，行情仍有继续向上运行迹象。行情短期利好，之前部分商家场外观望，近期开始逐步参与市场。栾川某商家表示，前期矿商停产较多，贸易商多以低库存场外等待行情好转。虽然近期钼精矿价格开始有所好转，但是上调的步伐依然较慢。与成本相比，盈利空间较小。期待后期继续上行。\n                    \n                    　　钼铁市场：钼铁价格暂时保持平稳，市场主流报价10.7-11万元/吨（现款-承兑）。当前，在行情利好带动下，有商家报价呈现虚高状况，整体现款报价期间10.6-10.8万元/吨为主，承兑10.9-11.1万元/吨左右。市场需求尚无完全释放，高价成交偏少。月底部分钢厂招标会逐步启动，钼铁厂家有继续挺价迹象。从近期的钢厂招标来看，钢厂60钼铁的承兑招标价格10.4-10.6万元/吨较为常见，后期有提升空间。\n                    \n                    　　12月21日LME钼期货报价整体保持平稳，3月期钼报价25250/25750美元/吨；15月期钼报价25720/26720美元/吨，LME期钼持仓132手。今日简讯：明年贷款需求将相对旺盛，城镇化为信贷投放重点；中金：新型城镇化难以支持新一轮地产投资；意大利总理蒙蒂递交辞呈，大选或于明年2月举行。\n                    \n                    　　周初外盘钼市部分产品价格仍有上调迹象，欧洲钼铁、氧化钼等都有一定涨幅；美国市场稍显平稳，价格暂稳波动。其次，欧亚将钼氧化物进口关税从5%降至零，这有利增加外部市场对该产品的需求，降低钼铁合金的生产成本，提高外部市场行业竞争力。国内行情运行平稳，主要钼产品价格继续保持在相对高位。同时，市场部分商家报价仍有抬高迹象，加之年底逼近，后期钢厂招标或有新的改观。', '1', '钼,行情,美元', '1', 'lizhili', '2013-01-31 00:00:00', '2013-01-31 00:00:00', '0');
INSERT INTO mu_article VALUES ('150', '钼钨氧化矿选矿工艺', 'lizhili', '20', '　钼精矿市场：今日40-45%钼精矿主流报价1540-1570元/吨度附近，47%及以上品位1560-1580元/吨度，价格暂时持稳，行情仍有继续向上运行迹象。行情短期利好，之前部分商家场外观望，近期开始逐步参与市场。栾川某商家表示，前期矿商停产较多，贸易商多以低库存场外等待行情好转。虽然近期钼精矿价格开始有所好转，但是上调的步伐依然较慢。与成本相比，盈利空间较小。期待后期继续上行。\n                    \n                    　　钼铁市场：钼铁价格暂时保持平稳，市场主流报价10.7-11万元/吨（现款-承兑）。当前，在行情利好带动下，有商家报价呈现虚高状况，整体现款报价期间10.6-10.8万元/吨为主，承兑10.9-11.1万元/吨左右。市场需求尚无完全释放，高价成交偏少。月底部分钢厂招标会逐步启动，钼铁厂家有继续挺价迹象。从近期的钢厂招标来看，钢厂60钼铁的承兑招标价格10.4-10.6万元/吨较为常见，后期有提升空间。\n                    \n                    　　12月21日LME钼期货报价整体保持平稳，3月期钼报价25250/25750美元/吨；15月期钼报价25720/26720美元/吨，LME期钼持仓132手。今日简讯：明年贷款需求将相对旺盛，城镇化为信贷投放重点；中金：新型城镇化难以支持新一轮地产投资；意大利总理蒙蒂递交辞呈，大选或于明年2月举行。\n                    \n                    　　周初外盘钼市部分产品价格仍有上调迹象，欧洲钼铁、氧化钼等都有一定涨幅；美国市场稍显平稳，价格暂稳波动。其次，欧亚将钼氧化物进口关税从5%降至零，这有利增加外部市场对该产品的需求，降低钼铁合金的生产成本，提高外部市场行业竞争力。国内行情运行平稳，主要钼产品价格继续保持在相对高位。同时，市场部分商家报价仍有抬高迹象，加之年底逼近，后期钢厂招标或有新的改观。', '1', '钼,行情,美元', '1', 'lizhili', '2013-01-31 00:00:00', '2013-01-31 00:00:00', '0');
INSERT INTO mu_article VALUES ('151', '  钼股份荣获“陕西省质量信用等级A级企业”称', 'lizhili', '17', '中新网1月30日电 随着春节逐渐临近，每年唯一的烟花爆竹销售燃放季即将开始，这对原本已经屡屡爆表的空气质量无异于雪上加霜。根据媒体报道，2012年除夕夜北京PM2.5数据在短短几小时内暴增80倍，市民开始对是否燃放烟花爆竹进行反思，相对应的，却是节能减排相应政策法规对烟花爆竹燃放监管的缺失。\n\n                   北京雾霾又来侵袭，多日不见阳光，空气中弥散着烟灰的味道，看不见摸不着的PM2.5让人心生恐慌，新一轮口罩采购潮涌起。上一次雾霾的消散基本靠“吹”，而本轮还只能依靠冷空气吗？\n\n                   北京2013年春节烟花爆竹将于2月5日也就是腊月二十五正式开卖，现在烟花鞭炮公司已经开始向各个销售网点配送烟花。10天后，大量烟花爆竹将在城市、乡村的各个角落中升腾、炸响。已经不堪重负的北京空气恐将愈加不堪。', '1', '钼', '1', 'lizhili', '2013-01-31 00:00:00', '2013-01-31 00:00:00', '1');
INSERT INTO mu_article VALUES ('152', '  近期钢厂钼铁招标汇总（920吨/6家）', 'lizhili', '17', '中新网1月30日电 随着春节逐渐临近，每年唯一的烟花爆竹销售燃放季即将开始，这对原本已经屡屡爆表的空气质量无异于雪上加霜。根据媒体报道，2012年除夕夜北京PM2.5数据在短短几小时内暴增80倍，市民开始对是否燃放烟花爆竹进行反思，相对应的，却是节能减排相应政策法规对烟花爆竹燃放监管的缺失。\n\n                   北京雾霾又来侵袭，多日不见阳光，空气中弥散着烟灰的味道，看不见摸不着的PM2.5让人心生恐慌，新一轮口罩采购潮涌起。上一次雾霾的消散基本靠“吹”，而本轮还只能依靠冷空气吗？\n\n                   北京2013年春节烟花爆竹将于2月5日也就是腊月二十五正式开卖，现在烟花鞭炮公司已经开始向各个销售网点配送烟花。10天后，大量烟花爆竹将在城市、乡村的各个角落中升腾、炸响。已经不堪重负的北京空气恐将愈加不堪。', '1', '钼', '1', 'lizhili', '2013-01-31 00:00:00', '2013-01-31 00:00:00', '0');
INSERT INTO mu_article VALUES ('153', '  我国确定今年工业节能减排目标', 'lizhili', '17', '中新网1月30日电 随着春节逐渐临近，每年唯一的烟花爆竹销售燃放季即将开始，这对原本已经屡屡爆表的空气质量无异于雪上加霜。根据媒体报道，2012年除夕夜北京PM2.5数据在短短几小时内暴增80倍，市民开始对是否燃放烟花爆竹进行反思，相对应的，却是节能减排相应政策法规对烟花爆竹燃放监管的缺失。\n\n                   北京雾霾又来侵袭，多日不见阳光，空气中弥散着烟灰的味道，看不见摸不着的PM2.5让人心生恐慌，新一轮口罩采购潮涌起。上一次雾霾的消散基本靠“吹”，而本轮还只能依靠冷空气吗？\n\n                   北京2013年春节烟花爆竹将于2月5日也就是腊月二十五正式开卖，现在烟花鞭炮公司已经开始向各个销售网点配送烟花。10天后，大量烟花爆竹将在城市、乡村的各个角落中升腾、炸响。已经不堪重负的北京空气恐将愈加不堪。', '1', '钼', '1', 'lizhili', '2013-01-31 00:00:00', '2013-01-31 00:00:00', '1');
INSERT INTO mu_article VALUES ('154', '  2013年固定资产投资预计增8万亿 多省GDP预增1', 'lizhili', '17', '中新网1月30日电 随着春节逐渐临近，每年唯一的烟花爆竹销售燃放季即将开始，这对原本已经屡屡爆表的空气质量无异于雪上加霜。根据媒体报道，2012年除夕夜北京PM2.5数据在短短几小时内暴增80倍，市民开始对是否燃放烟花爆竹进行反思，相对应的，却是节能减排相应政策法规对烟花爆竹燃放监管的缺失。\n\n                   北京雾霾又来侵袭，多日不见阳光，空气中弥散着烟灰的味道，看不见摸不着的PM2.5让人心生恐慌，新一轮口罩采购潮涌起。上一次雾霾的消散基本靠“吹”，而本轮还只能依靠冷空气吗？\n\n                   北京2013年春节烟花爆竹将于2月5日也就是腊月二十五正式开卖，现在烟花鞭炮公司已经开始向各个销售网点配送烟花。10天后，大量烟花爆竹将在城市、乡村的各个角落中升腾、炸响。已经不堪重负的北京空气恐将愈加不堪。', '1', '钼', '1', 'lizhili', '2013-01-31 00:00:00', '2013-01-31 00:00:00', '0');
INSERT INTO mu_article VALUES ('155', '  2012年我国新增铁、锰、镍、钨、钼矿资源储量', 'lizhili', '17', '中新网1月30日电 随着春节逐渐临近，每年唯一的烟花爆竹销售燃放季即将开始，这对原本已经屡屡爆表的空气质量无异于雪上加霜。根据媒体报道，2012年除夕夜北京PM2.5数据在短短几小时内暴增80倍，市民开始对是否燃放烟花爆竹进行反思，相对应的，却是节能减排相应政策法规对烟花爆竹燃放监管的缺失。\n\n                   北京雾霾又来侵袭，多日不见阳光，空气中弥散着烟灰的味道，看不见摸不着的PM2.5让人心生恐慌，新一轮口罩采购潮涌起。上一次雾霾的消散基本靠“吹”，而本轮还只能依靠冷空气吗？\n\n                   北京2013年春节烟花爆竹将于2月5日也就是腊月二十五正式开卖，现在烟花鞭炮公司已经开始向各个销售网点配送烟花。10天后，大量烟花爆竹将在城市、乡村的各个角落中升腾、炸响。已经不堪重负的北京空气恐将愈加不堪。', '1', '钼', '1', 'lizhili', '2013-01-31 00:00:00', '2013-01-31 00:00:00', '0');
INSERT INTO mu_article VALUES ('156', '  辽宁发生5.1级地震 当地矿企未受影响', 'lizhili', '17', '中新网1月30日电 随着春节逐渐临近，每年唯一的烟花爆竹销售燃放季即将开始，这对原本已经屡屡爆表的空气质量无异于雪上加霜。根据媒体报道，2012年除夕夜北京PM2.5数据在短短几小时内暴增80倍，市民开始对是否燃放烟花爆竹进行反思，相对应的，却是节能减排相应政策法规对烟花爆竹燃放监管的缺失。\n\n                   北京雾霾又来侵袭，多日不见阳光，空气中弥散着烟灰的味道，看不见摸不着的PM2.5让人心生恐慌，新一轮口罩采购潮涌起。上一次雾霾的消散基本靠“吹”，而本轮还只能依靠冷空气吗？\n\n                   北京2013年春节烟花爆竹将于2月5日也就是腊月二十五正式开卖，现在烟花鞭炮公司已经开始向各个销售网点配送烟花。10天后，大量烟花爆竹将在城市、乡村的各个角落中升腾、炸响。已经不堪重负的北京空气恐将愈加不堪。', '1', '钼', '1', 'lizhili', '2013-01-31 00:00:00', '2013-01-31 00:00:00', '1');
INSERT INTO mu_article VALUES ('157', '  2012年全国粗钢产量同比增长3.1%', 'lizhili', '17', '中新网1月30日电 随着春节逐渐临近，每年唯一的烟花爆竹销售燃放季即将开始，这对原本已经屡屡爆表的空气质量无异于雪上加霜。根据媒体报道，2012年除夕夜北京PM2.5数据在短短几小时内暴增80倍，市民开始对是否燃放烟花爆竹进行反思，相对应的，却是节能减排相应政策法规对烟花爆竹燃放监管的缺失。\n\n                   北京雾霾又来侵袭，多日不见阳光，空气中弥散着烟灰的味道，看不见摸不着的PM2.5让人心生恐慌，新一轮口罩采购潮涌起。上一次雾霾的消散基本靠“吹”，而本轮还只能依靠冷空气吗？\n\n                   北京2013年春节烟花爆竹将于2月5日也就是腊月二十五正式开卖，现在烟花鞭炮公司已经开始向各个销售网点配送烟花。10天后，大量烟花爆竹将在城市、乡村的各个角落中升腾、炸响。已经不堪重负的北京空气恐将愈加不堪。', '1', '钼', '1', 'lizhili', '2013-01-31 00:00:00', '2013-01-31 00:00:00', '0');
INSERT INTO mu_article VALUES ('158', '  有色金属行业:钓鱼岛争端升温,战争金属上火,', 'lizhili', '17', '中新网1月30日电 随着春节逐渐临近，每年唯一的烟花爆竹销售燃放季即将开始，这对原本已经屡屡爆表的空气质量无异于雪上加霜。根据媒体报道，2012年除夕夜北京PM2.5数据在短短几小时内暴增80倍，市民开始对是否燃放烟花爆竹进行反思，相对应的，却是节能减排相应政策法规对烟花爆竹燃放监管的缺失。\n\n                   北京雾霾又来侵袭，多日不见阳光，空气中弥散着烟灰的味道，看不见摸不着的PM2.5让人心生恐慌，新一轮口罩采购潮涌起。上一次雾霾的消散基本靠“吹”，而本轮还只能依靠冷空气吗？\n\n                   北京2013年春节烟花爆竹将于2月5日也就是腊月二十五正式开卖，现在烟花鞭炮公司已经开始向各个销售网点配送烟花。10天后，大量烟花爆竹将在城市、乡村的各个角落中升腾、炸响。已经不堪重负的北京空气恐将愈加不堪。', '1', '钼', '1', 'lizhili', '2013-01-31 00:00:00', '2013-01-31 00:00:00', '0');
INSERT INTO mu_article VALUES ('159', '  2012年12月全国进口铁合金分国别统计', 'lizhili', '17', '中新网1月30日电 随着春节逐渐临近，每年唯一的烟花爆竹销售燃放季即将开始，这对原本已经屡屡爆表的空气质量无异于雪上加霜。根据媒体报道，2012年除夕夜北京PM2.5数据在短短几小时内暴增80倍，市民开始对是否燃放烟花爆竹进行反思，相对应的，却是节能减排相应政策法规对烟花爆竹燃放监管的缺失。\n\n                   北京雾霾又来侵袭，多日不见阳光，空气中弥散着烟灰的味道，看不见摸不着的PM2.5让人心生恐慌，新一轮口罩采购潮涌起。上一次雾霾的消散基本靠“吹”，而本轮还只能依靠冷空气吗？\n\n                   北京2013年春节烟花爆竹将于2月5日也就是腊月二十五正式开卖，现在烟花鞭炮公司已经开始向各个销售网点配送烟花。10天后，大量烟花爆竹将在城市、乡村的各个角落中升腾、炸响。已经不堪重负的北京空气恐将愈加不堪。', '1', '钼', '1', 'lizhili', '2013-01-31 00:00:00', '2013-01-31 00:00:00', '1');
INSERT INTO mu_article VALUES ('160', '  2012国内粗钢产量7.17亿吨 钢铁转向低速增长', 'lizhili', '17', '中新网1月30日电 随着春节逐渐临近，每年唯一的烟花爆竹销售燃放季即将开始，这对原本已经屡屡爆表的空气质量无异于雪上加霜。根据媒体报道，2012年除夕夜北京PM2.5数据在短短几小时内暴增80倍，市民开始对是否燃放烟花爆竹进行反思，相对应的，却是节能减排相应政策法规对烟花爆竹燃放监管的缺失。\n\n                   北京雾霾又来侵袭，多日不见阳光，空气中弥散着烟灰的味道，看不见摸不着的PM2.5让人心生恐慌，新一轮口罩采购潮涌起。上一次雾霾的消散基本靠“吹”，而本轮还只能依靠冷空气吗？\n\n                   北京2013年春节烟花爆竹将于2月5日也就是腊月二十五正式开卖，现在烟花鞭炮公司已经开始向各个销售网点配送烟花。10天后，大量烟花爆竹将在城市、乡村的各个角落中升腾、炸响。已经不堪重负的北京空气恐将愈加不堪。', '1', '钼', '1', 'lizhili', '2013-01-31 00:00:00', '2013-01-31 00:00:00', '0');
INSERT INTO mu_article VALUES ('161', '  近期钢厂钼铁招标汇总（920吨/6家）', 'lizhili', '17', '中新网1月30日电 随着春节逐渐临近，每年唯一的烟花爆竹销售燃放季即将开始，这对原本已经屡屡爆表的空气质量无异于雪上加霜。根据媒体报道，2012年除夕夜北京PM2.5数据在短短几小时内暴增80倍，市民开始对是否燃放烟花爆竹进行反思，相对应的，却是节能减排相应政策法规对烟花爆竹燃放监管的缺失。\n\n                   北京雾霾又来侵袭，多日不见阳光，空气中弥散着烟灰的味道，看不见摸不着的PM2.5让人心生恐慌，新一轮口罩采购潮涌起。上一次雾霾的消散基本靠“吹”，而本轮还只能依靠冷空气吗？\n\n                   北京2013年春节烟花爆竹将于2月5日也就是腊月二十五正式开卖，现在烟花鞭炮公司已经开始向各个销售网点配送烟花。10天后，大量烟花爆竹将在城市、乡村的各个角落中升腾、炸响。已经不堪重负的北京空气恐将愈加不堪。', '1', '钼', '1', 'lizhili', '2013-01-31 00:00:00', '2013-01-31 00:00:00', '1');
INSERT INTO mu_article VALUES ('162', '  2012年我国新增铁、锰、镍、钨、钼矿资源储量', 'lizhili', '17', '中新网1月30日电 随着春节逐渐临近，每年唯一的烟花爆竹销售燃放季即将开始，这对原本已经屡屡爆表的空气质量无异于雪上加霜。根据媒体报道，2012年除夕夜北京PM2.5数据在短短几小时内暴增80倍，市民开始对是否燃放烟花爆竹进行反思，相对应的，却是节能减排相应政策法规对烟花爆竹燃放监管的缺失。\n\n                   北京雾霾又来侵袭，多日不见阳光，空气中弥散着烟灰的味道，看不见摸不着的PM2.5让人心生恐慌，新一轮口罩采购潮涌起。上一次雾霾的消散基本靠“吹”，而本轮还只能依靠冷空气吗？\n\n                   北京2013年春节烟花爆竹将于2月5日也就是腊月二十五正式开卖，现在烟花鞭炮公司已经开始向各个销售网点配送烟花。10天后，大量烟花爆竹将在城市、乡村的各个角落中升腾、炸响。已经不堪重负的北京空气恐将愈加不堪。', '1', '钼', '1', 'lizhili', '2013-01-31 00:00:00', '2013-01-31 00:00:00', '0');
INSERT INTO mu_article VALUES ('163', '  铁路货运提价或上半年推出 提价一分约增收200', 'lizhili', '17', '中新网1月30日电 随着春节逐渐临近，每年唯一的烟花爆竹销售燃放季即将开始，这对原本已经屡屡爆表的空气质量无异于雪上加霜。根据媒体报道，2012年除夕夜北京PM2.5数据在短短几小时内暴增80倍，市民开始对是否燃放烟花爆竹进行反思，相对应的，却是节能减排相应政策法规对烟花爆竹燃放监管的缺失。\n\n                   北京雾霾又来侵袭，多日不见阳光，空气中弥散着烟灰的味道，看不见摸不着的PM2.5让人心生恐慌，新一轮口罩采购潮涌起。上一次雾霾的消散基本靠“吹”，而本轮还只能依靠冷空气吗？\n\n                   北京2013年春节烟花爆竹将于2月5日也就是腊月二十五正式开卖，现在烟花鞭炮公司已经开始向各个销售网点配送烟花。10天后，大量烟花爆竹将在城市、乡村的各个角落中升腾、炸响。已经不堪重负的北京空气恐将愈加不堪。', '1', '钼', '1', 'lizhili', '2013-01-31 00:00:00', '2013-01-31 00:00:00', '0');
INSERT INTO mu_article VALUES ('164', '  辽宁发生5.1级地震 当地矿企未受影响', 'lizhili', '17', '中新网1月30日电 随着春节逐渐临近，每年唯一的烟花爆竹销售燃放季即将开始，这对原本已经屡屡爆表的空气质量无异于雪上加霜。根据媒体报道，2012年除夕夜北京PM2.5数据在短短几小时内暴增80倍，市民开始对是否燃放烟花爆竹进行反思，相对应的，却是节能减排相应政策法规对烟花爆竹燃放监管的缺失。\n\n                   北京雾霾又来侵袭，多日不见阳光，空气中弥散着烟灰的味道，看不见摸不着的PM2.5让人心生恐慌，新一轮口罩采购潮涌起。上一次雾霾的消散基本靠“吹”，而本轮还只能依靠冷空气吗？\n\n                   北京2013年春节烟花爆竹将于2月5日也就是腊月二十五正式开卖，现在烟花鞭炮公司已经开始向各个销售网点配送烟花。10天后，大量烟花爆竹将在城市、乡村的各个角落中升腾、炸响。已经不堪重负的北京空气恐将愈加不堪。', '1', '钼', '1', 'lizhili', '2013-01-31 00:00:00', '2013-01-31 00:00:00', '1');
INSERT INTO mu_article VALUES ('165', '  2012年我国新增铁、锰、镍、钨、钼矿资源储量', 'lizhili', '17', '中新网1月30日电 随着春节逐渐临近，每年唯一的烟花爆竹销售燃放季即将开始，这对原本已经屡屡爆表的空气质量无异于雪上加霜。根据媒体报道，2012年除夕夜北京PM2.5数据在短短几小时内暴增80倍，市民开始对是否燃放烟花爆竹进行反思，相对应的，却是节能减排相应政策法规对烟花爆竹燃放监管的缺失。\n\n                   北京雾霾又来侵袭，多日不见阳光，空气中弥散着烟灰的味道，看不见摸不着的PM2.5让人心生恐慌，新一轮口罩采购潮涌起。上一次雾霾的消散基本靠“吹”，而本轮还只能依靠冷空气吗？\n\n                   北京2013年春节烟花爆竹将于2月5日也就是腊月二十五正式开卖，现在烟花鞭炮公司已经开始向各个销售网点配送烟花。10天后，大量烟花爆竹将在城市、乡村的各个角落中升腾、炸响。已经不堪重负的北京空气恐将愈加不堪。', '1', '钼', '1', 'lizhili', '2013-01-31 00:00:00', '2013-01-31 00:00:00', '0');
INSERT INTO mu_article VALUES ('166', '  钼股份荣获“陕西省质量信用等级A级企业”称', 'lizhili', '17', '中新网1月30日电 随着春节逐渐临近，每年唯一的烟花爆竹销售燃放季即将开始，这对原本已经屡屡爆表的空气质量无异于雪上加霜。根据媒体报道，2012年除夕夜北京PM2.5数据在短短几小时内暴增80倍，市民开始对是否燃放烟花爆竹进行反思，相对应的，却是节能减排相应政策法规对烟花爆竹燃放监管的缺失。\n\n                   北京雾霾又来侵袭，多日不见阳光，空气中弥散着烟灰的味道，看不见摸不着的PM2.5让人心生恐慌，新一轮口罩采购潮涌起。上一次雾霾的消散基本靠“吹”，而本轮还只能依靠冷空气吗？\n\n                   北京2013年春节烟花爆竹将于2月5日也就是腊月二十五正式开卖，现在烟花鞭炮公司已经开始向各个销售网点配送烟花。10天后，大量烟花爆竹将在城市、乡村的各个角落中升腾、炸响。已经不堪重负的北京空气恐将愈加不堪。', '1', '钼', '1', 'lizhili', '2013-01-31 00:00:00', '2013-01-31 00:00:00', '1');
INSERT INTO mu_article VALUES ('167', '  2012年全国粗钢产量同比增长3.1%', 'lizhili', '17', '中新网1月30日电 随着春节逐渐临近，每年唯一的烟花爆竹销售燃放季即将开始，这对原本已经屡屡爆表的空气质量无异于雪上加霜。根据媒体报道，2012年除夕夜北京PM2.5数据在短短几小时内暴增80倍，市民开始对是否燃放烟花爆竹进行反思，相对应的，却是节能减排相应政策法规对烟花爆竹燃放监管的缺失。\n\n                   北京雾霾又来侵袭，多日不见阳光，空气中弥散着烟灰的味道，看不见摸不着的PM2.5让人心生恐慌，新一轮口罩采购潮涌起。上一次雾霾的消散基本靠“吹”，而本轮还只能依靠冷空气吗？\n\n                   北京2013年春节烟花爆竹将于2月5日也就是腊月二十五正式开卖，现在烟花鞭炮公司已经开始向各个销售网点配送烟花。10天后，大量烟花爆竹将在城市、乡村的各个角落中升腾、炸响。已经不堪重负的北京空气恐将愈加不堪。', '1', '钼', '1', 'lizhili', '2013-01-31 00:00:00', '2013-01-31 00:00:00', '0');
INSERT INTO mu_article VALUES ('168', '  2012国内粗钢产量7.17亿吨 钢铁转向低速增长', 'lizhili', '17', '中新网1月30日电 随着春节逐渐临近，每年唯一的烟花爆竹销售燃放季即将开始，这对原本已经屡屡爆表的空气质量无异于雪上加霜。根据媒体报道，2012年除夕夜北京PM2.5数据在短短几小时内暴增80倍，市民开始对是否燃放烟花爆竹进行反思，相对应的，却是节能减排相应政策法规对烟花爆竹燃放监管的缺失。\n\n                   北京雾霾又来侵袭，多日不见阳光，空气中弥散着烟灰的味道，看不见摸不着的PM2.5让人心生恐慌，新一轮口罩采购潮涌起。上一次雾霾的消散基本靠“吹”，而本轮还只能依靠冷空气吗？\n\n                   北京2013年春节烟花爆竹将于2月5日也就是腊月二十五正式开卖，现在烟花鞭炮公司已经开始向各个销售网点配送烟花。10天后，大量烟花爆竹将在城市、乡村的各个角落中升腾、炸响。已经不堪重负的北京空气恐将愈加不堪。', '1', '钼', '1', 'lizhili', '2013-01-31 00:00:00', '2013-01-31 00:00:00', '1');
INSERT INTO mu_article VALUES ('169', '  2012年全国粗钢产量同比增长3.1%', 'lizhili', '17', '中新网1月30日电 随着春节逐渐临近，每年唯一的烟花爆竹销售燃放季即将开始，这对原本已经屡屡爆表的空气质量无异于雪上加霜。根据媒体报道，2012年除夕夜北京PM2.5数据在短短几小时内暴增80倍，市民开始对是否燃放烟花爆竹进行反思，相对应的，却是节能减排相应政策法规对烟花爆竹燃放监管的缺失。\n\n                   北京雾霾又来侵袭，多日不见阳光，空气中弥散着烟灰的味道，看不见摸不着的PM2.5让人心生恐慌，新一轮口罩采购潮涌起。上一次雾霾的消散基本靠“吹”，而本轮还只能依靠冷空气吗？\n\n                   北京2013年春节烟花爆竹将于2月5日也就是腊月二十五正式开卖，现在烟花鞭炮公司已经开始向各个销售网点配送烟花。10天后，大量烟花爆竹将在城市、乡村的各个角落中升腾、炸响。已经不堪重负的北京空气恐将愈加不堪。', '1', '钼', '1', 'lizhili', '2013-01-31 00:00:00', '2013-01-31 00:00:00', '1');
INSERT INTO mu_article VALUES ('170', '  宝钢提前大幅上调3月份钢价', 'lizhili', '17', '中新网1月30日电 随着春节逐渐临近，每年唯一的烟花爆竹销售燃放季即将开始，这对原本已经屡屡爆表的空气质量无异于雪上加霜。根据媒体报道，2012年除夕夜北京PM2.5数据在短短几小时内暴增80倍，市民开始对是否燃放烟花爆竹进行反思，相对应的，却是节能减排相应政策法规对烟花爆竹燃放监管的缺失。\n\n                   北京雾霾又来侵袭，多日不见阳光，空气中弥散着烟灰的味道，看不见摸不着的PM2.5让人心生恐慌，新一轮口罩采购潮涌起。上一次雾霾的消散基本靠“吹”，而本轮还只能依靠冷空气吗？\n\n                   北京2013年春节烟花爆竹将于2月5日也就是腊月二十五正式开卖，现在烟花鞭炮公司已经开始向各个销售网点配送烟花。10天后，大量烟花爆竹将在城市、乡村的各个角落中升腾、炸响。已经不堪重负的北京空气恐将愈加不堪。', '1', '钼', '1', 'lizhili', '2013-01-31 00:00:00', '2013-01-31 00:00:00', '0');
INSERT INTO mu_article VALUES ('171', '  2012年12月全国进口铁合金分关别统计', 'lizhili', '17', '中新网1月30日电 随着春节逐渐临近，每年唯一的烟花爆竹销售燃放季即将开始，这对原本已经屡屡爆表的空气质量无异于雪上加霜。根据媒体报道，2012年除夕夜北京PM2.5数据在短短几小时内暴增80倍，市民开始对是否燃放烟花爆竹进行反思，相对应的，却是节能减排相应政策法规对烟花爆竹燃放监管的缺失。\n\n                   北京雾霾又来侵袭，多日不见阳光，空气中弥散着烟灰的味道，看不见摸不着的PM2.5让人心生恐慌，新一轮口罩采购潮涌起。上一次雾霾的消散基本靠“吹”，而本轮还只能依靠冷空气吗？\n\n                   北京2013年春节烟花爆竹将于2月5日也就是腊月二十五正式开卖，现在烟花鞭炮公司已经开始向各个销售网点配送烟花。10天后，大量烟花爆竹将在城市、乡村的各个角落中升腾、炸响。已经不堪重负的北京空气恐将愈加不堪。', '1', '钼', '1', 'lizhili', '2013-01-31 00:00:00', '2013-01-31 00:00:00', '1');
INSERT INTO mu_article VALUES ('172', '  近期钢厂钼铁招标汇总（920吨/6家）', 'lizhili', '17', '中新网1月30日电 随着春节逐渐临近，每年唯一的烟花爆竹销售燃放季即将开始，这对原本已经屡屡爆表的空气质量无异于雪上加霜。根据媒体报道，2012年除夕夜北京PM2.5数据在短短几小时内暴增80倍，市民开始对是否燃放烟花爆竹进行反思，相对应的，却是节能减排相应政策法规对烟花爆竹燃放监管的缺失。\n\n                   北京雾霾又来侵袭，多日不见阳光，空气中弥散着烟灰的味道，看不见摸不着的PM2.5让人心生恐慌，新一轮口罩采购潮涌起。上一次雾霾的消散基本靠“吹”，而本轮还只能依靠冷空气吗？\n\n                   北京2013年春节烟花爆竹将于2月5日也就是腊月二十五正式开卖，现在烟花鞭炮公司已经开始向各个销售网点配送烟花。10天后，大量烟花爆竹将在城市、乡村的各个角落中升腾、炸响。已经不堪重负的北京空气恐将愈加不堪。', '1', '钼', '1', 'lizhili', '2013-01-31 00:00:00', '2013-01-31 00:00:00', '0');
INSERT INTO mu_article VALUES ('173', '  乌海三美国际矿业高管拜访中信锦州公司', 'lizhili', '17', '中新网1月30日电 随着春节逐渐临近，每年唯一的烟花爆竹销售燃放季即将开始，这对原本已经屡屡爆表的空气质量无异于雪上加霜。根据媒体报道，2012年除夕夜北京PM2.5数据在短短几小时内暴增80倍，市民开始对是否燃放烟花爆竹进行反思，相对应的，却是节能减排相应政策法规对烟花爆竹燃放监管的缺失。\n\n                   北京雾霾又来侵袭，多日不见阳光，空气中弥散着烟灰的味道，看不见摸不着的PM2.5让人心生恐慌，新一轮口罩采购潮涌起。上一次雾霾的消散基本靠“吹”，而本轮还只能依靠冷空气吗？\n\n                   北京2013年春节烟花爆竹将于2月5日也就是腊月二十五正式开卖，现在烟花鞭炮公司已经开始向各个销售网点配送烟花。10天后，大量烟花爆竹将在城市、乡村的各个角落中升腾、炸响。已经不堪重负的北京空气恐将愈加不堪。', '1', '钼', '1', 'lizhili', '2013-01-31 00:00:00', '2013-01-31 00:00:00', '1');
INSERT INTO mu_article VALUES ('174', '  2012年12月全国进口铁合金分国别统计', 'lizhili', '17', '中新网1月30日电 随着春节逐渐临近，每年唯一的烟花爆竹销售燃放季即将开始，这对原本已经屡屡爆表的空气质量无异于雪上加霜。根据媒体报道，2012年除夕夜北京PM2.5数据在短短几小时内暴增80倍，市民开始对是否燃放烟花爆竹进行反思，相对应的，却是节能减排相应政策法规对烟花爆竹燃放监管的缺失。\n\n                   北京雾霾又来侵袭，多日不见阳光，空气中弥散着烟灰的味道，看不见摸不着的PM2.5让人心生恐慌，新一轮口罩采购潮涌起。上一次雾霾的消散基本靠“吹”，而本轮还只能依靠冷空气吗？\n\n                   北京2013年春节烟花爆竹将于2月5日也就是腊月二十五正式开卖，现在烟花鞭炮公司已经开始向各个销售网点配送烟花。10天后，大量烟花爆竹将在城市、乡村的各个角落中升腾、炸响。已经不堪重负的北京空气恐将愈加不堪。', '1', '钼', '1', 'lizhili', '2013-01-31 00:00:00', '2013-01-31 00:00:00', '0');
INSERT INTO mu_article VALUES ('175', '  乌海三美国际矿业高管拜访中信锦州公司', 'lizhili', '17', '中新网1月30日电 随着春节逐渐临近，每年唯一的烟花爆竹销售燃放季即将开始，这对原本已经屡屡爆表的空气质量无异于雪上加霜。根据媒体报道，2012年除夕夜北京PM2.5数据在短短几小时内暴增80倍，市民开始对是否燃放烟花爆竹进行反思，相对应的，却是节能减排相应政策法规对烟花爆竹燃放监管的缺失。\n\n                   北京雾霾又来侵袭，多日不见阳光，空气中弥散着烟灰的味道，看不见摸不着的PM2.5让人心生恐慌，新一轮口罩采购潮涌起。上一次雾霾的消散基本靠“吹”，而本轮还只能依靠冷空气吗？\n\n                   北京2013年春节烟花爆竹将于2月5日也就是腊月二十五正式开卖，现在烟花鞭炮公司已经开始向各个销售网点配送烟花。10天后，大量烟花爆竹将在城市、乡村的各个角落中升腾、炸响。已经不堪重负的北京空气恐将愈加不堪。', '1', '钼', '1', 'lizhili', '2013-01-31 00:00:00', '2013-01-31 00:00:00', '0');
INSERT INTO mu_article VALUES ('176', '  2012年12月全国进口铁合金分国别统计', 'lizhili', '17', '中新网1月30日电 随着春节逐渐临近，每年唯一的烟花爆竹销售燃放季即将开始，这对原本已经屡屡爆表的空气质量无异于雪上加霜。根据媒体报道，2012年除夕夜北京PM2.5数据在短短几小时内暴增80倍，市民开始对是否燃放烟花爆竹进行反思，相对应的，却是节能减排相应政策法规对烟花爆竹燃放监管的缺失。\n\n                   北京雾霾又来侵袭，多日不见阳光，空气中弥散着烟灰的味道，看不见摸不着的PM2.5让人心生恐慌，新一轮口罩采购潮涌起。上一次雾霾的消散基本靠“吹”，而本轮还只能依靠冷空气吗？\n\n                   北京2013年春节烟花爆竹将于2月5日也就是腊月二十五正式开卖，现在烟花鞭炮公司已经开始向各个销售网点配送烟花。10天后，大量烟花爆竹将在城市、乡村的各个角落中升腾、炸响。已经不堪重负的北京空气恐将愈加不堪。', '1', '钼', '1', 'lizhili', '2013-01-31 00:00:00', '2013-01-31 00:00:00', '0');
INSERT INTO mu_article VALUES ('177', '  2012国内粗钢产量7.17亿吨 钢铁转向低速增长', 'lizhili', '17', '中新网1月30日电 随着春节逐渐临近，每年唯一的烟花爆竹销售燃放季即将开始，这对原本已经屡屡爆表的空气质量无异于雪上加霜。根据媒体报道，2012年除夕夜北京PM2.5数据在短短几小时内暴增80倍，市民开始对是否燃放烟花爆竹进行反思，相对应的，却是节能减排相应政策法规对烟花爆竹燃放监管的缺失。\n\n                   北京雾霾又来侵袭，多日不见阳光，空气中弥散着烟灰的味道，看不见摸不着的PM2.5让人心生恐慌，新一轮口罩采购潮涌起。上一次雾霾的消散基本靠“吹”，而本轮还只能依靠冷空气吗？\n\n                   北京2013年春节烟花爆竹将于2月5日也就是腊月二十五正式开卖，现在烟花鞭炮公司已经开始向各个销售网点配送烟花。10天后，大量烟花爆竹将在城市、乡村的各个角落中升腾、炸响。已经不堪重负的北京空气恐将愈加不堪。', '1', '钼', '1', 'lizhili', '2013-01-31 00:00:00', '2013-01-31 00:00:00', '1');
INSERT INTO mu_article VALUES ('178', '  2012国内粗钢产量7.17亿吨 钢铁转向低速增长', 'lizhili', '17', '中新网1月30日电 随着春节逐渐临近，每年唯一的烟花爆竹销售燃放季即将开始，这对原本已经屡屡爆表的空气质量无异于雪上加霜。根据媒体报道，2012年除夕夜北京PM2.5数据在短短几小时内暴增80倍，市民开始对是否燃放烟花爆竹进行反思，相对应的，却是节能减排相应政策法规对烟花爆竹燃放监管的缺失。\n\n                   北京雾霾又来侵袭，多日不见阳光，空气中弥散着烟灰的味道，看不见摸不着的PM2.5让人心生恐慌，新一轮口罩采购潮涌起。上一次雾霾的消散基本靠“吹”，而本轮还只能依靠冷空气吗？\n\n                   北京2013年春节烟花爆竹将于2月5日也就是腊月二十五正式开卖，现在烟花鞭炮公司已经开始向各个销售网点配送烟花。10天后，大量烟花爆竹将在城市、乡村的各个角落中升腾、炸响。已经不堪重负的北京空气恐将愈加不堪。', '1', '钼', '1', 'lizhili', '2013-01-31 00:00:00', '2013-01-31 00:00:00', '1');
INSERT INTO mu_article VALUES ('179', '  2012年全国粗钢产量同比增长3.1%', 'lizhili', '17', '中新网1月30日电 随着春节逐渐临近，每年唯一的烟花爆竹销售燃放季即将开始，这对原本已经屡屡爆表的空气质量无异于雪上加霜。根据媒体报道，2012年除夕夜北京PM2.5数据在短短几小时内暴增80倍，市民开始对是否燃放烟花爆竹进行反思，相对应的，却是节能减排相应政策法规对烟花爆竹燃放监管的缺失。\n\n                   北京雾霾又来侵袭，多日不见阳光，空气中弥散着烟灰的味道，看不见摸不着的PM2.5让人心生恐慌，新一轮口罩采购潮涌起。上一次雾霾的消散基本靠“吹”，而本轮还只能依靠冷空气吗？\n\n                   北京2013年春节烟花爆竹将于2月5日也就是腊月二十五正式开卖，现在烟花鞭炮公司已经开始向各个销售网点配送烟花。10天后，大量烟花爆竹将在城市、乡村的各个角落中升腾、炸响。已经不堪重负的北京空气恐将愈加不堪。', '1', '钼', '1', 'lizhili', '2013-01-31 00:00:00', '2013-01-31 00:00:00', '1');
INSERT INTO mu_article VALUES ('180', '  钼股份荣获“陕西省质量信用等级A级企业”称', 'lizhili', '17', '中新网1月30日电 随着春节逐渐临近，每年唯一的烟花爆竹销售燃放季即将开始，这对原本已经屡屡爆表的空气质量无异于雪上加霜。根据媒体报道，2012年除夕夜北京PM2.5数据在短短几小时内暴增80倍，市民开始对是否燃放烟花爆竹进行反思，相对应的，却是节能减排相应政策法规对烟花爆竹燃放监管的缺失。\n\n                   北京雾霾又来侵袭，多日不见阳光，空气中弥散着烟灰的味道，看不见摸不着的PM2.5让人心生恐慌，新一轮口罩采购潮涌起。上一次雾霾的消散基本靠“吹”，而本轮还只能依靠冷空气吗？\n\n                   北京2013年春节烟花爆竹将于2月5日也就是腊月二十五正式开卖，现在烟花鞭炮公司已经开始向各个销售网点配送烟花。10天后，大量烟花爆竹将在城市、乡村的各个角落中升腾、炸响。已经不堪重负的北京空气恐将愈加不堪。', '1', '钼', '1', 'lizhili', '2013-01-31 00:00:00', '2013-01-31 00:00:00', '0');
INSERT INTO mu_article VALUES ('181', '  2012国内粗钢产量7.17亿吨 钢铁转向低速增长', 'lizhili', '17', '中新网1月30日电 随着春节逐渐临近，每年唯一的烟花爆竹销售燃放季即将开始，这对原本已经屡屡爆表的空气质量无异于雪上加霜。根据媒体报道，2012年除夕夜北京PM2.5数据在短短几小时内暴增80倍，市民开始对是否燃放烟花爆竹进行反思，相对应的，却是节能减排相应政策法规对烟花爆竹燃放监管的缺失。\n\n                   北京雾霾又来侵袭，多日不见阳光，空气中弥散着烟灰的味道，看不见摸不着的PM2.5让人心生恐慌，新一轮口罩采购潮涌起。上一次雾霾的消散基本靠“吹”，而本轮还只能依靠冷空气吗？\n\n                   北京2013年春节烟花爆竹将于2月5日也就是腊月二十五正式开卖，现在烟花鞭炮公司已经开始向各个销售网点配送烟花。10天后，大量烟花爆竹将在城市、乡村的各个角落中升腾、炸响。已经不堪重负的北京空气恐将愈加不堪。', '1', '钼', '1', 'lizhili', '2013-01-31 00:00:00', '2013-01-31 00:00:00', '0');
INSERT INTO mu_article VALUES ('182', '  宝钢提前大幅上调3月份钢价', 'lizhili', '17', '中新网1月30日电 随着春节逐渐临近，每年唯一的烟花爆竹销售燃放季即将开始，这对原本已经屡屡爆表的空气质量无异于雪上加霜。根据媒体报道，2012年除夕夜北京PM2.5数据在短短几小时内暴增80倍，市民开始对是否燃放烟花爆竹进行反思，相对应的，却是节能减排相应政策法规对烟花爆竹燃放监管的缺失。\n\n                   北京雾霾又来侵袭，多日不见阳光，空气中弥散着烟灰的味道，看不见摸不着的PM2.5让人心生恐慌，新一轮口罩采购潮涌起。上一次雾霾的消散基本靠“吹”，而本轮还只能依靠冷空气吗？\n\n                   北京2013年春节烟花爆竹将于2月5日也就是腊月二十五正式开卖，现在烟花鞭炮公司已经开始向各个销售网点配送烟花。10天后，大量烟花爆竹将在城市、乡村的各个角落中升腾、炸响。已经不堪重负的北京空气恐将愈加不堪。', '1', '钼', '1', 'lizhili', '2013-01-31 00:00:00', '2013-01-31 00:00:00', '1');
INSERT INTO mu_article VALUES ('183', '  近期钢厂钼铁招标汇总（920吨/6家）', 'lizhili', '17', '中新网1月30日电 随着春节逐渐临近，每年唯一的烟花爆竹销售燃放季即将开始，这对原本已经屡屡爆表的空气质量无异于雪上加霜。根据媒体报道，2012年除夕夜北京PM2.5数据在短短几小时内暴增80倍，市民开始对是否燃放烟花爆竹进行反思，相对应的，却是节能减排相应政策法规对烟花爆竹燃放监管的缺失。\n\n                   北京雾霾又来侵袭，多日不见阳光，空气中弥散着烟灰的味道，看不见摸不着的PM2.5让人心生恐慌，新一轮口罩采购潮涌起。上一次雾霾的消散基本靠“吹”，而本轮还只能依靠冷空气吗？\n\n                   北京2013年春节烟花爆竹将于2月5日也就是腊月二十五正式开卖，现在烟花鞭炮公司已经开始向各个销售网点配送烟花。10天后，大量烟花爆竹将在城市、乡村的各个角落中升腾、炸响。已经不堪重负的北京空气恐将愈加不堪。', '1', '钼', '1', 'lizhili', '2013-01-31 00:00:00', '2013-01-31 00:00:00', '1');
INSERT INTO mu_article VALUES ('184', '  2013年固定资产投资预计增8万亿 多省GDP预增1', 'lizhili', '17', '中新网1月30日电 随着春节逐渐临近，每年唯一的烟花爆竹销售燃放季即将开始，这对原本已经屡屡爆表的空气质量无异于雪上加霜。根据媒体报道，2012年除夕夜北京PM2.5数据在短短几小时内暴增80倍，市民开始对是否燃放烟花爆竹进行反思，相对应的，却是节能减排相应政策法规对烟花爆竹燃放监管的缺失。\n\n                   北京雾霾又来侵袭，多日不见阳光，空气中弥散着烟灰的味道，看不见摸不着的PM2.5让人心生恐慌，新一轮口罩采购潮涌起。上一次雾霾的消散基本靠“吹”，而本轮还只能依靠冷空气吗？\n\n                   北京2013年春节烟花爆竹将于2月5日也就是腊月二十五正式开卖，现在烟花鞭炮公司已经开始向各个销售网点配送烟花。10天后，大量烟花爆竹将在城市、乡村的各个角落中升腾、炸响。已经不堪重负的北京空气恐将愈加不堪。', '1', '钼', '1', 'lizhili', '2013-01-31 00:00:00', '2013-01-31 00:00:00', '1');
INSERT INTO mu_article VALUES ('185', '  我国确定今年工业节能减排目标', 'lizhili', '17', '中新网1月30日电 随着春节逐渐临近，每年唯一的烟花爆竹销售燃放季即将开始，这对原本已经屡屡爆表的空气质量无异于雪上加霜。根据媒体报道，2012年除夕夜北京PM2.5数据在短短几小时内暴增80倍，市民开始对是否燃放烟花爆竹进行反思，相对应的，却是节能减排相应政策法规对烟花爆竹燃放监管的缺失。\n\n                   北京雾霾又来侵袭，多日不见阳光，空气中弥散着烟灰的味道，看不见摸不着的PM2.5让人心生恐慌，新一轮口罩采购潮涌起。上一次雾霾的消散基本靠“吹”，而本轮还只能依靠冷空气吗？\n\n                   北京2013年春节烟花爆竹将于2月5日也就是腊月二十五正式开卖，现在烟花鞭炮公司已经开始向各个销售网点配送烟花。10天后，大量烟花爆竹将在城市、乡村的各个角落中升腾、炸响。已经不堪重负的北京空气恐将愈加不堪。', '1', '钼', '1', 'lizhili', '2013-01-31 00:00:00', '2013-01-31 00:00:00', '1');
INSERT INTO mu_article VALUES ('186', '  2012年12月全国进口铁合金分国别统计', 'lizhili', '17', '中新网1月30日电 随着春节逐渐临近，每年唯一的烟花爆竹销售燃放季即将开始，这对原本已经屡屡爆表的空气质量无异于雪上加霜。根据媒体报道，2012年除夕夜北京PM2.5数据在短短几小时内暴增80倍，市民开始对是否燃放烟花爆竹进行反思，相对应的，却是节能减排相应政策法规对烟花爆竹燃放监管的缺失。\n\n                   北京雾霾又来侵袭，多日不见阳光，空气中弥散着烟灰的味道，看不见摸不着的PM2.5让人心生恐慌，新一轮口罩采购潮涌起。上一次雾霾的消散基本靠“吹”，而本轮还只能依靠冷空气吗？\n\n                   北京2013年春节烟花爆竹将于2月5日也就是腊月二十五正式开卖，现在烟花鞭炮公司已经开始向各个销售网点配送烟花。10天后，大量烟花爆竹将在城市、乡村的各个角落中升腾、炸响。已经不堪重负的北京空气恐将愈加不堪。', '1', '钼', '1', 'lizhili', '2013-01-31 00:00:00', '2013-01-31 00:00:00', '0');
INSERT INTO mu_article VALUES ('187', '  2012国内粗钢产量7.17亿吨 钢铁转向低速增长', 'lizhili', '17', '中新网1月30日电 随着春节逐渐临近，每年唯一的烟花爆竹销售燃放季即将开始，这对原本已经屡屡爆表的空气质量无异于雪上加霜。根据媒体报道，2012年除夕夜北京PM2.5数据在短短几小时内暴增80倍，市民开始对是否燃放烟花爆竹进行反思，相对应的，却是节能减排相应政策法规对烟花爆竹燃放监管的缺失。\n\n                   北京雾霾又来侵袭，多日不见阳光，空气中弥散着烟灰的味道，看不见摸不着的PM2.5让人心生恐慌，新一轮口罩采购潮涌起。上一次雾霾的消散基本靠“吹”，而本轮还只能依靠冷空气吗？\n\n                   北京2013年春节烟花爆竹将于2月5日也就是腊月二十五正式开卖，现在烟花鞭炮公司已经开始向各个销售网点配送烟花。10天后，大量烟花爆竹将在城市、乡村的各个角落中升腾、炸响。已经不堪重负的北京空气恐将愈加不堪。', '1', '钼', '1', 'lizhili', '2013-01-31 00:00:00', '2013-01-31 00:00:00', '1');
INSERT INTO mu_article VALUES ('188', '  2013年固定资产投资预计增8万亿 多省GDP预增1', 'lizhili', '17', '中新网1月30日电 随着春节逐渐临近，每年唯一的烟花爆竹销售燃放季即将开始，这对原本已经屡屡爆表的空气质量无异于雪上加霜。根据媒体报道，2012年除夕夜北京PM2.5数据在短短几小时内暴增80倍，市民开始对是否燃放烟花爆竹进行反思，相对应的，却是节能减排相应政策法规对烟花爆竹燃放监管的缺失。\n\n                   北京雾霾又来侵袭，多日不见阳光，空气中弥散着烟灰的味道，看不见摸不着的PM2.5让人心生恐慌，新一轮口罩采购潮涌起。上一次雾霾的消散基本靠“吹”，而本轮还只能依靠冷空气吗？\n\n                   北京2013年春节烟花爆竹将于2月5日也就是腊月二十五正式开卖，现在烟花鞭炮公司已经开始向各个销售网点配送烟花。10天后，大量烟花爆竹将在城市、乡村的各个角落中升腾、炸响。已经不堪重负的北京空气恐将愈加不堪。', '1', '钼', '1', 'lizhili', '2013-01-31 00:00:00', '2013-01-31 00:00:00', '1');
INSERT INTO mu_article VALUES ('189', '  钼股份荣获“陕西省质量信用等级A级企业”称', 'lizhili', '17', '中新网1月30日电 随着春节逐渐临近，每年唯一的烟花爆竹销售燃放季即将开始，这对原本已经屡屡爆表的空气质量无异于雪上加霜。根据媒体报道，2012年除夕夜北京PM2.5数据在短短几小时内暴增80倍，市民开始对是否燃放烟花爆竹进行反思，相对应的，却是节能减排相应政策法规对烟花爆竹燃放监管的缺失。\n\n                   北京雾霾又来侵袭，多日不见阳光，空气中弥散着烟灰的味道，看不见摸不着的PM2.5让人心生恐慌，新一轮口罩采购潮涌起。上一次雾霾的消散基本靠“吹”，而本轮还只能依靠冷空气吗？\n\n                   北京2013年春节烟花爆竹将于2月5日也就是腊月二十五正式开卖，现在烟花鞭炮公司已经开始向各个销售网点配送烟花。10天后，大量烟花爆竹将在城市、乡村的各个角落中升腾、炸响。已经不堪重负的北京空气恐将愈加不堪。', '1', '钼', '1', 'lizhili', '2013-01-31 00:00:00', '2013-01-31 00:00:00', '1');
INSERT INTO mu_article VALUES ('190', '  乌海三美国际矿业高管拜访中信锦州公司', 'lizhili', '17', '中新网1月30日电 随着春节逐渐临近，每年唯一的烟花爆竹销售燃放季即将开始，这对原本已经屡屡爆表的空气质量无异于雪上加霜。根据媒体报道，2012年除夕夜北京PM2.5数据在短短几小时内暴增80倍，市民开始对是否燃放烟花爆竹进行反思，相对应的，却是节能减排相应政策法规对烟花爆竹燃放监管的缺失。\n\n                   北京雾霾又来侵袭，多日不见阳光，空气中弥散着烟灰的味道，看不见摸不着的PM2.5让人心生恐慌，新一轮口罩采购潮涌起。上一次雾霾的消散基本靠“吹”，而本轮还只能依靠冷空气吗？\n\n                   北京2013年春节烟花爆竹将于2月5日也就是腊月二十五正式开卖，现在烟花鞭炮公司已经开始向各个销售网点配送烟花。10天后，大量烟花爆竹将在城市、乡村的各个角落中升腾、炸响。已经不堪重负的北京空气恐将愈加不堪。', '1', '钼', '1', 'lizhili', '2013-01-31 00:00:00', '2013-01-31 00:00:00', '0');
INSERT INTO mu_article VALUES ('191', '  武钢预计今年减税7300万', 'lizhili', '17', '中新网1月30日电 随着春节逐渐临近，每年唯一的烟花爆竹销售燃放季即将开始，这对原本已经屡屡爆表的空气质量无异于雪上加霜。根据媒体报道，2012年除夕夜北京PM2.5数据在短短几小时内暴增80倍，市民开始对是否燃放烟花爆竹进行反思，相对应的，却是节能减排相应政策法规对烟花爆竹燃放监管的缺失。\n\n                   北京雾霾又来侵袭，多日不见阳光，空气中弥散着烟灰的味道，看不见摸不着的PM2.5让人心生恐慌，新一轮口罩采购潮涌起。上一次雾霾的消散基本靠“吹”，而本轮还只能依靠冷空气吗？\n\n                   北京2013年春节烟花爆竹将于2月5日也就是腊月二十五正式开卖，现在烟花鞭炮公司已经开始向各个销售网点配送烟花。10天后，大量烟花爆竹将在城市、乡村的各个角落中升腾、炸响。已经不堪重负的北京空气恐将愈加不堪。', '1', '钼', '1', 'lizhili', '2013-01-31 00:00:00', '2013-01-31 00:00:00', '1');
INSERT INTO mu_article VALUES ('192', '  近期钢厂钼铁招标汇总（920吨/6家）', 'lizhili', '17', '中新网1月30日电 随着春节逐渐临近，每年唯一的烟花爆竹销售燃放季即将开始，这对原本已经屡屡爆表的空气质量无异于雪上加霜。根据媒体报道，2012年除夕夜北京PM2.5数据在短短几小时内暴增80倍，市民开始对是否燃放烟花爆竹进行反思，相对应的，却是节能减排相应政策法规对烟花爆竹燃放监管的缺失。\n\n                   北京雾霾又来侵袭，多日不见阳光，空气中弥散着烟灰的味道，看不见摸不着的PM2.5让人心生恐慌，新一轮口罩采购潮涌起。上一次雾霾的消散基本靠“吹”，而本轮还只能依靠冷空气吗？\n\n                   北京2013年春节烟花爆竹将于2月5日也就是腊月二十五正式开卖，现在烟花鞭炮公司已经开始向各个销售网点配送烟花。10天后，大量烟花爆竹将在城市、乡村的各个角落中升腾、炸响。已经不堪重负的北京空气恐将愈加不堪。', '1', '钼', '1', 'lizhili', '2013-01-31 00:00:00', '2013-01-31 00:00:00', '0');
INSERT INTO mu_article VALUES ('193', '  我国确定今年工业节能减排目标', 'lizhili', '17', '中新网1月30日电 随着春节逐渐临近，每年唯一的烟花爆竹销售燃放季即将开始，这对原本已经屡屡爆表的空气质量无异于雪上加霜。根据媒体报道，2012年除夕夜北京PM2.5数据在短短几小时内暴增80倍，市民开始对是否燃放烟花爆竹进行反思，相对应的，却是节能减排相应政策法规对烟花爆竹燃放监管的缺失。\n\n                   北京雾霾又来侵袭，多日不见阳光，空气中弥散着烟灰的味道，看不见摸不着的PM2.5让人心生恐慌，新一轮口罩采购潮涌起。上一次雾霾的消散基本靠“吹”，而本轮还只能依靠冷空气吗？\n\n                   北京2013年春节烟花爆竹将于2月5日也就是腊月二十五正式开卖，现在烟花鞭炮公司已经开始向各个销售网点配送烟花。10天后，大量烟花爆竹将在城市、乡村的各个角落中升腾、炸响。已经不堪重负的北京空气恐将愈加不堪。', '1', '钼', '1', 'lizhili', '2013-01-31 00:00:00', '2013-01-31 00:00:00', '0');
INSERT INTO mu_article VALUES ('194', '  2012年12月全国进口铁合金分国别统计', 'lizhili', '17', '中新网1月30日电 随着春节逐渐临近，每年唯一的烟花爆竹销售燃放季即将开始，这对原本已经屡屡爆表的空气质量无异于雪上加霜。根据媒体报道，2012年除夕夜北京PM2.5数据在短短几小时内暴增80倍，市民开始对是否燃放烟花爆竹进行反思，相对应的，却是节能减排相应政策法规对烟花爆竹燃放监管的缺失。\n\n                   北京雾霾又来侵袭，多日不见阳光，空气中弥散着烟灰的味道，看不见摸不着的PM2.5让人心生恐慌，新一轮口罩采购潮涌起。上一次雾霾的消散基本靠“吹”，而本轮还只能依靠冷空气吗？\n\n                   北京2013年春节烟花爆竹将于2月5日也就是腊月二十五正式开卖，现在烟花鞭炮公司已经开始向各个销售网点配送烟花。10天后，大量烟花爆竹将在城市、乡村的各个角落中升腾、炸响。已经不堪重负的北京空气恐将愈加不堪。', '1', '钼', '1', 'lizhili', '2013-01-31 00:00:00', '2013-01-31 00:00:00', '1');
INSERT INTO mu_article VALUES ('195', '  辽宁发生5.1级地震 当地矿企未受影响', 'lizhili', '17', '中新网1月30日电 随着春节逐渐临近，每年唯一的烟花爆竹销售燃放季即将开始，这对原本已经屡屡爆表的空气质量无异于雪上加霜。根据媒体报道，2012年除夕夜北京PM2.5数据在短短几小时内暴增80倍，市民开始对是否燃放烟花爆竹进行反思，相对应的，却是节能减排相应政策法规对烟花爆竹燃放监管的缺失。\n\n                   北京雾霾又来侵袭，多日不见阳光，空气中弥散着烟灰的味道，看不见摸不着的PM2.5让人心生恐慌，新一轮口罩采购潮涌起。上一次雾霾的消散基本靠“吹”，而本轮还只能依靠冷空气吗？\n\n                   北京2013年春节烟花爆竹将于2月5日也就是腊月二十五正式开卖，现在烟花鞭炮公司已经开始向各个销售网点配送烟花。10天后，大量烟花爆竹将在城市、乡村的各个角落中升腾、炸响。已经不堪重负的北京空气恐将愈加不堪。', '1', '钼', '1', 'lizhili', '2013-01-31 00:00:00', '2013-01-31 00:00:00', '1');
INSERT INTO mu_article VALUES ('196', '  我国确定今年工业节能减排目标', 'lizhili', '17', '中新网1月30日电 随着春节逐渐临近，每年唯一的烟花爆竹销售燃放季即将开始，这对原本已经屡屡爆表的空气质量无异于雪上加霜。根据媒体报道，2012年除夕夜北京PM2.5数据在短短几小时内暴增80倍，市民开始对是否燃放烟花爆竹进行反思，相对应的，却是节能减排相应政策法规对烟花爆竹燃放监管的缺失。\n\n                   北京雾霾又来侵袭，多日不见阳光，空气中弥散着烟灰的味道，看不见摸不着的PM2.5让人心生恐慌，新一轮口罩采购潮涌起。上一次雾霾的消散基本靠“吹”，而本轮还只能依靠冷空气吗？\n\n                   北京2013年春节烟花爆竹将于2月5日也就是腊月二十五正式开卖，现在烟花鞭炮公司已经开始向各个销售网点配送烟花。10天后，大量烟花爆竹将在城市、乡村的各个角落中升腾、炸响。已经不堪重负的北京空气恐将愈加不堪。', '1', '钼', '1', 'lizhili', '2013-01-31 00:00:00', '2013-01-31 00:00:00', '1');
INSERT INTO mu_article VALUES ('197', '  有色金属行业:钓鱼岛争端升温,战争金属上火,', 'lizhili', '17', '中新网1月30日电 随着春节逐渐临近，每年唯一的烟花爆竹销售燃放季即将开始，这对原本已经屡屡爆表的空气质量无异于雪上加霜。根据媒体报道，2012年除夕夜北京PM2.5数据在短短几小时内暴增80倍，市民开始对是否燃放烟花爆竹进行反思，相对应的，却是节能减排相应政策法规对烟花爆竹燃放监管的缺失。\n\n                   北京雾霾又来侵袭，多日不见阳光，空气中弥散着烟灰的味道，看不见摸不着的PM2.5让人心生恐慌，新一轮口罩采购潮涌起。上一次雾霾的消散基本靠“吹”，而本轮还只能依靠冷空气吗？\n\n                   北京2013年春节烟花爆竹将于2月5日也就是腊月二十五正式开卖，现在烟花鞭炮公司已经开始向各个销售网点配送烟花。10天后，大量烟花爆竹将在城市、乡村的各个角落中升腾、炸响。已经不堪重负的北京空气恐将愈加不堪。', '1', '钼', '1', 'lizhili', '2013-01-31 00:00:00', '2013-01-31 00:00:00', '0');
INSERT INTO mu_article VALUES ('198', '  铁路货运提价或上半年推出 提价一分约增收200', 'lizhili', '17', '中新网1月30日电 随着春节逐渐临近，每年唯一的烟花爆竹销售燃放季即将开始，这对原本已经屡屡爆表的空气质量无异于雪上加霜。根据媒体报道，2012年除夕夜北京PM2.5数据在短短几小时内暴增80倍，市民开始对是否燃放烟花爆竹进行反思，相对应的，却是节能减排相应政策法规对烟花爆竹燃放监管的缺失。\n\n                   北京雾霾又来侵袭，多日不见阳光，空气中弥散着烟灰的味道，看不见摸不着的PM2.5让人心生恐慌，新一轮口罩采购潮涌起。上一次雾霾的消散基本靠“吹”，而本轮还只能依靠冷空气吗？\n\n                   北京2013年春节烟花爆竹将于2月5日也就是腊月二十五正式开卖，现在烟花鞭炮公司已经开始向各个销售网点配送烟花。10天后，大量烟花爆竹将在城市、乡村的各个角落中升腾、炸响。已经不堪重负的北京空气恐将愈加不堪。', '1', '钼', '1', 'lizhili', '2013-01-31 00:00:00', '2013-01-31 00:00:00', '1');
INSERT INTO mu_article VALUES ('199', '  钼股份荣获“陕西省质量信用等级A级企业”称', 'lizhili', '17', '中新网1月30日电 随着春节逐渐临近，每年唯一的烟花爆竹销售燃放季即将开始，这对原本已经屡屡爆表的空气质量无异于雪上加霜。根据媒体报道，2012年除夕夜北京PM2.5数据在短短几小时内暴增80倍，市民开始对是否燃放烟花爆竹进行反思，相对应的，却是节能减排相应政策法规对烟花爆竹燃放监管的缺失。\n\n                   北京雾霾又来侵袭，多日不见阳光，空气中弥散着烟灰的味道，看不见摸不着的PM2.5让人心生恐慌，新一轮口罩采购潮涌起。上一次雾霾的消散基本靠“吹”，而本轮还只能依靠冷空气吗？\n\n                   北京2013年春节烟花爆竹将于2月5日也就是腊月二十五正式开卖，现在烟花鞭炮公司已经开始向各个销售网点配送烟花。10天后，大量烟花爆竹将在城市、乡村的各个角落中升腾、炸响。已经不堪重负的北京空气恐将愈加不堪。', '1', '钼', '1', 'lizhili', '2013-01-31 00:00:00', '2013-01-31 00:00:00', '0');
INSERT INTO mu_article VALUES ('200', '  2012年12月全国进口铁合金分关别统计', 'lizhili', '17', '中新网1月30日电 随着春节逐渐临近，每年唯一的烟花爆竹销售燃放季即将开始，这对原本已经屡屡爆表的空气质量无异于雪上加霜。根据媒体报道，2012年除夕夜北京PM2.5数据在短短几小时内暴增80倍，市民开始对是否燃放烟花爆竹进行反思，相对应的，却是节能减排相应政策法规对烟花爆竹燃放监管的缺失。\n\n                   北京雾霾又来侵袭，多日不见阳光，空气中弥散着烟灰的味道，看不见摸不着的PM2.5让人心生恐慌，新一轮口罩采购潮涌起。上一次雾霾的消散基本靠“吹”，而本轮还只能依靠冷空气吗？\n\n                   北京2013年春节烟花爆竹将于2月5日也就是腊月二十五正式开卖，现在烟花鞭炮公司已经开始向各个销售网点配送烟花。10天后，大量烟花爆竹将在城市、乡村的各个角落中升腾、炸响。已经不堪重负的北京空气恐将愈加不堪。', '1', '钼', '1', 'lizhili', '2013-01-31 00:00:00', '2013-01-31 00:00:00', '0');
INSERT INTO mu_article VALUES ('201', '  铁路货运提价或上半年推出 提价一分约增收200', 'lizhili', '21', '中新网1月30日电 随着春节逐渐临近，每年唯一的烟花爆竹销售燃放季即将开始，这对原本已经屡屡爆表的空气质量无异于雪上加霜。根据媒体报道，2012年除夕夜北京PM2.5数据在短短几小时内暴增80倍，市民开始对是否燃放烟花爆竹进行反思，相对应的，却是节能减排相应政策法规对烟花爆竹燃放监管的缺失。\n\n                   北京雾霾又来侵袭，多日不见阳光，空气中弥散着烟灰的味道，看不见摸不着的PM2.5让人心生恐慌，新一轮口罩采购潮涌起。上一次雾霾的消散基本靠“吹”，而本轮还只能依靠冷空气吗？\n\n                   北京2013年春节烟花爆竹将于2月5日也就是腊月二十五正式开卖，现在烟花鞭炮公司已经开始向各个销售网点配送烟花。10天后，大量烟花爆竹将在城市、乡村的各个角落中升腾、炸响。已经不堪重负的北京空气恐将愈加不堪。', '1', '钼', '1', 'lizhili', '2013-01-31 00:00:00', '2013-01-31 00:00:00', '0');
INSERT INTO mu_article VALUES ('202', '  2012年我国新增铁、锰、镍、钨、钼矿资源储量', 'lizhili', '21', '中新网1月30日电 随着春节逐渐临近，每年唯一的烟花爆竹销售燃放季即将开始，这对原本已经屡屡爆表的空气质量无异于雪上加霜。根据媒体报道，2012年除夕夜北京PM2.5数据在短短几小时内暴增80倍，市民开始对是否燃放烟花爆竹进行反思，相对应的，却是节能减排相应政策法规对烟花爆竹燃放监管的缺失。\n\n                   北京雾霾又来侵袭，多日不见阳光，空气中弥散着烟灰的味道，看不见摸不着的PM2.5让人心生恐慌，新一轮口罩采购潮涌起。上一次雾霾的消散基本靠“吹”，而本轮还只能依靠冷空气吗？\n\n                   北京2013年春节烟花爆竹将于2月5日也就是腊月二十五正式开卖，现在烟花鞭炮公司已经开始向各个销售网点配送烟花。10天后，大量烟花爆竹将在城市、乡村的各个角落中升腾、炸响。已经不堪重负的北京空气恐将愈加不堪。', '1', '钼', '1', 'lizhili', '2013-01-31 00:00:00', '2013-01-31 00:00:00', '0');
INSERT INTO mu_article VALUES ('203', '  2012年我国新增铁、锰、镍、钨、钼矿资源储量', 'lizhili', '21', '中新网1月30日电 随着春节逐渐临近，每年唯一的烟花爆竹销售燃放季即将开始，这对原本已经屡屡爆表的空气质量无异于雪上加霜。根据媒体报道，2012年除夕夜北京PM2.5数据在短短几小时内暴增80倍，市民开始对是否燃放烟花爆竹进行反思，相对应的，却是节能减排相应政策法规对烟花爆竹燃放监管的缺失。\n\n                   北京雾霾又来侵袭，多日不见阳光，空气中弥散着烟灰的味道，看不见摸不着的PM2.5让人心生恐慌，新一轮口罩采购潮涌起。上一次雾霾的消散基本靠“吹”，而本轮还只能依靠冷空气吗？\n\n                   北京2013年春节烟花爆竹将于2月5日也就是腊月二十五正式开卖，现在烟花鞭炮公司已经开始向各个销售网点配送烟花。10天后，大量烟花爆竹将在城市、乡村的各个角落中升腾、炸响。已经不堪重负的北京空气恐将愈加不堪。', '1', '钼', '1', 'lizhili', '2013-01-31 00:00:00', '2013-01-31 00:00:00', '1');
INSERT INTO mu_article VALUES ('204', '  近期钢厂钼铁招标汇总（920吨/6家）', 'lizhili', '21', '中新网1月30日电 随着春节逐渐临近，每年唯一的烟花爆竹销售燃放季即将开始，这对原本已经屡屡爆表的空气质量无异于雪上加霜。根据媒体报道，2012年除夕夜北京PM2.5数据在短短几小时内暴增80倍，市民开始对是否燃放烟花爆竹进行反思，相对应的，却是节能减排相应政策法规对烟花爆竹燃放监管的缺失。\n\n                   北京雾霾又来侵袭，多日不见阳光，空气中弥散着烟灰的味道，看不见摸不着的PM2.5让人心生恐慌，新一轮口罩采购潮涌起。上一次雾霾的消散基本靠“吹”，而本轮还只能依靠冷空气吗？\n\n                   北京2013年春节烟花爆竹将于2月5日也就是腊月二十五正式开卖，现在烟花鞭炮公司已经开始向各个销售网点配送烟花。10天后，大量烟花爆竹将在城市、乡村的各个角落中升腾、炸响。已经不堪重负的北京空气恐将愈加不堪。', '1', '钼', '1', 'lizhili', '2013-01-31 00:00:00', '2013-01-31 00:00:00', '1');
INSERT INTO mu_article VALUES ('205', '  武钢预计今年减税7300万', 'lizhili', '21', '中新网1月30日电 随着春节逐渐临近，每年唯一的烟花爆竹销售燃放季即将开始，这对原本已经屡屡爆表的空气质量无异于雪上加霜。根据媒体报道，2012年除夕夜北京PM2.5数据在短短几小时内暴增80倍，市民开始对是否燃放烟花爆竹进行反思，相对应的，却是节能减排相应政策法规对烟花爆竹燃放监管的缺失。\n\n                   北京雾霾又来侵袭，多日不见阳光，空气中弥散着烟灰的味道，看不见摸不着的PM2.5让人心生恐慌，新一轮口罩采购潮涌起。上一次雾霾的消散基本靠“吹”，而本轮还只能依靠冷空气吗？\n\n                   北京2013年春节烟花爆竹将于2月5日也就是腊月二十五正式开卖，现在烟花鞭炮公司已经开始向各个销售网点配送烟花。10天后，大量烟花爆竹将在城市、乡村的各个角落中升腾、炸响。已经不堪重负的北京空气恐将愈加不堪。', '1', '钼', '1', 'lizhili', '2013-01-31 00:00:00', '2013-01-31 00:00:00', '0');
INSERT INTO mu_article VALUES ('206', '  武钢预计今年减税7300万', 'lizhili', '21', '中新网1月30日电 随着春节逐渐临近，每年唯一的烟花爆竹销售燃放季即将开始，这对原本已经屡屡爆表的空气质量无异于雪上加霜。根据媒体报道，2012年除夕夜北京PM2.5数据在短短几小时内暴增80倍，市民开始对是否燃放烟花爆竹进行反思，相对应的，却是节能减排相应政策法规对烟花爆竹燃放监管的缺失。\n\n                   北京雾霾又来侵袭，多日不见阳光，空气中弥散着烟灰的味道，看不见摸不着的PM2.5让人心生恐慌，新一轮口罩采购潮涌起。上一次雾霾的消散基本靠“吹”，而本轮还只能依靠冷空气吗？\n\n                   北京2013年春节烟花爆竹将于2月5日也就是腊月二十五正式开卖，现在烟花鞭炮公司已经开始向各个销售网点配送烟花。10天后，大量烟花爆竹将在城市、乡村的各个角落中升腾、炸响。已经不堪重负的北京空气恐将愈加不堪。', '1', '钼', '1', 'lizhili', '2013-01-31 00:00:00', '2013-01-31 00:00:00', '0');
INSERT INTO mu_article VALUES ('207', '  钼股份荣获“陕西省质量信用等级A级企业”称', 'lizhili', '21', '中新网1月30日电 随着春节逐渐临近，每年唯一的烟花爆竹销售燃放季即将开始，这对原本已经屡屡爆表的空气质量无异于雪上加霜。根据媒体报道，2012年除夕夜北京PM2.5数据在短短几小时内暴增80倍，市民开始对是否燃放烟花爆竹进行反思，相对应的，却是节能减排相应政策法规对烟花爆竹燃放监管的缺失。\n\n                   北京雾霾又来侵袭，多日不见阳光，空气中弥散着烟灰的味道，看不见摸不着的PM2.5让人心生恐慌，新一轮口罩采购潮涌起。上一次雾霾的消散基本靠“吹”，而本轮还只能依靠冷空气吗？\n\n                   北京2013年春节烟花爆竹将于2月5日也就是腊月二十五正式开卖，现在烟花鞭炮公司已经开始向各个销售网点配送烟花。10天后，大量烟花爆竹将在城市、乡村的各个角落中升腾、炸响。已经不堪重负的北京空气恐将愈加不堪。', '1', '钼', '1', 'lizhili', '2013-01-31 00:00:00', '2013-01-31 00:00:00', '0');
INSERT INTO mu_article VALUES ('208', '  辽宁发生5.1级地震 当地矿企未受影响', 'lizhili', '21', '中新网1月30日电 随着春节逐渐临近，每年唯一的烟花爆竹销售燃放季即将开始，这对原本已经屡屡爆表的空气质量无异于雪上加霜。根据媒体报道，2012年除夕夜北京PM2.5数据在短短几小时内暴增80倍，市民开始对是否燃放烟花爆竹进行反思，相对应的，却是节能减排相应政策法规对烟花爆竹燃放监管的缺失。\n\n                   北京雾霾又来侵袭，多日不见阳光，空气中弥散着烟灰的味道，看不见摸不着的PM2.5让人心生恐慌，新一轮口罩采购潮涌起。上一次雾霾的消散基本靠“吹”，而本轮还只能依靠冷空气吗？\n\n                   北京2013年春节烟花爆竹将于2月5日也就是腊月二十五正式开卖，现在烟花鞭炮公司已经开始向各个销售网点配送烟花。10天后，大量烟花爆竹将在城市、乡村的各个角落中升腾、炸响。已经不堪重负的北京空气恐将愈加不堪。', '1', '钼', '1', 'lizhili', '2013-01-31 00:00:00', '2013-01-31 00:00:00', '1');
INSERT INTO mu_article VALUES ('209', '  铁路货运提价或上半年推出 提价一分约增收200', 'lizhili', '21', '中新网1月30日电 随着春节逐渐临近，每年唯一的烟花爆竹销售燃放季即将开始，这对原本已经屡屡爆表的空气质量无异于雪上加霜。根据媒体报道，2012年除夕夜北京PM2.5数据在短短几小时内暴增80倍，市民开始对是否燃放烟花爆竹进行反思，相对应的，却是节能减排相应政策法规对烟花爆竹燃放监管的缺失。\n\n                   北京雾霾又来侵袭，多日不见阳光，空气中弥散着烟灰的味道，看不见摸不着的PM2.5让人心生恐慌，新一轮口罩采购潮涌起。上一次雾霾的消散基本靠“吹”，而本轮还只能依靠冷空气吗？\n\n                   北京2013年春节烟花爆竹将于2月5日也就是腊月二十五正式开卖，现在烟花鞭炮公司已经开始向各个销售网点配送烟花。10天后，大量烟花爆竹将在城市、乡村的各个角落中升腾、炸响。已经不堪重负的北京空气恐将愈加不堪。', '1', '钼', '1', 'lizhili', '2013-01-31 00:00:00', '2013-01-31 00:00:00', '1');
INSERT INTO mu_article VALUES ('210', '  乌海三美国际矿业高管拜访中信锦州公司', 'lizhili', '21', '中新网1月30日电 随着春节逐渐临近，每年唯一的烟花爆竹销售燃放季即将开始，这对原本已经屡屡爆表的空气质量无异于雪上加霜。根据媒体报道，2012年除夕夜北京PM2.5数据在短短几小时内暴增80倍，市民开始对是否燃放烟花爆竹进行反思，相对应的，却是节能减排相应政策法规对烟花爆竹燃放监管的缺失。\n\n                   北京雾霾又来侵袭，多日不见阳光，空气中弥散着烟灰的味道，看不见摸不着的PM2.5让人心生恐慌，新一轮口罩采购潮涌起。上一次雾霾的消散基本靠“吹”，而本轮还只能依靠冷空气吗？\n\n                   北京2013年春节烟花爆竹将于2月5日也就是腊月二十五正式开卖，现在烟花鞭炮公司已经开始向各个销售网点配送烟花。10天后，大量烟花爆竹将在城市、乡村的各个角落中升腾、炸响。已经不堪重负的北京空气恐将愈加不堪。', '1', '钼', '1', 'lizhili', '2013-01-31 00:00:00', '2013-01-31 00:00:00', '1');
INSERT INTO mu_article VALUES ('211', '  有色金属行业:钓鱼岛争端升温,战争金属上火,', 'lizhili', '21', '中新网1月30日电 随着春节逐渐临近，每年唯一的烟花爆竹销售燃放季即将开始，这对原本已经屡屡爆表的空气质量无异于雪上加霜。根据媒体报道，2012年除夕夜北京PM2.5数据在短短几小时内暴增80倍，市民开始对是否燃放烟花爆竹进行反思，相对应的，却是节能减排相应政策法规对烟花爆竹燃放监管的缺失。\n\n                   北京雾霾又来侵袭，多日不见阳光，空气中弥散着烟灰的味道，看不见摸不着的PM2.5让人心生恐慌，新一轮口罩采购潮涌起。上一次雾霾的消散基本靠“吹”，而本轮还只能依靠冷空气吗？\n\n                   北京2013年春节烟花爆竹将于2月5日也就是腊月二十五正式开卖，现在烟花鞭炮公司已经开始向各个销售网点配送烟花。10天后，大量烟花爆竹将在城市、乡村的各个角落中升腾、炸响。已经不堪重负的北京空气恐将愈加不堪。', '1', '钼', '1', 'lizhili', '2013-01-31 00:00:00', '2013-01-31 00:00:00', '1');
INSERT INTO mu_article VALUES ('212', '  有色金属行业:钓鱼岛争端升温,战争金属上火,', 'lizhili', '21', '中新网1月30日电 随着春节逐渐临近，每年唯一的烟花爆竹销售燃放季即将开始，这对原本已经屡屡爆表的空气质量无异于雪上加霜。根据媒体报道，2012年除夕夜北京PM2.5数据在短短几小时内暴增80倍，市民开始对是否燃放烟花爆竹进行反思，相对应的，却是节能减排相应政策法规对烟花爆竹燃放监管的缺失。\n\n                   北京雾霾又来侵袭，多日不见阳光，空气中弥散着烟灰的味道，看不见摸不着的PM2.5让人心生恐慌，新一轮口罩采购潮涌起。上一次雾霾的消散基本靠“吹”，而本轮还只能依靠冷空气吗？\n\n                   北京2013年春节烟花爆竹将于2月5日也就是腊月二十五正式开卖，现在烟花鞭炮公司已经开始向各个销售网点配送烟花。10天后，大量烟花爆竹将在城市、乡村的各个角落中升腾、炸响。已经不堪重负的北京空气恐将愈加不堪。', '1', '钼', '1', 'lizhili', '2013-01-31 00:00:00', '2013-01-31 00:00:00', '0');
INSERT INTO mu_article VALUES ('213', '  2013年固定资产投资预计增8万亿 多省GDP预增1', 'lizhili', '21', '中新网1月30日电 随着春节逐渐临近，每年唯一的烟花爆竹销售燃放季即将开始，这对原本已经屡屡爆表的空气质量无异于雪上加霜。根据媒体报道，2012年除夕夜北京PM2.5数据在短短几小时内暴增80倍，市民开始对是否燃放烟花爆竹进行反思，相对应的，却是节能减排相应政策法规对烟花爆竹燃放监管的缺失。\n\n                   北京雾霾又来侵袭，多日不见阳光，空气中弥散着烟灰的味道，看不见摸不着的PM2.5让人心生恐慌，新一轮口罩采购潮涌起。上一次雾霾的消散基本靠“吹”，而本轮还只能依靠冷空气吗？\n\n                   北京2013年春节烟花爆竹将于2月5日也就是腊月二十五正式开卖，现在烟花鞭炮公司已经开始向各个销售网点配送烟花。10天后，大量烟花爆竹将在城市、乡村的各个角落中升腾、炸响。已经不堪重负的北京空气恐将愈加不堪。', '1', '钼', '1', 'lizhili', '2013-01-31 00:00:00', '2013-01-31 00:00:00', '0');
INSERT INTO mu_article VALUES ('214', '  宝钢提前大幅上调3月份钢价', 'lizhili', '21', '中新网1月30日电 随着春节逐渐临近，每年唯一的烟花爆竹销售燃放季即将开始，这对原本已经屡屡爆表的空气质量无异于雪上加霜。根据媒体报道，2012年除夕夜北京PM2.5数据在短短几小时内暴增80倍，市民开始对是否燃放烟花爆竹进行反思，相对应的，却是节能减排相应政策法规对烟花爆竹燃放监管的缺失。\n\n                   北京雾霾又来侵袭，多日不见阳光，空气中弥散着烟灰的味道，看不见摸不着的PM2.5让人心生恐慌，新一轮口罩采购潮涌起。上一次雾霾的消散基本靠“吹”，而本轮还只能依靠冷空气吗？\n\n                   北京2013年春节烟花爆竹将于2月5日也就是腊月二十五正式开卖，现在烟花鞭炮公司已经开始向各个销售网点配送烟花。10天后，大量烟花爆竹将在城市、乡村的各个角落中升腾、炸响。已经不堪重负的北京空气恐将愈加不堪。', '1', '钼', '1', 'lizhili', '2013-01-31 00:00:00', '2013-01-31 00:00:00', '1');
INSERT INTO mu_article VALUES ('215', '  钼股份荣获“陕西省质量信用等级A级企业”称', 'lizhili', '21', '中新网1月30日电 随着春节逐渐临近，每年唯一的烟花爆竹销售燃放季即将开始，这对原本已经屡屡爆表的空气质量无异于雪上加霜。根据媒体报道，2012年除夕夜北京PM2.5数据在短短几小时内暴增80倍，市民开始对是否燃放烟花爆竹进行反思，相对应的，却是节能减排相应政策法规对烟花爆竹燃放监管的缺失。\n\n                   北京雾霾又来侵袭，多日不见阳光，空气中弥散着烟灰的味道，看不见摸不着的PM2.5让人心生恐慌，新一轮口罩采购潮涌起。上一次雾霾的消散基本靠“吹”，而本轮还只能依靠冷空气吗？\n\n                   北京2013年春节烟花爆竹将于2月5日也就是腊月二十五正式开卖，现在烟花鞭炮公司已经开始向各个销售网点配送烟花。10天后，大量烟花爆竹将在城市、乡村的各个角落中升腾、炸响。已经不堪重负的北京空气恐将愈加不堪。', '1', '钼', '1', 'lizhili', '2013-01-31 00:00:00', '2013-01-31 00:00:00', '0');
INSERT INTO mu_article VALUES ('216', '  宝钢提前大幅上调3月份钢价', 'lizhili', '21', '中新网1月30日电 随着春节逐渐临近，每年唯一的烟花爆竹销售燃放季即将开始，这对原本已经屡屡爆表的空气质量无异于雪上加霜。根据媒体报道，2012年除夕夜北京PM2.5数据在短短几小时内暴增80倍，市民开始对是否燃放烟花爆竹进行反思，相对应的，却是节能减排相应政策法规对烟花爆竹燃放监管的缺失。\n\n                   北京雾霾又来侵袭，多日不见阳光，空气中弥散着烟灰的味道，看不见摸不着的PM2.5让人心生恐慌，新一轮口罩采购潮涌起。上一次雾霾的消散基本靠“吹”，而本轮还只能依靠冷空气吗？\n\n                   北京2013年春节烟花爆竹将于2月5日也就是腊月二十五正式开卖，现在烟花鞭炮公司已经开始向各个销售网点配送烟花。10天后，大量烟花爆竹将在城市、乡村的各个角落中升腾、炸响。已经不堪重负的北京空气恐将愈加不堪。', '1', '钼', '1', 'lizhili', '2013-01-31 00:00:00', '2013-01-31 00:00:00', '0');
INSERT INTO mu_article VALUES ('217', '  2013年固定资产投资预计增8万亿 多省GDP预增1', 'lizhili', '21', '中新网1月30日电 随着春节逐渐临近，每年唯一的烟花爆竹销售燃放季即将开始，这对原本已经屡屡爆表的空气质量无异于雪上加霜。根据媒体报道，2012年除夕夜北京PM2.5数据在短短几小时内暴增80倍，市民开始对是否燃放烟花爆竹进行反思，相对应的，却是节能减排相应政策法规对烟花爆竹燃放监管的缺失。\n\n                   北京雾霾又来侵袭，多日不见阳光，空气中弥散着烟灰的味道，看不见摸不着的PM2.5让人心生恐慌，新一轮口罩采购潮涌起。上一次雾霾的消散基本靠“吹”，而本轮还只能依靠冷空气吗？\n\n                   北京2013年春节烟花爆竹将于2月5日也就是腊月二十五正式开卖，现在烟花鞭炮公司已经开始向各个销售网点配送烟花。10天后，大量烟花爆竹将在城市、乡村的各个角落中升腾、炸响。已经不堪重负的北京空气恐将愈加不堪。', '1', '钼', '1', 'lizhili', '2013-01-31 00:00:00', '2013-01-31 00:00:00', '0');
INSERT INTO mu_article VALUES ('218', '  2012年12月全国进口铁合金分关别统计', 'lizhili', '21', '中新网1月30日电 随着春节逐渐临近，每年唯一的烟花爆竹销售燃放季即将开始，这对原本已经屡屡爆表的空气质量无异于雪上加霜。根据媒体报道，2012年除夕夜北京PM2.5数据在短短几小时内暴增80倍，市民开始对是否燃放烟花爆竹进行反思，相对应的，却是节能减排相应政策法规对烟花爆竹燃放监管的缺失。\n\n                   北京雾霾又来侵袭，多日不见阳光，空气中弥散着烟灰的味道，看不见摸不着的PM2.5让人心生恐慌，新一轮口罩采购潮涌起。上一次雾霾的消散基本靠“吹”，而本轮还只能依靠冷空气吗？\n\n                   北京2013年春节烟花爆竹将于2月5日也就是腊月二十五正式开卖，现在烟花鞭炮公司已经开始向各个销售网点配送烟花。10天后，大量烟花爆竹将在城市、乡村的各个角落中升腾、炸响。已经不堪重负的北京空气恐将愈加不堪。', '1', '钼', '1', 'lizhili', '2013-01-31 00:00:00', '2013-01-31 00:00:00', '1');
INSERT INTO mu_article VALUES ('219', '  有色金属行业:钓鱼岛争端升温,战争金属上火,', 'lizhili', '21', '中新网1月30日电 随着春节逐渐临近，每年唯一的烟花爆竹销售燃放季即将开始，这对原本已经屡屡爆表的空气质量无异于雪上加霜。根据媒体报道，2012年除夕夜北京PM2.5数据在短短几小时内暴增80倍，市民开始对是否燃放烟花爆竹进行反思，相对应的，却是节能减排相应政策法规对烟花爆竹燃放监管的缺失。\n\n                   北京雾霾又来侵袭，多日不见阳光，空气中弥散着烟灰的味道，看不见摸不着的PM2.5让人心生恐慌，新一轮口罩采购潮涌起。上一次雾霾的消散基本靠“吹”，而本轮还只能依靠冷空气吗？\n\n                   北京2013年春节烟花爆竹将于2月5日也就是腊月二十五正式开卖，现在烟花鞭炮公司已经开始向各个销售网点配送烟花。10天后，大量烟花爆竹将在城市、乡村的各个角落中升腾、炸响。已经不堪重负的北京空气恐将愈加不堪。', '1', '钼', '1', 'lizhili', '2013-01-31 00:00:00', '2013-01-31 00:00:00', '0');
INSERT INTO mu_article VALUES ('220', '  乌海三美国际矿业高管拜访中信锦州公司', 'lizhili', '21', '中新网1月30日电 随着春节逐渐临近，每年唯一的烟花爆竹销售燃放季即将开始，这对原本已经屡屡爆表的空气质量无异于雪上加霜。根据媒体报道，2012年除夕夜北京PM2.5数据在短短几小时内暴增80倍，市民开始对是否燃放烟花爆竹进行反思，相对应的，却是节能减排相应政策法规对烟花爆竹燃放监管的缺失。\n\n                   北京雾霾又来侵袭，多日不见阳光，空气中弥散着烟灰的味道，看不见摸不着的PM2.5让人心生恐慌，新一轮口罩采购潮涌起。上一次雾霾的消散基本靠“吹”，而本轮还只能依靠冷空气吗？\n\n                   北京2013年春节烟花爆竹将于2月5日也就是腊月二十五正式开卖，现在烟花鞭炮公司已经开始向各个销售网点配送烟花。10天后，大量烟花爆竹将在城市、乡村的各个角落中升腾、炸响。已经不堪重负的北京空气恐将愈加不堪。', '1', '钼', '1', 'lizhili', '2013-01-31 00:00:00', '2013-01-31 00:00:00', '1');
INSERT INTO mu_article VALUES ('221', '  辽宁发生5.1级地震 当地矿企未受影响', 'lizhili', '21', '中新网1月30日电 随着春节逐渐临近，每年唯一的烟花爆竹销售燃放季即将开始，这对原本已经屡屡爆表的空气质量无异于雪上加霜。根据媒体报道，2012年除夕夜北京PM2.5数据在短短几小时内暴增80倍，市民开始对是否燃放烟花爆竹进行反思，相对应的，却是节能减排相应政策法规对烟花爆竹燃放监管的缺失。\n\n                   北京雾霾又来侵袭，多日不见阳光，空气中弥散着烟灰的味道，看不见摸不着的PM2.5让人心生恐慌，新一轮口罩采购潮涌起。上一次雾霾的消散基本靠“吹”，而本轮还只能依靠冷空气吗？\n\n                   北京2013年春节烟花爆竹将于2月5日也就是腊月二十五正式开卖，现在烟花鞭炮公司已经开始向各个销售网点配送烟花。10天后，大量烟花爆竹将在城市、乡村的各个角落中升腾、炸响。已经不堪重负的北京空气恐将愈加不堪。', '1', '钼', '1', 'lizhili', '2013-01-31 00:00:00', '2013-01-31 00:00:00', '1');
INSERT INTO mu_article VALUES ('222', '  2013年固定资产投资预计增8万亿 多省GDP预增1', 'lizhili', '21', '中新网1月30日电 随着春节逐渐临近，每年唯一的烟花爆竹销售燃放季即将开始，这对原本已经屡屡爆表的空气质量无异于雪上加霜。根据媒体报道，2012年除夕夜北京PM2.5数据在短短几小时内暴增80倍，市民开始对是否燃放烟花爆竹进行反思，相对应的，却是节能减排相应政策法规对烟花爆竹燃放监管的缺失。\n\n                   北京雾霾又来侵袭，多日不见阳光，空气中弥散着烟灰的味道，看不见摸不着的PM2.5让人心生恐慌，新一轮口罩采购潮涌起。上一次雾霾的消散基本靠“吹”，而本轮还只能依靠冷空气吗？\n\n                   北京2013年春节烟花爆竹将于2月5日也就是腊月二十五正式开卖，现在烟花鞭炮公司已经开始向各个销售网点配送烟花。10天后，大量烟花爆竹将在城市、乡村的各个角落中升腾、炸响。已经不堪重负的北京空气恐将愈加不堪。', '1', '钼', '1', 'lizhili', '2013-01-31 00:00:00', '2013-01-31 00:00:00', '1');
INSERT INTO mu_article VALUES ('223', '  2012年12月全国进口铁合金分国别统计', 'lizhili', '21', '中新网1月30日电 随着春节逐渐临近，每年唯一的烟花爆竹销售燃放季即将开始，这对原本已经屡屡爆表的空气质量无异于雪上加霜。根据媒体报道，2012年除夕夜北京PM2.5数据在短短几小时内暴增80倍，市民开始对是否燃放烟花爆竹进行反思，相对应的，却是节能减排相应政策法规对烟花爆竹燃放监管的缺失。\n\n                   北京雾霾又来侵袭，多日不见阳光，空气中弥散着烟灰的味道，看不见摸不着的PM2.5让人心生恐慌，新一轮口罩采购潮涌起。上一次雾霾的消散基本靠“吹”，而本轮还只能依靠冷空气吗？\n\n                   北京2013年春节烟花爆竹将于2月5日也就是腊月二十五正式开卖，现在烟花鞭炮公司已经开始向各个销售网点配送烟花。10天后，大量烟花爆竹将在城市、乡村的各个角落中升腾、炸响。已经不堪重负的北京空气恐将愈加不堪。', '1', '钼', '1', 'lizhili', '2013-01-31 00:00:00', '2013-01-31 00:00:00', '0');
INSERT INTO mu_article VALUES ('224', '  2013年固定资产投资预计增8万亿 多省GDP预增1', 'lizhili', '21', '中新网1月30日电 随着春节逐渐临近，每年唯一的烟花爆竹销售燃放季即将开始，这对原本已经屡屡爆表的空气质量无异于雪上加霜。根据媒体报道，2012年除夕夜北京PM2.5数据在短短几小时内暴增80倍，市民开始对是否燃放烟花爆竹进行反思，相对应的，却是节能减排相应政策法规对烟花爆竹燃放监管的缺失。\n\n                   北京雾霾又来侵袭，多日不见阳光，空气中弥散着烟灰的味道，看不见摸不着的PM2.5让人心生恐慌，新一轮口罩采购潮涌起。上一次雾霾的消散基本靠“吹”，而本轮还只能依靠冷空气吗？\n\n                   北京2013年春节烟花爆竹将于2月5日也就是腊月二十五正式开卖，现在烟花鞭炮公司已经开始向各个销售网点配送烟花。10天后，大量烟花爆竹将在城市、乡村的各个角落中升腾、炸响。已经不堪重负的北京空气恐将愈加不堪。', '1', '钼', '1', 'lizhili', '2013-01-31 00:00:00', '2013-01-31 00:00:00', '1');
INSERT INTO mu_article VALUES ('225', '  辽宁发生5.1级地震 当地矿企未受影响', 'lizhili', '21', '中新网1月30日电 随着春节逐渐临近，每年唯一的烟花爆竹销售燃放季即将开始，这对原本已经屡屡爆表的空气质量无异于雪上加霜。根据媒体报道，2012年除夕夜北京PM2.5数据在短短几小时内暴增80倍，市民开始对是否燃放烟花爆竹进行反思，相对应的，却是节能减排相应政策法规对烟花爆竹燃放监管的缺失。\n\n                   北京雾霾又来侵袭，多日不见阳光，空气中弥散着烟灰的味道，看不见摸不着的PM2.5让人心生恐慌，新一轮口罩采购潮涌起。上一次雾霾的消散基本靠“吹”，而本轮还只能依靠冷空气吗？\n\n                   北京2013年春节烟花爆竹将于2月5日也就是腊月二十五正式开卖，现在烟花鞭炮公司已经开始向各个销售网点配送烟花。10天后，大量烟花爆竹将在城市、乡村的各个角落中升腾、炸响。已经不堪重负的北京空气恐将愈加不堪。', '1', '钼', '1', 'lizhili', '2013-01-31 00:00:00', '2013-01-31 00:00:00', '1');
INSERT INTO mu_article VALUES ('226', '  2012年12月全国进口铁合金分国别统计', 'lizhili', '21', '中新网1月30日电 随着春节逐渐临近，每年唯一的烟花爆竹销售燃放季即将开始，这对原本已经屡屡爆表的空气质量无异于雪上加霜。根据媒体报道，2012年除夕夜北京PM2.5数据在短短几小时内暴增80倍，市民开始对是否燃放烟花爆竹进行反思，相对应的，却是节能减排相应政策法规对烟花爆竹燃放监管的缺失。\n\n                   北京雾霾又来侵袭，多日不见阳光，空气中弥散着烟灰的味道，看不见摸不着的PM2.5让人心生恐慌，新一轮口罩采购潮涌起。上一次雾霾的消散基本靠“吹”，而本轮还只能依靠冷空气吗？\n\n                   北京2013年春节烟花爆竹将于2月5日也就是腊月二十五正式开卖，现在烟花鞭炮公司已经开始向各个销售网点配送烟花。10天后，大量烟花爆竹将在城市、乡村的各个角落中升腾、炸响。已经不堪重负的北京空气恐将愈加不堪。', '1', '钼', '1', 'lizhili', '2013-01-31 00:00:00', '2013-01-31 00:00:00', '0');
INSERT INTO mu_article VALUES ('227', '  2012年我国新增铁、锰、镍、钨、钼矿资源储量', 'lizhili', '21', '中新网1月30日电 随着春节逐渐临近，每年唯一的烟花爆竹销售燃放季即将开始，这对原本已经屡屡爆表的空气质量无异于雪上加霜。根据媒体报道，2012年除夕夜北京PM2.5数据在短短几小时内暴增80倍，市民开始对是否燃放烟花爆竹进行反思，相对应的，却是节能减排相应政策法规对烟花爆竹燃放监管的缺失。\n\n                   北京雾霾又来侵袭，多日不见阳光，空气中弥散着烟灰的味道，看不见摸不着的PM2.5让人心生恐慌，新一轮口罩采购潮涌起。上一次雾霾的消散基本靠“吹”，而本轮还只能依靠冷空气吗？\n\n                   北京2013年春节烟花爆竹将于2月5日也就是腊月二十五正式开卖，现在烟花鞭炮公司已经开始向各个销售网点配送烟花。10天后，大量烟花爆竹将在城市、乡村的各个角落中升腾、炸响。已经不堪重负的北京空气恐将愈加不堪。', '1', '钼', '1', 'lizhili', '2013-01-31 00:00:00', '2013-01-31 00:00:00', '1');
INSERT INTO mu_article VALUES ('228', '  2012年12月全国进口铁合金分关别统计', 'lizhili', '21', '中新网1月30日电 随着春节逐渐临近，每年唯一的烟花爆竹销售燃放季即将开始，这对原本已经屡屡爆表的空气质量无异于雪上加霜。根据媒体报道，2012年除夕夜北京PM2.5数据在短短几小时内暴增80倍，市民开始对是否燃放烟花爆竹进行反思，相对应的，却是节能减排相应政策法规对烟花爆竹燃放监管的缺失。\n\n                   北京雾霾又来侵袭，多日不见阳光，空气中弥散着烟灰的味道，看不见摸不着的PM2.5让人心生恐慌，新一轮口罩采购潮涌起。上一次雾霾的消散基本靠“吹”，而本轮还只能依靠冷空气吗？\n\n                   北京2013年春节烟花爆竹将于2月5日也就是腊月二十五正式开卖，现在烟花鞭炮公司已经开始向各个销售网点配送烟花。10天后，大量烟花爆竹将在城市、乡村的各个角落中升腾、炸响。已经不堪重负的北京空气恐将愈加不堪。', '1', '钼', '1', 'lizhili', '2013-01-31 00:00:00', '2013-01-31 00:00:00', '0');
INSERT INTO mu_article VALUES ('229', '  2012年我国新增铁、锰、镍、钨、钼矿资源储量', 'lizhili', '21', '中新网1月30日电 随着春节逐渐临近，每年唯一的烟花爆竹销售燃放季即将开始，这对原本已经屡屡爆表的空气质量无异于雪上加霜。根据媒体报道，2012年除夕夜北京PM2.5数据在短短几小时内暴增80倍，市民开始对是否燃放烟花爆竹进行反思，相对应的，却是节能减排相应政策法规对烟花爆竹燃放监管的缺失。\n\n                   北京雾霾又来侵袭，多日不见阳光，空气中弥散着烟灰的味道，看不见摸不着的PM2.5让人心生恐慌，新一轮口罩采购潮涌起。上一次雾霾的消散基本靠“吹”，而本轮还只能依靠冷空气吗？\n\n                   北京2013年春节烟花爆竹将于2月5日也就是腊月二十五正式开卖，现在烟花鞭炮公司已经开始向各个销售网点配送烟花。10天后，大量烟花爆竹将在城市、乡村的各个角落中升腾、炸响。已经不堪重负的北京空气恐将愈加不堪。', '1', '钼', '1', 'lizhili', '2013-01-31 00:00:00', '2013-01-31 00:00:00', '0');
INSERT INTO mu_article VALUES ('230', '  2013年固定资产投资预计增8万亿 多省GDP预增1', 'lizhili', '21', '中新网1月30日电 随着春节逐渐临近，每年唯一的烟花爆竹销售燃放季即将开始，这对原本已经屡屡爆表的空气质量无异于雪上加霜。根据媒体报道，2012年除夕夜北京PM2.5数据在短短几小时内暴增80倍，市民开始对是否燃放烟花爆竹进行反思，相对应的，却是节能减排相应政策法规对烟花爆竹燃放监管的缺失。\n\n                   北京雾霾又来侵袭，多日不见阳光，空气中弥散着烟灰的味道，看不见摸不着的PM2.5让人心生恐慌，新一轮口罩采购潮涌起。上一次雾霾的消散基本靠“吹”，而本轮还只能依靠冷空气吗？\n\n                   北京2013年春节烟花爆竹将于2月5日也就是腊月二十五正式开卖，现在烟花鞭炮公司已经开始向各个销售网点配送烟花。10天后，大量烟花爆竹将在城市、乡村的各个角落中升腾、炸响。已经不堪重负的北京空气恐将愈加不堪。', '1', '钼', '1', 'lizhili', '2013-01-31 00:00:00', '2013-01-31 00:00:00', '1');
INSERT INTO mu_article VALUES ('231', '  武钢预计今年减税7300万', 'lizhili', '21', '中新网1月30日电 随着春节逐渐临近，每年唯一的烟花爆竹销售燃放季即将开始，这对原本已经屡屡爆表的空气质量无异于雪上加霜。根据媒体报道，2012年除夕夜北京PM2.5数据在短短几小时内暴增80倍，市民开始对是否燃放烟花爆竹进行反思，相对应的，却是节能减排相应政策法规对烟花爆竹燃放监管的缺失。\n\n                   北京雾霾又来侵袭，多日不见阳光，空气中弥散着烟灰的味道，看不见摸不着的PM2.5让人心生恐慌，新一轮口罩采购潮涌起。上一次雾霾的消散基本靠“吹”，而本轮还只能依靠冷空气吗？\n\n                   北京2013年春节烟花爆竹将于2月5日也就是腊月二十五正式开卖，现在烟花鞭炮公司已经开始向各个销售网点配送烟花。10天后，大量烟花爆竹将在城市、乡村的各个角落中升腾、炸响。已经不堪重负的北京空气恐将愈加不堪。', '1', '钼', '1', 'lizhili', '2013-01-31 00:00:00', '2013-01-31 00:00:00', '1');
INSERT INTO mu_article VALUES ('232', '  2012年全国粗钢产量同比增长3.1%', 'lizhili', '21', '中新网1月30日电 随着春节逐渐临近，每年唯一的烟花爆竹销售燃放季即将开始，这对原本已经屡屡爆表的空气质量无异于雪上加霜。根据媒体报道，2012年除夕夜北京PM2.5数据在短短几小时内暴增80倍，市民开始对是否燃放烟花爆竹进行反思，相对应的，却是节能减排相应政策法规对烟花爆竹燃放监管的缺失。\n\n                   北京雾霾又来侵袭，多日不见阳光，空气中弥散着烟灰的味道，看不见摸不着的PM2.5让人心生恐慌，新一轮口罩采购潮涌起。上一次雾霾的消散基本靠“吹”，而本轮还只能依靠冷空气吗？\n\n                   北京2013年春节烟花爆竹将于2月5日也就是腊月二十五正式开卖，现在烟花鞭炮公司已经开始向各个销售网点配送烟花。10天后，大量烟花爆竹将在城市、乡村的各个角落中升腾、炸响。已经不堪重负的北京空气恐将愈加不堪。', '1', '钼', '1', 'lizhili', '2013-01-31 00:00:00', '2013-01-31 00:00:00', '1');
INSERT INTO mu_article VALUES ('233', '  2013年固定资产投资预计增8万亿 多省GDP预增1', 'lizhili', '21', '中新网1月30日电 随着春节逐渐临近，每年唯一的烟花爆竹销售燃放季即将开始，这对原本已经屡屡爆表的空气质量无异于雪上加霜。根据媒体报道，2012年除夕夜北京PM2.5数据在短短几小时内暴增80倍，市民开始对是否燃放烟花爆竹进行反思，相对应的，却是节能减排相应政策法规对烟花爆竹燃放监管的缺失。\n\n                   北京雾霾又来侵袭，多日不见阳光，空气中弥散着烟灰的味道，看不见摸不着的PM2.5让人心生恐慌，新一轮口罩采购潮涌起。上一次雾霾的消散基本靠“吹”，而本轮还只能依靠冷空气吗？\n\n                   北京2013年春节烟花爆竹将于2月5日也就是腊月二十五正式开卖，现在烟花鞭炮公司已经开始向各个销售网点配送烟花。10天后，大量烟花爆竹将在城市、乡村的各个角落中升腾、炸响。已经不堪重负的北京空气恐将愈加不堪。', '1', '钼', '1', 'lizhili', '2013-01-31 00:00:00', '2013-01-31 00:00:00', '1');
INSERT INTO mu_article VALUES ('234', '  宝钢提前大幅上调3月份钢价', 'lizhili', '21', '中新网1月30日电 随着春节逐渐临近，每年唯一的烟花爆竹销售燃放季即将开始，这对原本已经屡屡爆表的空气质量无异于雪上加霜。根据媒体报道，2012年除夕夜北京PM2.5数据在短短几小时内暴增80倍，市民开始对是否燃放烟花爆竹进行反思，相对应的，却是节能减排相应政策法规对烟花爆竹燃放监管的缺失。\n\n                   北京雾霾又来侵袭，多日不见阳光，空气中弥散着烟灰的味道，看不见摸不着的PM2.5让人心生恐慌，新一轮口罩采购潮涌起。上一次雾霾的消散基本靠“吹”，而本轮还只能依靠冷空气吗？\n\n                   北京2013年春节烟花爆竹将于2月5日也就是腊月二十五正式开卖，现在烟花鞭炮公司已经开始向各个销售网点配送烟花。10天后，大量烟花爆竹将在城市、乡村的各个角落中升腾、炸响。已经不堪重负的北京空气恐将愈加不堪。', '1', '钼', '1', 'lizhili', '2013-01-31 00:00:00', '2013-01-31 00:00:00', '1');
INSERT INTO mu_article VALUES ('235', '  2012年全国粗钢产量同比增长3.1%', 'lizhili', '21', '中新网1月30日电 随着春节逐渐临近，每年唯一的烟花爆竹销售燃放季即将开始，这对原本已经屡屡爆表的空气质量无异于雪上加霜。根据媒体报道，2012年除夕夜北京PM2.5数据在短短几小时内暴增80倍，市民开始对是否燃放烟花爆竹进行反思，相对应的，却是节能减排相应政策法规对烟花爆竹燃放监管的缺失。\n\n                   北京雾霾又来侵袭，多日不见阳光，空气中弥散着烟灰的味道，看不见摸不着的PM2.5让人心生恐慌，新一轮口罩采购潮涌起。上一次雾霾的消散基本靠“吹”，而本轮还只能依靠冷空气吗？\n\n                   北京2013年春节烟花爆竹将于2月5日也就是腊月二十五正式开卖，现在烟花鞭炮公司已经开始向各个销售网点配送烟花。10天后，大量烟花爆竹将在城市、乡村的各个角落中升腾、炸响。已经不堪重负的北京空气恐将愈加不堪。', '1', '钼', '1', 'lizhili', '2013-01-31 00:00:00', '2013-01-31 00:00:00', '0');
INSERT INTO mu_article VALUES ('236', '  武钢预计今年减税7300万', 'lizhili', '21', '中新网1月30日电 随着春节逐渐临近，每年唯一的烟花爆竹销售燃放季即将开始，这对原本已经屡屡爆表的空气质量无异于雪上加霜。根据媒体报道，2012年除夕夜北京PM2.5数据在短短几小时内暴增80倍，市民开始对是否燃放烟花爆竹进行反思，相对应的，却是节能减排相应政策法规对烟花爆竹燃放监管的缺失。\n\n                   北京雾霾又来侵袭，多日不见阳光，空气中弥散着烟灰的味道，看不见摸不着的PM2.5让人心生恐慌，新一轮口罩采购潮涌起。上一次雾霾的消散基本靠“吹”，而本轮还只能依靠冷空气吗？\n\n                   北京2013年春节烟花爆竹将于2月5日也就是腊月二十五正式开卖，现在烟花鞭炮公司已经开始向各个销售网点配送烟花。10天后，大量烟花爆竹将在城市、乡村的各个角落中升腾、炸响。已经不堪重负的北京空气恐将愈加不堪。', '1', '钼', '1', 'lizhili', '2013-01-31 00:00:00', '2013-01-31 00:00:00', '1');
INSERT INTO mu_article VALUES ('237', '  我国确定今年工业节能减排目标', 'lizhili', '21', '中新网1月30日电 随着春节逐渐临近，每年唯一的烟花爆竹销售燃放季即将开始，这对原本已经屡屡爆表的空气质量无异于雪上加霜。根据媒体报道，2012年除夕夜北京PM2.5数据在短短几小时内暴增80倍，市民开始对是否燃放烟花爆竹进行反思，相对应的，却是节能减排相应政策法规对烟花爆竹燃放监管的缺失。\n\n                   北京雾霾又来侵袭，多日不见阳光，空气中弥散着烟灰的味道，看不见摸不着的PM2.5让人心生恐慌，新一轮口罩采购潮涌起。上一次雾霾的消散基本靠“吹”，而本轮还只能依靠冷空气吗？\n\n                   北京2013年春节烟花爆竹将于2月5日也就是腊月二十五正式开卖，现在烟花鞭炮公司已经开始向各个销售网点配送烟花。10天后，大量烟花爆竹将在城市、乡村的各个角落中升腾、炸响。已经不堪重负的北京空气恐将愈加不堪。', '1', '钼', '1', 'lizhili', '2013-01-31 00:00:00', '2013-01-31 00:00:00', '1');
INSERT INTO mu_article VALUES ('238', '  2012年全国粗钢产量同比增长3.1%', 'lizhili', '21', '中新网1月30日电 随着春节逐渐临近，每年唯一的烟花爆竹销售燃放季即将开始，这对原本已经屡屡爆表的空气质量无异于雪上加霜。根据媒体报道，2012年除夕夜北京PM2.5数据在短短几小时内暴增80倍，市民开始对是否燃放烟花爆竹进行反思，相对应的，却是节能减排相应政策法规对烟花爆竹燃放监管的缺失。\n\n                   北京雾霾又来侵袭，多日不见阳光，空气中弥散着烟灰的味道，看不见摸不着的PM2.5让人心生恐慌，新一轮口罩采购潮涌起。上一次雾霾的消散基本靠“吹”，而本轮还只能依靠冷空气吗？\n\n                   北京2013年春节烟花爆竹将于2月5日也就是腊月二十五正式开卖，现在烟花鞭炮公司已经开始向各个销售网点配送烟花。10天后，大量烟花爆竹将在城市、乡村的各个角落中升腾、炸响。已经不堪重负的北京空气恐将愈加不堪。', '1', '钼', '1', 'lizhili', '2013-01-31 00:00:00', '2013-01-31 00:00:00', '1');
INSERT INTO mu_article VALUES ('239', '  武钢预计今年减税7300万', 'lizhili', '21', '中新网1月30日电 随着春节逐渐临近，每年唯一的烟花爆竹销售燃放季即将开始，这对原本已经屡屡爆表的空气质量无异于雪上加霜。根据媒体报道，2012年除夕夜北京PM2.5数据在短短几小时内暴增80倍，市民开始对是否燃放烟花爆竹进行反思，相对应的，却是节能减排相应政策法规对烟花爆竹燃放监管的缺失。\n\n                   北京雾霾又来侵袭，多日不见阳光，空气中弥散着烟灰的味道，看不见摸不着的PM2.5让人心生恐慌，新一轮口罩采购潮涌起。上一次雾霾的消散基本靠“吹”，而本轮还只能依靠冷空气吗？\n\n                   北京2013年春节烟花爆竹将于2月5日也就是腊月二十五正式开卖，现在烟花鞭炮公司已经开始向各个销售网点配送烟花。10天后，大量烟花爆竹将在城市、乡村的各个角落中升腾、炸响。已经不堪重负的北京空气恐将愈加不堪。', '1', '钼', '1', 'lizhili', '2013-01-31 00:00:00', '2013-01-31 00:00:00', '1');
INSERT INTO mu_article VALUES ('240', '  近期钢厂钼铁招标汇总（920吨/6家）', 'lizhili', '21', '中新网1月30日电 随着春节逐渐临近，每年唯一的烟花爆竹销售燃放季即将开始，这对原本已经屡屡爆表的空气质量无异于雪上加霜。根据媒体报道，2012年除夕夜北京PM2.5数据在短短几小时内暴增80倍，市民开始对是否燃放烟花爆竹进行反思，相对应的，却是节能减排相应政策法规对烟花爆竹燃放监管的缺失。\n\n                   北京雾霾又来侵袭，多日不见阳光，空气中弥散着烟灰的味道，看不见摸不着的PM2.5让人心生恐慌，新一轮口罩采购潮涌起。上一次雾霾的消散基本靠“吹”，而本轮还只能依靠冷空气吗？\n\n                   北京2013年春节烟花爆竹将于2月5日也就是腊月二十五正式开卖，现在烟花鞭炮公司已经开始向各个销售网点配送烟花。10天后，大量烟花爆竹将在城市、乡村的各个角落中升腾、炸响。已经不堪重负的北京空气恐将愈加不堪。', '1', '钼', '1', 'lizhili', '2013-01-31 00:00:00', '2013-01-31 00:00:00', '0');
INSERT INTO mu_article VALUES ('241', '  我国确定今年工业节能减排目标', 'lizhili', '21', '中新网1月30日电 随着春节逐渐临近，每年唯一的烟花爆竹销售燃放季即将开始，这对原本已经屡屡爆表的空气质量无异于雪上加霜。根据媒体报道，2012年除夕夜北京PM2.5数据在短短几小时内暴增80倍，市民开始对是否燃放烟花爆竹进行反思，相对应的，却是节能减排相应政策法规对烟花爆竹燃放监管的缺失。\n\n                   北京雾霾又来侵袭，多日不见阳光，空气中弥散着烟灰的味道，看不见摸不着的PM2.5让人心生恐慌，新一轮口罩采购潮涌起。上一次雾霾的消散基本靠“吹”，而本轮还只能依靠冷空气吗？\n\n                   北京2013年春节烟花爆竹将于2月5日也就是腊月二十五正式开卖，现在烟花鞭炮公司已经开始向各个销售网点配送烟花。10天后，大量烟花爆竹将在城市、乡村的各个角落中升腾、炸响。已经不堪重负的北京空气恐将愈加不堪。', '1', '钼', '1', 'lizhili', '2013-01-31 00:00:00', '2013-01-31 00:00:00', '1');
INSERT INTO mu_article VALUES ('242', '  2013年固定资产投资预计增8万亿 多省GDP预增1', 'lizhili', '21', '中新网1月30日电 随着春节逐渐临近，每年唯一的烟花爆竹销售燃放季即将开始，这对原本已经屡屡爆表的空气质量无异于雪上加霜。根据媒体报道，2012年除夕夜北京PM2.5数据在短短几小时内暴增80倍，市民开始对是否燃放烟花爆竹进行反思，相对应的，却是节能减排相应政策法规对烟花爆竹燃放监管的缺失。\n\n                   北京雾霾又来侵袭，多日不见阳光，空气中弥散着烟灰的味道，看不见摸不着的PM2.5让人心生恐慌，新一轮口罩采购潮涌起。上一次雾霾的消散基本靠“吹”，而本轮还只能依靠冷空气吗？\n\n                   北京2013年春节烟花爆竹将于2月5日也就是腊月二十五正式开卖，现在烟花鞭炮公司已经开始向各个销售网点配送烟花。10天后，大量烟花爆竹将在城市、乡村的各个角落中升腾、炸响。已经不堪重负的北京空气恐将愈加不堪。', '1', '钼', '1', 'lizhili', '2013-01-31 00:00:00', '2013-01-31 00:00:00', '0');
INSERT INTO mu_article VALUES ('243', '  2012年我国新增铁、锰、镍、钨、钼矿资源储量', 'lizhili', '21', '中新网1月30日电 随着春节逐渐临近，每年唯一的烟花爆竹销售燃放季即将开始，这对原本已经屡屡爆表的空气质量无异于雪上加霜。根据媒体报道，2012年除夕夜北京PM2.5数据在短短几小时内暴增80倍，市民开始对是否燃放烟花爆竹进行反思，相对应的，却是节能减排相应政策法规对烟花爆竹燃放监管的缺失。\n\n                   北京雾霾又来侵袭，多日不见阳光，空气中弥散着烟灰的味道，看不见摸不着的PM2.5让人心生恐慌，新一轮口罩采购潮涌起。上一次雾霾的消散基本靠“吹”，而本轮还只能依靠冷空气吗？\n\n                   北京2013年春节烟花爆竹将于2月5日也就是腊月二十五正式开卖，现在烟花鞭炮公司已经开始向各个销售网点配送烟花。10天后，大量烟花爆竹将在城市、乡村的各个角落中升腾、炸响。已经不堪重负的北京空气恐将愈加不堪。', '1', '钼', '1', 'lizhili', '2013-01-31 00:00:00', '2013-01-31 00:00:00', '0');
INSERT INTO mu_article VALUES ('244', '  辽宁发生5.1级地震 当地矿企未受影响', 'lizhili', '21', '中新网1月30日电 随着春节逐渐临近，每年唯一的烟花爆竹销售燃放季即将开始，这对原本已经屡屡爆表的空气质量无异于雪上加霜。根据媒体报道，2012年除夕夜北京PM2.5数据在短短几小时内暴增80倍，市民开始对是否燃放烟花爆竹进行反思，相对应的，却是节能减排相应政策法规对烟花爆竹燃放监管的缺失。\n\n                   北京雾霾又来侵袭，多日不见阳光，空气中弥散着烟灰的味道，看不见摸不着的PM2.5让人心生恐慌，新一轮口罩采购潮涌起。上一次雾霾的消散基本靠“吹”，而本轮还只能依靠冷空气吗？\n\n                   北京2013年春节烟花爆竹将于2月5日也就是腊月二十五正式开卖，现在烟花鞭炮公司已经开始向各个销售网点配送烟花。10天后，大量烟花爆竹将在城市、乡村的各个角落中升腾、炸响。已经不堪重负的北京空气恐将愈加不堪。', '1', '钼', '1', 'lizhili', '2013-01-31 00:00:00', '2013-01-31 00:00:00', '1');
INSERT INTO mu_article VALUES ('245', '  2012年全国粗钢产量同比增长3.1%', 'lizhili', '21', '中新网1月30日电 随着春节逐渐临近，每年唯一的烟花爆竹销售燃放季即将开始，这对原本已经屡屡爆表的空气质量无异于雪上加霜。根据媒体报道，2012年除夕夜北京PM2.5数据在短短几小时内暴增80倍，市民开始对是否燃放烟花爆竹进行反思，相对应的，却是节能减排相应政策法规对烟花爆竹燃放监管的缺失。\n\n                   北京雾霾又来侵袭，多日不见阳光，空气中弥散着烟灰的味道，看不见摸不着的PM2.5让人心生恐慌，新一轮口罩采购潮涌起。上一次雾霾的消散基本靠“吹”，而本轮还只能依靠冷空气吗？\n\n                   北京2013年春节烟花爆竹将于2月5日也就是腊月二十五正式开卖，现在烟花鞭炮公司已经开始向各个销售网点配送烟花。10天后，大量烟花爆竹将在城市、乡村的各个角落中升腾、炸响。已经不堪重负的北京空气恐将愈加不堪。', '1', '钼', '1', 'lizhili', '2013-01-31 00:00:00', '2013-01-31 00:00:00', '0');
INSERT INTO mu_article VALUES ('246', '  有色金属行业:钓鱼岛争端升温,战争金属上火,', 'lizhili', '21', '中新网1月30日电 随着春节逐渐临近，每年唯一的烟花爆竹销售燃放季即将开始，这对原本已经屡屡爆表的空气质量无异于雪上加霜。根据媒体报道，2012年除夕夜北京PM2.5数据在短短几小时内暴增80倍，市民开始对是否燃放烟花爆竹进行反思，相对应的，却是节能减排相应政策法规对烟花爆竹燃放监管的缺失。\n\n                   北京雾霾又来侵袭，多日不见阳光，空气中弥散着烟灰的味道，看不见摸不着的PM2.5让人心生恐慌，新一轮口罩采购潮涌起。上一次雾霾的消散基本靠“吹”，而本轮还只能依靠冷空气吗？\n\n                   北京2013年春节烟花爆竹将于2月5日也就是腊月二十五正式开卖，现在烟花鞭炮公司已经开始向各个销售网点配送烟花。10天后，大量烟花爆竹将在城市、乡村的各个角落中升腾、炸响。已经不堪重负的北京空气恐将愈加不堪。', '1', '钼', '1', 'lizhili', '2013-01-31 00:00:00', '2013-01-31 00:00:00', '0');
INSERT INTO mu_article VALUES ('247', '  2012年12月全国进口铁合金分国别统计', 'lizhili', '21', '中新网1月30日电 随着春节逐渐临近，每年唯一的烟花爆竹销售燃放季即将开始，这对原本已经屡屡爆表的空气质量无异于雪上加霜。根据媒体报道，2012年除夕夜北京PM2.5数据在短短几小时内暴增80倍，市民开始对是否燃放烟花爆竹进行反思，相对应的，却是节能减排相应政策法规对烟花爆竹燃放监管的缺失。\n\n                   北京雾霾又来侵袭，多日不见阳光，空气中弥散着烟灰的味道，看不见摸不着的PM2.5让人心生恐慌，新一轮口罩采购潮涌起。上一次雾霾的消散基本靠“吹”，而本轮还只能依靠冷空气吗？\n\n                   北京2013年春节烟花爆竹将于2月5日也就是腊月二十五正式开卖，现在烟花鞭炮公司已经开始向各个销售网点配送烟花。10天后，大量烟花爆竹将在城市、乡村的各个角落中升腾、炸响。已经不堪重负的北京空气恐将愈加不堪。', '1', '钼', '1', 'lizhili', '2013-01-31 00:00:00', '2013-01-31 00:00:00', '1');
INSERT INTO mu_article VALUES ('248', '  2012国内粗钢产量7.17亿吨 钢铁转向低速增长', 'lizhili', '21', '中新网1月30日电 随着春节逐渐临近，每年唯一的烟花爆竹销售燃放季即将开始，这对原本已经屡屡爆表的空气质量无异于雪上加霜。根据媒体报道，2012年除夕夜北京PM2.5数据在短短几小时内暴增80倍，市民开始对是否燃放烟花爆竹进行反思，相对应的，却是节能减排相应政策法规对烟花爆竹燃放监管的缺失。\n\n                   北京雾霾又来侵袭，多日不见阳光，空气中弥散着烟灰的味道，看不见摸不着的PM2.5让人心生恐慌，新一轮口罩采购潮涌起。上一次雾霾的消散基本靠“吹”，而本轮还只能依靠冷空气吗？\n\n                   北京2013年春节烟花爆竹将于2月5日也就是腊月二十五正式开卖，现在烟花鞭炮公司已经开始向各个销售网点配送烟花。10天后，大量烟花爆竹将在城市、乡村的各个角落中升腾、炸响。已经不堪重负的北京空气恐将愈加不堪。', '1', '钼', '1', 'lizhili', '2013-01-31 00:00:00', '2013-01-31 00:00:00', '0');
INSERT INTO mu_article VALUES ('249', '  近期钢厂钼铁招标汇总（920吨/6家）', 'lizhili', '21', '中新网1月30日电 随着春节逐渐临近，每年唯一的烟花爆竹销售燃放季即将开始，这对原本已经屡屡爆表的空气质量无异于雪上加霜。根据媒体报道，2012年除夕夜北京PM2.5数据在短短几小时内暴增80倍，市民开始对是否燃放烟花爆竹进行反思，相对应的，却是节能减排相应政策法规对烟花爆竹燃放监管的缺失。\n\n                   北京雾霾又来侵袭，多日不见阳光，空气中弥散着烟灰的味道，看不见摸不着的PM2.5让人心生恐慌，新一轮口罩采购潮涌起。上一次雾霾的消散基本靠“吹”，而本轮还只能依靠冷空气吗？\n\n                   北京2013年春节烟花爆竹将于2月5日也就是腊月二十五正式开卖，现在烟花鞭炮公司已经开始向各个销售网点配送烟花。10天后，大量烟花爆竹将在城市、乡村的各个角落中升腾、炸响。已经不堪重负的北京空气恐将愈加不堪。', '1', '钼', '1', 'lizhili', '2013-01-31 00:00:00', '2013-01-31 00:00:00', '1');
INSERT INTO mu_article VALUES ('250', '  2012年我国新增铁、锰、镍、钨、钼矿资源储量', 'lizhili', '21', '中新网1月30日电 随着春节逐渐临近，每年唯一的烟花爆竹销售燃放季即将开始，这对原本已经屡屡爆表的空气质量无异于雪上加霜。根据媒体报道，2012年除夕夜北京PM2.5数据在短短几小时内暴增80倍，市民开始对是否燃放烟花爆竹进行反思，相对应的，却是节能减排相应政策法规对烟花爆竹燃放监管的缺失。\n\n                   北京雾霾又来侵袭，多日不见阳光，空气中弥散着烟灰的味道，看不见摸不着的PM2.5让人心生恐慌，新一轮口罩采购潮涌起。上一次雾霾的消散基本靠“吹”，而本轮还只能依靠冷空气吗？\n\n                   北京2013年春节烟花爆竹将于2月5日也就是腊月二十五正式开卖，现在烟花鞭炮公司已经开始向各个销售网点配送烟花。10天后，大量烟花爆竹将在城市、乡村的各个角落中升腾、炸响。已经不堪重负的北京空气恐将愈加不堪。', '1', '钼', '1', 'lizhili', '2013-01-31 00:00:00', '2013-01-31 00:00:00', '0');
INSERT INTO mu_article VALUES ('1', '2012年12月国内氧化钼价格走势图', 'lizhili', '16', '　钼精矿市场：今日40-45%钼精矿主流报价1540-1570元/吨度附近，47%及以上品位1560-1580元/吨度，价格暂时持稳，行情仍有继续向上运行迹象。行情短期利好，之前部分商家场外观望，近期开始逐步参与市场。栾川某商家表示，前期矿商停产较多，贸易商多以低库存场外等待行情好转。虽然近期钼精矿价格开始有所好转，但是上调的步伐依然较慢。与成本相比，盈利空间较小。期待后期继续上行。\n                    \n                    　　钼铁市场：钼铁价格暂时保持平稳，市场主流报价10.7-11万元/吨（现款-承兑）。当前，在行情利好带动下，有商家报价呈现虚高状况，整体现款报价期间10.6-10.8万元/吨为主，承兑10.9-11.1万元/吨左右。市场需求尚无完全释放，高价成交偏少。月底部分钢厂招标会逐步启动，钼铁厂家有继续挺价迹象。从近期的钢厂招标来看，钢厂60钼铁的承兑招标价格10.4-10.6万元/吨较为常见，后期有提升空间。\n                    \n                    　　12月21日LME钼期货报价整体保持平稳，3月期钼报价25250/25750美元/吨；15月期钼报价25720/26720美元/吨，LME期钼持仓132手。今日简讯：明年贷款需求将相对旺盛，城镇化为信贷投放重点；中金：新型城镇化难以支持新一轮地产投资；意大利总理蒙蒂递交辞呈，大选或于明年2月举行。\n                    \n                    　　周初外盘钼市部分产品价格仍有上调迹象，欧洲钼铁、氧化钼等都有一定涨幅；美国市场稍显平稳，价格暂稳波动。其次，欧亚将钼氧化物进口关税从5%降至零，这有利增加外部市场对该产品的需求，降低钼铁合金的生产成本，提高外部市场行业竞争力。国内行情运行平稳，主要钼产品价格继续保持在相对高位。同时，市场部分商家报价仍有抬高迹象，加之年底逼近，后期钢厂招标或有新的改观。', '1', '钼,行情,美元', '1', 'lizhili', '2013-01-31 00:00:00', '2013-01-31 00:00:00', '1');
INSERT INTO mu_article VALUES ('2', '2012年1-12月国内氧化钼价格走势图', 'lizhili', '16', '　钼精矿市场：今日40-45%钼精矿主流报价1540-1570元/吨度附近，47%及以上品位1560-1580元/吨度，价格暂时持稳，行情仍有继续向上运行迹象。行情短期利好，之前部分商家场外观望，近期开始逐步参与市场。栾川某商家表示，前期矿商停产较多，贸易商多以低库存场外等待行情好转。虽然近期钼精矿价格开始有所好转，但是上调的步伐依然较慢。与成本相比，盈利空间较小。期待后期继续上行。\n                    \n                    　　钼铁市场：钼铁价格暂时保持平稳，市场主流报价10.7-11万元/吨（现款-承兑）。当前，在行情利好带动下，有商家报价呈现虚高状况，整体现款报价期间10.6-10.8万元/吨为主，承兑10.9-11.1万元/吨左右。市场需求尚无完全释放，高价成交偏少。月底部分钢厂招标会逐步启动，钼铁厂家有继续挺价迹象。从近期的钢厂招标来看，钢厂60钼铁的承兑招标价格10.4-10.6万元/吨较为常见，后期有提升空间。\n                    \n                    　　12月21日LME钼期货报价整体保持平稳，3月期钼报价25250/25750美元/吨；15月期钼报价25720/26720美元/吨，LME期钼持仓132手。今日简讯：明年贷款需求将相对旺盛，城镇化为信贷投放重点；中金：新型城镇化难以支持新一轮地产投资；意大利总理蒙蒂递交辞呈，大选或于明年2月举行。\n                    \n                    　　周初外盘钼市部分产品价格仍有上调迹象，欧洲钼铁、氧化钼等都有一定涨幅；美国市场稍显平稳，价格暂稳波动。其次，欧亚将钼氧化物进口关税从5%降至零，这有利增加外部市场对该产品的需求，降低钼铁合金的生产成本，提高外部市场行业竞争力。国内行情运行平稳，主要钼产品价格继续保持在相对高位。同时，市场部分商家报价仍有抬高迹象，加之年底逼近，后期钢厂招标或有新的改观。', '1', '钼,行情,美元', '1', 'lizhili', '2013-01-31 00:00:00', '2013-01-31 00:00:00', '0');
INSERT INTO mu_article VALUES ('3', '2012年1-12月份我国钼铁进口对比图', 'lizhili', '16', '　钼精矿市场：今日40-45%钼精矿主流报价1540-1570元/吨度附近，47%及以上品位1560-1580元/吨度，价格暂时持稳，行情仍有继续向上运行迹象。行情短期利好，之前部分商家场外观望，近期开始逐步参与市场。栾川某商家表示，前期矿商停产较多，贸易商多以低库存场外等待行情好转。虽然近期钼精矿价格开始有所好转，但是上调的步伐依然较慢。与成本相比，盈利空间较小。期待后期继续上行。\n                    \n                    　　钼铁市场：钼铁价格暂时保持平稳，市场主流报价10.7-11万元/吨（现款-承兑）。当前，在行情利好带动下，有商家报价呈现虚高状况，整体现款报价期间10.6-10.8万元/吨为主，承兑10.9-11.1万元/吨左右。市场需求尚无完全释放，高价成交偏少。月底部分钢厂招标会逐步启动，钼铁厂家有继续挺价迹象。从近期的钢厂招标来看，钢厂60钼铁的承兑招标价格10.4-10.6万元/吨较为常见，后期有提升空间。\n                    \n                    　　12月21日LME钼期货报价整体保持平稳，3月期钼报价25250/25750美元/吨；15月期钼报价25720/26720美元/吨，LME期钼持仓132手。今日简讯：明年贷款需求将相对旺盛，城镇化为信贷投放重点；中金：新型城镇化难以支持新一轮地产投资；意大利总理蒙蒂递交辞呈，大选或于明年2月举行。\n                    \n                    　　周初外盘钼市部分产品价格仍有上调迹象，欧洲钼铁、氧化钼等都有一定涨幅；美国市场稍显平稳，价格暂稳波动。其次，欧亚将钼氧化物进口关税从5%降至零，这有利增加外部市场对该产品的需求，降低钼铁合金的生产成本，提高外部市场行业竞争力。国内行情运行平稳，主要钼产品价格继续保持在相对高位。同时，市场部分商家报价仍有抬高迹象，加之年底逼近，后期钢厂招标或有新的改观。', '1', '钼,行情,美元', '1', 'lizhili', '2013-01-31 00:00:00', '2013-01-31 00:00:00', '1');
INSERT INTO mu_article VALUES ('4', '2012年1-12月份我国钼铁进口对比图', 'lizhili', '16', '　钼精矿市场：今日40-45%钼精矿主流报价1540-1570元/吨度附近，47%及以上品位1560-1580元/吨度，价格暂时持稳，行情仍有继续向上运行迹象。行情短期利好，之前部分商家场外观望，近期开始逐步参与市场。栾川某商家表示，前期矿商停产较多，贸易商多以低库存场外等待行情好转。虽然近期钼精矿价格开始有所好转，但是上调的步伐依然较慢。与成本相比，盈利空间较小。期待后期继续上行。\n                    \n                    　　钼铁市场：钼铁价格暂时保持平稳，市场主流报价10.7-11万元/吨（现款-承兑）。当前，在行情利好带动下，有商家报价呈现虚高状况，整体现款报价期间10.6-10.8万元/吨为主，承兑10.9-11.1万元/吨左右。市场需求尚无完全释放，高价成交偏少。月底部分钢厂招标会逐步启动，钼铁厂家有继续挺价迹象。从近期的钢厂招标来看，钢厂60钼铁的承兑招标价格10.4-10.6万元/吨较为常见，后期有提升空间。\n                    \n                    　　12月21日LME钼期货报价整体保持平稳，3月期钼报价25250/25750美元/吨；15月期钼报价25720/26720美元/吨，LME期钼持仓132手。今日简讯：明年贷款需求将相对旺盛，城镇化为信贷投放重点；中金：新型城镇化难以支持新一轮地产投资；意大利总理蒙蒂递交辞呈，大选或于明年2月举行。\n                    \n                    　　周初外盘钼市部分产品价格仍有上调迹象，欧洲钼铁、氧化钼等都有一定涨幅；美国市场稍显平稳，价格暂稳波动。其次，欧亚将钼氧化物进口关税从5%降至零，这有利增加外部市场对该产品的需求，降低钼铁合金的生产成本，提高外部市场行业竞争力。国内行情运行平稳，主要钼产品价格继续保持在相对高位。同时，市场部分商家报价仍有抬高迹象，加之年底逼近，后期钢厂招标或有新的改观。', '1', '钼,行情,美元', '1', 'lizhili', '2013-01-31 00:00:00', '2013-01-31 00:00:00', '0');
INSERT INTO mu_article VALUES ('5', '2012年1-12月国际氧化钼价格走势图', 'lizhili', '16', '　钼精矿市场：今日40-45%钼精矿主流报价1540-1570元/吨度附近，47%及以上品位1560-1580元/吨度，价格暂时持稳，行情仍有继续向上运行迹象。行情短期利好，之前部分商家场外观望，近期开始逐步参与市场。栾川某商家表示，前期矿商停产较多，贸易商多以低库存场外等待行情好转。虽然近期钼精矿价格开始有所好转，但是上调的步伐依然较慢。与成本相比，盈利空间较小。期待后期继续上行。\n                    \n                    　　钼铁市场：钼铁价格暂时保持平稳，市场主流报价10.7-11万元/吨（现款-承兑）。当前，在行情利好带动下，有商家报价呈现虚高状况，整体现款报价期间10.6-10.8万元/吨为主，承兑10.9-11.1万元/吨左右。市场需求尚无完全释放，高价成交偏少。月底部分钢厂招标会逐步启动，钼铁厂家有继续挺价迹象。从近期的钢厂招标来看，钢厂60钼铁的承兑招标价格10.4-10.6万元/吨较为常见，后期有提升空间。\n                    \n                    　　12月21日LME钼期货报价整体保持平稳，3月期钼报价25250/25750美元/吨；15月期钼报价25720/26720美元/吨，LME期钼持仓132手。今日简讯：明年贷款需求将相对旺盛，城镇化为信贷投放重点；中金：新型城镇化难以支持新一轮地产投资；意大利总理蒙蒂递交辞呈，大选或于明年2月举行。\n                    \n                    　　周初外盘钼市部分产品价格仍有上调迹象，欧洲钼铁、氧化钼等都有一定涨幅；美国市场稍显平稳，价格暂稳波动。其次，欧亚将钼氧化物进口关税从5%降至零，这有利增加外部市场对该产品的需求，降低钼铁合金的生产成本，提高外部市场行业竞争力。国内行情运行平稳，主要钼产品价格继续保持在相对高位。同时，市场部分商家报价仍有抬高迹象，加之年底逼近，后期钢厂招标或有新的改观。', '1', '钼,行情,美元', '1', 'lizhili', '2013-01-31 00:00:00', '2013-01-31 00:00:00', '0');
INSERT INTO mu_article VALUES ('6', '2012年12月国际氧化钼价格走势图', 'lizhili', '16', '　钼精矿市场：今日40-45%钼精矿主流报价1540-1570元/吨度附近，47%及以上品位1560-1580元/吨度，价格暂时持稳，行情仍有继续向上运行迹象。行情短期利好，之前部分商家场外观望，近期开始逐步参与市场。栾川某商家表示，前期矿商停产较多，贸易商多以低库存场外等待行情好转。虽然近期钼精矿价格开始有所好转，但是上调的步伐依然较慢。与成本相比，盈利空间较小。期待后期继续上行。\n                    \n                    　　钼铁市场：钼铁价格暂时保持平稳，市场主流报价10.7-11万元/吨（现款-承兑）。当前，在行情利好带动下，有商家报价呈现虚高状况，整体现款报价期间10.6-10.8万元/吨为主，承兑10.9-11.1万元/吨左右。市场需求尚无完全释放，高价成交偏少。月底部分钢厂招标会逐步启动，钼铁厂家有继续挺价迹象。从近期的钢厂招标来看，钢厂60钼铁的承兑招标价格10.4-10.6万元/吨较为常见，后期有提升空间。\n                    \n                    　　12月21日LME钼期货报价整体保持平稳，3月期钼报价25250/25750美元/吨；15月期钼报价25720/26720美元/吨，LME期钼持仓132手。今日简讯：明年贷款需求将相对旺盛，城镇化为信贷投放重点；中金：新型城镇化难以支持新一轮地产投资；意大利总理蒙蒂递交辞呈，大选或于明年2月举行。\n                    \n                    　　周初外盘钼市部分产品价格仍有上调迹象，欧洲钼铁、氧化钼等都有一定涨幅；美国市场稍显平稳，价格暂稳波动。其次，欧亚将钼氧化物进口关税从5%降至零，这有利增加外部市场对该产品的需求，降低钼铁合金的生产成本，提高外部市场行业竞争力。国内行情运行平稳，主要钼产品价格继续保持在相对高位。同时，市场部分商家报价仍有抬高迹象，加之年底逼近，后期钢厂招标或有新的改观。', '1', '钼,行情,美元', '1', 'lizhili', '2013-01-31 00:00:00', '2013-01-31 00:00:00', '1');
INSERT INTO mu_article VALUES ('7', '2012年12月国内钼铁价格走势图', 'lizhili', '16', '　钼精矿市场：今日40-45%钼精矿主流报价1540-1570元/吨度附近，47%及以上品位1560-1580元/吨度，价格暂时持稳，行情仍有继续向上运行迹象。行情短期利好，之前部分商家场外观望，近期开始逐步参与市场。栾川某商家表示，前期矿商停产较多，贸易商多以低库存场外等待行情好转。虽然近期钼精矿价格开始有所好转，但是上调的步伐依然较慢。与成本相比，盈利空间较小。期待后期继续上行。\n                    \n                    　　钼铁市场：钼铁价格暂时保持平稳，市场主流报价10.7-11万元/吨（现款-承兑）。当前，在行情利好带动下，有商家报价呈现虚高状况，整体现款报价期间10.6-10.8万元/吨为主，承兑10.9-11.1万元/吨左右。市场需求尚无完全释放，高价成交偏少。月底部分钢厂招标会逐步启动，钼铁厂家有继续挺价迹象。从近期的钢厂招标来看，钢厂60钼铁的承兑招标价格10.4-10.6万元/吨较为常见，后期有提升空间。\n                    \n                    　　12月21日LME钼期货报价整体保持平稳，3月期钼报价25250/25750美元/吨；15月期钼报价25720/26720美元/吨，LME期钼持仓132手。今日简讯：明年贷款需求将相对旺盛，城镇化为信贷投放重点；中金：新型城镇化难以支持新一轮地产投资；意大利总理蒙蒂递交辞呈，大选或于明年2月举行。\n                    \n                    　　周初外盘钼市部分产品价格仍有上调迹象，欧洲钼铁、氧化钼等都有一定涨幅；美国市场稍显平稳，价格暂稳波动。其次，欧亚将钼氧化物进口关税从5%降至零，这有利增加外部市场对该产品的需求，降低钼铁合金的生产成本，提高外部市场行业竞争力。国内行情运行平稳，主要钼产品价格继续保持在相对高位。同时，市场部分商家报价仍有抬高迹象，加之年底逼近，后期钢厂招标或有新的改观。', '1', '钼,行情,美元', '1', 'lizhili', '2013-01-31 00:00:00', '2013-01-31 00:00:00', '1');
INSERT INTO mu_article VALUES ('8', '2012年12月国内氧化钼价格走势图', 'lizhili', '16', '　钼精矿市场：今日40-45%钼精矿主流报价1540-1570元/吨度附近，47%及以上品位1560-1580元/吨度，价格暂时持稳，行情仍有继续向上运行迹象。行情短期利好，之前部分商家场外观望，近期开始逐步参与市场。栾川某商家表示，前期矿商停产较多，贸易商多以低库存场外等待行情好转。虽然近期钼精矿价格开始有所好转，但是上调的步伐依然较慢。与成本相比，盈利空间较小。期待后期继续上行。\n                    \n                    　　钼铁市场：钼铁价格暂时保持平稳，市场主流报价10.7-11万元/吨（现款-承兑）。当前，在行情利好带动下，有商家报价呈现虚高状况，整体现款报价期间10.6-10.8万元/吨为主，承兑10.9-11.1万元/吨左右。市场需求尚无完全释放，高价成交偏少。月底部分钢厂招标会逐步启动，钼铁厂家有继续挺价迹象。从近期的钢厂招标来看，钢厂60钼铁的承兑招标价格10.4-10.6万元/吨较为常见，后期有提升空间。\n                    \n                    　　12月21日LME钼期货报价整体保持平稳，3月期钼报价25250/25750美元/吨；15月期钼报价25720/26720美元/吨，LME期钼持仓132手。今日简讯：明年贷款需求将相对旺盛，城镇化为信贷投放重点；中金：新型城镇化难以支持新一轮地产投资；意大利总理蒙蒂递交辞呈，大选或于明年2月举行。\n                    \n                    　　周初外盘钼市部分产品价格仍有上调迹象，欧洲钼铁、氧化钼等都有一定涨幅；美国市场稍显平稳，价格暂稳波动。其次，欧亚将钼氧化物进口关税从5%降至零，这有利增加外部市场对该产品的需求，降低钼铁合金的生产成本，提高外部市场行业竞争力。国内行情运行平稳，主要钼产品价格继续保持在相对高位。同时，市场部分商家报价仍有抬高迹象，加之年底逼近，后期钢厂招标或有新的改观。', '1', '钼,行情,美元', '1', 'lizhili', '2013-01-31 00:00:00', '2013-01-31 00:00:00', '0');
INSERT INTO mu_article VALUES ('9', '2012年1-12月国内氧化钼价格走势图', 'lizhili', '16', '　钼精矿市场：今日40-45%钼精矿主流报价1540-1570元/吨度附近，47%及以上品位1560-1580元/吨度，价格暂时持稳，行情仍有继续向上运行迹象。行情短期利好，之前部分商家场外观望，近期开始逐步参与市场。栾川某商家表示，前期矿商停产较多，贸易商多以低库存场外等待行情好转。虽然近期钼精矿价格开始有所好转，但是上调的步伐依然较慢。与成本相比，盈利空间较小。期待后期继续上行。\n                    \n                    　　钼铁市场：钼铁价格暂时保持平稳，市场主流报价10.7-11万元/吨（现款-承兑）。当前，在行情利好带动下，有商家报价呈现虚高状况，整体现款报价期间10.6-10.8万元/吨为主，承兑10.9-11.1万元/吨左右。市场需求尚无完全释放，高价成交偏少。月底部分钢厂招标会逐步启动，钼铁厂家有继续挺价迹象。从近期的钢厂招标来看，钢厂60钼铁的承兑招标价格10.4-10.6万元/吨较为常见，后期有提升空间。\n                    \n                    　　12月21日LME钼期货报价整体保持平稳，3月期钼报价25250/25750美元/吨；15月期钼报价25720/26720美元/吨，LME期钼持仓132手。今日简讯：明年贷款需求将相对旺盛，城镇化为信贷投放重点；中金：新型城镇化难以支持新一轮地产投资；意大利总理蒙蒂递交辞呈，大选或于明年2月举行。\n                    \n                    　　周初外盘钼市部分产品价格仍有上调迹象，欧洲钼铁、氧化钼等都有一定涨幅；美国市场稍显平稳，价格暂稳波动。其次，欧亚将钼氧化物进口关税从5%降至零，这有利增加外部市场对该产品的需求，降低钼铁合金的生产成本，提高外部市场行业竞争力。国内行情运行平稳，主要钼产品价格继续保持在相对高位。同时，市场部分商家报价仍有抬高迹象，加之年底逼近，后期钢厂招标或有新的改观。', '1', '钼,行情,美元', '1', 'lizhili', '2013-01-31 00:00:00', '2013-01-31 00:00:00', '1');
INSERT INTO mu_article VALUES ('10', '2012年1-12月份我国钼铁进口对比图', 'lizhili', '16', '　钼精矿市场：今日40-45%钼精矿主流报价1540-1570元/吨度附近，47%及以上品位1560-1580元/吨度，价格暂时持稳，行情仍有继续向上运行迹象。行情短期利好，之前部分商家场外观望，近期开始逐步参与市场。栾川某商家表示，前期矿商停产较多，贸易商多以低库存场外等待行情好转。虽然近期钼精矿价格开始有所好转，但是上调的步伐依然较慢。与成本相比，盈利空间较小。期待后期继续上行。\n                    \n                    　　钼铁市场：钼铁价格暂时保持平稳，市场主流报价10.7-11万元/吨（现款-承兑）。当前，在行情利好带动下，有商家报价呈现虚高状况，整体现款报价期间10.6-10.8万元/吨为主，承兑10.9-11.1万元/吨左右。市场需求尚无完全释放，高价成交偏少。月底部分钢厂招标会逐步启动，钼铁厂家有继续挺价迹象。从近期的钢厂招标来看，钢厂60钼铁的承兑招标价格10.4-10.6万元/吨较为常见，后期有提升空间。\n                    \n                    　　12月21日LME钼期货报价整体保持平稳，3月期钼报价25250/25750美元/吨；15月期钼报价25720/26720美元/吨，LME期钼持仓132手。今日简讯：明年贷款需求将相对旺盛，城镇化为信贷投放重点；中金：新型城镇化难以支持新一轮地产投资；意大利总理蒙蒂递交辞呈，大选或于明年2月举行。\n                    \n                    　　周初外盘钼市部分产品价格仍有上调迹象，欧洲钼铁、氧化钼等都有一定涨幅；美国市场稍显平稳，价格暂稳波动。其次，欧亚将钼氧化物进口关税从5%降至零，这有利增加外部市场对该产品的需求，降低钼铁合金的生产成本，提高外部市场行业竞争力。国内行情运行平稳，主要钼产品价格继续保持在相对高位。同时，市场部分商家报价仍有抬高迹象，加之年底逼近，后期钢厂招标或有新的改观。', '1', '钼,行情,美元', '1', 'lizhili', '2013-01-31 00:00:00', '2013-01-31 00:00:00', '0');
INSERT INTO mu_article VALUES ('11', '2012年12月国内钼铁价格走势图', 'lizhili', '16', '　钼精矿市场：今日40-45%钼精矿主流报价1540-1570元/吨度附近，47%及以上品位1560-1580元/吨度，价格暂时持稳，行情仍有继续向上运行迹象。行情短期利好，之前部分商家场外观望，近期开始逐步参与市场。栾川某商家表示，前期矿商停产较多，贸易商多以低库存场外等待行情好转。虽然近期钼精矿价格开始有所好转，但是上调的步伐依然较慢。与成本相比，盈利空间较小。期待后期继续上行。\n                    \n                    　　钼铁市场：钼铁价格暂时保持平稳，市场主流报价10.7-11万元/吨（现款-承兑）。当前，在行情利好带动下，有商家报价呈现虚高状况，整体现款报价期间10.6-10.8万元/吨为主，承兑10.9-11.1万元/吨左右。市场需求尚无完全释放，高价成交偏少。月底部分钢厂招标会逐步启动，钼铁厂家有继续挺价迹象。从近期的钢厂招标来看，钢厂60钼铁的承兑招标价格10.4-10.6万元/吨较为常见，后期有提升空间。\n                    \n                    　　12月21日LME钼期货报价整体保持平稳，3月期钼报价25250/25750美元/吨；15月期钼报价25720/26720美元/吨，LME期钼持仓132手。今日简讯：明年贷款需求将相对旺盛，城镇化为信贷投放重点；中金：新型城镇化难以支持新一轮地产投资；意大利总理蒙蒂递交辞呈，大选或于明年2月举行。\n                    \n                    　　周初外盘钼市部分产品价格仍有上调迹象，欧洲钼铁、氧化钼等都有一定涨幅；美国市场稍显平稳，价格暂稳波动。其次，欧亚将钼氧化物进口关税从5%降至零，这有利增加外部市场对该产品的需求，降低钼铁合金的生产成本，提高外部市场行业竞争力。国内行情运行平稳，主要钼产品价格继续保持在相对高位。同时，市场部分商家报价仍有抬高迹象，加之年底逼近，后期钢厂招标或有新的改观。', '1', '钼,行情,美元', '1', 'lizhili', '2013-01-31 00:00:00', '2013-01-31 00:00:00', '0');
INSERT INTO mu_article VALUES ('12', '2012年1-12月国内钼铁价格走势图', 'lizhili', '16', '　钼精矿市场：今日40-45%钼精矿主流报价1540-1570元/吨度附近，47%及以上品位1560-1580元/吨度，价格暂时持稳，行情仍有继续向上运行迹象。行情短期利好，之前部分商家场外观望，近期开始逐步参与市场。栾川某商家表示，前期矿商停产较多，贸易商多以低库存场外等待行情好转。虽然近期钼精矿价格开始有所好转，但是上调的步伐依然较慢。与成本相比，盈利空间较小。期待后期继续上行。\n                    \n                    　　钼铁市场：钼铁价格暂时保持平稳，市场主流报价10.7-11万元/吨（现款-承兑）。当前，在行情利好带动下，有商家报价呈现虚高状况，整体现款报价期间10.6-10.8万元/吨为主，承兑10.9-11.1万元/吨左右。市场需求尚无完全释放，高价成交偏少。月底部分钢厂招标会逐步启动，钼铁厂家有继续挺价迹象。从近期的钢厂招标来看，钢厂60钼铁的承兑招标价格10.4-10.6万元/吨较为常见，后期有提升空间。\n                    \n                    　　12月21日LME钼期货报价整体保持平稳，3月期钼报价25250/25750美元/吨；15月期钼报价25720/26720美元/吨，LME期钼持仓132手。今日简讯：明年贷款需求将相对旺盛，城镇化为信贷投放重点；中金：新型城镇化难以支持新一轮地产投资；意大利总理蒙蒂递交辞呈，大选或于明年2月举行。\n                    \n                    　　周初外盘钼市部分产品价格仍有上调迹象，欧洲钼铁、氧化钼等都有一定涨幅；美国市场稍显平稳，价格暂稳波动。其次，欧亚将钼氧化物进口关税从5%降至零，这有利增加外部市场对该产品的需求，降低钼铁合金的生产成本，提高外部市场行业竞争力。国内行情运行平稳，主要钼产品价格继续保持在相对高位。同时，市场部分商家报价仍有抬高迹象，加之年底逼近，后期钢厂招标或有新的改观。', '1', '钼,行情,美元', '1', 'lizhili', '2013-01-31 00:00:00', '2013-01-31 00:00:00', '0');
INSERT INTO mu_article VALUES ('13', '2012年1-12月国内钼铁价格走势图', 'lizhili', '16', '　钼精矿市场：今日40-45%钼精矿主流报价1540-1570元/吨度附近，47%及以上品位1560-1580元/吨度，价格暂时持稳，行情仍有继续向上运行迹象。行情短期利好，之前部分商家场外观望，近期开始逐步参与市场。栾川某商家表示，前期矿商停产较多，贸易商多以低库存场外等待行情好转。虽然近期钼精矿价格开始有所好转，但是上调的步伐依然较慢。与成本相比，盈利空间较小。期待后期继续上行。\n                    \n                    　　钼铁市场：钼铁价格暂时保持平稳，市场主流报价10.7-11万元/吨（现款-承兑）。当前，在行情利好带动下，有商家报价呈现虚高状况，整体现款报价期间10.6-10.8万元/吨为主，承兑10.9-11.1万元/吨左右。市场需求尚无完全释放，高价成交偏少。月底部分钢厂招标会逐步启动，钼铁厂家有继续挺价迹象。从近期的钢厂招标来看，钢厂60钼铁的承兑招标价格10.4-10.6万元/吨较为常见，后期有提升空间。\n                    \n                    　　12月21日LME钼期货报价整体保持平稳，3月期钼报价25250/25750美元/吨；15月期钼报价25720/26720美元/吨，LME期钼持仓132手。今日简讯：明年贷款需求将相对旺盛，城镇化为信贷投放重点；中金：新型城镇化难以支持新一轮地产投资；意大利总理蒙蒂递交辞呈，大选或于明年2月举行。\n                    \n                    　　周初外盘钼市部分产品价格仍有上调迹象，欧洲钼铁、氧化钼等都有一定涨幅；美国市场稍显平稳，价格暂稳波动。其次，欧亚将钼氧化物进口关税从5%降至零，这有利增加外部市场对该产品的需求，降低钼铁合金的生产成本，提高外部市场行业竞争力。国内行情运行平稳，主要钼产品价格继续保持在相对高位。同时，市场部分商家报价仍有抬高迹象，加之年底逼近，后期钢厂招标或有新的改观。', '1', '钼,行情,美元', '1', 'lizhili', '2013-01-31 00:00:00', '2013-01-31 00:00:00', '0');
INSERT INTO mu_article VALUES ('14', '2012年12月国内钼铁价格走势图', 'lizhili', '16', '　钼精矿市场：今日40-45%钼精矿主流报价1540-1570元/吨度附近，47%及以上品位1560-1580元/吨度，价格暂时持稳，行情仍有继续向上运行迹象。行情短期利好，之前部分商家场外观望，近期开始逐步参与市场。栾川某商家表示，前期矿商停产较多，贸易商多以低库存场外等待行情好转。虽然近期钼精矿价格开始有所好转，但是上调的步伐依然较慢。与成本相比，盈利空间较小。期待后期继续上行。\n                    \n                    　　钼铁市场：钼铁价格暂时保持平稳，市场主流报价10.7-11万元/吨（现款-承兑）。当前，在行情利好带动下，有商家报价呈现虚高状况，整体现款报价期间10.6-10.8万元/吨为主，承兑10.9-11.1万元/吨左右。市场需求尚无完全释放，高价成交偏少。月底部分钢厂招标会逐步启动，钼铁厂家有继续挺价迹象。从近期的钢厂招标来看，钢厂60钼铁的承兑招标价格10.4-10.6万元/吨较为常见，后期有提升空间。\n                    \n                    　　12月21日LME钼期货报价整体保持平稳，3月期钼报价25250/25750美元/吨；15月期钼报价25720/26720美元/吨，LME期钼持仓132手。今日简讯：明年贷款需求将相对旺盛，城镇化为信贷投放重点；中金：新型城镇化难以支持新一轮地产投资；意大利总理蒙蒂递交辞呈，大选或于明年2月举行。\n                    \n                    　　周初外盘钼市部分产品价格仍有上调迹象，欧洲钼铁、氧化钼等都有一定涨幅；美国市场稍显平稳，价格暂稳波动。其次，欧亚将钼氧化物进口关税从5%降至零，这有利增加外部市场对该产品的需求，降低钼铁合金的生产成本，提高外部市场行业竞争力。国内行情运行平稳，主要钼产品价格继续保持在相对高位。同时，市场部分商家报价仍有抬高迹象，加之年底逼近，后期钢厂招标或有新的改观。', '1', '钼,行情,美元', '1', 'lizhili', '2013-01-31 00:00:00', '2013-01-31 00:00:00', '1');
INSERT INTO mu_article VALUES ('15', '2012年1-12月份我国钼铁出口对比图', 'lizhili', '16', '　钼精矿市场：今日40-45%钼精矿主流报价1540-1570元/吨度附近，47%及以上品位1560-1580元/吨度，价格暂时持稳，行情仍有继续向上运行迹象。行情短期利好，之前部分商家场外观望，近期开始逐步参与市场。栾川某商家表示，前期矿商停产较多，贸易商多以低库存场外等待行情好转。虽然近期钼精矿价格开始有所好转，但是上调的步伐依然较慢。与成本相比，盈利空间较小。期待后期继续上行。\n                    \n                    　　钼铁市场：钼铁价格暂时保持平稳，市场主流报价10.7-11万元/吨（现款-承兑）。当前，在行情利好带动下，有商家报价呈现虚高状况，整体现款报价期间10.6-10.8万元/吨为主，承兑10.9-11.1万元/吨左右。市场需求尚无完全释放，高价成交偏少。月底部分钢厂招标会逐步启动，钼铁厂家有继续挺价迹象。从近期的钢厂招标来看，钢厂60钼铁的承兑招标价格10.4-10.6万元/吨较为常见，后期有提升空间。\n                    \n                    　　12月21日LME钼期货报价整体保持平稳，3月期钼报价25250/25750美元/吨；15月期钼报价25720/26720美元/吨，LME期钼持仓132手。今日简讯：明年贷款需求将相对旺盛，城镇化为信贷投放重点；中金：新型城镇化难以支持新一轮地产投资；意大利总理蒙蒂递交辞呈，大选或于明年2月举行。\n                    \n                    　　周初外盘钼市部分产品价格仍有上调迹象，欧洲钼铁、氧化钼等都有一定涨幅；美国市场稍显平稳，价格暂稳波动。其次，欧亚将钼氧化物进口关税从5%降至零，这有利增加外部市场对该产品的需求，降低钼铁合金的生产成本，提高外部市场行业竞争力。国内行情运行平稳，主要钼产品价格继续保持在相对高位。同时，市场部分商家报价仍有抬高迹象，加之年底逼近，后期钢厂招标或有新的改观。', '1', '钼,行情,美元', '1', 'lizhili', '2013-01-31 00:00:00', '2013-01-31 00:00:00', '1');
INSERT INTO mu_article VALUES ('16', '2012年1-12月国内钼铁价格走势图', 'lizhili', '16', '　钼精矿市场：今日40-45%钼精矿主流报价1540-1570元/吨度附近，47%及以上品位1560-1580元/吨度，价格暂时持稳，行情仍有继续向上运行迹象。行情短期利好，之前部分商家场外观望，近期开始逐步参与市场。栾川某商家表示，前期矿商停产较多，贸易商多以低库存场外等待行情好转。虽然近期钼精矿价格开始有所好转，但是上调的步伐依然较慢。与成本相比，盈利空间较小。期待后期继续上行。\n                    \n                    　　钼铁市场：钼铁价格暂时保持平稳，市场主流报价10.7-11万元/吨（现款-承兑）。当前，在行情利好带动下，有商家报价呈现虚高状况，整体现款报价期间10.6-10.8万元/吨为主，承兑10.9-11.1万元/吨左右。市场需求尚无完全释放，高价成交偏少。月底部分钢厂招标会逐步启动，钼铁厂家有继续挺价迹象。从近期的钢厂招标来看，钢厂60钼铁的承兑招标价格10.4-10.6万元/吨较为常见，后期有提升空间。\n                    \n                    　　12月21日LME钼期货报价整体保持平稳，3月期钼报价25250/25750美元/吨；15月期钼报价25720/26720美元/吨，LME期钼持仓132手。今日简讯：明年贷款需求将相对旺盛，城镇化为信贷投放重点；中金：新型城镇化难以支持新一轮地产投资；意大利总理蒙蒂递交辞呈，大选或于明年2月举行。\n                    \n                    　　周初外盘钼市部分产品价格仍有上调迹象，欧洲钼铁、氧化钼等都有一定涨幅；美国市场稍显平稳，价格暂稳波动。其次，欧亚将钼氧化物进口关税从5%降至零，这有利增加外部市场对该产品的需求，降低钼铁合金的生产成本，提高外部市场行业竞争力。国内行情运行平稳，主要钼产品价格继续保持在相对高位。同时，市场部分商家报价仍有抬高迹象，加之年底逼近，后期钢厂招标或有新的改观。', '1', '钼,行情,美元', '1', 'lizhili', '2013-01-31 00:00:00', '2013-01-31 00:00:00', '0');
INSERT INTO mu_article VALUES ('17', '2012年12月国内氧化钼价格走势图', 'lizhili', '16', '　钼精矿市场：今日40-45%钼精矿主流报价1540-1570元/吨度附近，47%及以上品位1560-1580元/吨度，价格暂时持稳，行情仍有继续向上运行迹象。行情短期利好，之前部分商家场外观望，近期开始逐步参与市场。栾川某商家表示，前期矿商停产较多，贸易商多以低库存场外等待行情好转。虽然近期钼精矿价格开始有所好转，但是上调的步伐依然较慢。与成本相比，盈利空间较小。期待后期继续上行。\n                    \n                    　　钼铁市场：钼铁价格暂时保持平稳，市场主流报价10.7-11万元/吨（现款-承兑）。当前，在行情利好带动下，有商家报价呈现虚高状况，整体现款报价期间10.6-10.8万元/吨为主，承兑10.9-11.1万元/吨左右。市场需求尚无完全释放，高价成交偏少。月底部分钢厂招标会逐步启动，钼铁厂家有继续挺价迹象。从近期的钢厂招标来看，钢厂60钼铁的承兑招标价格10.4-10.6万元/吨较为常见，后期有提升空间。\n                    \n                    　　12月21日LME钼期货报价整体保持平稳，3月期钼报价25250/25750美元/吨；15月期钼报价25720/26720美元/吨，LME期钼持仓132手。今日简讯：明年贷款需求将相对旺盛，城镇化为信贷投放重点；中金：新型城镇化难以支持新一轮地产投资；意大利总理蒙蒂递交辞呈，大选或于明年2月举行。\n                    \n                    　　周初外盘钼市部分产品价格仍有上调迹象，欧洲钼铁、氧化钼等都有一定涨幅；美国市场稍显平稳，价格暂稳波动。其次，欧亚将钼氧化物进口关税从5%降至零，这有利增加外部市场对该产品的需求，降低钼铁合金的生产成本，提高外部市场行业竞争力。国内行情运行平稳，主要钼产品价格继续保持在相对高位。同时，市场部分商家报价仍有抬高迹象，加之年底逼近，后期钢厂招标或有新的改观。', '1', '钼,行情,美元', '1', 'lizhili', '2013-01-31 00:00:00', '2013-01-31 00:00:00', '0');
INSERT INTO mu_article VALUES ('18', '2012年1-12月国内钼铁价格走势图', 'lizhili', '16', '　钼精矿市场：今日40-45%钼精矿主流报价1540-1570元/吨度附近，47%及以上品位1560-1580元/吨度，价格暂时持稳，行情仍有继续向上运行迹象。行情短期利好，之前部分商家场外观望，近期开始逐步参与市场。栾川某商家表示，前期矿商停产较多，贸易商多以低库存场外等待行情好转。虽然近期钼精矿价格开始有所好转，但是上调的步伐依然较慢。与成本相比，盈利空间较小。期待后期继续上行。\n                    \n                    　　钼铁市场：钼铁价格暂时保持平稳，市场主流报价10.7-11万元/吨（现款-承兑）。当前，在行情利好带动下，有商家报价呈现虚高状况，整体现款报价期间10.6-10.8万元/吨为主，承兑10.9-11.1万元/吨左右。市场需求尚无完全释放，高价成交偏少。月底部分钢厂招标会逐步启动，钼铁厂家有继续挺价迹象。从近期的钢厂招标来看，钢厂60钼铁的承兑招标价格10.4-10.6万元/吨较为常见，后期有提升空间。\n                    \n                    　　12月21日LME钼期货报价整体保持平稳，3月期钼报价25250/25750美元/吨；15月期钼报价25720/26720美元/吨，LME期钼持仓132手。今日简讯：明年贷款需求将相对旺盛，城镇化为信贷投放重点；中金：新型城镇化难以支持新一轮地产投资；意大利总理蒙蒂递交辞呈，大选或于明年2月举行。\n                    \n                    　　周初外盘钼市部分产品价格仍有上调迹象，欧洲钼铁、氧化钼等都有一定涨幅；美国市场稍显平稳，价格暂稳波动。其次，欧亚将钼氧化物进口关税从5%降至零，这有利增加外部市场对该产品的需求，降低钼铁合金的生产成本，提高外部市场行业竞争力。国内行情运行平稳，主要钼产品价格继续保持在相对高位。同时，市场部分商家报价仍有抬高迹象，加之年底逼近，后期钢厂招标或有新的改观。', '1', '钼,行情,美元', '1', 'lizhili', '2013-01-31 00:00:00', '2013-01-31 00:00:00', '1');
INSERT INTO mu_article VALUES ('19', '2012年12月国内钼铁价格走势图', 'lizhili', '16', '　钼精矿市场：今日40-45%钼精矿主流报价1540-1570元/吨度附近，47%及以上品位1560-1580元/吨度，价格暂时持稳，行情仍有继续向上运行迹象。行情短期利好，之前部分商家场外观望，近期开始逐步参与市场。栾川某商家表示，前期矿商停产较多，贸易商多以低库存场外等待行情好转。虽然近期钼精矿价格开始有所好转，但是上调的步伐依然较慢。与成本相比，盈利空间较小。期待后期继续上行。\n                    \n                    　　钼铁市场：钼铁价格暂时保持平稳，市场主流报价10.7-11万元/吨（现款-承兑）。当前，在行情利好带动下，有商家报价呈现虚高状况，整体现款报价期间10.6-10.8万元/吨为主，承兑10.9-11.1万元/吨左右。市场需求尚无完全释放，高价成交偏少。月底部分钢厂招标会逐步启动，钼铁厂家有继续挺价迹象。从近期的钢厂招标来看，钢厂60钼铁的承兑招标价格10.4-10.6万元/吨较为常见，后期有提升空间。\n                    \n                    　　12月21日LME钼期货报价整体保持平稳，3月期钼报价25250/25750美元/吨；15月期钼报价25720/26720美元/吨，LME期钼持仓132手。今日简讯：明年贷款需求将相对旺盛，城镇化为信贷投放重点；中金：新型城镇化难以支持新一轮地产投资；意大利总理蒙蒂递交辞呈，大选或于明年2月举行。\n                    \n                    　　周初外盘钼市部分产品价格仍有上调迹象，欧洲钼铁、氧化钼等都有一定涨幅；美国市场稍显平稳，价格暂稳波动。其次，欧亚将钼氧化物进口关税从5%降至零，这有利增加外部市场对该产品的需求，降低钼铁合金的生产成本，提高外部市场行业竞争力。国内行情运行平稳，主要钼产品价格继续保持在相对高位。同时，市场部分商家报价仍有抬高迹象，加之年底逼近，后期钢厂招标或有新的改观。', '1', '钼,行情,美元', '1', 'lizhili', '2013-01-31 00:00:00', '2013-01-31 00:00:00', '0');
INSERT INTO mu_article VALUES ('20', '2012年12月国内氧化钼价格走势图', 'lizhili', '16', '　钼精矿市场：今日40-45%钼精矿主流报价1540-1570元/吨度附近，47%及以上品位1560-1580元/吨度，价格暂时持稳，行情仍有继续向上运行迹象。行情短期利好，之前部分商家场外观望，近期开始逐步参与市场。栾川某商家表示，前期矿商停产较多，贸易商多以低库存场外等待行情好转。虽然近期钼精矿价格开始有所好转，但是上调的步伐依然较慢。与成本相比，盈利空间较小。期待后期继续上行。\n                    \n                    　　钼铁市场：钼铁价格暂时保持平稳，市场主流报价10.7-11万元/吨（现款-承兑）。当前，在行情利好带动下，有商家报价呈现虚高状况，整体现款报价期间10.6-10.8万元/吨为主，承兑10.9-11.1万元/吨左右。市场需求尚无完全释放，高价成交偏少。月底部分钢厂招标会逐步启动，钼铁厂家有继续挺价迹象。从近期的钢厂招标来看，钢厂60钼铁的承兑招标价格10.4-10.6万元/吨较为常见，后期有提升空间。\n                    \n                    　　12月21日LME钼期货报价整体保持平稳，3月期钼报价25250/25750美元/吨；15月期钼报价25720/26720美元/吨，LME期钼持仓132手。今日简讯：明年贷款需求将相对旺盛，城镇化为信贷投放重点；中金：新型城镇化难以支持新一轮地产投资；意大利总理蒙蒂递交辞呈，大选或于明年2月举行。\n                    \n                    　　周初外盘钼市部分产品价格仍有上调迹象，欧洲钼铁、氧化钼等都有一定涨幅；美国市场稍显平稳，价格暂稳波动。其次，欧亚将钼氧化物进口关税从5%降至零，这有利增加外部市场对该产品的需求，降低钼铁合金的生产成本，提高外部市场行业竞争力。国内行情运行平稳，主要钼产品价格继续保持在相对高位。同时，市场部分商家报价仍有抬高迹象，加之年底逼近，后期钢厂招标或有新的改观。', '1', '钼,行情,美元', '1', 'lizhili', '2013-01-31 00:00:00', '2013-01-31 00:00:00', '0');
INSERT INTO mu_article VALUES ('21', '2012年1-12月国际钼铁价格走势图', 'lizhili', '16', '　钼精矿市场：今日40-45%钼精矿主流报价1540-1570元/吨度附近，47%及以上品位1560-1580元/吨度，价格暂时持稳，行情仍有继续向上运行迹象。行情短期利好，之前部分商家场外观望，近期开始逐步参与市场。栾川某商家表示，前期矿商停产较多，贸易商多以低库存场外等待行情好转。虽然近期钼精矿价格开始有所好转，但是上调的步伐依然较慢。与成本相比，盈利空间较小。期待后期继续上行。\n                    \n                    　　钼铁市场：钼铁价格暂时保持平稳，市场主流报价10.7-11万元/吨（现款-承兑）。当前，在行情利好带动下，有商家报价呈现虚高状况，整体现款报价期间10.6-10.8万元/吨为主，承兑10.9-11.1万元/吨左右。市场需求尚无完全释放，高价成交偏少。月底部分钢厂招标会逐步启动，钼铁厂家有继续挺价迹象。从近期的钢厂招标来看，钢厂60钼铁的承兑招标价格10.4-10.6万元/吨较为常见，后期有提升空间。\n                    \n                    　　12月21日LME钼期货报价整体保持平稳，3月期钼报价25250/25750美元/吨；15月期钼报价25720/26720美元/吨，LME期钼持仓132手。今日简讯：明年贷款需求将相对旺盛，城镇化为信贷投放重点；中金：新型城镇化难以支持新一轮地产投资；意大利总理蒙蒂递交辞呈，大选或于明年2月举行。\n                    \n                    　　周初外盘钼市部分产品价格仍有上调迹象，欧洲钼铁、氧化钼等都有一定涨幅；美国市场稍显平稳，价格暂稳波动。其次，欧亚将钼氧化物进口关税从5%降至零，这有利增加外部市场对该产品的需求，降低钼铁合金的生产成本，提高外部市场行业竞争力。国内行情运行平稳，主要钼产品价格继续保持在相对高位。同时，市场部分商家报价仍有抬高迹象，加之年底逼近，后期钢厂招标或有新的改观。', '1', '钼,行情,美元', '1', 'lizhili', '2013-01-31 00:00:00', '2013-01-31 00:00:00', '0');
INSERT INTO mu_article VALUES ('22', '2012年1-12月国际氧化钼价格走势图', 'lizhili', '16', '　钼精矿市场：今日40-45%钼精矿主流报价1540-1570元/吨度附近，47%及以上品位1560-1580元/吨度，价格暂时持稳，行情仍有继续向上运行迹象。行情短期利好，之前部分商家场外观望，近期开始逐步参与市场。栾川某商家表示，前期矿商停产较多，贸易商多以低库存场外等待行情好转。虽然近期钼精矿价格开始有所好转，但是上调的步伐依然较慢。与成本相比，盈利空间较小。期待后期继续上行。\n                    \n                    　　钼铁市场：钼铁价格暂时保持平稳，市场主流报价10.7-11万元/吨（现款-承兑）。当前，在行情利好带动下，有商家报价呈现虚高状况，整体现款报价期间10.6-10.8万元/吨为主，承兑10.9-11.1万元/吨左右。市场需求尚无完全释放，高价成交偏少。月底部分钢厂招标会逐步启动，钼铁厂家有继续挺价迹象。从近期的钢厂招标来看，钢厂60钼铁的承兑招标价格10.4-10.6万元/吨较为常见，后期有提升空间。\n                    \n                    　　12月21日LME钼期货报价整体保持平稳，3月期钼报价25250/25750美元/吨；15月期钼报价25720/26720美元/吨，LME期钼持仓132手。今日简讯：明年贷款需求将相对旺盛，城镇化为信贷投放重点；中金：新型城镇化难以支持新一轮地产投资；意大利总理蒙蒂递交辞呈，大选或于明年2月举行。\n                    \n                    　　周初外盘钼市部分产品价格仍有上调迹象，欧洲钼铁、氧化钼等都有一定涨幅；美国市场稍显平稳，价格暂稳波动。其次，欧亚将钼氧化物进口关税从5%降至零，这有利增加外部市场对该产品的需求，降低钼铁合金的生产成本，提高外部市场行业竞争力。国内行情运行平稳，主要钼产品价格继续保持在相对高位。同时，市场部分商家报价仍有抬高迹象，加之年底逼近，后期钢厂招标或有新的改观。', '1', '钼,行情,美元', '1', 'lizhili', '2013-01-31 00:00:00', '2013-01-31 00:00:00', '1');
INSERT INTO mu_article VALUES ('23', '2012年12月国内氧化钼价格走势图', 'lizhili', '16', '　钼精矿市场：今日40-45%钼精矿主流报价1540-1570元/吨度附近，47%及以上品位1560-1580元/吨度，价格暂时持稳，行情仍有继续向上运行迹象。行情短期利好，之前部分商家场外观望，近期开始逐步参与市场。栾川某商家表示，前期矿商停产较多，贸易商多以低库存场外等待行情好转。虽然近期钼精矿价格开始有所好转，但是上调的步伐依然较慢。与成本相比，盈利空间较小。期待后期继续上行。\n                    \n                    　　钼铁市场：钼铁价格暂时保持平稳，市场主流报价10.7-11万元/吨（现款-承兑）。当前，在行情利好带动下，有商家报价呈现虚高状况，整体现款报价期间10.6-10.8万元/吨为主，承兑10.9-11.1万元/吨左右。市场需求尚无完全释放，高价成交偏少。月底部分钢厂招标会逐步启动，钼铁厂家有继续挺价迹象。从近期的钢厂招标来看，钢厂60钼铁的承兑招标价格10.4-10.6万元/吨较为常见，后期有提升空间。\n                    \n                    　　12月21日LME钼期货报价整体保持平稳，3月期钼报价25250/25750美元/吨；15月期钼报价25720/26720美元/吨，LME期钼持仓132手。今日简讯：明年贷款需求将相对旺盛，城镇化为信贷投放重点；中金：新型城镇化难以支持新一轮地产投资；意大利总理蒙蒂递交辞呈，大选或于明年2月举行。\n                    \n                    　　周初外盘钼市部分产品价格仍有上调迹象，欧洲钼铁、氧化钼等都有一定涨幅；美国市场稍显平稳，价格暂稳波动。其次，欧亚将钼氧化物进口关税从5%降至零，这有利增加外部市场对该产品的需求，降低钼铁合金的生产成本，提高外部市场行业竞争力。国内行情运行平稳，主要钼产品价格继续保持在相对高位。同时，市场部分商家报价仍有抬高迹象，加之年底逼近，后期钢厂招标或有新的改观。', '1', '钼,行情,美元', '1', 'lizhili', '2013-01-31 00:00:00', '2013-01-31 00:00:00', '1');
INSERT INTO mu_article VALUES ('24', '2012年1-12月国内钼铁价格走势图', 'lizhili', '16', '　钼精矿市场：今日40-45%钼精矿主流报价1540-1570元/吨度附近，47%及以上品位1560-1580元/吨度，价格暂时持稳，行情仍有继续向上运行迹象。行情短期利好，之前部分商家场外观望，近期开始逐步参与市场。栾川某商家表示，前期矿商停产较多，贸易商多以低库存场外等待行情好转。虽然近期钼精矿价格开始有所好转，但是上调的步伐依然较慢。与成本相比，盈利空间较小。期待后期继续上行。\n                    \n                    　　钼铁市场：钼铁价格暂时保持平稳，市场主流报价10.7-11万元/吨（现款-承兑）。当前，在行情利好带动下，有商家报价呈现虚高状况，整体现款报价期间10.6-10.8万元/吨为主，承兑10.9-11.1万元/吨左右。市场需求尚无完全释放，高价成交偏少。月底部分钢厂招标会逐步启动，钼铁厂家有继续挺价迹象。从近期的钢厂招标来看，钢厂60钼铁的承兑招标价格10.4-10.6万元/吨较为常见，后期有提升空间。\n                    \n                    　　12月21日LME钼期货报价整体保持平稳，3月期钼报价25250/25750美元/吨；15月期钼报价25720/26720美元/吨，LME期钼持仓132手。今日简讯：明年贷款需求将相对旺盛，城镇化为信贷投放重点；中金：新型城镇化难以支持新一轮地产投资；意大利总理蒙蒂递交辞呈，大选或于明年2月举行。\n                    \n                    　　周初外盘钼市部分产品价格仍有上调迹象，欧洲钼铁、氧化钼等都有一定涨幅；美国市场稍显平稳，价格暂稳波动。其次，欧亚将钼氧化物进口关税从5%降至零，这有利增加外部市场对该产品的需求，降低钼铁合金的生产成本，提高外部市场行业竞争力。国内行情运行平稳，主要钼产品价格继续保持在相对高位。同时，市场部分商家报价仍有抬高迹象，加之年底逼近，后期钢厂招标或有新的改观。', '1', '钼,行情,美元', '1', 'lizhili', '2013-01-31 00:00:00', '2013-01-31 00:00:00', '0');
INSERT INTO mu_article VALUES ('25', '2012年12月国内氧化钼价格走势图', 'lizhili', '16', '　钼精矿市场：今日40-45%钼精矿主流报价1540-1570元/吨度附近，47%及以上品位1560-1580元/吨度，价格暂时持稳，行情仍有继续向上运行迹象。行情短期利好，之前部分商家场外观望，近期开始逐步参与市场。栾川某商家表示，前期矿商停产较多，贸易商多以低库存场外等待行情好转。虽然近期钼精矿价格开始有所好转，但是上调的步伐依然较慢。与成本相比，盈利空间较小。期待后期继续上行。\n                    \n                    　　钼铁市场：钼铁价格暂时保持平稳，市场主流报价10.7-11万元/吨（现款-承兑）。当前，在行情利好带动下，有商家报价呈现虚高状况，整体现款报价期间10.6-10.8万元/吨为主，承兑10.9-11.1万元/吨左右。市场需求尚无完全释放，高价成交偏少。月底部分钢厂招标会逐步启动，钼铁厂家有继续挺价迹象。从近期的钢厂招标来看，钢厂60钼铁的承兑招标价格10.4-10.6万元/吨较为常见，后期有提升空间。\n                    \n                    　　12月21日LME钼期货报价整体保持平稳，3月期钼报价25250/25750美元/吨；15月期钼报价25720/26720美元/吨，LME期钼持仓132手。今日简讯：明年贷款需求将相对旺盛，城镇化为信贷投放重点；中金：新型城镇化难以支持新一轮地产投资；意大利总理蒙蒂递交辞呈，大选或于明年2月举行。\n                    \n                    　　周初外盘钼市部分产品价格仍有上调迹象，欧洲钼铁、氧化钼等都有一定涨幅；美国市场稍显平稳，价格暂稳波动。其次，欧亚将钼氧化物进口关税从5%降至零，这有利增加外部市场对该产品的需求，降低钼铁合金的生产成本，提高外部市场行业竞争力。国内行情运行平稳，主要钼产品价格继续保持在相对高位。同时，市场部分商家报价仍有抬高迹象，加之年底逼近，后期钢厂招标或有新的改观。', '1', '钼,行情,美元', '1', 'lizhili', '2013-01-31 00:00:00', '2013-01-31 00:00:00', '0');
INSERT INTO mu_article VALUES ('26', '2012年12月国内氧化钼价格走势图', 'lizhili', '16', '　钼精矿市场：今日40-45%钼精矿主流报价1540-1570元/吨度附近，47%及以上品位1560-1580元/吨度，价格暂时持稳，行情仍有继续向上运行迹象。行情短期利好，之前部分商家场外观望，近期开始逐步参与市场。栾川某商家表示，前期矿商停产较多，贸易商多以低库存场外等待行情好转。虽然近期钼精矿价格开始有所好转，但是上调的步伐依然较慢。与成本相比，盈利空间较小。期待后期继续上行。\n                    \n                    　　钼铁市场：钼铁价格暂时保持平稳，市场主流报价10.7-11万元/吨（现款-承兑）。当前，在行情利好带动下，有商家报价呈现虚高状况，整体现款报价期间10.6-10.8万元/吨为主，承兑10.9-11.1万元/吨左右。市场需求尚无完全释放，高价成交偏少。月底部分钢厂招标会逐步启动，钼铁厂家有继续挺价迹象。从近期的钢厂招标来看，钢厂60钼铁的承兑招标价格10.4-10.6万元/吨较为常见，后期有提升空间。\n                    \n                    　　12月21日LME钼期货报价整体保持平稳，3月期钼报价25250/25750美元/吨；15月期钼报价25720/26720美元/吨，LME期钼持仓132手。今日简讯：明年贷款需求将相对旺盛，城镇化为信贷投放重点；中金：新型城镇化难以支持新一轮地产投资；意大利总理蒙蒂递交辞呈，大选或于明年2月举行。\n                    \n                    　　周初外盘钼市部分产品价格仍有上调迹象，欧洲钼铁、氧化钼等都有一定涨幅；美国市场稍显平稳，价格暂稳波动。其次，欧亚将钼氧化物进口关税从5%降至零，这有利增加外部市场对该产品的需求，降低钼铁合金的生产成本，提高外部市场行业竞争力。国内行情运行平稳，主要钼产品价格继续保持在相对高位。同时，市场部分商家报价仍有抬高迹象，加之年底逼近，后期钢厂招标或有新的改观。', '1', '钼,行情,美元', '1', 'lizhili', '2013-01-31 00:00:00', '2013-01-31 00:00:00', '0');
INSERT INTO mu_article VALUES ('27', '2012年1-12月国内钼铁价格走势图', 'lizhili', '16', '　钼精矿市场：今日40-45%钼精矿主流报价1540-1570元/吨度附近，47%及以上品位1560-1580元/吨度，价格暂时持稳，行情仍有继续向上运行迹象。行情短期利好，之前部分商家场外观望，近期开始逐步参与市场。栾川某商家表示，前期矿商停产较多，贸易商多以低库存场外等待行情好转。虽然近期钼精矿价格开始有所好转，但是上调的步伐依然较慢。与成本相比，盈利空间较小。期待后期继续上行。\n                    \n                    　　钼铁市场：钼铁价格暂时保持平稳，市场主流报价10.7-11万元/吨（现款-承兑）。当前，在行情利好带动下，有商家报价呈现虚高状况，整体现款报价期间10.6-10.8万元/吨为主，承兑10.9-11.1万元/吨左右。市场需求尚无完全释放，高价成交偏少。月底部分钢厂招标会逐步启动，钼铁厂家有继续挺价迹象。从近期的钢厂招标来看，钢厂60钼铁的承兑招标价格10.4-10.6万元/吨较为常见，后期有提升空间。\n                    \n                    　　12月21日LME钼期货报价整体保持平稳，3月期钼报价25250/25750美元/吨；15月期钼报价25720/26720美元/吨，LME期钼持仓132手。今日简讯：明年贷款需求将相对旺盛，城镇化为信贷投放重点；中金：新型城镇化难以支持新一轮地产投资；意大利总理蒙蒂递交辞呈，大选或于明年2月举行。\n                    \n                    　　周初外盘钼市部分产品价格仍有上调迹象，欧洲钼铁、氧化钼等都有一定涨幅；美国市场稍显平稳，价格暂稳波动。其次，欧亚将钼氧化物进口关税从5%降至零，这有利增加外部市场对该产品的需求，降低钼铁合金的生产成本，提高外部市场行业竞争力。国内行情运行平稳，主要钼产品价格继续保持在相对高位。同时，市场部分商家报价仍有抬高迹象，加之年底逼近，后期钢厂招标或有新的改观。', '1', '钼,行情,美元', '1', 'lizhili', '2013-01-31 00:00:00', '2013-01-31 00:00:00', '1');
INSERT INTO mu_article VALUES ('28', '2012年1-12月国际氧化钼价格走势图', 'lizhili', '16', '　钼精矿市场：今日40-45%钼精矿主流报价1540-1570元/吨度附近，47%及以上品位1560-1580元/吨度，价格暂时持稳，行情仍有继续向上运行迹象。行情短期利好，之前部分商家场外观望，近期开始逐步参与市场。栾川某商家表示，前期矿商停产较多，贸易商多以低库存场外等待行情好转。虽然近期钼精矿价格开始有所好转，但是上调的步伐依然较慢。与成本相比，盈利空间较小。期待后期继续上行。\n                    \n                    　　钼铁市场：钼铁价格暂时保持平稳，市场主流报价10.7-11万元/吨（现款-承兑）。当前，在行情利好带动下，有商家报价呈现虚高状况，整体现款报价期间10.6-10.8万元/吨为主，承兑10.9-11.1万元/吨左右。市场需求尚无完全释放，高价成交偏少。月底部分钢厂招标会逐步启动，钼铁厂家有继续挺价迹象。从近期的钢厂招标来看，钢厂60钼铁的承兑招标价格10.4-10.6万元/吨较为常见，后期有提升空间。\n                    \n                    　　12月21日LME钼期货报价整体保持平稳，3月期钼报价25250/25750美元/吨；15月期钼报价25720/26720美元/吨，LME期钼持仓132手。今日简讯：明年贷款需求将相对旺盛，城镇化为信贷投放重点；中金：新型城镇化难以支持新一轮地产投资；意大利总理蒙蒂递交辞呈，大选或于明年2月举行。\n                    \n                    　　周初外盘钼市部分产品价格仍有上调迹象，欧洲钼铁、氧化钼等都有一定涨幅；美国市场稍显平稳，价格暂稳波动。其次，欧亚将钼氧化物进口关税从5%降至零，这有利增加外部市场对该产品的需求，降低钼铁合金的生产成本，提高外部市场行业竞争力。国内行情运行平稳，主要钼产品价格继续保持在相对高位。同时，市场部分商家报价仍有抬高迹象，加之年底逼近，后期钢厂招标或有新的改观。', '1', '钼,行情,美元', '1', 'lizhili', '2013-01-31 00:00:00', '2013-01-31 00:00:00', '1');
INSERT INTO mu_article VALUES ('29', '2012年1-12月国内氧化钼价格走势图', 'lizhili', '16', '　钼精矿市场：今日40-45%钼精矿主流报价1540-1570元/吨度附近，47%及以上品位1560-1580元/吨度，价格暂时持稳，行情仍有继续向上运行迹象。行情短期利好，之前部分商家场外观望，近期开始逐步参与市场。栾川某商家表示，前期矿商停产较多，贸易商多以低库存场外等待行情好转。虽然近期钼精矿价格开始有所好转，但是上调的步伐依然较慢。与成本相比，盈利空间较小。期待后期继续上行。\n                    \n                    　　钼铁市场：钼铁价格暂时保持平稳，市场主流报价10.7-11万元/吨（现款-承兑）。当前，在行情利好带动下，有商家报价呈现虚高状况，整体现款报价期间10.6-10.8万元/吨为主，承兑10.9-11.1万元/吨左右。市场需求尚无完全释放，高价成交偏少。月底部分钢厂招标会逐步启动，钼铁厂家有继续挺价迹象。从近期的钢厂招标来看，钢厂60钼铁的承兑招标价格10.4-10.6万元/吨较为常见，后期有提升空间。\n                    \n                    　　12月21日LME钼期货报价整体保持平稳，3月期钼报价25250/25750美元/吨；15月期钼报价25720/26720美元/吨，LME期钼持仓132手。今日简讯：明年贷款需求将相对旺盛，城镇化为信贷投放重点；中金：新型城镇化难以支持新一轮地产投资；意大利总理蒙蒂递交辞呈，大选或于明年2月举行。\n                    \n                    　　周初外盘钼市部分产品价格仍有上调迹象，欧洲钼铁、氧化钼等都有一定涨幅；美国市场稍显平稳，价格暂稳波动。其次，欧亚将钼氧化物进口关税从5%降至零，这有利增加外部市场对该产品的需求，降低钼铁合金的生产成本，提高外部市场行业竞争力。国内行情运行平稳，主要钼产品价格继续保持在相对高位。同时，市场部分商家报价仍有抬高迹象，加之年底逼近，后期钢厂招标或有新的改观。', '1', '钼,行情,美元', '1', 'lizhili', '2013-01-31 00:00:00', '2013-01-31 00:00:00', '0');
INSERT INTO mu_article VALUES ('30', '2012年1-12月国际钼铁价格走势图', 'lizhili', '16', '　钼精矿市场：今日40-45%钼精矿主流报价1540-1570元/吨度附近，47%及以上品位1560-1580元/吨度，价格暂时持稳，行情仍有继续向上运行迹象。行情短期利好，之前部分商家场外观望，近期开始逐步参与市场。栾川某商家表示，前期矿商停产较多，贸易商多以低库存场外等待行情好转。虽然近期钼精矿价格开始有所好转，但是上调的步伐依然较慢。与成本相比，盈利空间较小。期待后期继续上行。\n                    \n                    　　钼铁市场：钼铁价格暂时保持平稳，市场主流报价10.7-11万元/吨（现款-承兑）。当前，在行情利好带动下，有商家报价呈现虚高状况，整体现款报价期间10.6-10.8万元/吨为主，承兑10.9-11.1万元/吨左右。市场需求尚无完全释放，高价成交偏少。月底部分钢厂招标会逐步启动，钼铁厂家有继续挺价迹象。从近期的钢厂招标来看，钢厂60钼铁的承兑招标价格10.4-10.6万元/吨较为常见，后期有提升空间。\n                    \n                    　　12月21日LME钼期货报价整体保持平稳，3月期钼报价25250/25750美元/吨；15月期钼报价25720/26720美元/吨，LME期钼持仓132手。今日简讯：明年贷款需求将相对旺盛，城镇化为信贷投放重点；中金：新型城镇化难以支持新一轮地产投资；意大利总理蒙蒂递交辞呈，大选或于明年2月举行。\n                    \n                    　　周初外盘钼市部分产品价格仍有上调迹象，欧洲钼铁、氧化钼等都有一定涨幅；美国市场稍显平稳，价格暂稳波动。其次，欧亚将钼氧化物进口关税从5%降至零，这有利增加外部市场对该产品的需求，降低钼铁合金的生产成本，提高外部市场行业竞争力。国内行情运行平稳，主要钼产品价格继续保持在相对高位。同时，市场部分商家报价仍有抬高迹象，加之年底逼近，后期钢厂招标或有新的改观。', '1', '钼,行情,美元', '1', 'lizhili', '2013-01-31 00:00:00', '2013-01-31 00:00:00', '1');
INSERT INTO mu_article VALUES ('31', '2012年1-12月份我国钼铁出口对比图', 'lizhili', '16', '　钼精矿市场：今日40-45%钼精矿主流报价1540-1570元/吨度附近，47%及以上品位1560-1580元/吨度，价格暂时持稳，行情仍有继续向上运行迹象。行情短期利好，之前部分商家场外观望，近期开始逐步参与市场。栾川某商家表示，前期矿商停产较多，贸易商多以低库存场外等待行情好转。虽然近期钼精矿价格开始有所好转，但是上调的步伐依然较慢。与成本相比，盈利空间较小。期待后期继续上行。\n                    \n                    　　钼铁市场：钼铁价格暂时保持平稳，市场主流报价10.7-11万元/吨（现款-承兑）。当前，在行情利好带动下，有商家报价呈现虚高状况，整体现款报价期间10.6-10.8万元/吨为主，承兑10.9-11.1万元/吨左右。市场需求尚无完全释放，高价成交偏少。月底部分钢厂招标会逐步启动，钼铁厂家有继续挺价迹象。从近期的钢厂招标来看，钢厂60钼铁的承兑招标价格10.4-10.6万元/吨较为常见，后期有提升空间。\n                    \n                    　　12月21日LME钼期货报价整体保持平稳，3月期钼报价25250/25750美元/吨；15月期钼报价25720/26720美元/吨，LME期钼持仓132手。今日简讯：明年贷款需求将相对旺盛，城镇化为信贷投放重点；中金：新型城镇化难以支持新一轮地产投资；意大利总理蒙蒂递交辞呈，大选或于明年2月举行。\n                    \n                    　　周初外盘钼市部分产品价格仍有上调迹象，欧洲钼铁、氧化钼等都有一定涨幅；美国市场稍显平稳，价格暂稳波动。其次，欧亚将钼氧化物进口关税从5%降至零，这有利增加外部市场对该产品的需求，降低钼铁合金的生产成本，提高外部市场行业竞争力。国内行情运行平稳，主要钼产品价格继续保持在相对高位。同时，市场部分商家报价仍有抬高迹象，加之年底逼近，后期钢厂招标或有新的改观。', '1', '钼,行情,美元', '1', 'lizhili', '2013-01-31 00:00:00', '2013-01-31 00:00:00', '1');
INSERT INTO mu_article VALUES ('32', '2011年4月份钼系产品月报告', 'lizhili', '16', '　钼精矿市场：今日40-45%钼精矿主流报价1540-1570元/吨度附近，47%及以上品位1560-1580元/吨度，价格暂时持稳，行情仍有继续向上运行迹象。行情短期利好，之前部分商家场外观望，近期开始逐步参与市场。栾川某商家表示，前期矿商停产较多，贸易商多以低库存场外等待行情好转。虽然近期钼精矿价格开始有所好转，但是上调的步伐依然较慢。与成本相比，盈利空间较小。期待后期继续上行。\n                    \n                    　　钼铁市场：钼铁价格暂时保持平稳，市场主流报价10.7-11万元/吨（现款-承兑）。当前，在行情利好带动下，有商家报价呈现虚高状况，整体现款报价期间10.6-10.8万元/吨为主，承兑10.9-11.1万元/吨左右。市场需求尚无完全释放，高价成交偏少。月底部分钢厂招标会逐步启动，钼铁厂家有继续挺价迹象。从近期的钢厂招标来看，钢厂60钼铁的承兑招标价格10.4-10.6万元/吨较为常见，后期有提升空间。\n                    \n                    　　12月21日LME钼期货报价整体保持平稳，3月期钼报价25250/25750美元/吨；15月期钼报价25720/26720美元/吨，LME期钼持仓132手。今日简讯：明年贷款需求将相对旺盛，城镇化为信贷投放重点；中金：新型城镇化难以支持新一轮地产投资；意大利总理蒙蒂递交辞呈，大选或于明年2月举行。\n                    \n                    　　周初外盘钼市部分产品价格仍有上调迹象，欧洲钼铁、氧化钼等都有一定涨幅；美国市场稍显平稳，价格暂稳波动。其次，欧亚将钼氧化物进口关税从5%降至零，这有利增加外部市场对该产品的需求，降低钼铁合金的生产成本，提高外部市场行业竞争力。国内行情运行平稳，主要钼产品价格继续保持在相对高位。同时，市场部分商家报价仍有抬高迹象，加之年底逼近，后期钢厂招标或有新的改观。', '1', '钼,行情,美元', '1', 'lizhili', '2013-01-31 00:00:00', '2013-01-31 00:00:00', '1');
INSERT INTO mu_article VALUES ('33', '2012年12月国内氧化钼价格走势图', 'lizhili', '16', '　钼精矿市场：今日40-45%钼精矿主流报价1540-1570元/吨度附近，47%及以上品位1560-1580元/吨度，价格暂时持稳，行情仍有继续向上运行迹象。行情短期利好，之前部分商家场外观望，近期开始逐步参与市场。栾川某商家表示，前期矿商停产较多，贸易商多以低库存场外等待行情好转。虽然近期钼精矿价格开始有所好转，但是上调的步伐依然较慢。与成本相比，盈利空间较小。期待后期继续上行。\n                    \n                    　　钼铁市场：钼铁价格暂时保持平稳，市场主流报价10.7-11万元/吨（现款-承兑）。当前，在行情利好带动下，有商家报价呈现虚高状况，整体现款报价期间10.6-10.8万元/吨为主，承兑10.9-11.1万元/吨左右。市场需求尚无完全释放，高价成交偏少。月底部分钢厂招标会逐步启动，钼铁厂家有继续挺价迹象。从近期的钢厂招标来看，钢厂60钼铁的承兑招标价格10.4-10.6万元/吨较为常见，后期有提升空间。\n                    \n                    　　12月21日LME钼期货报价整体保持平稳，3月期钼报价25250/25750美元/吨；15月期钼报价25720/26720美元/吨，LME期钼持仓132手。今日简讯：明年贷款需求将相对旺盛，城镇化为信贷投放重点；中金：新型城镇化难以支持新一轮地产投资；意大利总理蒙蒂递交辞呈，大选或于明年2月举行。\n                    \n                    　　周初外盘钼市部分产品价格仍有上调迹象，欧洲钼铁、氧化钼等都有一定涨幅；美国市场稍显平稳，价格暂稳波动。其次，欧亚将钼氧化物进口关税从5%降至零，这有利增加外部市场对该产品的需求，降低钼铁合金的生产成本，提高外部市场行业竞争力。国内行情运行平稳，主要钼产品价格继续保持在相对高位。同时，市场部分商家报价仍有抬高迹象，加之年底逼近，后期钢厂招标或有新的改观。', '1', '钼,行情,美元', '1', 'lizhili', '2013-01-31 00:00:00', '2013-01-31 00:00:00', '1');
INSERT INTO mu_article VALUES ('34', '2012年1-12月国际钼铁价格走势图', 'lizhili', '16', '　钼精矿市场：今日40-45%钼精矿主流报价1540-1570元/吨度附近，47%及以上品位1560-1580元/吨度，价格暂时持稳，行情仍有继续向上运行迹象。行情短期利好，之前部分商家场外观望，近期开始逐步参与市场。栾川某商家表示，前期矿商停产较多，贸易商多以低库存场外等待行情好转。虽然近期钼精矿价格开始有所好转，但是上调的步伐依然较慢。与成本相比，盈利空间较小。期待后期继续上行。\n                    \n                    　　钼铁市场：钼铁价格暂时保持平稳，市场主流报价10.7-11万元/吨（现款-承兑）。当前，在行情利好带动下，有商家报价呈现虚高状况，整体现款报价期间10.6-10.8万元/吨为主，承兑10.9-11.1万元/吨左右。市场需求尚无完全释放，高价成交偏少。月底部分钢厂招标会逐步启动，钼铁厂家有继续挺价迹象。从近期的钢厂招标来看，钢厂60钼铁的承兑招标价格10.4-10.6万元/吨较为常见，后期有提升空间。\n                    \n                    　　12月21日LME钼期货报价整体保持平稳，3月期钼报价25250/25750美元/吨；15月期钼报价25720/26720美元/吨，LME期钼持仓132手。今日简讯：明年贷款需求将相对旺盛，城镇化为信贷投放重点；中金：新型城镇化难以支持新一轮地产投资；意大利总理蒙蒂递交辞呈，大选或于明年2月举行。\n                    \n                    　　周初外盘钼市部分产品价格仍有上调迹象，欧洲钼铁、氧化钼等都有一定涨幅；美国市场稍显平稳，价格暂稳波动。其次，欧亚将钼氧化物进口关税从5%降至零，这有利增加外部市场对该产品的需求，降低钼铁合金的生产成本，提高外部市场行业竞争力。国内行情运行平稳，主要钼产品价格继续保持在相对高位。同时，市场部分商家报价仍有抬高迹象，加之年底逼近，后期钢厂招标或有新的改观。', '1', '钼,行情,美元', '1', 'lizhili', '2013-01-31 00:00:00', '2013-01-31 00:00:00', '0');
INSERT INTO mu_article VALUES ('35', '2012年12月国际氧化钼价格走势图', 'lizhili', '16', '　钼精矿市场：今日40-45%钼精矿主流报价1540-1570元/吨度附近，47%及以上品位1560-1580元/吨度，价格暂时持稳，行情仍有继续向上运行迹象。行情短期利好，之前部分商家场外观望，近期开始逐步参与市场。栾川某商家表示，前期矿商停产较多，贸易商多以低库存场外等待行情好转。虽然近期钼精矿价格开始有所好转，但是上调的步伐依然较慢。与成本相比，盈利空间较小。期待后期继续上行。\n                    \n                    　　钼铁市场：钼铁价格暂时保持平稳，市场主流报价10.7-11万元/吨（现款-承兑）。当前，在行情利好带动下，有商家报价呈现虚高状况，整体现款报价期间10.6-10.8万元/吨为主，承兑10.9-11.1万元/吨左右。市场需求尚无完全释放，高价成交偏少。月底部分钢厂招标会逐步启动，钼铁厂家有继续挺价迹象。从近期的钢厂招标来看，钢厂60钼铁的承兑招标价格10.4-10.6万元/吨较为常见，后期有提升空间。\n                    \n                    　　12月21日LME钼期货报价整体保持平稳，3月期钼报价25250/25750美元/吨；15月期钼报价25720/26720美元/吨，LME期钼持仓132手。今日简讯：明年贷款需求将相对旺盛，城镇化为信贷投放重点；中金：新型城镇化难以支持新一轮地产投资；意大利总理蒙蒂递交辞呈，大选或于明年2月举行。\n                    \n                    　　周初外盘钼市部分产品价格仍有上调迹象，欧洲钼铁、氧化钼等都有一定涨幅；美国市场稍显平稳，价格暂稳波动。其次，欧亚将钼氧化物进口关税从5%降至零，这有利增加外部市场对该产品的需求，降低钼铁合金的生产成本，提高外部市场行业竞争力。国内行情运行平稳，主要钼产品价格继续保持在相对高位。同时，市场部分商家报价仍有抬高迹象，加之年底逼近，后期钢厂招标或有新的改观。', '1', '钼,行情,美元', '1', 'lizhili', '2013-01-31 00:00:00', '2013-01-31 00:00:00', '1');
INSERT INTO mu_article VALUES ('36', '2012年1-12月国内钼铁价格走势图', 'lizhili', '16', '　钼精矿市场：今日40-45%钼精矿主流报价1540-1570元/吨度附近，47%及以上品位1560-1580元/吨度，价格暂时持稳，行情仍有继续向上运行迹象。行情短期利好，之前部分商家场外观望，近期开始逐步参与市场。栾川某商家表示，前期矿商停产较多，贸易商多以低库存场外等待行情好转。虽然近期钼精矿价格开始有所好转，但是上调的步伐依然较慢。与成本相比，盈利空间较小。期待后期继续上行。\n                    \n                    　　钼铁市场：钼铁价格暂时保持平稳，市场主流报价10.7-11万元/吨（现款-承兑）。当前，在行情利好带动下，有商家报价呈现虚高状况，整体现款报价期间10.6-10.8万元/吨为主，承兑10.9-11.1万元/吨左右。市场需求尚无完全释放，高价成交偏少。月底部分钢厂招标会逐步启动，钼铁厂家有继续挺价迹象。从近期的钢厂招标来看，钢厂60钼铁的承兑招标价格10.4-10.6万元/吨较为常见，后期有提升空间。\n                    \n                    　　12月21日LME钼期货报价整体保持平稳，3月期钼报价25250/25750美元/吨；15月期钼报价25720/26720美元/吨，LME期钼持仓132手。今日简讯：明年贷款需求将相对旺盛，城镇化为信贷投放重点；中金：新型城镇化难以支持新一轮地产投资；意大利总理蒙蒂递交辞呈，大选或于明年2月举行。\n                    \n                    　　周初外盘钼市部分产品价格仍有上调迹象，欧洲钼铁、氧化钼等都有一定涨幅；美国市场稍显平稳，价格暂稳波动。其次，欧亚将钼氧化物进口关税从5%降至零，这有利增加外部市场对该产品的需求，降低钼铁合金的生产成本，提高外部市场行业竞争力。国内行情运行平稳，主要钼产品价格继续保持在相对高位。同时，市场部分商家报价仍有抬高迹象，加之年底逼近，后期钢厂招标或有新的改观。', '1', '钼,行情,美元', '1', 'lizhili', '2013-01-31 00:00:00', '2013-01-31 00:00:00', '0');
INSERT INTO mu_article VALUES ('37', '2012年1-12月国内氧化钼价格走势图', 'lizhili', '16', '　钼精矿市场：今日40-45%钼精矿主流报价1540-1570元/吨度附近，47%及以上品位1560-1580元/吨度，价格暂时持稳，行情仍有继续向上运行迹象。行情短期利好，之前部分商家场外观望，近期开始逐步参与市场。栾川某商家表示，前期矿商停产较多，贸易商多以低库存场外等待行情好转。虽然近期钼精矿价格开始有所好转，但是上调的步伐依然较慢。与成本相比，盈利空间较小。期待后期继续上行。\n                    \n                    　　钼铁市场：钼铁价格暂时保持平稳，市场主流报价10.7-11万元/吨（现款-承兑）。当前，在行情利好带动下，有商家报价呈现虚高状况，整体现款报价期间10.6-10.8万元/吨为主，承兑10.9-11.1万元/吨左右。市场需求尚无完全释放，高价成交偏少。月底部分钢厂招标会逐步启动，钼铁厂家有继续挺价迹象。从近期的钢厂招标来看，钢厂60钼铁的承兑招标价格10.4-10.6万元/吨较为常见，后期有提升空间。\n                    \n                    　　12月21日LME钼期货报价整体保持平稳，3月期钼报价25250/25750美元/吨；15月期钼报价25720/26720美元/吨，LME期钼持仓132手。今日简讯：明年贷款需求将相对旺盛，城镇化为信贷投放重点；中金：新型城镇化难以支持新一轮地产投资；意大利总理蒙蒂递交辞呈，大选或于明年2月举行。\n                    \n                    　　周初外盘钼市部分产品价格仍有上调迹象，欧洲钼铁、氧化钼等都有一定涨幅；美国市场稍显平稳，价格暂稳波动。其次，欧亚将钼氧化物进口关税从5%降至零，这有利增加外部市场对该产品的需求，降低钼铁合金的生产成本，提高外部市场行业竞争力。国内行情运行平稳，主要钼产品价格继续保持在相对高位。同时，市场部分商家报价仍有抬高迹象，加之年底逼近，后期钢厂招标或有新的改观。', '1', '钼,行情,美元', '1', 'lizhili', '2013-01-31 00:00:00', '2013-01-31 00:00:00', '0');
INSERT INTO mu_article VALUES ('38', '2012年1-12月国内氧化钼价格走势图', 'lizhili', '16', '　钼精矿市场：今日40-45%钼精矿主流报价1540-1570元/吨度附近，47%及以上品位1560-1580元/吨度，价格暂时持稳，行情仍有继续向上运行迹象。行情短期利好，之前部分商家场外观望，近期开始逐步参与市场。栾川某商家表示，前期矿商停产较多，贸易商多以低库存场外等待行情好转。虽然近期钼精矿价格开始有所好转，但是上调的步伐依然较慢。与成本相比，盈利空间较小。期待后期继续上行。\n                    \n                    　　钼铁市场：钼铁价格暂时保持平稳，市场主流报价10.7-11万元/吨（现款-承兑）。当前，在行情利好带动下，有商家报价呈现虚高状况，整体现款报价期间10.6-10.8万元/吨为主，承兑10.9-11.1万元/吨左右。市场需求尚无完全释放，高价成交偏少。月底部分钢厂招标会逐步启动，钼铁厂家有继续挺价迹象。从近期的钢厂招标来看，钢厂60钼铁的承兑招标价格10.4-10.6万元/吨较为常见，后期有提升空间。\n                    \n                    　　12月21日LME钼期货报价整体保持平稳，3月期钼报价25250/25750美元/吨；15月期钼报价25720/26720美元/吨，LME期钼持仓132手。今日简讯：明年贷款需求将相对旺盛，城镇化为信贷投放重点；中金：新型城镇化难以支持新一轮地产投资；意大利总理蒙蒂递交辞呈，大选或于明年2月举行。\n                    \n                    　　周初外盘钼市部分产品价格仍有上调迹象，欧洲钼铁、氧化钼等都有一定涨幅；美国市场稍显平稳，价格暂稳波动。其次，欧亚将钼氧化物进口关税从5%降至零，这有利增加外部市场对该产品的需求，降低钼铁合金的生产成本，提高外部市场行业竞争力。国内行情运行平稳，主要钼产品价格继续保持在相对高位。同时，市场部分商家报价仍有抬高迹象，加之年底逼近，后期钢厂招标或有新的改观。', '1', '钼,行情,美元', '1', 'lizhili', '2013-01-31 00:00:00', '2013-01-31 00:00:00', '1');
INSERT INTO mu_article VALUES ('39', '2012年1-12月国际钼铁价格走势图', 'lizhili', '16', '　钼精矿市场：今日40-45%钼精矿主流报价1540-1570元/吨度附近，47%及以上品位1560-1580元/吨度，价格暂时持稳，行情仍有继续向上运行迹象。行情短期利好，之前部分商家场外观望，近期开始逐步参与市场。栾川某商家表示，前期矿商停产较多，贸易商多以低库存场外等待行情好转。虽然近期钼精矿价格开始有所好转，但是上调的步伐依然较慢。与成本相比，盈利空间较小。期待后期继续上行。\n                    \n                    　　钼铁市场：钼铁价格暂时保持平稳，市场主流报价10.7-11万元/吨（现款-承兑）。当前，在行情利好带动下，有商家报价呈现虚高状况，整体现款报价期间10.6-10.8万元/吨为主，承兑10.9-11.1万元/吨左右。市场需求尚无完全释放，高价成交偏少。月底部分钢厂招标会逐步启动，钼铁厂家有继续挺价迹象。从近期的钢厂招标来看，钢厂60钼铁的承兑招标价格10.4-10.6万元/吨较为常见，后期有提升空间。\n                    \n                    　　12月21日LME钼期货报价整体保持平稳，3月期钼报价25250/25750美元/吨；15月期钼报价25720/26720美元/吨，LME期钼持仓132手。今日简讯：明年贷款需求将相对旺盛，城镇化为信贷投放重点；中金：新型城镇化难以支持新一轮地产投资；意大利总理蒙蒂递交辞呈，大选或于明年2月举行。\n                    \n                    　　周初外盘钼市部分产品价格仍有上调迹象，欧洲钼铁、氧化钼等都有一定涨幅；美国市场稍显平稳，价格暂稳波动。其次，欧亚将钼氧化物进口关税从5%降至零，这有利增加外部市场对该产品的需求，降低钼铁合金的生产成本，提高外部市场行业竞争力。国内行情运行平稳，主要钼产品价格继续保持在相对高位。同时，市场部分商家报价仍有抬高迹象，加之年底逼近，后期钢厂招标或有新的改观。', '1', '钼,行情,美元', '1', 'lizhili', '2013-01-31 00:00:00', '2013-01-31 00:00:00', '0');
INSERT INTO mu_article VALUES ('40', '2012年1-12月国际钼铁价格走势图', 'lizhili', '16', '　钼精矿市场：今日40-45%钼精矿主流报价1540-1570元/吨度附近，47%及以上品位1560-1580元/吨度，价格暂时持稳，行情仍有继续向上运行迹象。行情短期利好，之前部分商家场外观望，近期开始逐步参与市场。栾川某商家表示，前期矿商停产较多，贸易商多以低库存场外等待行情好转。虽然近期钼精矿价格开始有所好转，但是上调的步伐依然较慢。与成本相比，盈利空间较小。期待后期继续上行。\n                    \n                    　　钼铁市场：钼铁价格暂时保持平稳，市场主流报价10.7-11万元/吨（现款-承兑）。当前，在行情利好带动下，有商家报价呈现虚高状况，整体现款报价期间10.6-10.8万元/吨为主，承兑10.9-11.1万元/吨左右。市场需求尚无完全释放，高价成交偏少。月底部分钢厂招标会逐步启动，钼铁厂家有继续挺价迹象。从近期的钢厂招标来看，钢厂60钼铁的承兑招标价格10.4-10.6万元/吨较为常见，后期有提升空间。\n                    \n                    　　12月21日LME钼期货报价整体保持平稳，3月期钼报价25250/25750美元/吨；15月期钼报价25720/26720美元/吨，LME期钼持仓132手。今日简讯：明年贷款需求将相对旺盛，城镇化为信贷投放重点；中金：新型城镇化难以支持新一轮地产投资；意大利总理蒙蒂递交辞呈，大选或于明年2月举行。\n                    \n                    　　周初外盘钼市部分产品价格仍有上调迹象，欧洲钼铁、氧化钼等都有一定涨幅；美国市场稍显平稳，价格暂稳波动。其次，欧亚将钼氧化物进口关税从5%降至零，这有利增加外部市场对该产品的需求，降低钼铁合金的生产成本，提高外部市场行业竞争力。国内行情运行平稳，主要钼产品价格继续保持在相对高位。同时，市场部分商家报价仍有抬高迹象，加之年底逼近，后期钢厂招标或有新的改观。', '1', '钼,行情,美元', '1', 'lizhili', '2013-01-31 00:00:00', '2013-01-31 00:00:00', '1');
INSERT INTO mu_article VALUES ('41', '2012年12月国内氧化钼价格走势图', 'lizhili', '16', '　钼精矿市场：今日40-45%钼精矿主流报价1540-1570元/吨度附近，47%及以上品位1560-1580元/吨度，价格暂时持稳，行情仍有继续向上运行迹象。行情短期利好，之前部分商家场外观望，近期开始逐步参与市场。栾川某商家表示，前期矿商停产较多，贸易商多以低库存场外等待行情好转。虽然近期钼精矿价格开始有所好转，但是上调的步伐依然较慢。与成本相比，盈利空间较小。期待后期继续上行。\n                    \n                    　　钼铁市场：钼铁价格暂时保持平稳，市场主流报价10.7-11万元/吨（现款-承兑）。当前，在行情利好带动下，有商家报价呈现虚高状况，整体现款报价期间10.6-10.8万元/吨为主，承兑10.9-11.1万元/吨左右。市场需求尚无完全释放，高价成交偏少。月底部分钢厂招标会逐步启动，钼铁厂家有继续挺价迹象。从近期的钢厂招标来看，钢厂60钼铁的承兑招标价格10.4-10.6万元/吨较为常见，后期有提升空间。\n                    \n                    　　12月21日LME钼期货报价整体保持平稳，3月期钼报价25250/25750美元/吨；15月期钼报价25720/26720美元/吨，LME期钼持仓132手。今日简讯：明年贷款需求将相对旺盛，城镇化为信贷投放重点；中金：新型城镇化难以支持新一轮地产投资；意大利总理蒙蒂递交辞呈，大选或于明年2月举行。\n                    \n                    　　周初外盘钼市部分产品价格仍有上调迹象，欧洲钼铁、氧化钼等都有一定涨幅；美国市场稍显平稳，价格暂稳波动。其次，欧亚将钼氧化物进口关税从5%降至零，这有利增加外部市场对该产品的需求，降低钼铁合金的生产成本，提高外部市场行业竞争力。国内行情运行平稳，主要钼产品价格继续保持在相对高位。同时，市场部分商家报价仍有抬高迹象，加之年底逼近，后期钢厂招标或有新的改观。', '1', '钼,行情,美元', '1', 'lizhili', '2013-01-31 00:00:00', '2013-01-31 00:00:00', '1');
INSERT INTO mu_article VALUES ('42', '2012年1-12月国际钼铁价格走势图', 'lizhili', '16', '　钼精矿市场：今日40-45%钼精矿主流报价1540-1570元/吨度附近，47%及以上品位1560-1580元/吨度，价格暂时持稳，行情仍有继续向上运行迹象。行情短期利好，之前部分商家场外观望，近期开始逐步参与市场。栾川某商家表示，前期矿商停产较多，贸易商多以低库存场外等待行情好转。虽然近期钼精矿价格开始有所好转，但是上调的步伐依然较慢。与成本相比，盈利空间较小。期待后期继续上行。\n                    \n                    　　钼铁市场：钼铁价格暂时保持平稳，市场主流报价10.7-11万元/吨（现款-承兑）。当前，在行情利好带动下，有商家报价呈现虚高状况，整体现款报价期间10.6-10.8万元/吨为主，承兑10.9-11.1万元/吨左右。市场需求尚无完全释放，高价成交偏少。月底部分钢厂招标会逐步启动，钼铁厂家有继续挺价迹象。从近期的钢厂招标来看，钢厂60钼铁的承兑招标价格10.4-10.6万元/吨较为常见，后期有提升空间。\n                    \n                    　　12月21日LME钼期货报价整体保持平稳，3月期钼报价25250/25750美元/吨；15月期钼报价25720/26720美元/吨，LME期钼持仓132手。今日简讯：明年贷款需求将相对旺盛，城镇化为信贷投放重点；中金：新型城镇化难以支持新一轮地产投资；意大利总理蒙蒂递交辞呈，大选或于明年2月举行。\n                    \n                    　　周初外盘钼市部分产品价格仍有上调迹象，欧洲钼铁、氧化钼等都有一定涨幅；美国市场稍显平稳，价格暂稳波动。其次，欧亚将钼氧化物进口关税从5%降至零，这有利增加外部市场对该产品的需求，降低钼铁合金的生产成本，提高外部市场行业竞争力。国内行情运行平稳，主要钼产品价格继续保持在相对高位。同时，市场部分商家报价仍有抬高迹象，加之年底逼近，后期钢厂招标或有新的改观。', '1', '钼,行情,美元', '1', 'lizhili', '2013-01-31 00:00:00', '2013-01-31 00:00:00', '0');
INSERT INTO mu_article VALUES ('43', '2012年1-12月份我国钼铁出口对比图', 'lizhili', '16', '　钼精矿市场：今日40-45%钼精矿主流报价1540-1570元/吨度附近，47%及以上品位1560-1580元/吨度，价格暂时持稳，行情仍有继续向上运行迹象。行情短期利好，之前部分商家场外观望，近期开始逐步参与市场。栾川某商家表示，前期矿商停产较多，贸易商多以低库存场外等待行情好转。虽然近期钼精矿价格开始有所好转，但是上调的步伐依然较慢。与成本相比，盈利空间较小。期待后期继续上行。\n                    \n                    　　钼铁市场：钼铁价格暂时保持平稳，市场主流报价10.7-11万元/吨（现款-承兑）。当前，在行情利好带动下，有商家报价呈现虚高状况，整体现款报价期间10.6-10.8万元/吨为主，承兑10.9-11.1万元/吨左右。市场需求尚无完全释放，高价成交偏少。月底部分钢厂招标会逐步启动，钼铁厂家有继续挺价迹象。从近期的钢厂招标来看，钢厂60钼铁的承兑招标价格10.4-10.6万元/吨较为常见，后期有提升空间。\n                    \n                    　　12月21日LME钼期货报价整体保持平稳，3月期钼报价25250/25750美元/吨；15月期钼报价25720/26720美元/吨，LME期钼持仓132手。今日简讯：明年贷款需求将相对旺盛，城镇化为信贷投放重点；中金：新型城镇化难以支持新一轮地产投资；意大利总理蒙蒂递交辞呈，大选或于明年2月举行。\n                    \n                    　　周初外盘钼市部分产品价格仍有上调迹象，欧洲钼铁、氧化钼等都有一定涨幅；美国市场稍显平稳，价格暂稳波动。其次，欧亚将钼氧化物进口关税从5%降至零，这有利增加外部市场对该产品的需求，降低钼铁合金的生产成本，提高外部市场行业竞争力。国内行情运行平稳，主要钼产品价格继续保持在相对高位。同时，市场部分商家报价仍有抬高迹象，加之年底逼近，后期钢厂招标或有新的改观。', '1', '钼,行情,美元', '1', 'lizhili', '2013-01-31 00:00:00', '2013-01-31 00:00:00', '0');
INSERT INTO mu_article VALUES ('44', '2012年1-12月国内氧化钼价格走势图', 'lizhili', '16', '　钼精矿市场：今日40-45%钼精矿主流报价1540-1570元/吨度附近，47%及以上品位1560-1580元/吨度，价格暂时持稳，行情仍有继续向上运行迹象。行情短期利好，之前部分商家场外观望，近期开始逐步参与市场。栾川某商家表示，前期矿商停产较多，贸易商多以低库存场外等待行情好转。虽然近期钼精矿价格开始有所好转，但是上调的步伐依然较慢。与成本相比，盈利空间较小。期待后期继续上行。\n                    \n                    　　钼铁市场：钼铁价格暂时保持平稳，市场主流报价10.7-11万元/吨（现款-承兑）。当前，在行情利好带动下，有商家报价呈现虚高状况，整体现款报价期间10.6-10.8万元/吨为主，承兑10.9-11.1万元/吨左右。市场需求尚无完全释放，高价成交偏少。月底部分钢厂招标会逐步启动，钼铁厂家有继续挺价迹象。从近期的钢厂招标来看，钢厂60钼铁的承兑招标价格10.4-10.6万元/吨较为常见，后期有提升空间。\n                    \n                    　　12月21日LME钼期货报价整体保持平稳，3月期钼报价25250/25750美元/吨；15月期钼报价25720/26720美元/吨，LME期钼持仓132手。今日简讯：明年贷款需求将相对旺盛，城镇化为信贷投放重点；中金：新型城镇化难以支持新一轮地产投资；意大利总理蒙蒂递交辞呈，大选或于明年2月举行。\n                    \n                    　　周初外盘钼市部分产品价格仍有上调迹象，欧洲钼铁、氧化钼等都有一定涨幅；美国市场稍显平稳，价格暂稳波动。其次，欧亚将钼氧化物进口关税从5%降至零，这有利增加外部市场对该产品的需求，降低钼铁合金的生产成本，提高外部市场行业竞争力。国内行情运行平稳，主要钼产品价格继续保持在相对高位。同时，市场部分商家报价仍有抬高迹象，加之年底逼近，后期钢厂招标或有新的改观。', '1', '钼,行情,美元', '1', 'lizhili', '2013-01-31 00:00:00', '2013-01-31 00:00:00', '1');
INSERT INTO mu_article VALUES ('45', '2012年12月国际氧化钼价格走势图', 'lizhili', '16', '　钼精矿市场：今日40-45%钼精矿主流报价1540-1570元/吨度附近，47%及以上品位1560-1580元/吨度，价格暂时持稳，行情仍有继续向上运行迹象。行情短期利好，之前部分商家场外观望，近期开始逐步参与市场。栾川某商家表示，前期矿商停产较多，贸易商多以低库存场外等待行情好转。虽然近期钼精矿价格开始有所好转，但是上调的步伐依然较慢。与成本相比，盈利空间较小。期待后期继续上行。\n                    \n                    　　钼铁市场：钼铁价格暂时保持平稳，市场主流报价10.7-11万元/吨（现款-承兑）。当前，在行情利好带动下，有商家报价呈现虚高状况，整体现款报价期间10.6-10.8万元/吨为主，承兑10.9-11.1万元/吨左右。市场需求尚无完全释放，高价成交偏少。月底部分钢厂招标会逐步启动，钼铁厂家有继续挺价迹象。从近期的钢厂招标来看，钢厂60钼铁的承兑招标价格10.4-10.6万元/吨较为常见，后期有提升空间。\n                    \n                    　　12月21日LME钼期货报价整体保持平稳，3月期钼报价25250/25750美元/吨；15月期钼报价25720/26720美元/吨，LME期钼持仓132手。今日简讯：明年贷款需求将相对旺盛，城镇化为信贷投放重点；中金：新型城镇化难以支持新一轮地产投资；意大利总理蒙蒂递交辞呈，大选或于明年2月举行。\n                    \n                    　　周初外盘钼市部分产品价格仍有上调迹象，欧洲钼铁、氧化钼等都有一定涨幅；美国市场稍显平稳，价格暂稳波动。其次，欧亚将钼氧化物进口关税从5%降至零，这有利增加外部市场对该产品的需求，降低钼铁合金的生产成本，提高外部市场行业竞争力。国内行情运行平稳，主要钼产品价格继续保持在相对高位。同时，市场部分商家报价仍有抬高迹象，加之年底逼近，后期钢厂招标或有新的改观。', '1', '钼,行情,美元', '1', 'lizhili', '2013-01-31 00:00:00', '2013-01-31 00:00:00', '0');
INSERT INTO mu_article VALUES ('46', '2012年1-12月国内氧化钼价格走势图', 'lizhili', '16', '　钼精矿市场：今日40-45%钼精矿主流报价1540-1570元/吨度附近，47%及以上品位1560-1580元/吨度，价格暂时持稳，行情仍有继续向上运行迹象。行情短期利好，之前部分商家场外观望，近期开始逐步参与市场。栾川某商家表示，前期矿商停产较多，贸易商多以低库存场外等待行情好转。虽然近期钼精矿价格开始有所好转，但是上调的步伐依然较慢。与成本相比，盈利空间较小。期待后期继续上行。\n                    \n                    　　钼铁市场：钼铁价格暂时保持平稳，市场主流报价10.7-11万元/吨（现款-承兑）。当前，在行情利好带动下，有商家报价呈现虚高状况，整体现款报价期间10.6-10.8万元/吨为主，承兑10.9-11.1万元/吨左右。市场需求尚无完全释放，高价成交偏少。月底部分钢厂招标会逐步启动，钼铁厂家有继续挺价迹象。从近期的钢厂招标来看，钢厂60钼铁的承兑招标价格10.4-10.6万元/吨较为常见，后期有提升空间。\n                    \n                    　　12月21日LME钼期货报价整体保持平稳，3月期钼报价25250/25750美元/吨；15月期钼报价25720/26720美元/吨，LME期钼持仓132手。今日简讯：明年贷款需求将相对旺盛，城镇化为信贷投放重点；中金：新型城镇化难以支持新一轮地产投资；意大利总理蒙蒂递交辞呈，大选或于明年2月举行。\n                    \n                    　　周初外盘钼市部分产品价格仍有上调迹象，欧洲钼铁、氧化钼等都有一定涨幅；美国市场稍显平稳，价格暂稳波动。其次，欧亚将钼氧化物进口关税从5%降至零，这有利增加外部市场对该产品的需求，降低钼铁合金的生产成本，提高外部市场行业竞争力。国内行情运行平稳，主要钼产品价格继续保持在相对高位。同时，市场部分商家报价仍有抬高迹象，加之年底逼近，后期钢厂招标或有新的改观。', '1', '钼,行情,美元', '1', 'lizhili', '2013-01-31 00:00:00', '2013-01-31 00:00:00', '1');
INSERT INTO mu_article VALUES ('47', '2011年4月份钼系产品月报告', 'lizhili', '16', '　钼精矿市场：今日40-45%钼精矿主流报价1540-1570元/吨度附近，47%及以上品位1560-1580元/吨度，价格暂时持稳，行情仍有继续向上运行迹象。行情短期利好，之前部分商家场外观望，近期开始逐步参与市场。栾川某商家表示，前期矿商停产较多，贸易商多以低库存场外等待行情好转。虽然近期钼精矿价格开始有所好转，但是上调的步伐依然较慢。与成本相比，盈利空间较小。期待后期继续上行。\n                    \n                    　　钼铁市场：钼铁价格暂时保持平稳，市场主流报价10.7-11万元/吨（现款-承兑）。当前，在行情利好带动下，有商家报价呈现虚高状况，整体现款报价期间10.6-10.8万元/吨为主，承兑10.9-11.1万元/吨左右。市场需求尚无完全释放，高价成交偏少。月底部分钢厂招标会逐步启动，钼铁厂家有继续挺价迹象。从近期的钢厂招标来看，钢厂60钼铁的承兑招标价格10.4-10.6万元/吨较为常见，后期有提升空间。\n                    \n                    　　12月21日LME钼期货报价整体保持平稳，3月期钼报价25250/25750美元/吨；15月期钼报价25720/26720美元/吨，LME期钼持仓132手。今日简讯：明年贷款需求将相对旺盛，城镇化为信贷投放重点；中金：新型城镇化难以支持新一轮地产投资；意大利总理蒙蒂递交辞呈，大选或于明年2月举行。\n                    \n                    　　周初外盘钼市部分产品价格仍有上调迹象，欧洲钼铁、氧化钼等都有一定涨幅；美国市场稍显平稳，价格暂稳波动。其次，欧亚将钼氧化物进口关税从5%降至零，这有利增加外部市场对该产品的需求，降低钼铁合金的生产成本，提高外部市场行业竞争力。国内行情运行平稳，主要钼产品价格继续保持在相对高位。同时，市场部分商家报价仍有抬高迹象，加之年底逼近，后期钢厂招标或有新的改观。', '1', '钼,行情,美元', '1', 'lizhili', '2013-01-31 00:00:00', '2013-01-31 00:00:00', '0');
INSERT INTO mu_article VALUES ('48', '2012年12月国内钼铁价格走势图', 'lizhili', '16', '　钼精矿市场：今日40-45%钼精矿主流报价1540-1570元/吨度附近，47%及以上品位1560-1580元/吨度，价格暂时持稳，行情仍有继续向上运行迹象。行情短期利好，之前部分商家场外观望，近期开始逐步参与市场。栾川某商家表示，前期矿商停产较多，贸易商多以低库存场外等待行情好转。虽然近期钼精矿价格开始有所好转，但是上调的步伐依然较慢。与成本相比，盈利空间较小。期待后期继续上行。\n                    \n                    　　钼铁市场：钼铁价格暂时保持平稳，市场主流报价10.7-11万元/吨（现款-承兑）。当前，在行情利好带动下，有商家报价呈现虚高状况，整体现款报价期间10.6-10.8万元/吨为主，承兑10.9-11.1万元/吨左右。市场需求尚无完全释放，高价成交偏少。月底部分钢厂招标会逐步启动，钼铁厂家有继续挺价迹象。从近期的钢厂招标来看，钢厂60钼铁的承兑招标价格10.4-10.6万元/吨较为常见，后期有提升空间。\n                    \n                    　　12月21日LME钼期货报价整体保持平稳，3月期钼报价25250/25750美元/吨；15月期钼报价25720/26720美元/吨，LME期钼持仓132手。今日简讯：明年贷款需求将相对旺盛，城镇化为信贷投放重点；中金：新型城镇化难以支持新一轮地产投资；意大利总理蒙蒂递交辞呈，大选或于明年2月举行。\n                    \n                    　　周初外盘钼市部分产品价格仍有上调迹象，欧洲钼铁、氧化钼等都有一定涨幅；美国市场稍显平稳，价格暂稳波动。其次，欧亚将钼氧化物进口关税从5%降至零，这有利增加外部市场对该产品的需求，降低钼铁合金的生产成本，提高外部市场行业竞争力。国内行情运行平稳，主要钼产品价格继续保持在相对高位。同时，市场部分商家报价仍有抬高迹象，加之年底逼近，后期钢厂招标或有新的改观。', '1', '钼,行情,美元', '1', 'lizhili', '2013-01-31 00:00:00', '2013-01-31 00:00:00', '1');
INSERT INTO mu_article VALUES ('49', '2012年12月国内钼铁价格走势图', 'lizhili', '16', '　钼精矿市场：今日40-45%钼精矿主流报价1540-1570元/吨度附近，47%及以上品位1560-1580元/吨度，价格暂时持稳，行情仍有继续向上运行迹象。行情短期利好，之前部分商家场外观望，近期开始逐步参与市场。栾川某商家表示，前期矿商停产较多，贸易商多以低库存场外等待行情好转。虽然近期钼精矿价格开始有所好转，但是上调的步伐依然较慢。与成本相比，盈利空间较小。期待后期继续上行。\n                    \n                    　　钼铁市场：钼铁价格暂时保持平稳，市场主流报价10.7-11万元/吨（现款-承兑）。当前，在行情利好带动下，有商家报价呈现虚高状况，整体现款报价期间10.6-10.8万元/吨为主，承兑10.9-11.1万元/吨左右。市场需求尚无完全释放，高价成交偏少。月底部分钢厂招标会逐步启动，钼铁厂家有继续挺价迹象。从近期的钢厂招标来看，钢厂60钼铁的承兑招标价格10.4-10.6万元/吨较为常见，后期有提升空间。\n                    \n                    　　12月21日LME钼期货报价整体保持平稳，3月期钼报价25250/25750美元/吨；15月期钼报价25720/26720美元/吨，LME期钼持仓132手。今日简讯：明年贷款需求将相对旺盛，城镇化为信贷投放重点；中金：新型城镇化难以支持新一轮地产投资；意大利总理蒙蒂递交辞呈，大选或于明年2月举行。\n                    \n                    　　周初外盘钼市部分产品价格仍有上调迹象，欧洲钼铁、氧化钼等都有一定涨幅；美国市场稍显平稳，价格暂稳波动。其次，欧亚将钼氧化物进口关税从5%降至零，这有利增加外部市场对该产品的需求，降低钼铁合金的生产成本，提高外部市场行业竞争力。国内行情运行平稳，主要钼产品价格继续保持在相对高位。同时，市场部分商家报价仍有抬高迹象，加之年底逼近，后期钢厂招标或有新的改观。', '1', '钼,行情,美元', '1', 'lizhili', '2013-01-31 00:00:00', '2013-01-31 00:00:00', '1');
INSERT INTO mu_article VALUES ('50', '2012年1-12月份我国钼铁进口对比图', 'lizhili', '16', '　钼精矿市场：今日40-45%钼精矿主流报价1540-1570元/吨度附近，47%及以上品位1560-1580元/吨度，价格暂时持稳，行情仍有继续向上运行迹象。行情短期利好，之前部分商家场外观望，近期开始逐步参与市场。栾川某商家表示，前期矿商停产较多，贸易商多以低库存场外等待行情好转。虽然近期钼精矿价格开始有所好转，但是上调的步伐依然较慢。与成本相比，盈利空间较小。期待后期继续上行。\n                    \n                    　　钼铁市场：钼铁价格暂时保持平稳，市场主流报价10.7-11万元/吨（现款-承兑）。当前，在行情利好带动下，有商家报价呈现虚高状况，整体现款报价期间10.6-10.8万元/吨为主，承兑10.9-11.1万元/吨左右。市场需求尚无完全释放，高价成交偏少。月底部分钢厂招标会逐步启动，钼铁厂家有继续挺价迹象。从近期的钢厂招标来看，钢厂60钼铁的承兑招标价格10.4-10.6万元/吨较为常见，后期有提升空间。\n                    \n                    　　12月21日LME钼期货报价整体保持平稳，3月期钼报价25250/25750美元/吨；15月期钼报价25720/26720美元/吨，LME期钼持仓132手。今日简讯：明年贷款需求将相对旺盛，城镇化为信贷投放重点；中金：新型城镇化难以支持新一轮地产投资；意大利总理蒙蒂递交辞呈，大选或于明年2月举行。\n                    \n                    　　周初外盘钼市部分产品价格仍有上调迹象，欧洲钼铁、氧化钼等都有一定涨幅；美国市场稍显平稳，价格暂稳波动。其次，欧亚将钼氧化物进口关税从5%降至零，这有利增加外部市场对该产品的需求，降低钼铁合金的生产成本，提高外部市场行业竞争力。国内行情运行平稳，主要钼产品价格继续保持在相对高位。同时，市场部分商家报价仍有抬高迹象，加之年底逼近，后期钢厂招标或有新的改观。', '1', '钼,行情,美元', '1', 'lizhili', '2013-01-31 00:00:00', '2013-01-31 00:00:00', '1');
INSERT INTO mu_article VALUES ('51', '2012年12月国内钼铁价格走势图', 'lizhili', '16', '　钼精矿市场：今日40-45%钼精矿主流报价1540-1570元/吨度附近，47%及以上品位1560-1580元/吨度，价格暂时持稳，行情仍有继续向上运行迹象。行情短期利好，之前部分商家场外观望，近期开始逐步参与市场。栾川某商家表示，前期矿商停产较多，贸易商多以低库存场外等待行情好转。虽然近期钼精矿价格开始有所好转，但是上调的步伐依然较慢。与成本相比，盈利空间较小。期待后期继续上行。\n                    \n                    　　钼铁市场：钼铁价格暂时保持平稳，市场主流报价10.7-11万元/吨（现款-承兑）。当前，在行情利好带动下，有商家报价呈现虚高状况，整体现款报价期间10.6-10.8万元/吨为主，承兑10.9-11.1万元/吨左右。市场需求尚无完全释放，高价成交偏少。月底部分钢厂招标会逐步启动，钼铁厂家有继续挺价迹象。从近期的钢厂招标来看，钢厂60钼铁的承兑招标价格10.4-10.6万元/吨较为常见，后期有提升空间。\n                    \n                    　　12月21日LME钼期货报价整体保持平稳，3月期钼报价25250/25750美元/吨；15月期钼报价25720/26720美元/吨，LME期钼持仓132手。今日简讯：明年贷款需求将相对旺盛，城镇化为信贷投放重点；中金：新型城镇化难以支持新一轮地产投资；意大利总理蒙蒂递交辞呈，大选或于明年2月举行。\n                    \n                    　　周初外盘钼市部分产品价格仍有上调迹象，欧洲钼铁、氧化钼等都有一定涨幅；美国市场稍显平稳，价格暂稳波动。其次，欧亚将钼氧化物进口关税从5%降至零，这有利增加外部市场对该产品的需求，降低钼铁合金的生产成本，提高外部市场行业竞争力。国内行情运行平稳，主要钼产品价格继续保持在相对高位。同时，市场部分商家报价仍有抬高迹象，加之年底逼近，后期钢厂招标或有新的改观。', '1', '钼,行情,美元', '1', 'lizhili', '2013-01-31 00:00:00', '2013-01-31 00:00:00', '1');
INSERT INTO mu_article VALUES ('52', '2012年1-12月国际氧化钼价格走势图', 'lizhili', '16', '　钼精矿市场：今日40-45%钼精矿主流报价1540-1570元/吨度附近，47%及以上品位1560-1580元/吨度，价格暂时持稳，行情仍有继续向上运行迹象。行情短期利好，之前部分商家场外观望，近期开始逐步参与市场。栾川某商家表示，前期矿商停产较多，贸易商多以低库存场外等待行情好转。虽然近期钼精矿价格开始有所好转，但是上调的步伐依然较慢。与成本相比，盈利空间较小。期待后期继续上行。\n                    \n                    　　钼铁市场：钼铁价格暂时保持平稳，市场主流报价10.7-11万元/吨（现款-承兑）。当前，在行情利好带动下，有商家报价呈现虚高状况，整体现款报价期间10.6-10.8万元/吨为主，承兑10.9-11.1万元/吨左右。市场需求尚无完全释放，高价成交偏少。月底部分钢厂招标会逐步启动，钼铁厂家有继续挺价迹象。从近期的钢厂招标来看，钢厂60钼铁的承兑招标价格10.4-10.6万元/吨较为常见，后期有提升空间。\n                    \n                    　　12月21日LME钼期货报价整体保持平稳，3月期钼报价25250/25750美元/吨；15月期钼报价25720/26720美元/吨，LME期钼持仓132手。今日简讯：明年贷款需求将相对旺盛，城镇化为信贷投放重点；中金：新型城镇化难以支持新一轮地产投资；意大利总理蒙蒂递交辞呈，大选或于明年2月举行。\n                    \n                    　　周初外盘钼市部分产品价格仍有上调迹象，欧洲钼铁、氧化钼等都有一定涨幅；美国市场稍显平稳，价格暂稳波动。其次，欧亚将钼氧化物进口关税从5%降至零，这有利增加外部市场对该产品的需求，降低钼铁合金的生产成本，提高外部市场行业竞争力。国内行情运行平稳，主要钼产品价格继续保持在相对高位。同时，市场部分商家报价仍有抬高迹象，加之年底逼近，后期钢厂招标或有新的改观。', '1', '钼,行情,美元', '1', 'lizhili', '2013-01-31 00:00:00', '2013-01-31 00:00:00', '0');
INSERT INTO mu_article VALUES ('53', '2012年1-12月份我国钼铁进口对比图', 'lizhili', '16', '　钼精矿市场：今日40-45%钼精矿主流报价1540-1570元/吨度附近，47%及以上品位1560-1580元/吨度，价格暂时持稳，行情仍有继续向上运行迹象。行情短期利好，之前部分商家场外观望，近期开始逐步参与市场。栾川某商家表示，前期矿商停产较多，贸易商多以低库存场外等待行情好转。虽然近期钼精矿价格开始有所好转，但是上调的步伐依然较慢。与成本相比，盈利空间较小。期待后期继续上行。\n                    \n                    　　钼铁市场：钼铁价格暂时保持平稳，市场主流报价10.7-11万元/吨（现款-承兑）。当前，在行情利好带动下，有商家报价呈现虚高状况，整体现款报价期间10.6-10.8万元/吨为主，承兑10.9-11.1万元/吨左右。市场需求尚无完全释放，高价成交偏少。月底部分钢厂招标会逐步启动，钼铁厂家有继续挺价迹象。从近期的钢厂招标来看，钢厂60钼铁的承兑招标价格10.4-10.6万元/吨较为常见，后期有提升空间。\n                    \n                    　　12月21日LME钼期货报价整体保持平稳，3月期钼报价25250/25750美元/吨；15月期钼报价25720/26720美元/吨，LME期钼持仓132手。今日简讯：明年贷款需求将相对旺盛，城镇化为信贷投放重点；中金：新型城镇化难以支持新一轮地产投资；意大利总理蒙蒂递交辞呈，大选或于明年2月举行。\n                    \n                    　　周初外盘钼市部分产品价格仍有上调迹象，欧洲钼铁、氧化钼等都有一定涨幅；美国市场稍显平稳，价格暂稳波动。其次，欧亚将钼氧化物进口关税从5%降至零，这有利增加外部市场对该产品的需求，降低钼铁合金的生产成本，提高外部市场行业竞争力。国内行情运行平稳，主要钼产品价格继续保持在相对高位。同时，市场部分商家报价仍有抬高迹象，加之年底逼近，后期钢厂招标或有新的改观。', '1', '钼,行情,美元', '1', 'lizhili', '2013-01-31 00:00:00', '2013-01-31 00:00:00', '1');
INSERT INTO mu_article VALUES ('54', '2012年12月国际氧化钼价格走势图', 'lizhili', '16', '　钼精矿市场：今日40-45%钼精矿主流报价1540-1570元/吨度附近，47%及以上品位1560-1580元/吨度，价格暂时持稳，行情仍有继续向上运行迹象。行情短期利好，之前部分商家场外观望，近期开始逐步参与市场。栾川某商家表示，前期矿商停产较多，贸易商多以低库存场外等待行情好转。虽然近期钼精矿价格开始有所好转，但是上调的步伐依然较慢。与成本相比，盈利空间较小。期待后期继续上行。\n                    \n                    　　钼铁市场：钼铁价格暂时保持平稳，市场主流报价10.7-11万元/吨（现款-承兑）。当前，在行情利好带动下，有商家报价呈现虚高状况，整体现款报价期间10.6-10.8万元/吨为主，承兑10.9-11.1万元/吨左右。市场需求尚无完全释放，高价成交偏少。月底部分钢厂招标会逐步启动，钼铁厂家有继续挺价迹象。从近期的钢厂招标来看，钢厂60钼铁的承兑招标价格10.4-10.6万元/吨较为常见，后期有提升空间。\n                    \n                    　　12月21日LME钼期货报价整体保持平稳，3月期钼报价25250/25750美元/吨；15月期钼报价25720/26720美元/吨，LME期钼持仓132手。今日简讯：明年贷款需求将相对旺盛，城镇化为信贷投放重点；中金：新型城镇化难以支持新一轮地产投资；意大利总理蒙蒂递交辞呈，大选或于明年2月举行。\n                    \n                    　　周初外盘钼市部分产品价格仍有上调迹象，欧洲钼铁、氧化钼等都有一定涨幅；美国市场稍显平稳，价格暂稳波动。其次，欧亚将钼氧化物进口关税从5%降至零，这有利增加外部市场对该产品的需求，降低钼铁合金的生产成本，提高外部市场行业竞争力。国内行情运行平稳，主要钼产品价格继续保持在相对高位。同时，市场部分商家报价仍有抬高迹象，加之年底逼近，后期钢厂招标或有新的改观。', '1', '钼,行情,美元', '1', 'lizhili', '2013-01-31 00:00:00', '2013-01-31 00:00:00', '1');
INSERT INTO mu_article VALUES ('55', '2012年12月国内氧化钼价格走势图', 'lizhili', '16', '　钼精矿市场：今日40-45%钼精矿主流报价1540-1570元/吨度附近，47%及以上品位1560-1580元/吨度，价格暂时持稳，行情仍有继续向上运行迹象。行情短期利好，之前部分商家场外观望，近期开始逐步参与市场。栾川某商家表示，前期矿商停产较多，贸易商多以低库存场外等待行情好转。虽然近期钼精矿价格开始有所好转，但是上调的步伐依然较慢。与成本相比，盈利空间较小。期待后期继续上行。\n                    \n                    　　钼铁市场：钼铁价格暂时保持平稳，市场主流报价10.7-11万元/吨（现款-承兑）。当前，在行情利好带动下，有商家报价呈现虚高状况，整体现款报价期间10.6-10.8万元/吨为主，承兑10.9-11.1万元/吨左右。市场需求尚无完全释放，高价成交偏少。月底部分钢厂招标会逐步启动，钼铁厂家有继续挺价迹象。从近期的钢厂招标来看，钢厂60钼铁的承兑招标价格10.4-10.6万元/吨较为常见，后期有提升空间。\n                    \n                    　　12月21日LME钼期货报价整体保持平稳，3月期钼报价25250/25750美元/吨；15月期钼报价25720/26720美元/吨，LME期钼持仓132手。今日简讯：明年贷款需求将相对旺盛，城镇化为信贷投放重点；中金：新型城镇化难以支持新一轮地产投资；意大利总理蒙蒂递交辞呈，大选或于明年2月举行。\n                    \n                    　　周初外盘钼市部分产品价格仍有上调迹象，欧洲钼铁、氧化钼等都有一定涨幅；美国市场稍显平稳，价格暂稳波动。其次，欧亚将钼氧化物进口关税从5%降至零，这有利增加外部市场对该产品的需求，降低钼铁合金的生产成本，提高外部市场行业竞争力。国内行情运行平稳，主要钼产品价格继续保持在相对高位。同时，市场部分商家报价仍有抬高迹象，加之年底逼近，后期钢厂招标或有新的改观。', '1', '钼,行情,美元', '1', 'lizhili', '2013-01-31 00:00:00', '2013-01-31 00:00:00', '0');
INSERT INTO mu_article VALUES ('56', '2012年1-12月国内氧化钼价格走势图', 'lizhili', '16', '　钼精矿市场：今日40-45%钼精矿主流报价1540-1570元/吨度附近，47%及以上品位1560-1580元/吨度，价格暂时持稳，行情仍有继续向上运行迹象。行情短期利好，之前部分商家场外观望，近期开始逐步参与市场。栾川某商家表示，前期矿商停产较多，贸易商多以低库存场外等待行情好转。虽然近期钼精矿价格开始有所好转，但是上调的步伐依然较慢。与成本相比，盈利空间较小。期待后期继续上行。\n                    \n                    　　钼铁市场：钼铁价格暂时保持平稳，市场主流报价10.7-11万元/吨（现款-承兑）。当前，在行情利好带动下，有商家报价呈现虚高状况，整体现款报价期间10.6-10.8万元/吨为主，承兑10.9-11.1万元/吨左右。市场需求尚无完全释放，高价成交偏少。月底部分钢厂招标会逐步启动，钼铁厂家有继续挺价迹象。从近期的钢厂招标来看，钢厂60钼铁的承兑招标价格10.4-10.6万元/吨较为常见，后期有提升空间。\n                    \n                    　　12月21日LME钼期货报价整体保持平稳，3月期钼报价25250/25750美元/吨；15月期钼报价25720/26720美元/吨，LME期钼持仓132手。今日简讯：明年贷款需求将相对旺盛，城镇化为信贷投放重点；中金：新型城镇化难以支持新一轮地产投资；意大利总理蒙蒂递交辞呈，大选或于明年2月举行。\n                    \n                    　　周初外盘钼市部分产品价格仍有上调迹象，欧洲钼铁、氧化钼等都有一定涨幅；美国市场稍显平稳，价格暂稳波动。其次，欧亚将钼氧化物进口关税从5%降至零，这有利增加外部市场对该产品的需求，降低钼铁合金的生产成本，提高外部市场行业竞争力。国内行情运行平稳，主要钼产品价格继续保持在相对高位。同时，市场部分商家报价仍有抬高迹象，加之年底逼近，后期钢厂招标或有新的改观。', '1', '钼,行情,美元', '1', 'lizhili', '2013-01-31 00:00:00', '2013-01-31 00:00:00', '1');
INSERT INTO mu_article VALUES ('57', '2012年12月国际钼铁价格走势图', 'lizhili', '16', '　钼精矿市场：今日40-45%钼精矿主流报价1540-1570元/吨度附近，47%及以上品位1560-1580元/吨度，价格暂时持稳，行情仍有继续向上运行迹象。行情短期利好，之前部分商家场外观望，近期开始逐步参与市场。栾川某商家表示，前期矿商停产较多，贸易商多以低库存场外等待行情好转。虽然近期钼精矿价格开始有所好转，但是上调的步伐依然较慢。与成本相比，盈利空间较小。期待后期继续上行。\n                    \n                    　　钼铁市场：钼铁价格暂时保持平稳，市场主流报价10.7-11万元/吨（现款-承兑）。当前，在行情利好带动下，有商家报价呈现虚高状况，整体现款报价期间10.6-10.8万元/吨为主，承兑10.9-11.1万元/吨左右。市场需求尚无完全释放，高价成交偏少。月底部分钢厂招标会逐步启动，钼铁厂家有继续挺价迹象。从近期的钢厂招标来看，钢厂60钼铁的承兑招标价格10.4-10.6万元/吨较为常见，后期有提升空间。\n                    \n                    　　12月21日LME钼期货报价整体保持平稳，3月期钼报价25250/25750美元/吨；15月期钼报价25720/26720美元/吨，LME期钼持仓132手。今日简讯：明年贷款需求将相对旺盛，城镇化为信贷投放重点；中金：新型城镇化难以支持新一轮地产投资；意大利总理蒙蒂递交辞呈，大选或于明年2月举行。\n                    \n                    　　周初外盘钼市部分产品价格仍有上调迹象，欧洲钼铁、氧化钼等都有一定涨幅；美国市场稍显平稳，价格暂稳波动。其次，欧亚将钼氧化物进口关税从5%降至零，这有利增加外部市场对该产品的需求，降低钼铁合金的生产成本，提高外部市场行业竞争力。国内行情运行平稳，主要钼产品价格继续保持在相对高位。同时，市场部分商家报价仍有抬高迹象，加之年底逼近，后期钢厂招标或有新的改观。', '1', '钼,行情,美元', '1', 'lizhili', '2013-01-31 00:00:00', '2013-01-31 00:00:00', '0');
INSERT INTO mu_article VALUES ('58', '2012年1-12月国际钼铁价格走势图', 'lizhili', '16', '　钼精矿市场：今日40-45%钼精矿主流报价1540-1570元/吨度附近，47%及以上品位1560-1580元/吨度，价格暂时持稳，行情仍有继续向上运行迹象。行情短期利好，之前部分商家场外观望，近期开始逐步参与市场。栾川某商家表示，前期矿商停产较多，贸易商多以低库存场外等待行情好转。虽然近期钼精矿价格开始有所好转，但是上调的步伐依然较慢。与成本相比，盈利空间较小。期待后期继续上行。\n                    \n                    　　钼铁市场：钼铁价格暂时保持平稳，市场主流报价10.7-11万元/吨（现款-承兑）。当前，在行情利好带动下，有商家报价呈现虚高状况，整体现款报价期间10.6-10.8万元/吨为主，承兑10.9-11.1万元/吨左右。市场需求尚无完全释放，高价成交偏少。月底部分钢厂招标会逐步启动，钼铁厂家有继续挺价迹象。从近期的钢厂招标来看，钢厂60钼铁的承兑招标价格10.4-10.6万元/吨较为常见，后期有提升空间。\n                    \n                    　　12月21日LME钼期货报价整体保持平稳，3月期钼报价25250/25750美元/吨；15月期钼报价25720/26720美元/吨，LME期钼持仓132手。今日简讯：明年贷款需求将相对旺盛，城镇化为信贷投放重点；中金：新型城镇化难以支持新一轮地产投资；意大利总理蒙蒂递交辞呈，大选或于明年2月举行。\n                    \n                    　　周初外盘钼市部分产品价格仍有上调迹象，欧洲钼铁、氧化钼等都有一定涨幅；美国市场稍显平稳，价格暂稳波动。其次，欧亚将钼氧化物进口关税从5%降至零，这有利增加外部市场对该产品的需求，降低钼铁合金的生产成本，提高外部市场行业竞争力。国内行情运行平稳，主要钼产品价格继续保持在相对高位。同时，市场部分商家报价仍有抬高迹象，加之年底逼近，后期钢厂招标或有新的改观。', '1', '钼,行情,美元', '1', 'lizhili', '2013-01-31 00:00:00', '2013-01-31 00:00:00', '0');
INSERT INTO mu_article VALUES ('59', '2012年1-12月国际钼铁价格走势图', 'lizhili', '16', '　钼精矿市场：今日40-45%钼精矿主流报价1540-1570元/吨度附近，47%及以上品位1560-1580元/吨度，价格暂时持稳，行情仍有继续向上运行迹象。行情短期利好，之前部分商家场外观望，近期开始逐步参与市场。栾川某商家表示，前期矿商停产较多，贸易商多以低库存场外等待行情好转。虽然近期钼精矿价格开始有所好转，但是上调的步伐依然较慢。与成本相比，盈利空间较小。期待后期继续上行。\n                    \n                    　　钼铁市场：钼铁价格暂时保持平稳，市场主流报价10.7-11万元/吨（现款-承兑）。当前，在行情利好带动下，有商家报价呈现虚高状况，整体现款报价期间10.6-10.8万元/吨为主，承兑10.9-11.1万元/吨左右。市场需求尚无完全释放，高价成交偏少。月底部分钢厂招标会逐步启动，钼铁厂家有继续挺价迹象。从近期的钢厂招标来看，钢厂60钼铁的承兑招标价格10.4-10.6万元/吨较为常见，后期有提升空间。\n                    \n                    　　12月21日LME钼期货报价整体保持平稳，3月期钼报价25250/25750美元/吨；15月期钼报价25720/26720美元/吨，LME期钼持仓132手。今日简讯：明年贷款需求将相对旺盛，城镇化为信贷投放重点；中金：新型城镇化难以支持新一轮地产投资；意大利总理蒙蒂递交辞呈，大选或于明年2月举行。\n                    \n                    　　周初外盘钼市部分产品价格仍有上调迹象，欧洲钼铁、氧化钼等都有一定涨幅；美国市场稍显平稳，价格暂稳波动。其次，欧亚将钼氧化物进口关税从5%降至零，这有利增加外部市场对该产品的需求，降低钼铁合金的生产成本，提高外部市场行业竞争力。国内行情运行平稳，主要钼产品价格继续保持在相对高位。同时，市场部分商家报价仍有抬高迹象，加之年底逼近，后期钢厂招标或有新的改观。', '1', '钼,行情,美元', '1', 'lizhili', '2013-01-31 00:00:00', '2013-01-31 00:00:00', '1');
INSERT INTO mu_article VALUES ('60', '2012年1-12月国内钼铁价格走势图', 'lizhili', '16', '　钼精矿市场：今日40-45%钼精矿主流报价1540-1570元/吨度附近，47%及以上品位1560-1580元/吨度，价格暂时持稳，行情仍有继续向上运行迹象。行情短期利好，之前部分商家场外观望，近期开始逐步参与市场。栾川某商家表示，前期矿商停产较多，贸易商多以低库存场外等待行情好转。虽然近期钼精矿价格开始有所好转，但是上调的步伐依然较慢。与成本相比，盈利空间较小。期待后期继续上行。\n                    \n                    　　钼铁市场：钼铁价格暂时保持平稳，市场主流报价10.7-11万元/吨（现款-承兑）。当前，在行情利好带动下，有商家报价呈现虚高状况，整体现款报价期间10.6-10.8万元/吨为主，承兑10.9-11.1万元/吨左右。市场需求尚无完全释放，高价成交偏少。月底部分钢厂招标会逐步启动，钼铁厂家有继续挺价迹象。从近期的钢厂招标来看，钢厂60钼铁的承兑招标价格10.4-10.6万元/吨较为常见，后期有提升空间。\n                    \n                    　　12月21日LME钼期货报价整体保持平稳，3月期钼报价25250/25750美元/吨；15月期钼报价25720/26720美元/吨，LME期钼持仓132手。今日简讯：明年贷款需求将相对旺盛，城镇化为信贷投放重点；中金：新型城镇化难以支持新一轮地产投资；意大利总理蒙蒂递交辞呈，大选或于明年2月举行。\n                    \n                    　　周初外盘钼市部分产品价格仍有上调迹象，欧洲钼铁、氧化钼等都有一定涨幅；美国市场稍显平稳，价格暂稳波动。其次，欧亚将钼氧化物进口关税从5%降至零，这有利增加外部市场对该产品的需求，降低钼铁合金的生产成本，提高外部市场行业竞争力。国内行情运行平稳，主要钼产品价格继续保持在相对高位。同时，市场部分商家报价仍有抬高迹象，加之年底逼近，后期钢厂招标或有新的改观。', '1', '钼,行情,美元', '1', 'lizhili', '2013-01-31 00:00:00', '2013-01-31 00:00:00', '0');
INSERT INTO mu_article VALUES ('61', '2012年12月国内钼铁价格走势图', 'lizhili', '16', '　钼精矿市场：今日40-45%钼精矿主流报价1540-1570元/吨度附近，47%及以上品位1560-1580元/吨度，价格暂时持稳，行情仍有继续向上运行迹象。行情短期利好，之前部分商家场外观望，近期开始逐步参与市场。栾川某商家表示，前期矿商停产较多，贸易商多以低库存场外等待行情好转。虽然近期钼精矿价格开始有所好转，但是上调的步伐依然较慢。与成本相比，盈利空间较小。期待后期继续上行。\n                    \n                    　　钼铁市场：钼铁价格暂时保持平稳，市场主流报价10.7-11万元/吨（现款-承兑）。当前，在行情利好带动下，有商家报价呈现虚高状况，整体现款报价期间10.6-10.8万元/吨为主，承兑10.9-11.1万元/吨左右。市场需求尚无完全释放，高价成交偏少。月底部分钢厂招标会逐步启动，钼铁厂家有继续挺价迹象。从近期的钢厂招标来看，钢厂60钼铁的承兑招标价格10.4-10.6万元/吨较为常见，后期有提升空间。\n                    \n                    　　12月21日LME钼期货报价整体保持平稳，3月期钼报价25250/25750美元/吨；15月期钼报价25720/26720美元/吨，LME期钼持仓132手。今日简讯：明年贷款需求将相对旺盛，城镇化为信贷投放重点；中金：新型城镇化难以支持新一轮地产投资；意大利总理蒙蒂递交辞呈，大选或于明年2月举行。\n                    \n                    　　周初外盘钼市部分产品价格仍有上调迹象，欧洲钼铁、氧化钼等都有一定涨幅；美国市场稍显平稳，价格暂稳波动。其次，欧亚将钼氧化物进口关税从5%降至零，这有利增加外部市场对该产品的需求，降低钼铁合金的生产成本，提高外部市场行业竞争力。国内行情运行平稳，主要钼产品价格继续保持在相对高位。同时，市场部分商家报价仍有抬高迹象，加之年底逼近，后期钢厂招标或有新的改观。', '1', '钼,行情,美元', '1', 'lizhili', '2013-01-31 00:00:00', '2013-01-31 00:00:00', '0');
INSERT INTO mu_article VALUES ('62', '2011年4月份钼系产品月报告', 'lizhili', '16', '　钼精矿市场：今日40-45%钼精矿主流报价1540-1570元/吨度附近，47%及以上品位1560-1580元/吨度，价格暂时持稳，行情仍有继续向上运行迹象。行情短期利好，之前部分商家场外观望，近期开始逐步参与市场。栾川某商家表示，前期矿商停产较多，贸易商多以低库存场外等待行情好转。虽然近期钼精矿价格开始有所好转，但是上调的步伐依然较慢。与成本相比，盈利空间较小。期待后期继续上行。\n                    \n                    　　钼铁市场：钼铁价格暂时保持平稳，市场主流报价10.7-11万元/吨（现款-承兑）。当前，在行情利好带动下，有商家报价呈现虚高状况，整体现款报价期间10.6-10.8万元/吨为主，承兑10.9-11.1万元/吨左右。市场需求尚无完全释放，高价成交偏少。月底部分钢厂招标会逐步启动，钼铁厂家有继续挺价迹象。从近期的钢厂招标来看，钢厂60钼铁的承兑招标价格10.4-10.6万元/吨较为常见，后期有提升空间。\n                    \n                    　　12月21日LME钼期货报价整体保持平稳，3月期钼报价25250/25750美元/吨；15月期钼报价25720/26720美元/吨，LME期钼持仓132手。今日简讯：明年贷款需求将相对旺盛，城镇化为信贷投放重点；中金：新型城镇化难以支持新一轮地产投资；意大利总理蒙蒂递交辞呈，大选或于明年2月举行。\n                    \n                    　　周初外盘钼市部分产品价格仍有上调迹象，欧洲钼铁、氧化钼等都有一定涨幅；美国市场稍显平稳，价格暂稳波动。其次，欧亚将钼氧化物进口关税从5%降至零，这有利增加外部市场对该产品的需求，降低钼铁合金的生产成本，提高外部市场行业竞争力。国内行情运行平稳，主要钼产品价格继续保持在相对高位。同时，市场部分商家报价仍有抬高迹象，加之年底逼近，后期钢厂招标或有新的改观。', '1', '钼,行情,美元', '1', 'lizhili', '2013-01-31 00:00:00', '2013-01-31 00:00:00', '0');
INSERT INTO mu_article VALUES ('63', '2012年1-12月国际氧化钼价格走势图', 'lizhili', '16', '　钼精矿市场：今日40-45%钼精矿主流报价1540-1570元/吨度附近，47%及以上品位1560-1580元/吨度，价格暂时持稳，行情仍有继续向上运行迹象。行情短期利好，之前部分商家场外观望，近期开始逐步参与市场。栾川某商家表示，前期矿商停产较多，贸易商多以低库存场外等待行情好转。虽然近期钼精矿价格开始有所好转，但是上调的步伐依然较慢。与成本相比，盈利空间较小。期待后期继续上行。\n                    \n                    　　钼铁市场：钼铁价格暂时保持平稳，市场主流报价10.7-11万元/吨（现款-承兑）。当前，在行情利好带动下，有商家报价呈现虚高状况，整体现款报价期间10.6-10.8万元/吨为主，承兑10.9-11.1万元/吨左右。市场需求尚无完全释放，高价成交偏少。月底部分钢厂招标会逐步启动，钼铁厂家有继续挺价迹象。从近期的钢厂招标来看，钢厂60钼铁的承兑招标价格10.4-10.6万元/吨较为常见，后期有提升空间。\n                    \n                    　　12月21日LME钼期货报价整体保持平稳，3月期钼报价25250/25750美元/吨；15月期钼报价25720/26720美元/吨，LME期钼持仓132手。今日简讯：明年贷款需求将相对旺盛，城镇化为信贷投放重点；中金：新型城镇化难以支持新一轮地产投资；意大利总理蒙蒂递交辞呈，大选或于明年2月举行。\n                    \n                    　　周初外盘钼市部分产品价格仍有上调迹象，欧洲钼铁、氧化钼等都有一定涨幅；美国市场稍显平稳，价格暂稳波动。其次，欧亚将钼氧化物进口关税从5%降至零，这有利增加外部市场对该产品的需求，降低钼铁合金的生产成本，提高外部市场行业竞争力。国内行情运行平稳，主要钼产品价格继续保持在相对高位。同时，市场部分商家报价仍有抬高迹象，加之年底逼近，后期钢厂招标或有新的改观。', '1', '钼,行情,美元', '1', 'lizhili', '2013-01-31 00:00:00', '2013-01-31 00:00:00', '1');
INSERT INTO mu_article VALUES ('64', '2012年12月国际钼铁价格走势图', 'lizhili', '16', '　钼精矿市场：今日40-45%钼精矿主流报价1540-1570元/吨度附近，47%及以上品位1560-1580元/吨度，价格暂时持稳，行情仍有继续向上运行迹象。行情短期利好，之前部分商家场外观望，近期开始逐步参与市场。栾川某商家表示，前期矿商停产较多，贸易商多以低库存场外等待行情好转。虽然近期钼精矿价格开始有所好转，但是上调的步伐依然较慢。与成本相比，盈利空间较小。期待后期继续上行。\n                    \n                    　　钼铁市场：钼铁价格暂时保持平稳，市场主流报价10.7-11万元/吨（现款-承兑）。当前，在行情利好带动下，有商家报价呈现虚高状况，整体现款报价期间10.6-10.8万元/吨为主，承兑10.9-11.1万元/吨左右。市场需求尚无完全释放，高价成交偏少。月底部分钢厂招标会逐步启动，钼铁厂家有继续挺价迹象。从近期的钢厂招标来看，钢厂60钼铁的承兑招标价格10.4-10.6万元/吨较为常见，后期有提升空间。\n                    \n                    　　12月21日LME钼期货报价整体保持平稳，3月期钼报价25250/25750美元/吨；15月期钼报价25720/26720美元/吨，LME期钼持仓132手。今日简讯：明年贷款需求将相对旺盛，城镇化为信贷投放重点；中金：新型城镇化难以支持新一轮地产投资；意大利总理蒙蒂递交辞呈，大选或于明年2月举行。\n                    \n                    　　周初外盘钼市部分产品价格仍有上调迹象，欧洲钼铁、氧化钼等都有一定涨幅；美国市场稍显平稳，价格暂稳波动。其次，欧亚将钼氧化物进口关税从5%降至零，这有利增加外部市场对该产品的需求，降低钼铁合金的生产成本，提高外部市场行业竞争力。国内行情运行平稳，主要钼产品价格继续保持在相对高位。同时，市场部分商家报价仍有抬高迹象，加之年底逼近，后期钢厂招标或有新的改观。', '1', '钼,行情,美元', '1', 'lizhili', '2013-01-31 00:00:00', '2013-01-31 00:00:00', '1');
INSERT INTO mu_article VALUES ('65', '2012年1-12月份我国钼铁出口对比图', 'lizhili', '16', '　钼精矿市场：今日40-45%钼精矿主流报价1540-1570元/吨度附近，47%及以上品位1560-1580元/吨度，价格暂时持稳，行情仍有继续向上运行迹象。行情短期利好，之前部分商家场外观望，近期开始逐步参与市场。栾川某商家表示，前期矿商停产较多，贸易商多以低库存场外等待行情好转。虽然近期钼精矿价格开始有所好转，但是上调的步伐依然较慢。与成本相比，盈利空间较小。期待后期继续上行。\n                    \n                    　　钼铁市场：钼铁价格暂时保持平稳，市场主流报价10.7-11万元/吨（现款-承兑）。当前，在行情利好带动下，有商家报价呈现虚高状况，整体现款报价期间10.6-10.8万元/吨为主，承兑10.9-11.1万元/吨左右。市场需求尚无完全释放，高价成交偏少。月底部分钢厂招标会逐步启动，钼铁厂家有继续挺价迹象。从近期的钢厂招标来看，钢厂60钼铁的承兑招标价格10.4-10.6万元/吨较为常见，后期有提升空间。\n                    \n                    　　12月21日LME钼期货报价整体保持平稳，3月期钼报价25250/25750美元/吨；15月期钼报价25720/26720美元/吨，LME期钼持仓132手。今日简讯：明年贷款需求将相对旺盛，城镇化为信贷投放重点；中金：新型城镇化难以支持新一轮地产投资；意大利总理蒙蒂递交辞呈，大选或于明年2月举行。\n                    \n                    　　周初外盘钼市部分产品价格仍有上调迹象，欧洲钼铁、氧化钼等都有一定涨幅；美国市场稍显平稳，价格暂稳波动。其次，欧亚将钼氧化物进口关税从5%降至零，这有利增加外部市场对该产品的需求，降低钼铁合金的生产成本，提高外部市场行业竞争力。国内行情运行平稳，主要钼产品价格继续保持在相对高位。同时，市场部分商家报价仍有抬高迹象，加之年底逼近，后期钢厂招标或有新的改观。', '1', '钼,行情,美元', '1', 'lizhili', '2013-01-31 00:00:00', '2013-01-31 00:00:00', '0');
INSERT INTO mu_article VALUES ('66', '2012年1-12月份我国钼铁进口对比图', 'lizhili', '16', '　钼精矿市场：今日40-45%钼精矿主流报价1540-1570元/吨度附近，47%及以上品位1560-1580元/吨度，价格暂时持稳，行情仍有继续向上运行迹象。行情短期利好，之前部分商家场外观望，近期开始逐步参与市场。栾川某商家表示，前期矿商停产较多，贸易商多以低库存场外等待行情好转。虽然近期钼精矿价格开始有所好转，但是上调的步伐依然较慢。与成本相比，盈利空间较小。期待后期继续上行。\n                    \n                    　　钼铁市场：钼铁价格暂时保持平稳，市场主流报价10.7-11万元/吨（现款-承兑）。当前，在行情利好带动下，有商家报价呈现虚高状况，整体现款报价期间10.6-10.8万元/吨为主，承兑10.9-11.1万元/吨左右。市场需求尚无完全释放，高价成交偏少。月底部分钢厂招标会逐步启动，钼铁厂家有继续挺价迹象。从近期的钢厂招标来看，钢厂60钼铁的承兑招标价格10.4-10.6万元/吨较为常见，后期有提升空间。\n                    \n                    　　12月21日LME钼期货报价整体保持平稳，3月期钼报价25250/25750美元/吨；15月期钼报价25720/26720美元/吨，LME期钼持仓132手。今日简讯：明年贷款需求将相对旺盛，城镇化为信贷投放重点；中金：新型城镇化难以支持新一轮地产投资；意大利总理蒙蒂递交辞呈，大选或于明年2月举行。\n                    \n                    　　周初外盘钼市部分产品价格仍有上调迹象，欧洲钼铁、氧化钼等都有一定涨幅；美国市场稍显平稳，价格暂稳波动。其次，欧亚将钼氧化物进口关税从5%降至零，这有利增加外部市场对该产品的需求，降低钼铁合金的生产成本，提高外部市场行业竞争力。国内行情运行平稳，主要钼产品价格继续保持在相对高位。同时，市场部分商家报价仍有抬高迹象，加之年底逼近，后期钢厂招标或有新的改观。', '1', '钼,行情,美元', '1', 'lizhili', '2013-01-31 00:00:00', '2013-01-31 00:00:00', '0');
INSERT INTO mu_article VALUES ('67', '2012年12月国内钼铁价格走势图', 'lizhili', '16', '　钼精矿市场：今日40-45%钼精矿主流报价1540-1570元/吨度附近，47%及以上品位1560-1580元/吨度，价格暂时持稳，行情仍有继续向上运行迹象。行情短期利好，之前部分商家场外观望，近期开始逐步参与市场。栾川某商家表示，前期矿商停产较多，贸易商多以低库存场外等待行情好转。虽然近期钼精矿价格开始有所好转，但是上调的步伐依然较慢。与成本相比，盈利空间较小。期待后期继续上行。\n                    \n                    　　钼铁市场：钼铁价格暂时保持平稳，市场主流报价10.7-11万元/吨（现款-承兑）。当前，在行情利好带动下，有商家报价呈现虚高状况，整体现款报价期间10.6-10.8万元/吨为主，承兑10.9-11.1万元/吨左右。市场需求尚无完全释放，高价成交偏少。月底部分钢厂招标会逐步启动，钼铁厂家有继续挺价迹象。从近期的钢厂招标来看，钢厂60钼铁的承兑招标价格10.4-10.6万元/吨较为常见，后期有提升空间。\n                    \n                    　　12月21日LME钼期货报价整体保持平稳，3月期钼报价25250/25750美元/吨；15月期钼报价25720/26720美元/吨，LME期钼持仓132手。今日简讯：明年贷款需求将相对旺盛，城镇化为信贷投放重点；中金：新型城镇化难以支持新一轮地产投资；意大利总理蒙蒂递交辞呈，大选或于明年2月举行。\n                    \n                    　　周初外盘钼市部分产品价格仍有上调迹象，欧洲钼铁、氧化钼等都有一定涨幅；美国市场稍显平稳，价格暂稳波动。其次，欧亚将钼氧化物进口关税从5%降至零，这有利增加外部市场对该产品的需求，降低钼铁合金的生产成本，提高外部市场行业竞争力。国内行情运行平稳，主要钼产品价格继续保持在相对高位。同时，市场部分商家报价仍有抬高迹象，加之年底逼近，后期钢厂招标或有新的改观。', '1', '钼,行情,美元', '1', 'lizhili', '2013-01-31 00:00:00', '2013-01-31 00:00:00', '0');
INSERT INTO mu_article VALUES ('68', '2012年12月国内钼铁价格走势图', 'lizhili', '16', '　钼精矿市场：今日40-45%钼精矿主流报价1540-1570元/吨度附近，47%及以上品位1560-1580元/吨度，价格暂时持稳，行情仍有继续向上运行迹象。行情短期利好，之前部分商家场外观望，近期开始逐步参与市场。栾川某商家表示，前期矿商停产较多，贸易商多以低库存场外等待行情好转。虽然近期钼精矿价格开始有所好转，但是上调的步伐依然较慢。与成本相比，盈利空间较小。期待后期继续上行。\n                    \n                    　　钼铁市场：钼铁价格暂时保持平稳，市场主流报价10.7-11万元/吨（现款-承兑）。当前，在行情利好带动下，有商家报价呈现虚高状况，整体现款报价期间10.6-10.8万元/吨为主，承兑10.9-11.1万元/吨左右。市场需求尚无完全释放，高价成交偏少。月底部分钢厂招标会逐步启动，钼铁厂家有继续挺价迹象。从近期的钢厂招标来看，钢厂60钼铁的承兑招标价格10.4-10.6万元/吨较为常见，后期有提升空间。\n                    \n                    　　12月21日LME钼期货报价整体保持平稳，3月期钼报价25250/25750美元/吨；15月期钼报价25720/26720美元/吨，LME期钼持仓132手。今日简讯：明年贷款需求将相对旺盛，城镇化为信贷投放重点；中金：新型城镇化难以支持新一轮地产投资；意大利总理蒙蒂递交辞呈，大选或于明年2月举行。\n                    \n                    　　周初外盘钼市部分产品价格仍有上调迹象，欧洲钼铁、氧化钼等都有一定涨幅；美国市场稍显平稳，价格暂稳波动。其次，欧亚将钼氧化物进口关税从5%降至零，这有利增加外部市场对该产品的需求，降低钼铁合金的生产成本，提高外部市场行业竞争力。国内行情运行平稳，主要钼产品价格继续保持在相对高位。同时，市场部分商家报价仍有抬高迹象，加之年底逼近，后期钢厂招标或有新的改观。', '1', '钼,行情,美元', '1', 'lizhili', '2013-01-31 00:00:00', '2013-01-31 00:00:00', '0');
INSERT INTO mu_article VALUES ('69', '2012年1-12月份我国钼铁进口对比图', 'lizhili', '16', '　钼精矿市场：今日40-45%钼精矿主流报价1540-1570元/吨度附近，47%及以上品位1560-1580元/吨度，价格暂时持稳，行情仍有继续向上运行迹象。行情短期利好，之前部分商家场外观望，近期开始逐步参与市场。栾川某商家表示，前期矿商停产较多，贸易商多以低库存场外等待行情好转。虽然近期钼精矿价格开始有所好转，但是上调的步伐依然较慢。与成本相比，盈利空间较小。期待后期继续上行。\n                    \n                    　　钼铁市场：钼铁价格暂时保持平稳，市场主流报价10.7-11万元/吨（现款-承兑）。当前，在行情利好带动下，有商家报价呈现虚高状况，整体现款报价期间10.6-10.8万元/吨为主，承兑10.9-11.1万元/吨左右。市场需求尚无完全释放，高价成交偏少。月底部分钢厂招标会逐步启动，钼铁厂家有继续挺价迹象。从近期的钢厂招标来看，钢厂60钼铁的承兑招标价格10.4-10.6万元/吨较为常见，后期有提升空间。\n                    \n                    　　12月21日LME钼期货报价整体保持平稳，3月期钼报价25250/25750美元/吨；15月期钼报价25720/26720美元/吨，LME期钼持仓132手。今日简讯：明年贷款需求将相对旺盛，城镇化为信贷投放重点；中金：新型城镇化难以支持新一轮地产投资；意大利总理蒙蒂递交辞呈，大选或于明年2月举行。\n                    \n                    　　周初外盘钼市部分产品价格仍有上调迹象，欧洲钼铁、氧化钼等都有一定涨幅；美国市场稍显平稳，价格暂稳波动。其次，欧亚将钼氧化物进口关税从5%降至零，这有利增加外部市场对该产品的需求，降低钼铁合金的生产成本，提高外部市场行业竞争力。国内行情运行平稳，主要钼产品价格继续保持在相对高位。同时，市场部分商家报价仍有抬高迹象，加之年底逼近，后期钢厂招标或有新的改观。', '1', '钼,行情,美元', '1', 'lizhili', '2013-01-31 00:00:00', '2013-01-31 00:00:00', '1');
INSERT INTO mu_article VALUES ('70', '2012年12月国际钼铁价格走势图', 'lizhili', '16', '　钼精矿市场：今日40-45%钼精矿主流报价1540-1570元/吨度附近，47%及以上品位1560-1580元/吨度，价格暂时持稳，行情仍有继续向上运行迹象。行情短期利好，之前部分商家场外观望，近期开始逐步参与市场。栾川某商家表示，前期矿商停产较多，贸易商多以低库存场外等待行情好转。虽然近期钼精矿价格开始有所好转，但是上调的步伐依然较慢。与成本相比，盈利空间较小。期待后期继续上行。\n                    \n                    　　钼铁市场：钼铁价格暂时保持平稳，市场主流报价10.7-11万元/吨（现款-承兑）。当前，在行情利好带动下，有商家报价呈现虚高状况，整体现款报价期间10.6-10.8万元/吨为主，承兑10.9-11.1万元/吨左右。市场需求尚无完全释放，高价成交偏少。月底部分钢厂招标会逐步启动，钼铁厂家有继续挺价迹象。从近期的钢厂招标来看，钢厂60钼铁的承兑招标价格10.4-10.6万元/吨较为常见，后期有提升空间。\n                    \n                    　　12月21日LME钼期货报价整体保持平稳，3月期钼报价25250/25750美元/吨；15月期钼报价25720/26720美元/吨，LME期钼持仓132手。今日简讯：明年贷款需求将相对旺盛，城镇化为信贷投放重点；中金：新型城镇化难以支持新一轮地产投资；意大利总理蒙蒂递交辞呈，大选或于明年2月举行。\n                    \n                    　　周初外盘钼市部分产品价格仍有上调迹象，欧洲钼铁、氧化钼等都有一定涨幅；美国市场稍显平稳，价格暂稳波动。其次，欧亚将钼氧化物进口关税从5%降至零，这有利增加外部市场对该产品的需求，降低钼铁合金的生产成本，提高外部市场行业竞争力。国内行情运行平稳，主要钼产品价格继续保持在相对高位。同时，市场部分商家报价仍有抬高迹象，加之年底逼近，后期钢厂招标或有新的改观。', '1', '钼,行情,美元', '1', 'lizhili', '2013-01-31 00:00:00', '2013-01-31 00:00:00', '1');
INSERT INTO mu_article VALUES ('71', '2012年12月国际钼铁价格走势图', 'lizhili', '16', '　钼精矿市场：今日40-45%钼精矿主流报价1540-1570元/吨度附近，47%及以上品位1560-1580元/吨度，价格暂时持稳，行情仍有继续向上运行迹象。行情短期利好，之前部分商家场外观望，近期开始逐步参与市场。栾川某商家表示，前期矿商停产较多，贸易商多以低库存场外等待行情好转。虽然近期钼精矿价格开始有所好转，但是上调的步伐依然较慢。与成本相比，盈利空间较小。期待后期继续上行。\n                    \n                    　　钼铁市场：钼铁价格暂时保持平稳，市场主流报价10.7-11万元/吨（现款-承兑）。当前，在行情利好带动下，有商家报价呈现虚高状况，整体现款报价期间10.6-10.8万元/吨为主，承兑10.9-11.1万元/吨左右。市场需求尚无完全释放，高价成交偏少。月底部分钢厂招标会逐步启动，钼铁厂家有继续挺价迹象。从近期的钢厂招标来看，钢厂60钼铁的承兑招标价格10.4-10.6万元/吨较为常见，后期有提升空间。\n                    \n                    　　12月21日LME钼期货报价整体保持平稳，3月期钼报价25250/25750美元/吨；15月期钼报价25720/26720美元/吨，LME期钼持仓132手。今日简讯：明年贷款需求将相对旺盛，城镇化为信贷投放重点；中金：新型城镇化难以支持新一轮地产投资；意大利总理蒙蒂递交辞呈，大选或于明年2月举行。\n                    \n                    　　周初外盘钼市部分产品价格仍有上调迹象，欧洲钼铁、氧化钼等都有一定涨幅；美国市场稍显平稳，价格暂稳波动。其次，欧亚将钼氧化物进口关税从5%降至零，这有利增加外部市场对该产品的需求，降低钼铁合金的生产成本，提高外部市场行业竞争力。国内行情运行平稳，主要钼产品价格继续保持在相对高位。同时，市场部分商家报价仍有抬高迹象，加之年底逼近，后期钢厂招标或有新的改观。', '1', '钼,行情,美元', '1', 'lizhili', '2013-01-31 00:00:00', '2013-01-31 00:00:00', '1');
INSERT INTO mu_article VALUES ('72', '2012年12月国际氧化钼价格走势图', 'lizhili', '16', '　钼精矿市场：今日40-45%钼精矿主流报价1540-1570元/吨度附近，47%及以上品位1560-1580元/吨度，价格暂时持稳，行情仍有继续向上运行迹象。行情短期利好，之前部分商家场外观望，近期开始逐步参与市场。栾川某商家表示，前期矿商停产较多，贸易商多以低库存场外等待行情好转。虽然近期钼精矿价格开始有所好转，但是上调的步伐依然较慢。与成本相比，盈利空间较小。期待后期继续上行。\n                    \n                    　　钼铁市场：钼铁价格暂时保持平稳，市场主流报价10.7-11万元/吨（现款-承兑）。当前，在行情利好带动下，有商家报价呈现虚高状况，整体现款报价期间10.6-10.8万元/吨为主，承兑10.9-11.1万元/吨左右。市场需求尚无完全释放，高价成交偏少。月底部分钢厂招标会逐步启动，钼铁厂家有继续挺价迹象。从近期的钢厂招标来看，钢厂60钼铁的承兑招标价格10.4-10.6万元/吨较为常见，后期有提升空间。\n                    \n                    　　12月21日LME钼期货报价整体保持平稳，3月期钼报价25250/25750美元/吨；15月期钼报价25720/26720美元/吨，LME期钼持仓132手。今日简讯：明年贷款需求将相对旺盛，城镇化为信贷投放重点；中金：新型城镇化难以支持新一轮地产投资；意大利总理蒙蒂递交辞呈，大选或于明年2月举行。\n                    \n                    　　周初外盘钼市部分产品价格仍有上调迹象，欧洲钼铁、氧化钼等都有一定涨幅；美国市场稍显平稳，价格暂稳波动。其次，欧亚将钼氧化物进口关税从5%降至零，这有利增加外部市场对该产品的需求，降低钼铁合金的生产成本，提高外部市场行业竞争力。国内行情运行平稳，主要钼产品价格继续保持在相对高位。同时，市场部分商家报价仍有抬高迹象，加之年底逼近，后期钢厂招标或有新的改观。', '1', '钼,行情,美元', '1', 'lizhili', '2013-01-31 00:00:00', '2013-01-31 00:00:00', '0');
INSERT INTO mu_article VALUES ('73', '2012年1-12月国内钼铁价格走势图', 'lizhili', '16', '　钼精矿市场：今日40-45%钼精矿主流报价1540-1570元/吨度附近，47%及以上品位1560-1580元/吨度，价格暂时持稳，行情仍有继续向上运行迹象。行情短期利好，之前部分商家场外观望，近期开始逐步参与市场。栾川某商家表示，前期矿商停产较多，贸易商多以低库存场外等待行情好转。虽然近期钼精矿价格开始有所好转，但是上调的步伐依然较慢。与成本相比，盈利空间较小。期待后期继续上行。\n                    \n                    　　钼铁市场：钼铁价格暂时保持平稳，市场主流报价10.7-11万元/吨（现款-承兑）。当前，在行情利好带动下，有商家报价呈现虚高状况，整体现款报价期间10.6-10.8万元/吨为主，承兑10.9-11.1万元/吨左右。市场需求尚无完全释放，高价成交偏少。月底部分钢厂招标会逐步启动，钼铁厂家有继续挺价迹象。从近期的钢厂招标来看，钢厂60钼铁的承兑招标价格10.4-10.6万元/吨较为常见，后期有提升空间。\n                    \n                    　　12月21日LME钼期货报价整体保持平稳，3月期钼报价25250/25750美元/吨；15月期钼报价25720/26720美元/吨，LME期钼持仓132手。今日简讯：明年贷款需求将相对旺盛，城镇化为信贷投放重点；中金：新型城镇化难以支持新一轮地产投资；意大利总理蒙蒂递交辞呈，大选或于明年2月举行。\n                    \n                    　　周初外盘钼市部分产品价格仍有上调迹象，欧洲钼铁、氧化钼等都有一定涨幅；美国市场稍显平稳，价格暂稳波动。其次，欧亚将钼氧化物进口关税从5%降至零，这有利增加外部市场对该产品的需求，降低钼铁合金的生产成本，提高外部市场行业竞争力。国内行情运行平稳，主要钼产品价格继续保持在相对高位。同时，市场部分商家报价仍有抬高迹象，加之年底逼近，后期钢厂招标或有新的改观。', '1', '钼,行情,美元', '1', 'lizhili', '2013-01-31 00:00:00', '2013-01-31 00:00:00', '1');
INSERT INTO mu_article VALUES ('74', '2012年1-12月国内钼铁价格走势图', 'lizhili', '16', '　钼精矿市场：今日40-45%钼精矿主流报价1540-1570元/吨度附近，47%及以上品位1560-1580元/吨度，价格暂时持稳，行情仍有继续向上运行迹象。行情短期利好，之前部分商家场外观望，近期开始逐步参与市场。栾川某商家表示，前期矿商停产较多，贸易商多以低库存场外等待行情好转。虽然近期钼精矿价格开始有所好转，但是上调的步伐依然较慢。与成本相比，盈利空间较小。期待后期继续上行。\n                    \n                    　　钼铁市场：钼铁价格暂时保持平稳，市场主流报价10.7-11万元/吨（现款-承兑）。当前，在行情利好带动下，有商家报价呈现虚高状况，整体现款报价期间10.6-10.8万元/吨为主，承兑10.9-11.1万元/吨左右。市场需求尚无完全释放，高价成交偏少。月底部分钢厂招标会逐步启动，钼铁厂家有继续挺价迹象。从近期的钢厂招标来看，钢厂60钼铁的承兑招标价格10.4-10.6万元/吨较为常见，后期有提升空间。\n                    \n                    　　12月21日LME钼期货报价整体保持平稳，3月期钼报价25250/25750美元/吨；15月期钼报价25720/26720美元/吨，LME期钼持仓132手。今日简讯：明年贷款需求将相对旺盛，城镇化为信贷投放重点；中金：新型城镇化难以支持新一轮地产投资；意大利总理蒙蒂递交辞呈，大选或于明年2月举行。\n                    \n                    　　周初外盘钼市部分产品价格仍有上调迹象，欧洲钼铁、氧化钼等都有一定涨幅；美国市场稍显平稳，价格暂稳波动。其次，欧亚将钼氧化物进口关税从5%降至零，这有利增加外部市场对该产品的需求，降低钼铁合金的生产成本，提高外部市场行业竞争力。国内行情运行平稳，主要钼产品价格继续保持在相对高位。同时，市场部分商家报价仍有抬高迹象，加之年底逼近，后期钢厂招标或有新的改观。', '1', '钼,行情,美元', '1', 'lizhili', '2013-01-31 00:00:00', '2013-01-31 00:00:00', '0');
INSERT INTO mu_article VALUES ('75', '2012年1-12月国内氧化钼价格走势图', 'lizhili', '16', '　钼精矿市场：今日40-45%钼精矿主流报价1540-1570元/吨度附近，47%及以上品位1560-1580元/吨度，价格暂时持稳，行情仍有继续向上运行迹象。行情短期利好，之前部分商家场外观望，近期开始逐步参与市场。栾川某商家表示，前期矿商停产较多，贸易商多以低库存场外等待行情好转。虽然近期钼精矿价格开始有所好转，但是上调的步伐依然较慢。与成本相比，盈利空间较小。期待后期继续上行。\n                    \n                    　　钼铁市场：钼铁价格暂时保持平稳，市场主流报价10.7-11万元/吨（现款-承兑）。当前，在行情利好带动下，有商家报价呈现虚高状况，整体现款报价期间10.6-10.8万元/吨为主，承兑10.9-11.1万元/吨左右。市场需求尚无完全释放，高价成交偏少。月底部分钢厂招标会逐步启动，钼铁厂家有继续挺价迹象。从近期的钢厂招标来看，钢厂60钼铁的承兑招标价格10.4-10.6万元/吨较为常见，后期有提升空间。\n                    \n                    　　12月21日LME钼期货报价整体保持平稳，3月期钼报价25250/25750美元/吨；15月期钼报价25720/26720美元/吨，LME期钼持仓132手。今日简讯：明年贷款需求将相对旺盛，城镇化为信贷投放重点；中金：新型城镇化难以支持新一轮地产投资；意大利总理蒙蒂递交辞呈，大选或于明年2月举行。\n                    \n                    　　周初外盘钼市部分产品价格仍有上调迹象，欧洲钼铁、氧化钼等都有一定涨幅；美国市场稍显平稳，价格暂稳波动。其次，欧亚将钼氧化物进口关税从5%降至零，这有利增加外部市场对该产品的需求，降低钼铁合金的生产成本，提高外部市场行业竞争力。国内行情运行平稳，主要钼产品价格继续保持在相对高位。同时，市场部分商家报价仍有抬高迹象，加之年底逼近，后期钢厂招标或有新的改观。', '1', '钼,行情,美元', '1', 'lizhili', '2013-01-31 00:00:00', '2013-01-31 00:00:00', '0');
INSERT INTO mu_article VALUES ('76', '2011年4月份钼系产品月报告', 'lizhili', '16', '　钼精矿市场：今日40-45%钼精矿主流报价1540-1570元/吨度附近，47%及以上品位1560-1580元/吨度，价格暂时持稳，行情仍有继续向上运行迹象。行情短期利好，之前部分商家场外观望，近期开始逐步参与市场。栾川某商家表示，前期矿商停产较多，贸易商多以低库存场外等待行情好转。虽然近期钼精矿价格开始有所好转，但是上调的步伐依然较慢。与成本相比，盈利空间较小。期待后期继续上行。\n                    \n                    　　钼铁市场：钼铁价格暂时保持平稳，市场主流报价10.7-11万元/吨（现款-承兑）。当前，在行情利好带动下，有商家报价呈现虚高状况，整体现款报价期间10.6-10.8万元/吨为主，承兑10.9-11.1万元/吨左右。市场需求尚无完全释放，高价成交偏少。月底部分钢厂招标会逐步启动，钼铁厂家有继续挺价迹象。从近期的钢厂招标来看，钢厂60钼铁的承兑招标价格10.4-10.6万元/吨较为常见，后期有提升空间。\n                    \n                    　　12月21日LME钼期货报价整体保持平稳，3月期钼报价25250/25750美元/吨；15月期钼报价25720/26720美元/吨，LME期钼持仓132手。今日简讯：明年贷款需求将相对旺盛，城镇化为信贷投放重点；中金：新型城镇化难以支持新一轮地产投资；意大利总理蒙蒂递交辞呈，大选或于明年2月举行。\n                    \n                    　　周初外盘钼市部分产品价格仍有上调迹象，欧洲钼铁、氧化钼等都有一定涨幅；美国市场稍显平稳，价格暂稳波动。其次，欧亚将钼氧化物进口关税从5%降至零，这有利增加外部市场对该产品的需求，降低钼铁合金的生产成本，提高外部市场行业竞争力。国内行情运行平稳，主要钼产品价格继续保持在相对高位。同时，市场部分商家报价仍有抬高迹象，加之年底逼近，后期钢厂招标或有新的改观。', '1', '钼,行情,美元', '1', 'lizhili', '2013-01-31 00:00:00', '2013-01-31 00:00:00', '1');
INSERT INTO mu_article VALUES ('77', '2012年12月国内氧化钼价格走势图', 'lizhili', '16', '　钼精矿市场：今日40-45%钼精矿主流报价1540-1570元/吨度附近，47%及以上品位1560-1580元/吨度，价格暂时持稳，行情仍有继续向上运行迹象。行情短期利好，之前部分商家场外观望，近期开始逐步参与市场。栾川某商家表示，前期矿商停产较多，贸易商多以低库存场外等待行情好转。虽然近期钼精矿价格开始有所好转，但是上调的步伐依然较慢。与成本相比，盈利空间较小。期待后期继续上行。\n                    \n                    　　钼铁市场：钼铁价格暂时保持平稳，市场主流报价10.7-11万元/吨（现款-承兑）。当前，在行情利好带动下，有商家报价呈现虚高状况，整体现款报价期间10.6-10.8万元/吨为主，承兑10.9-11.1万元/吨左右。市场需求尚无完全释放，高价成交偏少。月底部分钢厂招标会逐步启动，钼铁厂家有继续挺价迹象。从近期的钢厂招标来看，钢厂60钼铁的承兑招标价格10.4-10.6万元/吨较为常见，后期有提升空间。\n                    \n                    　　12月21日LME钼期货报价整体保持平稳，3月期钼报价25250/25750美元/吨；15月期钼报价25720/26720美元/吨，LME期钼持仓132手。今日简讯：明年贷款需求将相对旺盛，城镇化为信贷投放重点；中金：新型城镇化难以支持新一轮地产投资；意大利总理蒙蒂递交辞呈，大选或于明年2月举行。\n                    \n                    　　周初外盘钼市部分产品价格仍有上调迹象，欧洲钼铁、氧化钼等都有一定涨幅；美国市场稍显平稳，价格暂稳波动。其次，欧亚将钼氧化物进口关税从5%降至零，这有利增加外部市场对该产品的需求，降低钼铁合金的生产成本，提高外部市场行业竞争力。国内行情运行平稳，主要钼产品价格继续保持在相对高位。同时，市场部分商家报价仍有抬高迹象，加之年底逼近，后期钢厂招标或有新的改观。', '1', '钼,行情,美元', '1', 'lizhili', '2013-01-31 00:00:00', '2013-01-31 00:00:00', '0');
INSERT INTO mu_article VALUES ('78', '2012年12月国内氧化钼价格走势图', 'lizhili', '16', '　钼精矿市场：今日40-45%钼精矿主流报价1540-1570元/吨度附近，47%及以上品位1560-1580元/吨度，价格暂时持稳，行情仍有继续向上运行迹象。行情短期利好，之前部分商家场外观望，近期开始逐步参与市场。栾川某商家表示，前期矿商停产较多，贸易商多以低库存场外等待行情好转。虽然近期钼精矿价格开始有所好转，但是上调的步伐依然较慢。与成本相比，盈利空间较小。期待后期继续上行。\n                    \n                    　　钼铁市场：钼铁价格暂时保持平稳，市场主流报价10.7-11万元/吨（现款-承兑）。当前，在行情利好带动下，有商家报价呈现虚高状况，整体现款报价期间10.6-10.8万元/吨为主，承兑10.9-11.1万元/吨左右。市场需求尚无完全释放，高价成交偏少。月底部分钢厂招标会逐步启动，钼铁厂家有继续挺价迹象。从近期的钢厂招标来看，钢厂60钼铁的承兑招标价格10.4-10.6万元/吨较为常见，后期有提升空间。\n                    \n                    　　12月21日LME钼期货报价整体保持平稳，3月期钼报价25250/25750美元/吨；15月期钼报价25720/26720美元/吨，LME期钼持仓132手。今日简讯：明年贷款需求将相对旺盛，城镇化为信贷投放重点；中金：新型城镇化难以支持新一轮地产投资；意大利总理蒙蒂递交辞呈，大选或于明年2月举行。\n                    \n                    　　周初外盘钼市部分产品价格仍有上调迹象，欧洲钼铁、氧化钼等都有一定涨幅；美国市场稍显平稳，价格暂稳波动。其次，欧亚将钼氧化物进口关税从5%降至零，这有利增加外部市场对该产品的需求，降低钼铁合金的生产成本，提高外部市场行业竞争力。国内行情运行平稳，主要钼产品价格继续保持在相对高位。同时，市场部分商家报价仍有抬高迹象，加之年底逼近，后期钢厂招标或有新的改观。', '1', '钼,行情,美元', '1', 'lizhili', '2013-01-31 00:00:00', '2013-01-31 00:00:00', '1');
INSERT INTO mu_article VALUES ('79', '2011年4月份钼系产品月报告', 'lizhili', '16', '　钼精矿市场：今日40-45%钼精矿主流报价1540-1570元/吨度附近，47%及以上品位1560-1580元/吨度，价格暂时持稳，行情仍有继续向上运行迹象。行情短期利好，之前部分商家场外观望，近期开始逐步参与市场。栾川某商家表示，前期矿商停产较多，贸易商多以低库存场外等待行情好转。虽然近期钼精矿价格开始有所好转，但是上调的步伐依然较慢。与成本相比，盈利空间较小。期待后期继续上行。\n                    \n                    　　钼铁市场：钼铁价格暂时保持平稳，市场主流报价10.7-11万元/吨（现款-承兑）。当前，在行情利好带动下，有商家报价呈现虚高状况，整体现款报价期间10.6-10.8万元/吨为主，承兑10.9-11.1万元/吨左右。市场需求尚无完全释放，高价成交偏少。月底部分钢厂招标会逐步启动，钼铁厂家有继续挺价迹象。从近期的钢厂招标来看，钢厂60钼铁的承兑招标价格10.4-10.6万元/吨较为常见，后期有提升空间。\n                    \n                    　　12月21日LME钼期货报价整体保持平稳，3月期钼报价25250/25750美元/吨；15月期钼报价25720/26720美元/吨，LME期钼持仓132手。今日简讯：明年贷款需求将相对旺盛，城镇化为信贷投放重点；中金：新型城镇化难以支持新一轮地产投资；意大利总理蒙蒂递交辞呈，大选或于明年2月举行。\n                    \n                    　　周初外盘钼市部分产品价格仍有上调迹象，欧洲钼铁、氧化钼等都有一定涨幅；美国市场稍显平稳，价格暂稳波动。其次，欧亚将钼氧化物进口关税从5%降至零，这有利增加外部市场对该产品的需求，降低钼铁合金的生产成本，提高外部市场行业竞争力。国内行情运行平稳，主要钼产品价格继续保持在相对高位。同时，市场部分商家报价仍有抬高迹象，加之年底逼近，后期钢厂招标或有新的改观。', '1', '钼,行情,美元', '1', 'lizhili', '2013-01-31 00:00:00', '2013-01-31 00:00:00', '1');
INSERT INTO mu_article VALUES ('80', '2012年1-12月份我国钼铁出口对比图', 'lizhili', '16', '　钼精矿市场：今日40-45%钼精矿主流报价1540-1570元/吨度附近，47%及以上品位1560-1580元/吨度，价格暂时持稳，行情仍有继续向上运行迹象。行情短期利好，之前部分商家场外观望，近期开始逐步参与市场。栾川某商家表示，前期矿商停产较多，贸易商多以低库存场外等待行情好转。虽然近期钼精矿价格开始有所好转，但是上调的步伐依然较慢。与成本相比，盈利空间较小。期待后期继续上行。\n                    \n                    　　钼铁市场：钼铁价格暂时保持平稳，市场主流报价10.7-11万元/吨（现款-承兑）。当前，在行情利好带动下，有商家报价呈现虚高状况，整体现款报价期间10.6-10.8万元/吨为主，承兑10.9-11.1万元/吨左右。市场需求尚无完全释放，高价成交偏少。月底部分钢厂招标会逐步启动，钼铁厂家有继续挺价迹象。从近期的钢厂招标来看，钢厂60钼铁的承兑招标价格10.4-10.6万元/吨较为常见，后期有提升空间。\n                    \n                    　　12月21日LME钼期货报价整体保持平稳，3月期钼报价25250/25750美元/吨；15月期钼报价25720/26720美元/吨，LME期钼持仓132手。今日简讯：明年贷款需求将相对旺盛，城镇化为信贷投放重点；中金：新型城镇化难以支持新一轮地产投资；意大利总理蒙蒂递交辞呈，大选或于明年2月举行。\n                    \n                    　　周初外盘钼市部分产品价格仍有上调迹象，欧洲钼铁、氧化钼等都有一定涨幅；美国市场稍显平稳，价格暂稳波动。其次，欧亚将钼氧化物进口关税从5%降至零，这有利增加外部市场对该产品的需求，降低钼铁合金的生产成本，提高外部市场行业竞争力。国内行情运行平稳，主要钼产品价格继续保持在相对高位。同时，市场部分商家报价仍有抬高迹象，加之年底逼近，后期钢厂招标或有新的改观。', '1', '钼,行情,美元', '1', 'lizhili', '2013-01-31 00:00:00', '2013-01-31 00:00:00', '0');
INSERT INTO mu_article VALUES ('81', '2012年1-12月份我国钼铁出口对比图', 'lizhili', '16', '　钼精矿市场：今日40-45%钼精矿主流报价1540-1570元/吨度附近，47%及以上品位1560-1580元/吨度，价格暂时持稳，行情仍有继续向上运行迹象。行情短期利好，之前部分商家场外观望，近期开始逐步参与市场。栾川某商家表示，前期矿商停产较多，贸易商多以低库存场外等待行情好转。虽然近期钼精矿价格开始有所好转，但是上调的步伐依然较慢。与成本相比，盈利空间较小。期待后期继续上行。\n                    \n                    　　钼铁市场：钼铁价格暂时保持平稳，市场主流报价10.7-11万元/吨（现款-承兑）。当前，在行情利好带动下，有商家报价呈现虚高状况，整体现款报价期间10.6-10.8万元/吨为主，承兑10.9-11.1万元/吨左右。市场需求尚无完全释放，高价成交偏少。月底部分钢厂招标会逐步启动，钼铁厂家有继续挺价迹象。从近期的钢厂招标来看，钢厂60钼铁的承兑招标价格10.4-10.6万元/吨较为常见，后期有提升空间。\n                    \n                    　　12月21日LME钼期货报价整体保持平稳，3月期钼报价25250/25750美元/吨；15月期钼报价25720/26720美元/吨，LME期钼持仓132手。今日简讯：明年贷款需求将相对旺盛，城镇化为信贷投放重点；中金：新型城镇化难以支持新一轮地产投资；意大利总理蒙蒂递交辞呈，大选或于明年2月举行。\n                    \n                    　　周初外盘钼市部分产品价格仍有上调迹象，欧洲钼铁、氧化钼等都有一定涨幅；美国市场稍显平稳，价格暂稳波动。其次，欧亚将钼氧化物进口关税从5%降至零，这有利增加外部市场对该产品的需求，降低钼铁合金的生产成本，提高外部市场行业竞争力。国内行情运行平稳，主要钼产品价格继续保持在相对高位。同时，市场部分商家报价仍有抬高迹象，加之年底逼近，后期钢厂招标或有新的改观。', '1', '钼,行情,美元', '1', 'lizhili', '2013-01-31 00:00:00', '2013-01-31 00:00:00', '0');
INSERT INTO mu_article VALUES ('82', '2012年1-12月国内氧化钼价格走势图', 'lizhili', '16', '　钼精矿市场：今日40-45%钼精矿主流报价1540-1570元/吨度附近，47%及以上品位1560-1580元/吨度，价格暂时持稳，行情仍有继续向上运行迹象。行情短期利好，之前部分商家场外观望，近期开始逐步参与市场。栾川某商家表示，前期矿商停产较多，贸易商多以低库存场外等待行情好转。虽然近期钼精矿价格开始有所好转，但是上调的步伐依然较慢。与成本相比，盈利空间较小。期待后期继续上行。\n                    \n                    　　钼铁市场：钼铁价格暂时保持平稳，市场主流报价10.7-11万元/吨（现款-承兑）。当前，在行情利好带动下，有商家报价呈现虚高状况，整体现款报价期间10.6-10.8万元/吨为主，承兑10.9-11.1万元/吨左右。市场需求尚无完全释放，高价成交偏少。月底部分钢厂招标会逐步启动，钼铁厂家有继续挺价迹象。从近期的钢厂招标来看，钢厂60钼铁的承兑招标价格10.4-10.6万元/吨较为常见，后期有提升空间。\n                    \n                    　　12月21日LME钼期货报价整体保持平稳，3月期钼报价25250/25750美元/吨；15月期钼报价25720/26720美元/吨，LME期钼持仓132手。今日简讯：明年贷款需求将相对旺盛，城镇化为信贷投放重点；中金：新型城镇化难以支持新一轮地产投资；意大利总理蒙蒂递交辞呈，大选或于明年2月举行。\n                    \n                    　　周初外盘钼市部分产品价格仍有上调迹象，欧洲钼铁、氧化钼等都有一定涨幅；美国市场稍显平稳，价格暂稳波动。其次，欧亚将钼氧化物进口关税从5%降至零，这有利增加外部市场对该产品的需求，降低钼铁合金的生产成本，提高外部市场行业竞争力。国内行情运行平稳，主要钼产品价格继续保持在相对高位。同时，市场部分商家报价仍有抬高迹象，加之年底逼近，后期钢厂招标或有新的改观。', '1', '钼,行情,美元', '1', 'lizhili', '2013-01-31 00:00:00', '2013-01-31 00:00:00', '0');
INSERT INTO mu_article VALUES ('83', '2012年1-12月国内氧化钼价格走势图', 'lizhili', '16', '　钼精矿市场：今日40-45%钼精矿主流报价1540-1570元/吨度附近，47%及以上品位1560-1580元/吨度，价格暂时持稳，行情仍有继续向上运行迹象。行情短期利好，之前部分商家场外观望，近期开始逐步参与市场。栾川某商家表示，前期矿商停产较多，贸易商多以低库存场外等待行情好转。虽然近期钼精矿价格开始有所好转，但是上调的步伐依然较慢。与成本相比，盈利空间较小。期待后期继续上行。\n                    \n                    　　钼铁市场：钼铁价格暂时保持平稳，市场主流报价10.7-11万元/吨（现款-承兑）。当前，在行情利好带动下，有商家报价呈现虚高状况，整体现款报价期间10.6-10.8万元/吨为主，承兑10.9-11.1万元/吨左右。市场需求尚无完全释放，高价成交偏少。月底部分钢厂招标会逐步启动，钼铁厂家有继续挺价迹象。从近期的钢厂招标来看，钢厂60钼铁的承兑招标价格10.4-10.6万元/吨较为常见，后期有提升空间。\n                    \n                    　　12月21日LME钼期货报价整体保持平稳，3月期钼报价25250/25750美元/吨；15月期钼报价25720/26720美元/吨，LME期钼持仓132手。今日简讯：明年贷款需求将相对旺盛，城镇化为信贷投放重点；中金：新型城镇化难以支持新一轮地产投资；意大利总理蒙蒂递交辞呈，大选或于明年2月举行。\n                    \n                    　　周初外盘钼市部分产品价格仍有上调迹象，欧洲钼铁、氧化钼等都有一定涨幅；美国市场稍显平稳，价格暂稳波动。其次，欧亚将钼氧化物进口关税从5%降至零，这有利增加外部市场对该产品的需求，降低钼铁合金的生产成本，提高外部市场行业竞争力。国内行情运行平稳，主要钼产品价格继续保持在相对高位。同时，市场部分商家报价仍有抬高迹象，加之年底逼近，后期钢厂招标或有新的改观。', '1', '钼,行情,美元', '1', 'lizhili', '2013-01-31 00:00:00', '2013-01-31 00:00:00', '0');
INSERT INTO mu_article VALUES ('84', '2012年12月国际氧化钼价格走势图', 'lizhili', '16', '　钼精矿市场：今日40-45%钼精矿主流报价1540-1570元/吨度附近，47%及以上品位1560-1580元/吨度，价格暂时持稳，行情仍有继续向上运行迹象。行情短期利好，之前部分商家场外观望，近期开始逐步参与市场。栾川某商家表示，前期矿商停产较多，贸易商多以低库存场外等待行情好转。虽然近期钼精矿价格开始有所好转，但是上调的步伐依然较慢。与成本相比，盈利空间较小。期待后期继续上行。\n                    \n                    　　钼铁市场：钼铁价格暂时保持平稳，市场主流报价10.7-11万元/吨（现款-承兑）。当前，在行情利好带动下，有商家报价呈现虚高状况，整体现款报价期间10.6-10.8万元/吨为主，承兑10.9-11.1万元/吨左右。市场需求尚无完全释放，高价成交偏少。月底部分钢厂招标会逐步启动，钼铁厂家有继续挺价迹象。从近期的钢厂招标来看，钢厂60钼铁的承兑招标价格10.4-10.6万元/吨较为常见，后期有提升空间。\n                    \n                    　　12月21日LME钼期货报价整体保持平稳，3月期钼报价25250/25750美元/吨；15月期钼报价25720/26720美元/吨，LME期钼持仓132手。今日简讯：明年贷款需求将相对旺盛，城镇化为信贷投放重点；中金：新型城镇化难以支持新一轮地产投资；意大利总理蒙蒂递交辞呈，大选或于明年2月举行。\n                    \n                    　　周初外盘钼市部分产品价格仍有上调迹象，欧洲钼铁、氧化钼等都有一定涨幅；美国市场稍显平稳，价格暂稳波动。其次，欧亚将钼氧化物进口关税从5%降至零，这有利增加外部市场对该产品的需求，降低钼铁合金的生产成本，提高外部市场行业竞争力。国内行情运行平稳，主要钼产品价格继续保持在相对高位。同时，市场部分商家报价仍有抬高迹象，加之年底逼近，后期钢厂招标或有新的改观。', '1', '钼,行情,美元', '1', 'lizhili', '2013-01-31 00:00:00', '2013-01-31 00:00:00', '0');
INSERT INTO mu_article VALUES ('85', '2012年12月国内氧化钼价格走势图', 'lizhili', '16', '　钼精矿市场：今日40-45%钼精矿主流报价1540-1570元/吨度附近，47%及以上品位1560-1580元/吨度，价格暂时持稳，行情仍有继续向上运行迹象。行情短期利好，之前部分商家场外观望，近期开始逐步参与市场。栾川某商家表示，前期矿商停产较多，贸易商多以低库存场外等待行情好转。虽然近期钼精矿价格开始有所好转，但是上调的步伐依然较慢。与成本相比，盈利空间较小。期待后期继续上行。\n                    \n                    　　钼铁市场：钼铁价格暂时保持平稳，市场主流报价10.7-11万元/吨（现款-承兑）。当前，在行情利好带动下，有商家报价呈现虚高状况，整体现款报价期间10.6-10.8万元/吨为主，承兑10.9-11.1万元/吨左右。市场需求尚无完全释放，高价成交偏少。月底部分钢厂招标会逐步启动，钼铁厂家有继续挺价迹象。从近期的钢厂招标来看，钢厂60钼铁的承兑招标价格10.4-10.6万元/吨较为常见，后期有提升空间。\n                    \n                    　　12月21日LME钼期货报价整体保持平稳，3月期钼报价25250/25750美元/吨；15月期钼报价25720/26720美元/吨，LME期钼持仓132手。今日简讯：明年贷款需求将相对旺盛，城镇化为信贷投放重点；中金：新型城镇化难以支持新一轮地产投资；意大利总理蒙蒂递交辞呈，大选或于明年2月举行。\n                    \n                    　　周初外盘钼市部分产品价格仍有上调迹象，欧洲钼铁、氧化钼等都有一定涨幅；美国市场稍显平稳，价格暂稳波动。其次，欧亚将钼氧化物进口关税从5%降至零，这有利增加外部市场对该产品的需求，降低钼铁合金的生产成本，提高外部市场行业竞争力。国内行情运行平稳，主要钼产品价格继续保持在相对高位。同时，市场部分商家报价仍有抬高迹象，加之年底逼近，后期钢厂招标或有新的改观。', '1', '钼,行情,美元', '1', 'lizhili', '2013-01-31 00:00:00', '2013-01-31 00:00:00', '1');
INSERT INTO mu_article VALUES ('86', '2012年1-12月国际氧化钼价格走势图', 'lizhili', '16', '　钼精矿市场：今日40-45%钼精矿主流报价1540-1570元/吨度附近，47%及以上品位1560-1580元/吨度，价格暂时持稳，行情仍有继续向上运行迹象。行情短期利好，之前部分商家场外观望，近期开始逐步参与市场。栾川某商家表示，前期矿商停产较多，贸易商多以低库存场外等待行情好转。虽然近期钼精矿价格开始有所好转，但是上调的步伐依然较慢。与成本相比，盈利空间较小。期待后期继续上行。\n                    \n                    　　钼铁市场：钼铁价格暂时保持平稳，市场主流报价10.7-11万元/吨（现款-承兑）。当前，在行情利好带动下，有商家报价呈现虚高状况，整体现款报价期间10.6-10.8万元/吨为主，承兑10.9-11.1万元/吨左右。市场需求尚无完全释放，高价成交偏少。月底部分钢厂招标会逐步启动，钼铁厂家有继续挺价迹象。从近期的钢厂招标来看，钢厂60钼铁的承兑招标价格10.4-10.6万元/吨较为常见，后期有提升空间。\n                    \n                    　　12月21日LME钼期货报价整体保持平稳，3月期钼报价25250/25750美元/吨；15月期钼报价25720/26720美元/吨，LME期钼持仓132手。今日简讯：明年贷款需求将相对旺盛，城镇化为信贷投放重点；中金：新型城镇化难以支持新一轮地产投资；意大利总理蒙蒂递交辞呈，大选或于明年2月举行。\n                    \n                    　　周初外盘钼市部分产品价格仍有上调迹象，欧洲钼铁、氧化钼等都有一定涨幅；美国市场稍显平稳，价格暂稳波动。其次，欧亚将钼氧化物进口关税从5%降至零，这有利增加外部市场对该产品的需求，降低钼铁合金的生产成本，提高外部市场行业竞争力。国内行情运行平稳，主要钼产品价格继续保持在相对高位。同时，市场部分商家报价仍有抬高迹象，加之年底逼近，后期钢厂招标或有新的改观。', '1', '钼,行情,美元', '1', 'lizhili', '2013-01-31 00:00:00', '2013-01-31 00:00:00', '1');
INSERT INTO mu_article VALUES ('87', '2012年1-12月国际钼铁价格走势图', 'lizhili', '16', '　钼精矿市场：今日40-45%钼精矿主流报价1540-1570元/吨度附近，47%及以上品位1560-1580元/吨度，价格暂时持稳，行情仍有继续向上运行迹象。行情短期利好，之前部分商家场外观望，近期开始逐步参与市场。栾川某商家表示，前期矿商停产较多，贸易商多以低库存场外等待行情好转。虽然近期钼精矿价格开始有所好转，但是上调的步伐依然较慢。与成本相比，盈利空间较小。期待后期继续上行。\n                    \n                    　　钼铁市场：钼铁价格暂时保持平稳，市场主流报价10.7-11万元/吨（现款-承兑）。当前，在行情利好带动下，有商家报价呈现虚高状况，整体现款报价期间10.6-10.8万元/吨为主，承兑10.9-11.1万元/吨左右。市场需求尚无完全释放，高价成交偏少。月底部分钢厂招标会逐步启动，钼铁厂家有继续挺价迹象。从近期的钢厂招标来看，钢厂60钼铁的承兑招标价格10.4-10.6万元/吨较为常见，后期有提升空间。\n                    \n                    　　12月21日LME钼期货报价整体保持平稳，3月期钼报价25250/25750美元/吨；15月期钼报价25720/26720美元/吨，LME期钼持仓132手。今日简讯：明年贷款需求将相对旺盛，城镇化为信贷投放重点；中金：新型城镇化难以支持新一轮地产投资；意大利总理蒙蒂递交辞呈，大选或于明年2月举行。\n                    \n                    　　周初外盘钼市部分产品价格仍有上调迹象，欧洲钼铁、氧化钼等都有一定涨幅；美国市场稍显平稳，价格暂稳波动。其次，欧亚将钼氧化物进口关税从5%降至零，这有利增加外部市场对该产品的需求，降低钼铁合金的生产成本，提高外部市场行业竞争力。国内行情运行平稳，主要钼产品价格继续保持在相对高位。同时，市场部分商家报价仍有抬高迹象，加之年底逼近，后期钢厂招标或有新的改观。', '1', '钼,行情,美元', '1', 'lizhili', '2013-01-31 00:00:00', '2013-01-31 00:00:00', '0');
INSERT INTO mu_article VALUES ('88', '2012年12月国际氧化钼价格走势图', 'lizhili', '16', '　钼精矿市场：今日40-45%钼精矿主流报价1540-1570元/吨度附近，47%及以上品位1560-1580元/吨度，价格暂时持稳，行情仍有继续向上运行迹象。行情短期利好，之前部分商家场外观望，近期开始逐步参与市场。栾川某商家表示，前期矿商停产较多，贸易商多以低库存场外等待行情好转。虽然近期钼精矿价格开始有所好转，但是上调的步伐依然较慢。与成本相比，盈利空间较小。期待后期继续上行。\n                    \n                    　　钼铁市场：钼铁价格暂时保持平稳，市场主流报价10.7-11万元/吨（现款-承兑）。当前，在行情利好带动下，有商家报价呈现虚高状况，整体现款报价期间10.6-10.8万元/吨为主，承兑10.9-11.1万元/吨左右。市场需求尚无完全释放，高价成交偏少。月底部分钢厂招标会逐步启动，钼铁厂家有继续挺价迹象。从近期的钢厂招标来看，钢厂60钼铁的承兑招标价格10.4-10.6万元/吨较为常见，后期有提升空间。\n                    \n                    　　12月21日LME钼期货报价整体保持平稳，3月期钼报价25250/25750美元/吨；15月期钼报价25720/26720美元/吨，LME期钼持仓132手。今日简讯：明年贷款需求将相对旺盛，城镇化为信贷投放重点；中金：新型城镇化难以支持新一轮地产投资；意大利总理蒙蒂递交辞呈，大选或于明年2月举行。\n                    \n                    　　周初外盘钼市部分产品价格仍有上调迹象，欧洲钼铁、氧化钼等都有一定涨幅；美国市场稍显平稳，价格暂稳波动。其次，欧亚将钼氧化物进口关税从5%降至零，这有利增加外部市场对该产品的需求，降低钼铁合金的生产成本，提高外部市场行业竞争力。国内行情运行平稳，主要钼产品价格继续保持在相对高位。同时，市场部分商家报价仍有抬高迹象，加之年底逼近，后期钢厂招标或有新的改观。', '1', '钼,行情,美元', '1', 'lizhili', '2013-01-31 00:00:00', '2013-01-31 00:00:00', '0');
INSERT INTO mu_article VALUES ('89', '2012年1-12月国际钼铁价格走势图', 'lizhili', '16', '　钼精矿市场：今日40-45%钼精矿主流报价1540-1570元/吨度附近，47%及以上品位1560-1580元/吨度，价格暂时持稳，行情仍有继续向上运行迹象。行情短期利好，之前部分商家场外观望，近期开始逐步参与市场。栾川某商家表示，前期矿商停产较多，贸易商多以低库存场外等待行情好转。虽然近期钼精矿价格开始有所好转，但是上调的步伐依然较慢。与成本相比，盈利空间较小。期待后期继续上行。\n                    \n                    　　钼铁市场：钼铁价格暂时保持平稳，市场主流报价10.7-11万元/吨（现款-承兑）。当前，在行情利好带动下，有商家报价呈现虚高状况，整体现款报价期间10.6-10.8万元/吨为主，承兑10.9-11.1万元/吨左右。市场需求尚无完全释放，高价成交偏少。月底部分钢厂招标会逐步启动，钼铁厂家有继续挺价迹象。从近期的钢厂招标来看，钢厂60钼铁的承兑招标价格10.4-10.6万元/吨较为常见，后期有提升空间。\n                    \n                    　　12月21日LME钼期货报价整体保持平稳，3月期钼报价25250/25750美元/吨；15月期钼报价25720/26720美元/吨，LME期钼持仓132手。今日简讯：明年贷款需求将相对旺盛，城镇化为信贷投放重点；中金：新型城镇化难以支持新一轮地产投资；意大利总理蒙蒂递交辞呈，大选或于明年2月举行。\n                    \n                    　　周初外盘钼市部分产品价格仍有上调迹象，欧洲钼铁、氧化钼等都有一定涨幅；美国市场稍显平稳，价格暂稳波动。其次，欧亚将钼氧化物进口关税从5%降至零，这有利增加外部市场对该产品的需求，降低钼铁合金的生产成本，提高外部市场行业竞争力。国内行情运行平稳，主要钼产品价格继续保持在相对高位。同时，市场部分商家报价仍有抬高迹象，加之年底逼近，后期钢厂招标或有新的改观。', '1', '钼,行情,美元', '1', 'lizhili', '2013-01-31 00:00:00', '2013-01-31 00:00:00', '0');
INSERT INTO mu_article VALUES ('90', '2012年1-12月份我国钼铁进口对比图', 'lizhili', '16', '　钼精矿市场：今日40-45%钼精矿主流报价1540-1570元/吨度附近，47%及以上品位1560-1580元/吨度，价格暂时持稳，行情仍有继续向上运行迹象。行情短期利好，之前部分商家场外观望，近期开始逐步参与市场。栾川某商家表示，前期矿商停产较多，贸易商多以低库存场外等待行情好转。虽然近期钼精矿价格开始有所好转，但是上调的步伐依然较慢。与成本相比，盈利空间较小。期待后期继续上行。\n                    \n                    　　钼铁市场：钼铁价格暂时保持平稳，市场主流报价10.7-11万元/吨（现款-承兑）。当前，在行情利好带动下，有商家报价呈现虚高状况，整体现款报价期间10.6-10.8万元/吨为主，承兑10.9-11.1万元/吨左右。市场需求尚无完全释放，高价成交偏少。月底部分钢厂招标会逐步启动，钼铁厂家有继续挺价迹象。从近期的钢厂招标来看，钢厂60钼铁的承兑招标价格10.4-10.6万元/吨较为常见，后期有提升空间。\n                    \n                    　　12月21日LME钼期货报价整体保持平稳，3月期钼报价25250/25750美元/吨；15月期钼报价25720/26720美元/吨，LME期钼持仓132手。今日简讯：明年贷款需求将相对旺盛，城镇化为信贷投放重点；中金：新型城镇化难以支持新一轮地产投资；意大利总理蒙蒂递交辞呈，大选或于明年2月举行。\n                    \n                    　　周初外盘钼市部分产品价格仍有上调迹象，欧洲钼铁、氧化钼等都有一定涨幅；美国市场稍显平稳，价格暂稳波动。其次，欧亚将钼氧化物进口关税从5%降至零，这有利增加外部市场对该产品的需求，降低钼铁合金的生产成本，提高外部市场行业竞争力。国内行情运行平稳，主要钼产品价格继续保持在相对高位。同时，市场部分商家报价仍有抬高迹象，加之年底逼近，后期钢厂招标或有新的改观。', '1', '钼,行情,美元', '1', 'lizhili', '2013-01-31 00:00:00', '2013-01-31 00:00:00', '0');
INSERT INTO mu_article VALUES ('91', '2012年1-12月国内氧化钼价格走势图', 'lizhili', '16', '　钼精矿市场：今日40-45%钼精矿主流报价1540-1570元/吨度附近，47%及以上品位1560-1580元/吨度，价格暂时持稳，行情仍有继续向上运行迹象。行情短期利好，之前部分商家场外观望，近期开始逐步参与市场。栾川某商家表示，前期矿商停产较多，贸易商多以低库存场外等待行情好转。虽然近期钼精矿价格开始有所好转，但是上调的步伐依然较慢。与成本相比，盈利空间较小。期待后期继续上行。\n                    \n                    　　钼铁市场：钼铁价格暂时保持平稳，市场主流报价10.7-11万元/吨（现款-承兑）。当前，在行情利好带动下，有商家报价呈现虚高状况，整体现款报价期间10.6-10.8万元/吨为主，承兑10.9-11.1万元/吨左右。市场需求尚无完全释放，高价成交偏少。月底部分钢厂招标会逐步启动，钼铁厂家有继续挺价迹象。从近期的钢厂招标来看，钢厂60钼铁的承兑招标价格10.4-10.6万元/吨较为常见，后期有提升空间。\n                    \n                    　　12月21日LME钼期货报价整体保持平稳，3月期钼报价25250/25750美元/吨；15月期钼报价25720/26720美元/吨，LME期钼持仓132手。今日简讯：明年贷款需求将相对旺盛，城镇化为信贷投放重点；中金：新型城镇化难以支持新一轮地产投资；意大利总理蒙蒂递交辞呈，大选或于明年2月举行。\n                    \n                    　　周初外盘钼市部分产品价格仍有上调迹象，欧洲钼铁、氧化钼等都有一定涨幅；美国市场稍显平稳，价格暂稳波动。其次，欧亚将钼氧化物进口关税从5%降至零，这有利增加外部市场对该产品的需求，降低钼铁合金的生产成本，提高外部市场行业竞争力。国内行情运行平稳，主要钼产品价格继续保持在相对高位。同时，市场部分商家报价仍有抬高迹象，加之年底逼近，后期钢厂招标或有新的改观。', '1', '钼,行情,美元', '1', 'lizhili', '2013-01-31 00:00:00', '2013-01-31 00:00:00', '0');
INSERT INTO mu_article VALUES ('92', '2012年1-12月国际钼铁价格走势图', 'lizhili', '16', '　钼精矿市场：今日40-45%钼精矿主流报价1540-1570元/吨度附近，47%及以上品位1560-1580元/吨度，价格暂时持稳，行情仍有继续向上运行迹象。行情短期利好，之前部分商家场外观望，近期开始逐步参与市场。栾川某商家表示，前期矿商停产较多，贸易商多以低库存场外等待行情好转。虽然近期钼精矿价格开始有所好转，但是上调的步伐依然较慢。与成本相比，盈利空间较小。期待后期继续上行。\n                    \n                    　　钼铁市场：钼铁价格暂时保持平稳，市场主流报价10.7-11万元/吨（现款-承兑）。当前，在行情利好带动下，有商家报价呈现虚高状况，整体现款报价期间10.6-10.8万元/吨为主，承兑10.9-11.1万元/吨左右。市场需求尚无完全释放，高价成交偏少。月底部分钢厂招标会逐步启动，钼铁厂家有继续挺价迹象。从近期的钢厂招标来看，钢厂60钼铁的承兑招标价格10.4-10.6万元/吨较为常见，后期有提升空间。\n                    \n                    　　12月21日LME钼期货报价整体保持平稳，3月期钼报价25250/25750美元/吨；15月期钼报价25720/26720美元/吨，LME期钼持仓132手。今日简讯：明年贷款需求将相对旺盛，城镇化为信贷投放重点；中金：新型城镇化难以支持新一轮地产投资；意大利总理蒙蒂递交辞呈，大选或于明年2月举行。\n                    \n                    　　周初外盘钼市部分产品价格仍有上调迹象，欧洲钼铁、氧化钼等都有一定涨幅；美国市场稍显平稳，价格暂稳波动。其次，欧亚将钼氧化物进口关税从5%降至零，这有利增加外部市场对该产品的需求，降低钼铁合金的生产成本，提高外部市场行业竞争力。国内行情运行平稳，主要钼产品价格继续保持在相对高位。同时，市场部分商家报价仍有抬高迹象，加之年底逼近，后期钢厂招标或有新的改观。', '1', '钼,行情,美元', '1', 'lizhili', '2013-01-31 00:00:00', '2013-01-31 00:00:00', '0');
INSERT INTO mu_article VALUES ('93', '2012年1-12月国内钼铁价格走势图', 'lizhili', '16', '　钼精矿市场：今日40-45%钼精矿主流报价1540-1570元/吨度附近，47%及以上品位1560-1580元/吨度，价格暂时持稳，行情仍有继续向上运行迹象。行情短期利好，之前部分商家场外观望，近期开始逐步参与市场。栾川某商家表示，前期矿商停产较多，贸易商多以低库存场外等待行情好转。虽然近期钼精矿价格开始有所好转，但是上调的步伐依然较慢。与成本相比，盈利空间较小。期待后期继续上行。\n                    \n                    　　钼铁市场：钼铁价格暂时保持平稳，市场主流报价10.7-11万元/吨（现款-承兑）。当前，在行情利好带动下，有商家报价呈现虚高状况，整体现款报价期间10.6-10.8万元/吨为主，承兑10.9-11.1万元/吨左右。市场需求尚无完全释放，高价成交偏少。月底部分钢厂招标会逐步启动，钼铁厂家有继续挺价迹象。从近期的钢厂招标来看，钢厂60钼铁的承兑招标价格10.4-10.6万元/吨较为常见，后期有提升空间。\n                    \n                    　　12月21日LME钼期货报价整体保持平稳，3月期钼报价25250/25750美元/吨；15月期钼报价25720/26720美元/吨，LME期钼持仓132手。今日简讯：明年贷款需求将相对旺盛，城镇化为信贷投放重点；中金：新型城镇化难以支持新一轮地产投资；意大利总理蒙蒂递交辞呈，大选或于明年2月举行。\n                    \n                    　　周初外盘钼市部分产品价格仍有上调迹象，欧洲钼铁、氧化钼等都有一定涨幅；美国市场稍显平稳，价格暂稳波动。其次，欧亚将钼氧化物进口关税从5%降至零，这有利增加外部市场对该产品的需求，降低钼铁合金的生产成本，提高外部市场行业竞争力。国内行情运行平稳，主要钼产品价格继续保持在相对高位。同时，市场部分商家报价仍有抬高迹象，加之年底逼近，后期钢厂招标或有新的改观。', '1', '钼,行情,美元', '1', 'lizhili', '2013-01-31 00:00:00', '2013-01-31 00:00:00', '0');
INSERT INTO mu_article VALUES ('94', '2012年12月国际氧化钼价格走势图', 'lizhili', '16', '　钼精矿市场：今日40-45%钼精矿主流报价1540-1570元/吨度附近，47%及以上品位1560-1580元/吨度，价格暂时持稳，行情仍有继续向上运行迹象。行情短期利好，之前部分商家场外观望，近期开始逐步参与市场。栾川某商家表示，前期矿商停产较多，贸易商多以低库存场外等待行情好转。虽然近期钼精矿价格开始有所好转，但是上调的步伐依然较慢。与成本相比，盈利空间较小。期待后期继续上行。\n                    \n                    　　钼铁市场：钼铁价格暂时保持平稳，市场主流报价10.7-11万元/吨（现款-承兑）。当前，在行情利好带动下，有商家报价呈现虚高状况，整体现款报价期间10.6-10.8万元/吨为主，承兑10.9-11.1万元/吨左右。市场需求尚无完全释放，高价成交偏少。月底部分钢厂招标会逐步启动，钼铁厂家有继续挺价迹象。从近期的钢厂招标来看，钢厂60钼铁的承兑招标价格10.4-10.6万元/吨较为常见，后期有提升空间。\n                    \n                    　　12月21日LME钼期货报价整体保持平稳，3月期钼报价25250/25750美元/吨；15月期钼报价25720/26720美元/吨，LME期钼持仓132手。今日简讯：明年贷款需求将相对旺盛，城镇化为信贷投放重点；中金：新型城镇化难以支持新一轮地产投资；意大利总理蒙蒂递交辞呈，大选或于明年2月举行。\n                    \n                    　　周初外盘钼市部分产品价格仍有上调迹象，欧洲钼铁、氧化钼等都有一定涨幅；美国市场稍显平稳，价格暂稳波动。其次，欧亚将钼氧化物进口关税从5%降至零，这有利增加外部市场对该产品的需求，降低钼铁合金的生产成本，提高外部市场行业竞争力。国内行情运行平稳，主要钼产品价格继续保持在相对高位。同时，市场部分商家报价仍有抬高迹象，加之年底逼近，后期钢厂招标或有新的改观。', '1', '钼,行情,美元', '1', 'lizhili', '2013-01-31 00:00:00', '2013-01-31 00:00:00', '1');
INSERT INTO mu_article VALUES ('95', '2012年1-12月国内钼铁价格走势图', 'lizhili', '16', '　钼精矿市场：今日40-45%钼精矿主流报价1540-1570元/吨度附近，47%及以上品位1560-1580元/吨度，价格暂时持稳，行情仍有继续向上运行迹象。行情短期利好，之前部分商家场外观望，近期开始逐步参与市场。栾川某商家表示，前期矿商停产较多，贸易商多以低库存场外等待行情好转。虽然近期钼精矿价格开始有所好转，但是上调的步伐依然较慢。与成本相比，盈利空间较小。期待后期继续上行。\n                    \n                    　　钼铁市场：钼铁价格暂时保持平稳，市场主流报价10.7-11万元/吨（现款-承兑）。当前，在行情利好带动下，有商家报价呈现虚高状况，整体现款报价期间10.6-10.8万元/吨为主，承兑10.9-11.1万元/吨左右。市场需求尚无完全释放，高价成交偏少。月底部分钢厂招标会逐步启动，钼铁厂家有继续挺价迹象。从近期的钢厂招标来看，钢厂60钼铁的承兑招标价格10.4-10.6万元/吨较为常见，后期有提升空间。\n                    \n                    　　12月21日LME钼期货报价整体保持平稳，3月期钼报价25250/25750美元/吨；15月期钼报价25720/26720美元/吨，LME期钼持仓132手。今日简讯：明年贷款需求将相对旺盛，城镇化为信贷投放重点；中金：新型城镇化难以支持新一轮地产投资；意大利总理蒙蒂递交辞呈，大选或于明年2月举行。\n                    \n                    　　周初外盘钼市部分产品价格仍有上调迹象，欧洲钼铁、氧化钼等都有一定涨幅；美国市场稍显平稳，价格暂稳波动。其次，欧亚将钼氧化物进口关税从5%降至零，这有利增加外部市场对该产品的需求，降低钼铁合金的生产成本，提高外部市场行业竞争力。国内行情运行平稳，主要钼产品价格继续保持在相对高位。同时，市场部分商家报价仍有抬高迹象，加之年底逼近，后期钢厂招标或有新的改观。', '1', '钼,行情,美元', '1', 'lizhili', '2013-01-31 00:00:00', '2013-01-31 00:00:00', '0');
INSERT INTO mu_article VALUES ('96', '2012年1-12月份我国钼铁进口对比图', 'lizhili', '16', '　钼精矿市场：今日40-45%钼精矿主流报价1540-1570元/吨度附近，47%及以上品位1560-1580元/吨度，价格暂时持稳，行情仍有继续向上运行迹象。行情短期利好，之前部分商家场外观望，近期开始逐步参与市场。栾川某商家表示，前期矿商停产较多，贸易商多以低库存场外等待行情好转。虽然近期钼精矿价格开始有所好转，但是上调的步伐依然较慢。与成本相比，盈利空间较小。期待后期继续上行。\n                    \n                    　　钼铁市场：钼铁价格暂时保持平稳，市场主流报价10.7-11万元/吨（现款-承兑）。当前，在行情利好带动下，有商家报价呈现虚高状况，整体现款报价期间10.6-10.8万元/吨为主，承兑10.9-11.1万元/吨左右。市场需求尚无完全释放，高价成交偏少。月底部分钢厂招标会逐步启动，钼铁厂家有继续挺价迹象。从近期的钢厂招标来看，钢厂60钼铁的承兑招标价格10.4-10.6万元/吨较为常见，后期有提升空间。\n                    \n                    　　12月21日LME钼期货报价整体保持平稳，3月期钼报价25250/25750美元/吨；15月期钼报价25720/26720美元/吨，LME期钼持仓132手。今日简讯：明年贷款需求将相对旺盛，城镇化为信贷投放重点；中金：新型城镇化难以支持新一轮地产投资；意大利总理蒙蒂递交辞呈，大选或于明年2月举行。\n                    \n                    　　周初外盘钼市部分产品价格仍有上调迹象，欧洲钼铁、氧化钼等都有一定涨幅；美国市场稍显平稳，价格暂稳波动。其次，欧亚将钼氧化物进口关税从5%降至零，这有利增加外部市场对该产品的需求，降低钼铁合金的生产成本，提高外部市场行业竞争力。国内行情运行平稳，主要钼产品价格继续保持在相对高位。同时，市场部分商家报价仍有抬高迹象，加之年底逼近，后期钢厂招标或有新的改观。', '1', '钼,行情,美元', '1', 'lizhili', '2013-01-31 00:00:00', '2013-01-31 00:00:00', '1');
INSERT INTO mu_article VALUES ('97', '2011年4月份钼系产品月报告', 'lizhili', '16', '　钼精矿市场：今日40-45%钼精矿主流报价1540-1570元/吨度附近，47%及以上品位1560-1580元/吨度，价格暂时持稳，行情仍有继续向上运行迹象。行情短期利好，之前部分商家场外观望，近期开始逐步参与市场。栾川某商家表示，前期矿商停产较多，贸易商多以低库存场外等待行情好转。虽然近期钼精矿价格开始有所好转，但是上调的步伐依然较慢。与成本相比，盈利空间较小。期待后期继续上行。\n                    \n                    　　钼铁市场：钼铁价格暂时保持平稳，市场主流报价10.7-11万元/吨（现款-承兑）。当前，在行情利好带动下，有商家报价呈现虚高状况，整体现款报价期间10.6-10.8万元/吨为主，承兑10.9-11.1万元/吨左右。市场需求尚无完全释放，高价成交偏少。月底部分钢厂招标会逐步启动，钼铁厂家有继续挺价迹象。从近期的钢厂招标来看，钢厂60钼铁的承兑招标价格10.4-10.6万元/吨较为常见，后期有提升空间。\n                    \n                    　　12月21日LME钼期货报价整体保持平稳，3月期钼报价25250/25750美元/吨；15月期钼报价25720/26720美元/吨，LME期钼持仓132手。今日简讯：明年贷款需求将相对旺盛，城镇化为信贷投放重点；中金：新型城镇化难以支持新一轮地产投资；意大利总理蒙蒂递交辞呈，大选或于明年2月举行。\n                    \n                    　　周初外盘钼市部分产品价格仍有上调迹象，欧洲钼铁、氧化钼等都有一定涨幅；美国市场稍显平稳，价格暂稳波动。其次，欧亚将钼氧化物进口关税从5%降至零，这有利增加外部市场对该产品的需求，降低钼铁合金的生产成本，提高外部市场行业竞争力。国内行情运行平稳，主要钼产品价格继续保持在相对高位。同时，市场部分商家报价仍有抬高迹象，加之年底逼近，后期钢厂招标或有新的改观。', '1', '钼,行情,美元', '1', 'lizhili', '2013-01-31 00:00:00', '2013-01-31 00:00:00', '0');
INSERT INTO mu_article VALUES ('98', '2012年1-12月份我国钼铁出口对比图', 'lizhili', '16', '　钼精矿市场：今日40-45%钼精矿主流报价1540-1570元/吨度附近，47%及以上品位1560-1580元/吨度，价格暂时持稳，行情仍有继续向上运行迹象。行情短期利好，之前部分商家场外观望，近期开始逐步参与市场。栾川某商家表示，前期矿商停产较多，贸易商多以低库存场外等待行情好转。虽然近期钼精矿价格开始有所好转，但是上调的步伐依然较慢。与成本相比，盈利空间较小。期待后期继续上行。\n                    \n                    　　钼铁市场：钼铁价格暂时保持平稳，市场主流报价10.7-11万元/吨（现款-承兑）。当前，在行情利好带动下，有商家报价呈现虚高状况，整体现款报价期间10.6-10.8万元/吨为主，承兑10.9-11.1万元/吨左右。市场需求尚无完全释放，高价成交偏少。月底部分钢厂招标会逐步启动，钼铁厂家有继续挺价迹象。从近期的钢厂招标来看，钢厂60钼铁的承兑招标价格10.4-10.6万元/吨较为常见，后期有提升空间。\n                    \n                    　　12月21日LME钼期货报价整体保持平稳，3月期钼报价25250/25750美元/吨；15月期钼报价25720/26720美元/吨，LME期钼持仓132手。今日简讯：明年贷款需求将相对旺盛，城镇化为信贷投放重点；中金：新型城镇化难以支持新一轮地产投资；意大利总理蒙蒂递交辞呈，大选或于明年2月举行。\n                    \n                    　　周初外盘钼市部分产品价格仍有上调迹象，欧洲钼铁、氧化钼等都有一定涨幅；美国市场稍显平稳，价格暂稳波动。其次，欧亚将钼氧化物进口关税从5%降至零，这有利增加外部市场对该产品的需求，降低钼铁合金的生产成本，提高外部市场行业竞争力。国内行情运行平稳，主要钼产品价格继续保持在相对高位。同时，市场部分商家报价仍有抬高迹象，加之年底逼近，后期钢厂招标或有新的改观。', '1', '钼,行情,美元', '1', 'lizhili', '2013-01-31 00:00:00', '2013-01-31 00:00:00', '1');
INSERT INTO mu_article VALUES ('99', '2012年1-12月份我国钼铁出口对比图', 'lizhili', '16', '　钼精矿市场：今日40-45%钼精矿主流报价1540-1570元/吨度附近，47%及以上品位1560-1580元/吨度，价格暂时持稳，行情仍有继续向上运行迹象。行情短期利好，之前部分商家场外观望，近期开始逐步参与市场。栾川某商家表示，前期矿商停产较多，贸易商多以低库存场外等待行情好转。虽然近期钼精矿价格开始有所好转，但是上调的步伐依然较慢。与成本相比，盈利空间较小。期待后期继续上行。\n                    \n                    　　钼铁市场：钼铁价格暂时保持平稳，市场主流报价10.7-11万元/吨（现款-承兑）。当前，在行情利好带动下，有商家报价呈现虚高状况，整体现款报价期间10.6-10.8万元/吨为主，承兑10.9-11.1万元/吨左右。市场需求尚无完全释放，高价成交偏少。月底部分钢厂招标会逐步启动，钼铁厂家有继续挺价迹象。从近期的钢厂招标来看，钢厂60钼铁的承兑招标价格10.4-10.6万元/吨较为常见，后期有提升空间。\n                    \n                    　　12月21日LME钼期货报价整体保持平稳，3月期钼报价25250/25750美元/吨；15月期钼报价25720/26720美元/吨，LME期钼持仓132手。今日简讯：明年贷款需求将相对旺盛，城镇化为信贷投放重点；中金：新型城镇化难以支持新一轮地产投资；意大利总理蒙蒂递交辞呈，大选或于明年2月举行。\n                    \n                    　　周初外盘钼市部分产品价格仍有上调迹象，欧洲钼铁、氧化钼等都有一定涨幅；美国市场稍显平稳，价格暂稳波动。其次，欧亚将钼氧化物进口关税从5%降至零，这有利增加外部市场对该产品的需求，降低钼铁合金的生产成本，提高外部市场行业竞争力。国内行情运行平稳，主要钼产品价格继续保持在相对高位。同时，市场部分商家报价仍有抬高迹象，加之年底逼近，后期钢厂招标或有新的改观。', '1', '钼,行情,美元', '1', 'lizhili', '2013-01-31 00:00:00', '2013-01-31 00:00:00', '0');
INSERT INTO mu_article VALUES ('100', '2012年1-12月份我国钼铁进口对比图', 'lizhili', '16', '　钼精矿市场：今日40-45%钼精矿主流报价1540-1570元/吨度附近，47%及以上品位1560-1580元/吨度，价格暂时持稳，行情仍有继续向上运行迹象。行情短期利好，之前部分商家场外观望，近期开始逐步参与市场。栾川某商家表示，前期矿商停产较多，贸易商多以低库存场外等待行情好转。虽然近期钼精矿价格开始有所好转，但是上调的步伐依然较慢。与成本相比，盈利空间较小。期待后期继续上行。\n                    \n                    　　钼铁市场：钼铁价格暂时保持平稳，市场主流报价10.7-11万元/吨（现款-承兑）。当前，在行情利好带动下，有商家报价呈现虚高状况，整体现款报价期间10.6-10.8万元/吨为主，承兑10.9-11.1万元/吨左右。市场需求尚无完全释放，高价成交偏少。月底部分钢厂招标会逐步启动，钼铁厂家有继续挺价迹象。从近期的钢厂招标来看，钢厂60钼铁的承兑招标价格10.4-10.6万元/吨较为常见，后期有提升空间。\n                    \n                    　　12月21日LME钼期货报价整体保持平稳，3月期钼报价25250/25750美元/吨；15月期钼报价25720/26720美元/吨，LME期钼持仓132手。今日简讯：明年贷款需求将相对旺盛，城镇化为信贷投放重点；中金：新型城镇化难以支持新一轮地产投资；意大利总理蒙蒂递交辞呈，大选或于明年2月举行。\n                    \n                    　　周初外盘钼市部分产品价格仍有上调迹象，欧洲钼铁、氧化钼等都有一定涨幅；美国市场稍显平稳，价格暂稳波动。其次，欧亚将钼氧化物进口关税从5%降至零，这有利增加外部市场对该产品的需求，降低钼铁合金的生产成本，提高外部市场行业竞争力。国内行情运行平稳，主要钼产品价格继续保持在相对高位。同时，市场部分商家报价仍有抬高迹象，加之年底逼近，后期钢厂招标或有新的改观。', '1', '钼,行情,美元', '1', 'lizhili', '2013-01-31 00:00:00', '2013-01-31 00:00:00', '0');

-- ----------------------------
-- Table structure for `mu_city`
-- ----------------------------
DROP TABLE IF EXISTS `mu_city`;
CREATE TABLE `mu_city` (
  `city_id` int(11) NOT NULL AUTO_INCREMENT,
  `city_name` varchar(128) NOT NULL,
  `city_parent` int(11) NOT NULL,
  `city_level` tinyint(4) DEFAULT NULL,
  `city_order` tinyint(4) DEFAULT NULL,
  `city_open` varchar(45) DEFAULT NULL,
  PRIMARY KEY (`city_id`)
) ENGINE=MyISAM AUTO_INCREMENT=5 DEFAULT CHARSET=utf8 COMMENT='省市联动表';

-- ----------------------------
-- Records of mu_city
-- ----------------------------
INSERT INTO mu_city VALUES ('1', '西南', '0', '1', '1', null);
INSERT INTO mu_city VALUES ('2', '重庆', '1', '2', '1', null);
INSERT INTO mu_city VALUES ('3', '大足', '2', '3', '1', null);
INSERT INTO mu_city VALUES ('4', '渝中区', '2', '3', '2', null);

-- ----------------------------
-- Table structure for `mu_favorite`
-- ----------------------------
DROP TABLE IF EXISTS `mu_favorite`;
CREATE TABLE `mu_favorite` (
  `favorite_id` bigint(20) NOT NULL AUTO_INCREMENT,
  `favorited_object_id` bigint(20) NOT NULL COMMENT '供求ID 现货ID',
  `favorited_object_type` tinyint(4) NOT NULL COMMENT '1 供求 2现货 ',
  `favorit_user_id` int(11) DEFAULT NULL COMMENT '收藏人',
  `favorite_time` datetime DEFAULT NULL COMMENT '''添加时间''',
  PRIMARY KEY (`favorite_id`)
) ENGINE=MyISAM DEFAULT CHARSET=utf8;

-- ----------------------------
-- Records of mu_favorite
-- ----------------------------

-- ----------------------------
-- Table structure for `mu_find_passwd`
-- ----------------------------
DROP TABLE IF EXISTS `mu_find_passwd`;
CREATE TABLE `mu_find_passwd` (
  `find_id` bigint(20) NOT NULL,
  `find_user_id` int(11) NOT NULL,
  `find_new_passwd` varchar(45) DEFAULT NULL,
  `find_status` tinyint(4) DEFAULT NULL,
  `find_mobile_no` varchar(45) DEFAULT NULL,
  `find_date` tinyint(4) DEFAULT NULL,
  PRIMARY KEY (`find_id`)
) ENGINE=MyISAM DEFAULT CHARSET=utf8 COMMENT='找回密码功能';

-- ----------------------------
-- Records of mu_find_passwd
-- ----------------------------

-- ----------------------------
-- Table structure for `mu_friend_link`
-- ----------------------------
DROP TABLE IF EXISTS `mu_friend_link`;
CREATE TABLE `mu_friend_link` (
  `flink_id` int(11) NOT NULL,
  `flink_name` varchar(128) NOT NULL,
  `flink_url` varchar(512) DEFAULT NULL,
  `flink_status` tinyint(4) DEFAULT NULL,
  `flink_create_date` datetime DEFAULT NULL,
  PRIMARY KEY (`flink_id`)
) ENGINE=MyISAM DEFAULT CHARSET=utf8 COMMENT='友情链接';

-- ----------------------------
-- Records of mu_friend_link
-- ----------------------------

-- ----------------------------
-- Table structure for `mu_func`
-- ----------------------------
DROP TABLE IF EXISTS `mu_func`;
CREATE TABLE `mu_func` (
  `func_id` int(11) NOT NULL,
  `func_name` varchar(128) NOT NULL,
  `func_action` varchar(1024) DEFAULT NULL,
  PRIMARY KEY (`func_id`)
) ENGINE=MyISAM DEFAULT CHARSET=utf8;

-- ----------------------------
-- Records of mu_func
-- ----------------------------

-- ----------------------------
-- Table structure for `mu_point_rule`
-- ----------------------------
DROP TABLE IF EXISTS `mu_point_rule`;
CREATE TABLE `mu_point_rule` (
  `rule_id` int(11) NOT NULL,
  `func_id` tinyint(4) NOT NULL,
  `action_point` tinyint(4) NOT NULL DEFAULT '0',
  PRIMARY KEY (`rule_id`)
) ENGINE=MyISAM DEFAULT CHARSET=utf8;

-- ----------------------------
-- Records of mu_point_rule
-- ----------------------------

-- ----------------------------
-- Table structure for `mu_product`
-- ----------------------------
DROP TABLE IF EXISTS `mu_product`;
CREATE TABLE `mu_product` (
  `product_id` bigint(20) NOT NULL,
  `product_user_id` int(11) NOT NULL COMMENT '用户ID',
  `product_keyword` varchar(128) DEFAULT NULL COMMENT '用户ID',
  `product_name` varchar(45) NOT NULL,
  `product_quanity` int(11) DEFAULT NULL COMMENT '数量',
  `product_unit` varchar(11) DEFAULT NULL COMMENT '数量单位:吨,公斤等',
  `product_type_id` tinyint(4) DEFAULT NULL COMMENT '产品分类',
  `product_price` decimal(10,0) DEFAULT NULL COMMENT '0表示电议',
  `product_status` tinyint(4) DEFAULT NULL COMMENT '在售',
  `product_city_id` tinyint(4) DEFAULT NULL COMMENT '在售',
  `product_location` varchar(100) DEFAULT NULL COMMENT '''存货地''',
  `product_special` tinyint(1) DEFAULT NULL COMMENT '是否特价',
  `product_join_date` datetime DEFAULT NULL,
  `product_image_src` varchar(128) DEFAULT NULL,
  PRIMARY KEY (`product_id`),
  KEY `product_user_id` (`product_user_id`)
) ENGINE=MyISAM DEFAULT CHARSET=utf8 COMMENT='现货';

-- ----------------------------
-- Records of mu_product
-- ----------------------------
INSERT INTO mu_product VALUES ('1', '1', null, '特价钼铁', '2000', '9', '1', '23435', '1', null, '1', '0', '2013-01-21 22:05:09', null);
INSERT INTO mu_product VALUES ('2', '1', '钼铁，钼矿', '钼精矿2', '525', '11', '10', '99', '1', '8', '深圳龙华大浪石光工业区', '1', '0000-00-00 00:00:00', 'http://www.zhuzao.com/UploadFile/Baikeuppic/1230873708.jpg');
INSERT INTO mu_product VALUES ('3', '1', '钼铁，钼矿', '钼精矿3', '868', '11', '4', '467', '1', '17', '深圳龙华大浪石光工业区', '1', '0000-00-00 00:00:00', 'http://www.zhuzao.com/UploadFile/Baikeuppic/1230873708.jpg');
INSERT INTO mu_product VALUES ('4', '1', '钼铁，钼矿', '钼精矿4', '453', '11', '4', '922', '1', '14', '深圳龙华大浪石光工业区', '1', '0000-00-00 00:00:00', 'http://www.zhuzao.com/UploadFile/Baikeuppic/1230873708.jpg');
INSERT INTO mu_product VALUES ('5', '1', '钼铁，钼矿', '钼精矿5', '419', '11', '5', '459', '1', '4', '深圳龙华大浪石光工业区', '1', '0000-00-00 00:00:00', 'http://www.zhuzao.com/UploadFile/Baikeuppic/1230873708.jpg');
INSERT INTO mu_product VALUES ('6', '1', '钼铁，钼矿', '钼精矿6', '868', '11', '6', '263', '1', '8', '深圳龙华大浪石光工业区', '1', '0000-00-00 00:00:00', 'http://www.zhuzao.com/UploadFile/Baikeuppic/1230873708.jpg');
INSERT INTO mu_product VALUES ('7', '1', '钼铁，钼矿', '钼精矿7', '845', '11', '4', '279', '1', '19', '深圳龙华大浪石光工业区', '1', '0000-00-00 00:00:00', 'http://www.zhuzao.com/UploadFile/Baikeuppic/1230873708.jpg');
INSERT INTO mu_product VALUES ('8', '1', '钼铁，钼矿', '钼精矿8', '654', '11', '4', '85', '1', '6', '深圳龙华大浪石光工业区', '1', '0000-00-00 00:00:00', 'http://www.zhuzao.com/UploadFile/Baikeuppic/1230873708.jpg');
INSERT INTO mu_product VALUES ('9', '1', '钼铁，钼矿', '钼精矿9', '765', '11', '1', '730', '1', '7', '深圳龙华大浪石光工业区', '1', '0000-00-00 00:00:00', 'http://www.zhuzao.com/UploadFile/Baikeuppic/1230873708.jpg');
INSERT INTO mu_product VALUES ('10', '1', '钼铁，钼矿', '钼精矿10', '132', '11', '8', '711', '1', '15', '深圳龙华大浪石光工业区', '1', '0000-00-00 00:00:00', 'http://www.zhuzao.com/UploadFile/Baikeuppic/1230873708.jpg');
INSERT INTO mu_product VALUES ('11', '1', '钼铁，钼矿', '钼精矿11', '793', '11', '6', '600', '1', '2', '深圳龙华大浪石光工业区', '1', '0000-00-00 00:00:00', 'http://www.zhuzao.com/UploadFile/Baikeuppic/1230873708.jpg');
INSERT INTO mu_product VALUES ('12', '1', '钼铁，钼矿', '钼精矿12', '833', '11', '3', '571', '1', '6', '深圳龙华大浪石光工业区', '1', '0000-00-00 00:00:00', 'http://www.zhuzao.com/UploadFile/Baikeuppic/1230873708.jpg');
INSERT INTO mu_product VALUES ('13', '1', '钼铁，钼矿', '钼精矿13', '616', '11', '8', '380', '1', '4', '深圳龙华大浪石光工业区', '1', '0000-00-00 00:00:00', 'http://www.zhuzao.com/UploadFile/Baikeuppic/1230873708.jpg');
INSERT INTO mu_product VALUES ('14', '1', '钼铁，钼矿', '钼精矿14', '767', '11', '1', '917', '1', '9', '深圳龙华大浪石光工业区', '1', '0000-00-00 00:00:00', 'http://www.zhuzao.com/UploadFile/Baikeuppic/1230873708.jpg');
INSERT INTO mu_product VALUES ('15', '1', '钼铁，钼矿', '钼精矿15', '570', '11', '1', '36', '1', '17', '深圳龙华大浪石光工业区', '1', '0000-00-00 00:00:00', 'http://www.zhuzao.com/UploadFile/Baikeuppic/1230873708.jpg');
INSERT INTO mu_product VALUES ('16', '1', '钼铁，钼矿', '钼精矿16', '510', '11', '5', '614', '1', '11', '深圳龙华大浪石光工业区', '1', '0000-00-00 00:00:00', 'http://www.zhuzao.com/UploadFile/Baikeuppic/1230873708.jpg');
INSERT INTO mu_product VALUES ('17', '1', '钼铁，钼矿', '钼精矿17', '509', '11', '4', '740', '1', '3', '深圳龙华大浪石光工业区', '1', '0000-00-00 00:00:00', 'http://www.zhuzao.com/UploadFile/Baikeuppic/1230873708.jpg');
INSERT INTO mu_product VALUES ('18', '1', '钼铁，钼矿', '钼精矿18', '268', '11', '8', '850', '1', '4', '深圳龙华大浪石光工业区', '1', '0000-00-00 00:00:00', 'http://www.zhuzao.com/UploadFile/Baikeuppic/1230873708.jpg');
INSERT INTO mu_product VALUES ('19', '1', '钼铁，钼矿', '钼精矿19', '486', '11', '7', '662', '1', '12', '深圳龙华大浪石光工业区', '1', '0000-00-00 00:00:00', 'http://www.zhuzao.com/UploadFile/Baikeuppic/1230873708.jpg');
INSERT INTO mu_product VALUES ('20', '1', '钼铁，钼矿', '钼精矿20', '558', '11', '8', '925', '1', '7', '深圳龙华大浪石光工业区', '1', '0000-00-00 00:00:00', 'http://www.zhuzao.com/UploadFile/Baikeuppic/1230873708.jpg');
INSERT INTO mu_product VALUES ('21', '1', '钼铁，钼矿', '钼精矿21', '526', '11', '6', '665', '1', '4', '深圳龙华大浪石光工业区', '1', '0000-00-00 00:00:00', 'http://www.zhuzao.com/UploadFile/Baikeuppic/1230873708.jpg');
INSERT INTO mu_product VALUES ('22', '1', '钼铁，钼矿', '钼精矿22', '181', '11', '2', '975', '1', '19', '深圳龙华大浪石光工业区', '1', '0000-00-00 00:00:00', 'http://www.zhuzao.com/UploadFile/Baikeuppic/1230873708.jpg');
INSERT INTO mu_product VALUES ('23', '1', '钼铁，钼矿', '钼精矿23', '400', '11', '6', '95', '1', '19', '深圳龙华大浪石光工业区', '1', '0000-00-00 00:00:00', 'http://www.zhuzao.com/UploadFile/Baikeuppic/1230873708.jpg');
INSERT INTO mu_product VALUES ('24', '1', '钼铁，钼矿', '钼精矿24', '499', '11', '6', '731', '1', '12', '深圳龙华大浪石光工业区', '1', '0000-00-00 00:00:00', 'http://www.zhuzao.com/UploadFile/Baikeuppic/1230873708.jpg');
INSERT INTO mu_product VALUES ('25', '1', '钼铁，钼矿', '钼精矿25', '302', '11', '3', '495', '1', '16', '深圳龙华大浪石光工业区', '1', '0000-00-00 00:00:00', 'http://www.zhuzao.com/UploadFile/Baikeuppic/1230873708.jpg');
INSERT INTO mu_product VALUES ('26', '1', '钼铁，钼矿', '钼精矿26', '705', '11', '7', '269', '1', '8', '深圳龙华大浪石光工业区', '1', '0000-00-00 00:00:00', 'http://www.zhuzao.com/UploadFile/Baikeuppic/1230873708.jpg');
INSERT INTO mu_product VALUES ('27', '1', '钼铁，钼矿', '钼精矿27', '622', '11', '5', '408', '1', '4', '深圳龙华大浪石光工业区', '1', '0000-00-00 00:00:00', 'http://www.zhuzao.com/UploadFile/Baikeuppic/1230873708.jpg');
INSERT INTO mu_product VALUES ('28', '1', '钼铁，钼矿', '钼精矿28', '304', '11', '7', '745', '1', '13', '深圳龙华大浪石光工业区', '1', '0000-00-00 00:00:00', 'http://www.zhuzao.com/UploadFile/Baikeuppic/1230873708.jpg');
INSERT INTO mu_product VALUES ('29', '1', '钼铁，钼矿', '钼精矿29', '822', '11', '9', '76', '1', '19', '深圳龙华大浪石光工业区', '1', '0000-00-00 00:00:00', 'http://www.zhuzao.com/UploadFile/Baikeuppic/1230873708.jpg');
INSERT INTO mu_product VALUES ('30', '1', '钼铁，钼矿', '钼精矿30', '686', '11', '6', '189', '1', '12', '深圳龙华大浪石光工业区', '1', '0000-00-00 00:00:00', 'http://www.zhuzao.com/UploadFile/Baikeuppic/1230873708.jpg');
INSERT INTO mu_product VALUES ('31', '1', '钼铁，钼矿', '钼精矿31', '110', '11', '7', '208', '1', '20', '深圳龙华大浪石光工业区', '1', '0000-00-00 00:00:00', 'http://www.zhuzao.com/UploadFile/Baikeuppic/1230873708.jpg');
INSERT INTO mu_product VALUES ('32', '1', '钼铁，钼矿', '钼精矿32', '397', '11', '5', '191', '1', '6', '深圳龙华大浪石光工业区', '1', '0000-00-00 00:00:00', 'http://www.zhuzao.com/UploadFile/Baikeuppic/1230873708.jpg');
INSERT INTO mu_product VALUES ('33', '1', '钼铁，钼矿', '钼精矿33', '820', '11', '4', '738', '1', '3', '深圳龙华大浪石光工业区', '1', '0000-00-00 00:00:00', 'http://www.zhuzao.com/UploadFile/Baikeuppic/1230873708.jpg');
INSERT INTO mu_product VALUES ('34', '1', '钼铁，钼矿', '钼精矿34', '320', '11', '3', '702', '1', '4', '深圳龙华大浪石光工业区', '1', '0000-00-00 00:00:00', 'http://www.zhuzao.com/UploadFile/Baikeuppic/1230873708.jpg');
INSERT INTO mu_product VALUES ('35', '1', '钼铁，钼矿', '钼精矿35', '976', '11', '8', '579', '1', '13', '深圳龙华大浪石光工业区', '1', '0000-00-00 00:00:00', 'http://www.zhuzao.com/UploadFile/Baikeuppic/1230873708.jpg');
INSERT INTO mu_product VALUES ('36', '1', '钼铁，钼矿', '钼精矿36', '748', '11', '7', '774', '1', '18', '深圳龙华大浪石光工业区', '1', '0000-00-00 00:00:00', 'http://www.zhuzao.com/UploadFile/Baikeuppic/1230873708.jpg');
INSERT INTO mu_product VALUES ('37', '1', '钼铁，钼矿', '钼精矿37', '379', '11', '3', '345', '1', '5', '深圳龙华大浪石光工业区', '1', '0000-00-00 00:00:00', 'http://www.zhuzao.com/UploadFile/Baikeuppic/1230873708.jpg');
INSERT INTO mu_product VALUES ('38', '1', '钼铁，钼矿', '钼精矿38', '255', '11', '1', '293', '1', '5', '深圳龙华大浪石光工业区', '1', '0000-00-00 00:00:00', 'http://www.zhuzao.com/UploadFile/Baikeuppic/1230873708.jpg');
INSERT INTO mu_product VALUES ('39', '1', '钼铁，钼矿', '钼精矿39', '376', '11', '1', '127', '1', '15', '深圳龙华大浪石光工业区', '1', '0000-00-00 00:00:00', 'http://www.zhuzao.com/UploadFile/Baikeuppic/1230873708.jpg');
INSERT INTO mu_product VALUES ('40', '1', '钼铁，钼矿', '钼精矿40', '879', '11', '8', '727', '1', '8', '深圳龙华大浪石光工业区', '1', '0000-00-00 00:00:00', 'http://www.zhuzao.com/UploadFile/Baikeuppic/1230873708.jpg');
INSERT INTO mu_product VALUES ('41', '1', '钼铁，钼矿', '钼精矿41', '936', '11', '6', '230', '1', '16', '深圳龙华大浪石光工业区', '1', '0000-00-00 00:00:00', 'http://www.zhuzao.com/UploadFile/Baikeuppic/1230873708.jpg');
INSERT INTO mu_product VALUES ('42', '1', '钼铁，钼矿', '钼精矿42', '687', '11', '3', '911', '1', '6', '深圳龙华大浪石光工业区', '1', '0000-00-00 00:00:00', 'http://www.zhuzao.com/UploadFile/Baikeuppic/1230873708.jpg');
INSERT INTO mu_product VALUES ('43', '1', '钼铁，钼矿', '钼精矿43', '422', '11', '3', '928', '1', '13', '深圳龙华大浪石光工业区', '1', '0000-00-00 00:00:00', 'http://www.zhuzao.com/UploadFile/Baikeuppic/1230873708.jpg');
INSERT INTO mu_product VALUES ('44', '1', '钼铁，钼矿', '钼精矿44', '762', '11', '6', '764', '1', '19', '深圳龙华大浪石光工业区', '1', '0000-00-00 00:00:00', 'http://www.zhuzao.com/UploadFile/Baikeuppic/1230873708.jpg');
INSERT INTO mu_product VALUES ('45', '1', '钼铁，钼矿', '钼精矿45', '774', '11', '7', '236', '1', '16', '深圳龙华大浪石光工业区', '1', '0000-00-00 00:00:00', 'http://www.zhuzao.com/UploadFile/Baikeuppic/1230873708.jpg');
INSERT INTO mu_product VALUES ('46', '1', '钼铁，钼矿', '钼精矿46', '464', '11', '4', '49', '1', '10', '深圳龙华大浪石光工业区', '1', '0000-00-00 00:00:00', 'http://www.zhuzao.com/UploadFile/Baikeuppic/1230873708.jpg');
INSERT INTO mu_product VALUES ('47', '1', '钼铁，钼矿', '钼精矿47', '974', '11', '6', '596', '1', '19', '深圳龙华大浪石光工业区', '1', '0000-00-00 00:00:00', 'http://www.zhuzao.com/UploadFile/Baikeuppic/1230873708.jpg');
INSERT INTO mu_product VALUES ('48', '1', '钼铁，钼矿', '钼精矿48', '819', '11', '4', '109', '1', '11', '深圳龙华大浪石光工业区', '1', '0000-00-00 00:00:00', 'http://www.zhuzao.com/UploadFile/Baikeuppic/1230873708.jpg');
INSERT INTO mu_product VALUES ('49', '1', '钼铁，钼矿', '钼精矿49', '427', '11', '5', '704', '1', '14', '深圳龙华大浪石光工业区', '1', '0000-00-00 00:00:00', 'http://www.zhuzao.com/UploadFile/Baikeuppic/1230873708.jpg');
INSERT INTO mu_product VALUES ('50', '1', '钼铁，钼矿', '钼精矿50', '682', '11', '5', '648', '1', '9', '深圳龙华大浪石光工业区', '1', '0000-00-00 00:00:00', 'http://www.zhuzao.com/UploadFile/Baikeuppic/1230873708.jpg');
INSERT INTO mu_product VALUES ('51', '1', '钼铁，钼矿', '钼精矿51', '538', '11', '8', '216', '1', '20', '深圳龙华大浪石光工业区', '1', '0000-00-00 00:00:00', 'http://www.zhuzao.com/UploadFile/Baikeuppic/1230873708.jpg');
INSERT INTO mu_product VALUES ('52', '1', '钼铁，钼矿', '钼精矿52', '121', '11', '1', '467', '1', '10', '深圳龙华大浪石光工业区', '1', '0000-00-00 00:00:00', 'http://www.zhuzao.com/UploadFile/Baikeuppic/1230873708.jpg');
INSERT INTO mu_product VALUES ('53', '1', '钼铁，钼矿', '钼精矿53', '880', '11', '6', '490', '1', '8', '深圳龙华大浪石光工业区', '1', '0000-00-00 00:00:00', 'http://www.zhuzao.com/UploadFile/Baikeuppic/1230873708.jpg');
INSERT INTO mu_product VALUES ('54', '1', '钼铁，钼矿', '钼精矿54', '187', '11', '2', '199', '1', '4', '深圳龙华大浪石光工业区', '1', '0000-00-00 00:00:00', 'http://www.zhuzao.com/UploadFile/Baikeuppic/1230873708.jpg');
INSERT INTO mu_product VALUES ('55', '1', '钼铁，钼矿', '钼精矿55', '775', '11', '10', '376', '1', '9', '深圳龙华大浪石光工业区', '1', '0000-00-00 00:00:00', 'http://www.zhuzao.com/UploadFile/Baikeuppic/1230873708.jpg');
INSERT INTO mu_product VALUES ('56', '1', '钼铁，钼矿', '钼精矿56', '892', '11', '10', '72', '1', '12', '深圳龙华大浪石光工业区', '1', '0000-00-00 00:00:00', 'http://www.zhuzao.com/UploadFile/Baikeuppic/1230873708.jpg');
INSERT INTO mu_product VALUES ('57', '1', '钼铁，钼矿', '钼精矿57', '867', '11', '10', '924', '1', '9', '深圳龙华大浪石光工业区', '1', '0000-00-00 00:00:00', 'http://www.zhuzao.com/UploadFile/Baikeuppic/1230873708.jpg');
INSERT INTO mu_product VALUES ('58', '1', '钼铁，钼矿', '钼精矿58', '979', '11', '6', '655', '1', '8', '深圳龙华大浪石光工业区', '1', '0000-00-00 00:00:00', 'http://www.zhuzao.com/UploadFile/Baikeuppic/1230873708.jpg');
INSERT INTO mu_product VALUES ('59', '1', '钼铁，钼矿', '钼精矿59', '195', '11', '9', '178', '1', '9', '深圳龙华大浪石光工业区', '1', '0000-00-00 00:00:00', 'http://www.zhuzao.com/UploadFile/Baikeuppic/1230873708.jpg');
INSERT INTO mu_product VALUES ('60', '1', '钼铁，钼矿', '钼精矿60', '402', '11', '9', '628', '1', '6', '深圳龙华大浪石光工业区', '1', '0000-00-00 00:00:00', 'http://www.zhuzao.com/UploadFile/Baikeuppic/1230873708.jpg');
INSERT INTO mu_product VALUES ('61', '1', '钼铁，钼矿', '钼精矿61', '473', '11', '10', '860', '1', '15', '深圳龙华大浪石光工业区', '1', '0000-00-00 00:00:00', 'http://www.zhuzao.com/UploadFile/Baikeuppic/1230873708.jpg');
INSERT INTO mu_product VALUES ('62', '1', '钼铁，钼矿', '钼精矿62', '101', '11', '3', '497', '1', '2', '深圳龙华大浪石光工业区', '1', '0000-00-00 00:00:00', 'http://www.zhuzao.com/UploadFile/Baikeuppic/1230873708.jpg');
INSERT INTO mu_product VALUES ('63', '1', '钼铁，钼矿', '钼精矿63', '458', '11', '9', '210', '1', '16', '深圳龙华大浪石光工业区', '1', '0000-00-00 00:00:00', 'http://www.zhuzao.com/UploadFile/Baikeuppic/1230873708.jpg');
INSERT INTO mu_product VALUES ('64', '1', '钼铁，钼矿', '钼精矿64', '874', '11', '3', '368', '1', '6', '深圳龙华大浪石光工业区', '1', '0000-00-00 00:00:00', 'http://www.zhuzao.com/UploadFile/Baikeuppic/1230873708.jpg');
INSERT INTO mu_product VALUES ('65', '1', '钼铁，钼矿', '钼精矿65', '231', '11', '7', '640', '1', '17', '深圳龙华大浪石光工业区', '1', '0000-00-00 00:00:00', 'http://www.zhuzao.com/UploadFile/Baikeuppic/1230873708.jpg');
INSERT INTO mu_product VALUES ('66', '1', '钼铁，钼矿', '钼精矿66', '453', '11', '4', '686', '1', '17', '深圳龙华大浪石光工业区', '1', '0000-00-00 00:00:00', 'http://www.zhuzao.com/UploadFile/Baikeuppic/1230873708.jpg');
INSERT INTO mu_product VALUES ('67', '1', '钼铁，钼矿', '钼精矿67', '972', '11', '6', '566', '1', '15', '深圳龙华大浪石光工业区', '1', '0000-00-00 00:00:00', 'http://www.zhuzao.com/UploadFile/Baikeuppic/1230873708.jpg');
INSERT INTO mu_product VALUES ('68', '1', '钼铁，钼矿', '钼精矿68', '479', '11', '9', '997', '1', '20', '深圳龙华大浪石光工业区', '1', '0000-00-00 00:00:00', 'http://www.zhuzao.com/UploadFile/Baikeuppic/1230873708.jpg');
INSERT INTO mu_product VALUES ('69', '1', '钼铁，钼矿', '钼精矿69', '227', '11', '5', '108', '1', '13', '深圳龙华大浪石光工业区', '1', '0000-00-00 00:00:00', 'http://www.zhuzao.com/UploadFile/Baikeuppic/1230873708.jpg');
INSERT INTO mu_product VALUES ('70', '1', '钼铁，钼矿', '钼精矿70', '880', '11', '5', '694', '1', '17', '深圳龙华大浪石光工业区', '1', '0000-00-00 00:00:00', 'http://www.zhuzao.com/UploadFile/Baikeuppic/1230873708.jpg');
INSERT INTO mu_product VALUES ('71', '1', '钼铁，钼矿', '钼精矿71', '696', '11', '2', '842', '1', '18', '深圳龙华大浪石光工业区', '1', '0000-00-00 00:00:00', 'http://www.zhuzao.com/UploadFile/Baikeuppic/1230873708.jpg');
INSERT INTO mu_product VALUES ('72', '1', '钼铁，钼矿', '钼精矿72', '540', '11', '1', '749', '1', '7', '深圳龙华大浪石光工业区', '1', '0000-00-00 00:00:00', 'http://www.zhuzao.com/UploadFile/Baikeuppic/1230873708.jpg');
INSERT INTO mu_product VALUES ('73', '1', '钼铁，钼矿', '钼精矿73', '995', '11', '5', '596', '1', '13', '深圳龙华大浪石光工业区', '1', '0000-00-00 00:00:00', 'http://www.zhuzao.com/UploadFile/Baikeuppic/1230873708.jpg');
INSERT INTO mu_product VALUES ('74', '1', '钼铁，钼矿', '钼精矿74', '680', '11', '6', '492', '1', '14', '深圳龙华大浪石光工业区', '1', '0000-00-00 00:00:00', 'http://www.zhuzao.com/UploadFile/Baikeuppic/1230873708.jpg');
INSERT INTO mu_product VALUES ('75', '1', '钼铁，钼矿', '钼精矿75', '840', '11', '4', '141', '1', '12', '深圳龙华大浪石光工业区', '1', '0000-00-00 00:00:00', 'http://www.zhuzao.com/UploadFile/Baikeuppic/1230873708.jpg');
INSERT INTO mu_product VALUES ('76', '1', '钼铁，钼矿', '钼精矿76', '127', '11', '7', '337', '1', '11', '深圳龙华大浪石光工业区', '1', '0000-00-00 00:00:00', 'http://www.zhuzao.com/UploadFile/Baikeuppic/1230873708.jpg');
INSERT INTO mu_product VALUES ('77', '1', '钼铁，钼矿', '钼精矿77', '819', '11', '9', '959', '1', '16', '深圳龙华大浪石光工业区', '1', '0000-00-00 00:00:00', 'http://www.zhuzao.com/UploadFile/Baikeuppic/1230873708.jpg');
INSERT INTO mu_product VALUES ('78', '1', '钼铁，钼矿', '钼精矿78', '498', '11', '5', '543', '1', '8', '深圳龙华大浪石光工业区', '1', '0000-00-00 00:00:00', 'http://www.zhuzao.com/UploadFile/Baikeuppic/1230873708.jpg');
INSERT INTO mu_product VALUES ('79', '1', '钼铁，钼矿', '钼精矿79', '364', '11', '5', '42', '1', '10', '深圳龙华大浪石光工业区', '1', '0000-00-00 00:00:00', 'http://www.zhuzao.com/UploadFile/Baikeuppic/1230873708.jpg');
INSERT INTO mu_product VALUES ('80', '1', '钼铁，钼矿', '钼精矿80', '564', '11', '1', '968', '1', '10', '深圳龙华大浪石光工业区', '1', '0000-00-00 00:00:00', 'http://www.zhuzao.com/UploadFile/Baikeuppic/1230873708.jpg');
INSERT INTO mu_product VALUES ('81', '1', '钼铁，钼矿', '钼精矿81', '232', '11', '10', '545', '1', '13', '深圳龙华大浪石光工业区', '1', '0000-00-00 00:00:00', 'http://www.zhuzao.com/UploadFile/Baikeuppic/1230873708.jpg');
INSERT INTO mu_product VALUES ('82', '1', '钼铁，钼矿', '钼精矿82', '533', '11', '10', '817', '1', '11', '深圳龙华大浪石光工业区', '1', '0000-00-00 00:00:00', 'http://www.zhuzao.com/UploadFile/Baikeuppic/1230873708.jpg');
INSERT INTO mu_product VALUES ('83', '1', '钼铁，钼矿', '钼精矿83', '477', '11', '2', '637', '1', '16', '深圳龙华大浪石光工业区', '1', '0000-00-00 00:00:00', 'http://www.zhuzao.com/UploadFile/Baikeuppic/1230873708.jpg');
INSERT INTO mu_product VALUES ('84', '1', '钼铁，钼矿', '钼精矿84', '922', '11', '2', '381', '1', '11', '深圳龙华大浪石光工业区', '1', '0000-00-00 00:00:00', 'http://www.zhuzao.com/UploadFile/Baikeuppic/1230873708.jpg');
INSERT INTO mu_product VALUES ('85', '1', '钼铁，钼矿', '钼精矿85', '221', '11', '10', '191', '1', '20', '深圳龙华大浪石光工业区', '1', '0000-00-00 00:00:00', 'http://www.zhuzao.com/UploadFile/Baikeuppic/1230873708.jpg');
INSERT INTO mu_product VALUES ('86', '1', '钼铁，钼矿', '钼精矿86', '531', '11', '10', '787', '1', '6', '深圳龙华大浪石光工业区', '1', '0000-00-00 00:00:00', 'http://www.zhuzao.com/UploadFile/Baikeuppic/1230873708.jpg');
INSERT INTO mu_product VALUES ('87', '1', '钼铁，钼矿', '钼精矿87', '138', '11', '7', '534', '1', '6', '深圳龙华大浪石光工业区', '1', '0000-00-00 00:00:00', 'http://www.zhuzao.com/UploadFile/Baikeuppic/1230873708.jpg');
INSERT INTO mu_product VALUES ('88', '1', '钼铁，钼矿', '钼精矿88', '722', '11', '2', '776', '1', '10', '深圳龙华大浪石光工业区', '1', '0000-00-00 00:00:00', 'http://www.zhuzao.com/UploadFile/Baikeuppic/1230873708.jpg');
INSERT INTO mu_product VALUES ('89', '1', '钼铁，钼矿', '钼精矿89', '419', '11', '10', '238', '1', '10', '深圳龙华大浪石光工业区', '1', '0000-00-00 00:00:00', 'http://www.zhuzao.com/UploadFile/Baikeuppic/1230873708.jpg');
INSERT INTO mu_product VALUES ('90', '1', '钼铁，钼矿', '钼精矿90', '690', '11', '4', '422', '1', '5', '深圳龙华大浪石光工业区', '1', '0000-00-00 00:00:00', 'http://www.zhuzao.com/UploadFile/Baikeuppic/1230873708.jpg');
INSERT INTO mu_product VALUES ('91', '1', '钼铁，钼矿', '钼精矿91', '557', '11', '7', '816', '1', '3', '深圳龙华大浪石光工业区', '1', '0000-00-00 00:00:00', 'http://www.zhuzao.com/UploadFile/Baikeuppic/1230873708.jpg');
INSERT INTO mu_product VALUES ('92', '1', '钼铁，钼矿', '钼精矿92', '838', '11', '10', '882', '1', '15', '深圳龙华大浪石光工业区', '1', '0000-00-00 00:00:00', 'http://www.zhuzao.com/UploadFile/Baikeuppic/1230873708.jpg');
INSERT INTO mu_product VALUES ('93', '1', '钼铁，钼矿', '钼精矿93', '912', '11', '5', '530', '1', '19', '深圳龙华大浪石光工业区', '1', '0000-00-00 00:00:00', 'http://www.zhuzao.com/UploadFile/Baikeuppic/1230873708.jpg');
INSERT INTO mu_product VALUES ('94', '1', '钼铁，钼矿', '钼精矿94', '755', '11', '8', '187', '1', '8', '深圳龙华大浪石光工业区', '1', '0000-00-00 00:00:00', 'http://www.zhuzao.com/UploadFile/Baikeuppic/1230873708.jpg');
INSERT INTO mu_product VALUES ('95', '1', '钼铁，钼矿', '钼精矿95', '693', '11', '5', '89', '1', '20', '深圳龙华大浪石光工业区', '1', '0000-00-00 00:00:00', 'http://www.zhuzao.com/UploadFile/Baikeuppic/1230873708.jpg');
INSERT INTO mu_product VALUES ('96', '1', '钼铁，钼矿', '钼精矿96', '789', '11', '10', '917', '1', '3', '深圳龙华大浪石光工业区', '1', '0000-00-00 00:00:00', 'http://www.zhuzao.com/UploadFile/Baikeuppic/1230873708.jpg');
INSERT INTO mu_product VALUES ('97', '1', '钼铁，钼矿', '钼精矿97', '431', '11', '3', '418', '1', '19', '深圳龙华大浪石光工业区', '1', '0000-00-00 00:00:00', 'http://www.zhuzao.com/UploadFile/Baikeuppic/1230873708.jpg');
INSERT INTO mu_product VALUES ('98', '1', '钼铁，钼矿', '钼精矿98', '923', '11', '4', '50', '1', '9', '深圳龙华大浪石光工业区', '1', '0000-00-00 00:00:00', 'http://www.zhuzao.com/UploadFile/Baikeuppic/1230873708.jpg');
INSERT INTO mu_product VALUES ('99', '1', '钼铁，钼矿', '钼精矿99', '855', '11', '7', '430', '1', '5', '深圳龙华大浪石光工业区', '1', '0000-00-00 00:00:00', 'http://www.zhuzao.com/UploadFile/Baikeuppic/1230873708.jpg');
INSERT INTO mu_product VALUES ('100', '1', '钼铁，钼矿', '钼精矿100', '549', '11', '9', '601', '1', '19', '深圳龙华大浪石光工业区', '1', '0000-00-00 00:00:00', 'http://www.zhuzao.com/UploadFile/Baikeuppic/1230873708.jpg');
INSERT INTO mu_product VALUES ('101', '1', '钼铁，钼矿', '钼精矿101', '863', '11', '1', '738', '1', '9', '深圳龙华大浪石光工业区', '1', '0000-00-00 00:00:00', 'http://www.zhuzao.com/UploadFile/Baikeuppic/1230873708.jpg');
INSERT INTO mu_product VALUES ('102', '1', '钼铁，钼矿', '钼精矿102', '943', '11', '7', '477', '1', '9', '深圳龙华大浪石光工业区', '1', '0000-00-00 00:00:00', 'http://www.zhuzao.com/UploadFile/Baikeuppic/1230873708.jpg');
INSERT INTO mu_product VALUES ('103', '1', '钼铁，钼矿', '钼精矿103', '903', '11', '6', '442', '1', '10', '深圳龙华大浪石光工业区', '1', '0000-00-00 00:00:00', 'http://www.zhuzao.com/UploadFile/Baikeuppic/1230873708.jpg');
INSERT INTO mu_product VALUES ('104', '1', '钼铁，钼矿', '钼精矿104', '539', '11', '2', '152', '1', '3', '深圳龙华大浪石光工业区', '1', '0000-00-00 00:00:00', 'http://www.zhuzao.com/UploadFile/Baikeuppic/1230873708.jpg');
INSERT INTO mu_product VALUES ('105', '1', '钼铁，钼矿', '钼精矿105', '942', '11', '7', '839', '1', '17', '深圳龙华大浪石光工业区', '1', '0000-00-00 00:00:00', 'http://www.zhuzao.com/UploadFile/Baikeuppic/1230873708.jpg');
INSERT INTO mu_product VALUES ('106', '1', '钼铁，钼矿', '钼精矿106', '108', '11', '9', '445', '1', '19', '深圳龙华大浪石光工业区', '1', '0000-00-00 00:00:00', 'http://www.zhuzao.com/UploadFile/Baikeuppic/1230873708.jpg');
INSERT INTO mu_product VALUES ('107', '1', '钼铁，钼矿', '钼精矿107', '245', '11', '9', '221', '1', '19', '深圳龙华大浪石光工业区', '1', '0000-00-00 00:00:00', 'http://www.zhuzao.com/UploadFile/Baikeuppic/1230873708.jpg');
INSERT INTO mu_product VALUES ('108', '1', '钼铁，钼矿', '钼精矿108', '732', '11', '7', '282', '1', '19', '深圳龙华大浪石光工业区', '1', '0000-00-00 00:00:00', 'http://www.zhuzao.com/UploadFile/Baikeuppic/1230873708.jpg');
INSERT INTO mu_product VALUES ('109', '1', '钼铁，钼矿', '钼精矿109', '751', '11', '6', '567', '1', '5', '深圳龙华大浪石光工业区', '1', '0000-00-00 00:00:00', 'http://www.zhuzao.com/UploadFile/Baikeuppic/1230873708.jpg');
INSERT INTO mu_product VALUES ('110', '1', '钼铁，钼矿', '钼精矿110', '870', '11', '4', '418', '1', '3', '深圳龙华大浪石光工业区', '1', '0000-00-00 00:00:00', 'http://www.zhuzao.com/UploadFile/Baikeuppic/1230873708.jpg');
INSERT INTO mu_product VALUES ('111', '1', '钼铁，钼矿', '钼精矿111', '542', '11', '8', '354', '1', '8', '深圳龙华大浪石光工业区', '1', '0000-00-00 00:00:00', 'http://www.zhuzao.com/UploadFile/Baikeuppic/1230873708.jpg');
INSERT INTO mu_product VALUES ('112', '1', '钼铁，钼矿', '钼精矿112', '648', '11', '8', '216', '1', '6', '深圳龙华大浪石光工业区', '1', '0000-00-00 00:00:00', 'http://www.zhuzao.com/UploadFile/Baikeuppic/1230873708.jpg');
INSERT INTO mu_product VALUES ('113', '1', '钼铁，钼矿', '钼精矿113', '826', '11', '8', '261', '1', '18', '深圳龙华大浪石光工业区', '1', '0000-00-00 00:00:00', 'http://www.zhuzao.com/UploadFile/Baikeuppic/1230873708.jpg');
INSERT INTO mu_product VALUES ('114', '1', '钼铁，钼矿', '钼精矿114', '722', '11', '5', '367', '1', '11', '深圳龙华大浪石光工业区', '1', '0000-00-00 00:00:00', 'http://www.zhuzao.com/UploadFile/Baikeuppic/1230873708.jpg');
INSERT INTO mu_product VALUES ('115', '1', '钼铁，钼矿', '钼精矿115', '303', '11', '10', '934', '1', '20', '深圳龙华大浪石光工业区', '1', '0000-00-00 00:00:00', 'http://www.zhuzao.com/UploadFile/Baikeuppic/1230873708.jpg');
INSERT INTO mu_product VALUES ('116', '1', '钼铁，钼矿', '钼精矿116', '260', '11', '2', '667', '1', '9', '深圳龙华大浪石光工业区', '1', '0000-00-00 00:00:00', 'http://www.zhuzao.com/UploadFile/Baikeuppic/1230873708.jpg');
INSERT INTO mu_product VALUES ('117', '1', '钼铁，钼矿', '钼精矿117', '351', '11', '8', '759', '1', '20', '深圳龙华大浪石光工业区', '1', '0000-00-00 00:00:00', 'http://www.zhuzao.com/UploadFile/Baikeuppic/1230873708.jpg');
INSERT INTO mu_product VALUES ('118', '1', '钼铁，钼矿', '钼精矿118', '312', '11', '7', '755', '1', '6', '深圳龙华大浪石光工业区', '1', '0000-00-00 00:00:00', 'http://www.zhuzao.com/UploadFile/Baikeuppic/1230873708.jpg');
INSERT INTO mu_product VALUES ('119', '1', '钼铁，钼矿', '钼精矿119', '288', '11', '8', '568', '1', '10', '深圳龙华大浪石光工业区', '1', '0000-00-00 00:00:00', 'http://www.zhuzao.com/UploadFile/Baikeuppic/1230873708.jpg');
INSERT INTO mu_product VALUES ('120', '1', '钼铁，钼矿', '钼精矿120', '891', '11', '3', '860', '1', '6', '深圳龙华大浪石光工业区', '1', '0000-00-00 00:00:00', 'http://www.zhuzao.com/UploadFile/Baikeuppic/1230873708.jpg');
INSERT INTO mu_product VALUES ('121', '1', '钼铁，钼矿', '钼精矿121', '760', '11', '4', '419', '1', '17', '深圳龙华大浪石光工业区', '1', '0000-00-00 00:00:00', 'http://www.zhuzao.com/UploadFile/Baikeuppic/1230873708.jpg');
INSERT INTO mu_product VALUES ('122', '1', '钼铁，钼矿', '钼精矿122', '738', '11', '1', '560', '1', '19', '深圳龙华大浪石光工业区', '1', '0000-00-00 00:00:00', 'http://www.zhuzao.com/UploadFile/Baikeuppic/1230873708.jpg');
INSERT INTO mu_product VALUES ('123', '1', '钼铁，钼矿', '钼精矿123', '806', '11', '9', '339', '1', '3', '深圳龙华大浪石光工业区', '1', '0000-00-00 00:00:00', 'http://www.zhuzao.com/UploadFile/Baikeuppic/1230873708.jpg');
INSERT INTO mu_product VALUES ('124', '1', '钼铁，钼矿', '钼精矿124', '710', '11', '9', '517', '1', '3', '深圳龙华大浪石光工业区', '1', '0000-00-00 00:00:00', 'http://www.zhuzao.com/UploadFile/Baikeuppic/1230873708.jpg');
INSERT INTO mu_product VALUES ('125', '1', '钼铁，钼矿', '钼精矿125', '337', '11', '3', '76', '1', '11', '深圳龙华大浪石光工业区', '1', '0000-00-00 00:00:00', 'http://www.zhuzao.com/UploadFile/Baikeuppic/1230873708.jpg');
INSERT INTO mu_product VALUES ('126', '1', '钼铁，钼矿', '钼精矿126', '845', '11', '2', '248', '1', '12', '深圳龙华大浪石光工业区', '1', '0000-00-00 00:00:00', 'http://www.zhuzao.com/UploadFile/Baikeuppic/1230873708.jpg');
INSERT INTO mu_product VALUES ('127', '1', '钼铁，钼矿', '钼精矿127', '815', '11', '5', '836', '1', '12', '深圳龙华大浪石光工业区', '1', '0000-00-00 00:00:00', 'http://www.zhuzao.com/UploadFile/Baikeuppic/1230873708.jpg');
INSERT INTO mu_product VALUES ('128', '1', '钼铁，钼矿', '钼精矿128', '141', '11', '5', '846', '1', '17', '深圳龙华大浪石光工业区', '1', '0000-00-00 00:00:00', 'http://www.zhuzao.com/UploadFile/Baikeuppic/1230873708.jpg');
INSERT INTO mu_product VALUES ('129', '1', '钼铁，钼矿', '钼精矿129', '518', '11', '4', '73', '1', '10', '深圳龙华大浪石光工业区', '1', '0000-00-00 00:00:00', 'http://www.zhuzao.com/UploadFile/Baikeuppic/1230873708.jpg');
INSERT INTO mu_product VALUES ('130', '1', '钼铁，钼矿', '钼精矿130', '831', '11', '3', '777', '1', '17', '深圳龙华大浪石光工业区', '1', '0000-00-00 00:00:00', 'http://www.zhuzao.com/UploadFile/Baikeuppic/1230873708.jpg');
INSERT INTO mu_product VALUES ('131', '1', '钼铁，钼矿', '钼精矿131', '625', '11', '2', '169', '1', '3', '深圳龙华大浪石光工业区', '1', '0000-00-00 00:00:00', 'http://www.zhuzao.com/UploadFile/Baikeuppic/1230873708.jpg');
INSERT INTO mu_product VALUES ('132', '1', '钼铁，钼矿', '钼精矿132', '956', '11', '9', '577', '1', '16', '深圳龙华大浪石光工业区', '1', '0000-00-00 00:00:00', 'http://www.zhuzao.com/UploadFile/Baikeuppic/1230873708.jpg');
INSERT INTO mu_product VALUES ('133', '1', '钼铁，钼矿', '钼精矿133', '486', '11', '10', '253', '1', '13', '深圳龙华大浪石光工业区', '1', '0000-00-00 00:00:00', 'http://www.zhuzao.com/UploadFile/Baikeuppic/1230873708.jpg');
INSERT INTO mu_product VALUES ('134', '1', '钼铁，钼矿', '钼精矿134', '442', '11', '9', '631', '1', '17', '深圳龙华大浪石光工业区', '1', '0000-00-00 00:00:00', 'http://www.zhuzao.com/UploadFile/Baikeuppic/1230873708.jpg');
INSERT INTO mu_product VALUES ('135', '1', '钼铁，钼矿', '钼精矿135', '997', '11', '4', '910', '1', '8', '深圳龙华大浪石光工业区', '1', '0000-00-00 00:00:00', 'http://www.zhuzao.com/UploadFile/Baikeuppic/1230873708.jpg');
INSERT INTO mu_product VALUES ('136', '1', '钼铁，钼矿', '钼精矿136', '876', '11', '3', '918', '1', '17', '深圳龙华大浪石光工业区', '1', '0000-00-00 00:00:00', 'http://www.zhuzao.com/UploadFile/Baikeuppic/1230873708.jpg');
INSERT INTO mu_product VALUES ('137', '1', '钼铁，钼矿', '钼精矿137', '775', '11', '3', '958', '1', '10', '深圳龙华大浪石光工业区', '1', '0000-00-00 00:00:00', 'http://www.zhuzao.com/UploadFile/Baikeuppic/1230873708.jpg');
INSERT INTO mu_product VALUES ('138', '1', '钼铁，钼矿', '钼精矿138', '776', '11', '10', '769', '1', '3', '深圳龙华大浪石光工业区', '1', '0000-00-00 00:00:00', 'http://www.zhuzao.com/UploadFile/Baikeuppic/1230873708.jpg');
INSERT INTO mu_product VALUES ('139', '1', '钼铁，钼矿', '钼精矿139', '437', '11', '7', '178', '1', '13', '深圳龙华大浪石光工业区', '1', '0000-00-00 00:00:00', 'http://www.zhuzao.com/UploadFile/Baikeuppic/1230873708.jpg');
INSERT INTO mu_product VALUES ('140', '1', '钼铁，钼矿', '钼精矿140', '773', '11', '6', '598', '1', '6', '深圳龙华大浪石光工业区', '1', '0000-00-00 00:00:00', 'http://www.zhuzao.com/UploadFile/Baikeuppic/1230873708.jpg');
INSERT INTO mu_product VALUES ('141', '1', '钼铁，钼矿', '钼精矿141', '571', '11', '6', '51', '1', '19', '深圳龙华大浪石光工业区', '1', '0000-00-00 00:00:00', 'http://www.zhuzao.com/UploadFile/Baikeuppic/1230873708.jpg');
INSERT INTO mu_product VALUES ('142', '1', '钼铁，钼矿', '钼精矿142', '679', '11', '3', '665', '1', '16', '深圳龙华大浪石光工业区', '1', '0000-00-00 00:00:00', 'http://www.zhuzao.com/UploadFile/Baikeuppic/1230873708.jpg');
INSERT INTO mu_product VALUES ('143', '1', '钼铁，钼矿', '钼精矿143', '608', '11', '4', '543', '1', '13', '深圳龙华大浪石光工业区', '1', '0000-00-00 00:00:00', 'http://www.zhuzao.com/UploadFile/Baikeuppic/1230873708.jpg');
INSERT INTO mu_product VALUES ('144', '1', '钼铁，钼矿', '钼精矿144', '168', '11', '3', '826', '1', '18', '深圳龙华大浪石光工业区', '1', '0000-00-00 00:00:00', 'http://www.zhuzao.com/UploadFile/Baikeuppic/1230873708.jpg');
INSERT INTO mu_product VALUES ('145', '1', '钼铁，钼矿', '钼精矿145', '406', '11', '10', '845', '1', '12', '深圳龙华大浪石光工业区', '1', '0000-00-00 00:00:00', 'http://www.zhuzao.com/UploadFile/Baikeuppic/1230873708.jpg');
INSERT INTO mu_product VALUES ('146', '1', '钼铁，钼矿', '钼精矿146', '348', '11', '8', '289', '1', '9', '深圳龙华大浪石光工业区', '1', '0000-00-00 00:00:00', 'http://www.zhuzao.com/UploadFile/Baikeuppic/1230873708.jpg');
INSERT INTO mu_product VALUES ('147', '1', '钼铁，钼矿', '钼精矿147', '919', '11', '2', '116', '1', '11', '深圳龙华大浪石光工业区', '1', '0000-00-00 00:00:00', 'http://www.zhuzao.com/UploadFile/Baikeuppic/1230873708.jpg');
INSERT INTO mu_product VALUES ('148', '1', '钼铁，钼矿', '钼精矿148', '836', '11', '10', '333', '1', '4', '深圳龙华大浪石光工业区', '1', '0000-00-00 00:00:00', 'http://www.zhuzao.com/UploadFile/Baikeuppic/1230873708.jpg');
INSERT INTO mu_product VALUES ('149', '1', '钼铁，钼矿', '钼精矿149', '367', '11', '9', '212', '1', '7', '深圳龙华大浪石光工业区', '1', '0000-00-00 00:00:00', 'http://www.zhuzao.com/UploadFile/Baikeuppic/1230873708.jpg');
INSERT INTO mu_product VALUES ('150', '1', '钼铁，钼矿', '钼精矿150', '431', '11', '3', '104', '1', '3', '深圳龙华大浪石光工业区', '1', '0000-00-00 00:00:00', 'http://www.zhuzao.com/UploadFile/Baikeuppic/1230873708.jpg');
INSERT INTO mu_product VALUES ('151', '1', '钼铁，钼矿', '钼精矿151', '326', '11', '3', '478', '1', '3', '深圳龙华大浪石光工业区', '1', '0000-00-00 00:00:00', 'http://www.zhuzao.com/UploadFile/Baikeuppic/1230873708.jpg');
INSERT INTO mu_product VALUES ('152', '1', '钼铁，钼矿', '钼精矿152', '495', '11', '2', '325', '1', '18', '深圳龙华大浪石光工业区', '1', '0000-00-00 00:00:00', 'http://www.zhuzao.com/UploadFile/Baikeuppic/1230873708.jpg');
INSERT INTO mu_product VALUES ('153', '1', '钼铁，钼矿', '钼精矿153', '988', '11', '2', '476', '1', '13', '深圳龙华大浪石光工业区', '1', '0000-00-00 00:00:00', 'http://www.zhuzao.com/UploadFile/Baikeuppic/1230873708.jpg');
INSERT INTO mu_product VALUES ('154', '1', '钼铁，钼矿', '钼精矿154', '223', '11', '6', '79', '1', '11', '深圳龙华大浪石光工业区', '1', '0000-00-00 00:00:00', 'http://www.zhuzao.com/UploadFile/Baikeuppic/1230873708.jpg');
INSERT INTO mu_product VALUES ('155', '1', '钼铁，钼矿', '钼精矿155', '942', '11', '4', '729', '1', '11', '深圳龙华大浪石光工业区', '1', '0000-00-00 00:00:00', 'http://www.zhuzao.com/UploadFile/Baikeuppic/1230873708.jpg');
INSERT INTO mu_product VALUES ('156', '1', '钼铁，钼矿', '钼精矿156', '920', '11', '8', '524', '1', '8', '深圳龙华大浪石光工业区', '1', '0000-00-00 00:00:00', 'http://www.zhuzao.com/UploadFile/Baikeuppic/1230873708.jpg');
INSERT INTO mu_product VALUES ('157', '1', '钼铁，钼矿', '钼精矿157', '551', '11', '5', '490', '1', '10', '深圳龙华大浪石光工业区', '1', '0000-00-00 00:00:00', 'http://www.zhuzao.com/UploadFile/Baikeuppic/1230873708.jpg');
INSERT INTO mu_product VALUES ('158', '1', '钼铁，钼矿', '钼精矿158', '373', '11', '5', '680', '1', '14', '深圳龙华大浪石光工业区', '1', '0000-00-00 00:00:00', 'http://www.zhuzao.com/UploadFile/Baikeuppic/1230873708.jpg');
INSERT INTO mu_product VALUES ('159', '1', '钼铁，钼矿', '钼精矿159', '824', '11', '8', '467', '1', '11', '深圳龙华大浪石光工业区', '1', '0000-00-00 00:00:00', 'http://www.zhuzao.com/UploadFile/Baikeuppic/1230873708.jpg');
INSERT INTO mu_product VALUES ('160', '1', '钼铁，钼矿', '钼精矿160', '731', '11', '10', '156', '1', '10', '深圳龙华大浪石光工业区', '1', '0000-00-00 00:00:00', 'http://www.zhuzao.com/UploadFile/Baikeuppic/1230873708.jpg');
INSERT INTO mu_product VALUES ('161', '1', '钼铁，钼矿', '钼精矿161', '492', '11', '7', '595', '1', '7', '深圳龙华大浪石光工业区', '1', '0000-00-00 00:00:00', 'http://www.zhuzao.com/UploadFile/Baikeuppic/1230873708.jpg');
INSERT INTO mu_product VALUES ('162', '1', '钼铁，钼矿', '钼精矿162', '176', '11', '1', '884', '1', '4', '深圳龙华大浪石光工业区', '1', '0000-00-00 00:00:00', 'http://www.zhuzao.com/UploadFile/Baikeuppic/1230873708.jpg');
INSERT INTO mu_product VALUES ('163', '1', '钼铁，钼矿', '钼精矿163', '283', '11', '1', '776', '1', '7', '深圳龙华大浪石光工业区', '1', '0000-00-00 00:00:00', 'http://www.zhuzao.com/UploadFile/Baikeuppic/1230873708.jpg');
INSERT INTO mu_product VALUES ('164', '1', '钼铁，钼矿', '钼精矿164', '800', '11', '6', '925', '1', '11', '深圳龙华大浪石光工业区', '1', '0000-00-00 00:00:00', 'http://www.zhuzao.com/UploadFile/Baikeuppic/1230873708.jpg');
INSERT INTO mu_product VALUES ('165', '1', '钼铁，钼矿', '钼精矿165', '896', '11', '3', '636', '1', '4', '深圳龙华大浪石光工业区', '1', '0000-00-00 00:00:00', 'http://www.zhuzao.com/UploadFile/Baikeuppic/1230873708.jpg');
INSERT INTO mu_product VALUES ('166', '1', '钼铁，钼矿', '钼精矿166', '279', '11', '9', '165', '1', '4', '深圳龙华大浪石光工业区', '1', '0000-00-00 00:00:00', 'http://www.zhuzao.com/UploadFile/Baikeuppic/1230873708.jpg');
INSERT INTO mu_product VALUES ('167', '1', '钼铁，钼矿', '钼精矿167', '978', '11', '6', '262', '1', '13', '深圳龙华大浪石光工业区', '1', '0000-00-00 00:00:00', 'http://www.zhuzao.com/UploadFile/Baikeuppic/1230873708.jpg');
INSERT INTO mu_product VALUES ('168', '1', '钼铁，钼矿', '钼精矿168', '650', '11', '2', '73', '1', '9', '深圳龙华大浪石光工业区', '1', '0000-00-00 00:00:00', 'http://www.zhuzao.com/UploadFile/Baikeuppic/1230873708.jpg');
INSERT INTO mu_product VALUES ('169', '1', '钼铁，钼矿', '钼精矿169', '496', '11', '3', '953', '1', '9', '深圳龙华大浪石光工业区', '1', '0000-00-00 00:00:00', 'http://www.zhuzao.com/UploadFile/Baikeuppic/1230873708.jpg');
INSERT INTO mu_product VALUES ('170', '1', '钼铁，钼矿', '钼精矿170', '881', '11', '10', '474', '1', '4', '深圳龙华大浪石光工业区', '1', '0000-00-00 00:00:00', 'http://www.zhuzao.com/UploadFile/Baikeuppic/1230873708.jpg');
INSERT INTO mu_product VALUES ('171', '1', '钼铁，钼矿', '钼精矿171', '518', '11', '10', '10', '1', '15', '深圳龙华大浪石光工业区', '1', '0000-00-00 00:00:00', 'http://www.zhuzao.com/UploadFile/Baikeuppic/1230873708.jpg');
INSERT INTO mu_product VALUES ('172', '1', '钼铁，钼矿', '钼精矿172', '251', '11', '4', '295', '1', '9', '深圳龙华大浪石光工业区', '1', '0000-00-00 00:00:00', 'http://www.zhuzao.com/UploadFile/Baikeuppic/1230873708.jpg');
INSERT INTO mu_product VALUES ('173', '1', '钼铁，钼矿', '钼精矿173', '278', '11', '10', '402', '1', '3', '深圳龙华大浪石光工业区', '1', '0000-00-00 00:00:00', 'http://www.zhuzao.com/UploadFile/Baikeuppic/1230873708.jpg');
INSERT INTO mu_product VALUES ('174', '1', '钼铁，钼矿', '钼精矿174', '826', '11', '10', '293', '1', '6', '深圳龙华大浪石光工业区', '1', '0000-00-00 00:00:00', 'http://www.zhuzao.com/UploadFile/Baikeuppic/1230873708.jpg');
INSERT INTO mu_product VALUES ('175', '1', '钼铁，钼矿', '钼精矿175', '562', '11', '5', '608', '1', '6', '深圳龙华大浪石光工业区', '1', '0000-00-00 00:00:00', 'http://www.zhuzao.com/UploadFile/Baikeuppic/1230873708.jpg');
INSERT INTO mu_product VALUES ('176', '1', '钼铁，钼矿', '钼精矿176', '928', '11', '6', '818', '1', '10', '深圳龙华大浪石光工业区', '1', '0000-00-00 00:00:00', 'http://www.zhuzao.com/UploadFile/Baikeuppic/1230873708.jpg');
INSERT INTO mu_product VALUES ('177', '1', '钼铁，钼矿', '钼精矿177', '775', '11', '6', '313', '1', '14', '深圳龙华大浪石光工业区', '1', '0000-00-00 00:00:00', 'http://www.zhuzao.com/UploadFile/Baikeuppic/1230873708.jpg');
INSERT INTO mu_product VALUES ('178', '1', '钼铁，钼矿', '钼精矿178', '312', '11', '10', '582', '1', '4', '深圳龙华大浪石光工业区', '1', '0000-00-00 00:00:00', 'http://www.zhuzao.com/UploadFile/Baikeuppic/1230873708.jpg');
INSERT INTO mu_product VALUES ('179', '1', '钼铁，钼矿', '钼精矿179', '520', '11', '8', '166', '1', '10', '深圳龙华大浪石光工业区', '1', '0000-00-00 00:00:00', 'http://www.zhuzao.com/UploadFile/Baikeuppic/1230873708.jpg');
INSERT INTO mu_product VALUES ('180', '1', '钼铁，钼矿', '钼精矿180', '849', '11', '7', '371', '1', '17', '深圳龙华大浪石光工业区', '1', '0000-00-00 00:00:00', 'http://www.zhuzao.com/UploadFile/Baikeuppic/1230873708.jpg');
INSERT INTO mu_product VALUES ('181', '1', '钼铁，钼矿', '钼精矿181', '271', '11', '4', '533', '1', '2', '深圳龙华大浪石光工业区', '1', '0000-00-00 00:00:00', 'http://www.zhuzao.com/UploadFile/Baikeuppic/1230873708.jpg');
INSERT INTO mu_product VALUES ('182', '1', '钼铁，钼矿', '钼精矿182', '888', '11', '7', '815', '1', '17', '深圳龙华大浪石光工业区', '1', '0000-00-00 00:00:00', 'http://www.zhuzao.com/UploadFile/Baikeuppic/1230873708.jpg');
INSERT INTO mu_product VALUES ('183', '1', '钼铁，钼矿', '钼精矿183', '251', '11', '2', '264', '1', '2', '深圳龙华大浪石光工业区', '1', '0000-00-00 00:00:00', 'http://www.zhuzao.com/UploadFile/Baikeuppic/1230873708.jpg');
INSERT INTO mu_product VALUES ('184', '1', '钼铁，钼矿', '钼精矿184', '438', '11', '1', '161', '1', '8', '深圳龙华大浪石光工业区', '1', '0000-00-00 00:00:00', 'http://www.zhuzao.com/UploadFile/Baikeuppic/1230873708.jpg');
INSERT INTO mu_product VALUES ('185', '1', '钼铁，钼矿', '钼精矿185', '202', '11', '4', '409', '1', '16', '深圳龙华大浪石光工业区', '1', '0000-00-00 00:00:00', 'http://www.zhuzao.com/UploadFile/Baikeuppic/1230873708.jpg');
INSERT INTO mu_product VALUES ('186', '1', '钼铁，钼矿', '钼精矿186', '947', '11', '10', '961', '1', '20', '深圳龙华大浪石光工业区', '1', '0000-00-00 00:00:00', 'http://www.zhuzao.com/UploadFile/Baikeuppic/1230873708.jpg');
INSERT INTO mu_product VALUES ('187', '1', '钼铁，钼矿', '钼精矿187', '966', '11', '3', '995', '1', '6', '深圳龙华大浪石光工业区', '1', '0000-00-00 00:00:00', 'http://www.zhuzao.com/UploadFile/Baikeuppic/1230873708.jpg');
INSERT INTO mu_product VALUES ('188', '1', '钼铁，钼矿', '钼精矿188', '567', '11', '5', '903', '1', '10', '深圳龙华大浪石光工业区', '1', '0000-00-00 00:00:00', 'http://www.zhuzao.com/UploadFile/Baikeuppic/1230873708.jpg');
INSERT INTO mu_product VALUES ('189', '1', '钼铁，钼矿', '钼精矿189', '652', '11', '1', '779', '1', '17', '深圳龙华大浪石光工业区', '1', '0000-00-00 00:00:00', 'http://www.zhuzao.com/UploadFile/Baikeuppic/1230873708.jpg');
INSERT INTO mu_product VALUES ('190', '1', '钼铁，钼矿', '钼精矿190', '238', '11', '7', '493', '1', '13', '深圳龙华大浪石光工业区', '1', '0000-00-00 00:00:00', 'http://www.zhuzao.com/UploadFile/Baikeuppic/1230873708.jpg');
INSERT INTO mu_product VALUES ('191', '1', '钼铁，钼矿', '钼精矿191', '722', '11', '5', '965', '1', '17', '深圳龙华大浪石光工业区', '1', '0000-00-00 00:00:00', 'http://www.zhuzao.com/UploadFile/Baikeuppic/1230873708.jpg');
INSERT INTO mu_product VALUES ('192', '1', '钼铁，钼矿', '钼精矿192', '758', '11', '3', '829', '1', '19', '深圳龙华大浪石光工业区', '1', '0000-00-00 00:00:00', 'http://www.zhuzao.com/UploadFile/Baikeuppic/1230873708.jpg');
INSERT INTO mu_product VALUES ('193', '1', '钼铁，钼矿', '钼精矿193', '354', '11', '5', '992', '1', '12', '深圳龙华大浪石光工业区', '1', '0000-00-00 00:00:00', 'http://www.zhuzao.com/UploadFile/Baikeuppic/1230873708.jpg');
INSERT INTO mu_product VALUES ('194', '1', '钼铁，钼矿', '钼精矿194', '759', '11', '7', '372', '1', '8', '深圳龙华大浪石光工业区', '1', '0000-00-00 00:00:00', 'http://www.zhuzao.com/UploadFile/Baikeuppic/1230873708.jpg');
INSERT INTO mu_product VALUES ('195', '1', '钼铁，钼矿', '钼精矿195', '729', '11', '4', '268', '1', '19', '深圳龙华大浪石光工业区', '1', '0000-00-00 00:00:00', 'http://www.zhuzao.com/UploadFile/Baikeuppic/1230873708.jpg');
INSERT INTO mu_product VALUES ('196', '1', '钼铁，钼矿', '钼精矿196', '983', '11', '3', '653', '1', '3', '深圳龙华大浪石光工业区', '1', '0000-00-00 00:00:00', 'http://www.zhuzao.com/UploadFile/Baikeuppic/1230873708.jpg');
INSERT INTO mu_product VALUES ('197', '1', '钼铁，钼矿', '钼精矿197', '294', '11', '10', '894', '1', '3', '深圳龙华大浪石光工业区', '1', '0000-00-00 00:00:00', 'http://www.zhuzao.com/UploadFile/Baikeuppic/1230873708.jpg');
INSERT INTO mu_product VALUES ('198', '1', '钼铁，钼矿', '钼精矿198', '454', '11', '7', '71', '1', '7', '深圳龙华大浪石光工业区', '1', '0000-00-00 00:00:00', 'http://www.zhuzao.com/UploadFile/Baikeuppic/1230873708.jpg');
INSERT INTO mu_product VALUES ('199', '1', '钼铁，钼矿', '钼精矿199', '847', '11', '1', '482', '1', '7', '深圳龙华大浪石光工业区', '1', '0000-00-00 00:00:00', 'http://www.zhuzao.com/UploadFile/Baikeuppic/1230873708.jpg');

-- ----------------------------
-- Table structure for `mu_recommend`
-- ----------------------------
DROP TABLE IF EXISTS `mu_recommend`;
CREATE TABLE `mu_recommend` (
  `recommend_id` int(11) NOT NULL,
  `recommend_object_id` bigint(20) NOT NULL COMMENT '用户,文章,供求等',
  `recommend_type` tinyint(11) NOT NULL,
  `recommend_position` tinyint(11) NOT NULL,
  `recommend_status` tinyint(4) DEFAULT NULL,
  `recommend_time` datetime DEFAULT NULL,
  PRIMARY KEY (`recommend_id`)
) ENGINE=MyISAM DEFAULT CHARSET=utf8;

-- ----------------------------
-- Records of mu_recommend
-- ----------------------------

-- ----------------------------
-- Table structure for `mu_right_assignment`
-- ----------------------------
DROP TABLE IF EXISTS `mu_right_assignment`;
CREATE TABLE `mu_right_assignment` (
  `itemname` varchar(64) NOT NULL,
  `userid` int(11) NOT NULL,
  `bizrule` varchar(1024) DEFAULT NULL,
  `data` varchar(1024) DEFAULT NULL,
  PRIMARY KEY (`userid`,`itemname`)
) ENGINE=MyISAM DEFAULT CHARSET=utf8;

-- ----------------------------
-- Records of mu_right_assignment
-- ----------------------------

-- ----------------------------
-- Table structure for `mu_right_item`
-- ----------------------------
DROP TABLE IF EXISTS `mu_right_item`;
CREATE TABLE `mu_right_item` (
  `name` varchar(64) NOT NULL,
  `type` int(11) NOT NULL,
  `description` varchar(1024) CHARACTER SET gbk DEFAULT NULL,
  `bizrule` varchar(1024) CHARACTER SET gbk DEFAULT NULL COMMENT 'php script for eval',
  `data` varchar(1024) CHARACTER SET gbk DEFAULT NULL,
  PRIMARY KEY (`name`)
) ENGINE=MyISAM DEFAULT CHARSET=utf8;

-- ----------------------------
-- Records of mu_right_item
-- ----------------------------
INSERT INTO mu_right_item VALUES ('admin-UserAdmin', '0', null, null, 'N;');
INSERT INTO mu_right_item VALUES ('admin-UserAutoAddNew', '0', null, null, 'N;');
INSERT INTO mu_right_item VALUES ('admin-UserAutoAll', '0', null, null, 'N;');
INSERT INTO mu_right_item VALUES ('admin-UserAutoNew', '0', null, null, 'N;');
INSERT INTO mu_right_item VALUES ('admin-UserCreate', '0', null, null, 'N;');
INSERT INTO mu_right_item VALUES ('admin-UserDelete', '0', null, null, 'N;');
INSERT INTO mu_right_item VALUES ('admin-UserIndex', '0', null, null, 'N;');
INSERT INTO mu_right_item VALUES ('admin-UserScan', '0', null, null, 'N;');
INSERT INTO mu_right_item VALUES ('admin-UserUpdate', '0', null, null, 'N;');
INSERT INTO mu_right_item VALUES ('admin-UserView', '0', null, null, 'N;');
INSERT INTO mu_right_item VALUES ('admin-UserViewOperas', '0', null, null, 'N;');
INSERT INTO mu_right_item VALUES ('admin-UserViewRoles', '0', null, null, 'N;');
INSERT INTO mu_right_item VALUES ('admin-UserViewTasks', '0', null, null, 'N;');
INSERT INTO mu_right_item VALUES ('srbac-AuthitemAdministrating', '1', null, null, 'N;');
INSERT INTO mu_right_item VALUES ('srbac-AuthitemAssign', '0', null, null, 'N;');
INSERT INTO mu_right_item VALUES ('srbac-AuthitemAssignments', '0', null, null, 'N;');
INSERT INTO mu_right_item VALUES ('srbac-AuthitemAuto', '0', null, null, 'N;');
INSERT INTO mu_right_item VALUES ('srbac-AuthitemAutocomplete', '0', null, null, 'N;');
INSERT INTO mu_right_item VALUES ('srbac-AuthitemAutoCreateItems', '0', null, null, 'N;');
INSERT INTO mu_right_item VALUES ('srbac-AuthitemAutoDeleteItems', '0', null, null, 'N;');
INSERT INTO mu_right_item VALUES ('srbac-AuthitemClearObsolete', '0', null, null, 'N;');
INSERT INTO mu_right_item VALUES ('srbac-AuthitemConfirm', '0', null, null, 'N;');
INSERT INTO mu_right_item VALUES ('srbac-AuthitemCreate', '0', null, null, 'N;');
INSERT INTO mu_right_item VALUES ('srbac-AuthitemDelete', '0', null, null, 'N;');
INSERT INTO mu_right_item VALUES ('srbac-AuthitemDeleteObsolete', '0', null, null, 'N;');
INSERT INTO mu_right_item VALUES ('srbac-AuthitemEditAllowed', '0', null, null, 'N;');
INSERT INTO mu_right_item VALUES ('srbac-AuthitemFrontPage', '0', null, null, 'N;');
INSERT INTO mu_right_item VALUES ('srbac-AuthitemGetCleverOpers', '0', null, null, 'N;');
INSERT INTO mu_right_item VALUES ('srbac-AuthitemGetOpers', '0', null, null, 'N;');
INSERT INTO mu_right_item VALUES ('srbac-AuthitemGetRoles', '0', null, null, 'N;');
INSERT INTO mu_right_item VALUES ('srbac-AuthitemGetTasks', '0', null, null, 'N;');
INSERT INTO mu_right_item VALUES ('srbac-AuthitemGetUsers', '0', null, null, 'N;');
INSERT INTO mu_right_item VALUES ('srbac-AuthitemInstall', '0', null, null, 'N;');
INSERT INTO mu_right_item VALUES ('srbac-AuthitemList', '0', null, null, 'N;');
INSERT INTO mu_right_item VALUES ('srbac-AuthitemManage', '0', null, null, 'N;');
INSERT INTO mu_right_item VALUES ('srbac-AuthitemSaveAllowed', '0', null, null, 'N;');
INSERT INTO mu_right_item VALUES ('srbac-AuthitemScan', '0', null, null, 'N;');
INSERT INTO mu_right_item VALUES ('srbac-AuthitemShow', '0', null, null, 'N;');
INSERT INTO mu_right_item VALUES ('srbac-AuthitemShowAssignments', '0', null, null, 'N;');
INSERT INTO mu_right_item VALUES ('srbac-AuthitemUpdate', '0', null, null, 'N;');
INSERT INTO mu_right_item VALUES ('srbac-AuthitemViewing', '1', null, null, 'N;');
INSERT INTO mu_right_item VALUES ('UserAdmin', '0', null, null, 'N;');
INSERT INTO mu_right_item VALUES ('UserCreate', '0', null, null, 'N;');
INSERT INTO mu_right_item VALUES ('UserDelete', '0', null, null, 'N;');
INSERT INTO mu_right_item VALUES ('UserIndex', '0', null, null, 'N;');
INSERT INTO mu_right_item VALUES ('UserUpdate', '0', null, null, 'N;');
INSERT INTO mu_right_item VALUES ('UserView', '0', null, null, 'N;');
INSERT INTO mu_right_item VALUES ('超级管理员', '2', null, null, null);

-- ----------------------------
-- Table structure for `mu_right_itemchildren`
-- ----------------------------
DROP TABLE IF EXISTS `mu_right_itemchildren`;
CREATE TABLE `mu_right_itemchildren` (
  `parent` varchar(64) NOT NULL,
  `child` varchar(64) NOT NULL,
  PRIMARY KEY (`parent`,`child`)
) ENGINE=MyISAM DEFAULT CHARSET=utf8;

-- ----------------------------
-- Records of mu_right_itemchildren
-- ----------------------------
INSERT INTO mu_right_itemchildren VALUES ('srbac-AuthitemAdministrating', 'admin-UserAdmin');
INSERT INTO mu_right_itemchildren VALUES ('srbac-AuthitemAdministrating', 'admin-UserAutoAddNew');
INSERT INTO mu_right_itemchildren VALUES ('srbac-AuthitemAdministrating', 'admin-UserAutoAll');
INSERT INTO mu_right_itemchildren VALUES ('srbac-AuthitemAdministrating', 'admin-UserAutoNew');

-- ----------------------------
-- Table structure for `mu_sms_code`
-- ----------------------------
DROP TABLE IF EXISTS `mu_sms_code`;
CREATE TABLE `mu_sms_code` (
  `sms_id` bigint(20) NOT NULL,
  `mobile_no` varchar(45) DEFAULT NULL,
  `sms_code` varchar(45) DEFAULT NULL,
  `sms_status` tinyint(4) DEFAULT NULL COMMENT '是否验证成功',
  `sms_send_date` datetime DEFAULT NULL,
  PRIMARY KEY (`sms_id`)
) ENGINE=MyISAM DEFAULT CHARSET=utf8 COMMENT='手机验证码';

-- ----------------------------
-- Records of mu_sms_code
-- ----------------------------

-- ----------------------------
-- Table structure for `mu_success_case`
-- ----------------------------
DROP TABLE IF EXISTS `mu_success_case`;
CREATE TABLE `mu_success_case` (
  `case_id` int(11) NOT NULL AUTO_INCREMENT,
  `supply_id` int(11) NOT NULL,
  `supply_user_id` int(11) NOT NULL,
  `purchase_user_id` int(11) NOT NULL,
  `purchase_amount` varchar(32) DEFAULT NULL,
  `create_time` datetime DEFAULT NULL,
  `case_status` int(11) DEFAULT NULL,
  PRIMARY KEY (`case_id`)
) ENGINE=InnoDB AUTO_INCREMENT=101 DEFAULT CHARSET=utf8;

-- ----------------------------
-- Records of mu_success_case
-- ----------------------------
INSERT INTO mu_success_case VALUES ('1', '56', '1', '1', '0', '0000-00-00 00:00:00', '1');
INSERT INTO mu_success_case VALUES ('2', '69', '1', '1', '100', '0000-00-00 00:00:00', '1');
INSERT INTO mu_success_case VALUES ('3', '94', '1', '1', '200', '0000-00-00 00:00:00', '1');
INSERT INTO mu_success_case VALUES ('4', '78', '1', '1', '300', '0000-00-00 00:00:00', '1');
INSERT INTO mu_success_case VALUES ('5', '82', '1', '1', '400', '0000-00-00 00:00:00', '1');
INSERT INTO mu_success_case VALUES ('6', '36', '1', '1', '500', '0000-00-00 00:00:00', '1');
INSERT INTO mu_success_case VALUES ('7', '70', '1', '1', '600', '0000-00-00 00:00:00', '1');
INSERT INTO mu_success_case VALUES ('8', '49', '1', '1', '700', '0000-00-00 00:00:00', '1');
INSERT INTO mu_success_case VALUES ('9', '65', '1', '1', '800', '0000-00-00 00:00:00', '1');
INSERT INTO mu_success_case VALUES ('10', '98', '1', '1', '900', '0000-00-00 00:00:00', '1');
INSERT INTO mu_success_case VALUES ('11', '12', '1', '1', '1000', '0000-00-00 00:00:00', '1');
INSERT INTO mu_success_case VALUES ('12', '7', '1', '1', '1100', '0000-00-00 00:00:00', '1');
INSERT INTO mu_success_case VALUES ('13', '64', '1', '1', '1200', '0000-00-00 00:00:00', '1');
INSERT INTO mu_success_case VALUES ('14', '26', '1', '1', '1300', '0000-00-00 00:00:00', '1');
INSERT INTO mu_success_case VALUES ('15', '58', '1', '1', '1400', '0000-00-00 00:00:00', '1');
INSERT INTO mu_success_case VALUES ('16', '100', '1', '1', '1500', '0000-00-00 00:00:00', '1');
INSERT INTO mu_success_case VALUES ('17', '89', '1', '1', '1600', '0000-00-00 00:00:00', '1');
INSERT INTO mu_success_case VALUES ('18', '44', '1', '1', '1700', '0000-00-00 00:00:00', '1');
INSERT INTO mu_success_case VALUES ('19', '89', '1', '1', '1800', '0000-00-00 00:00:00', '1');
INSERT INTO mu_success_case VALUES ('20', '23', '1', '1', '1900', '0000-00-00 00:00:00', '1');
INSERT INTO mu_success_case VALUES ('21', '98', '1', '1', '2000', '0000-00-00 00:00:00', '1');
INSERT INTO mu_success_case VALUES ('22', '22', '1', '1', '2100', '0000-00-00 00:00:00', '1');
INSERT INTO mu_success_case VALUES ('23', '42', '1', '1', '2200', '0000-00-00 00:00:00', '1');
INSERT INTO mu_success_case VALUES ('24', '24', '1', '1', '2300', '0000-00-00 00:00:00', '1');
INSERT INTO mu_success_case VALUES ('25', '2', '1', '1', '2400', '0000-00-00 00:00:00', '1');
INSERT INTO mu_success_case VALUES ('26', '83', '1', '1', '2500', '0000-00-00 00:00:00', '1');
INSERT INTO mu_success_case VALUES ('27', '99', '1', '1', '2600', '0000-00-00 00:00:00', '1');
INSERT INTO mu_success_case VALUES ('28', '1', '1', '1', '2700', '0000-00-00 00:00:00', '1');
INSERT INTO mu_success_case VALUES ('29', '60', '1', '1', '2800', '0000-00-00 00:00:00', '1');
INSERT INTO mu_success_case VALUES ('30', '99', '1', '1', '2900', '0000-00-00 00:00:00', '1');
INSERT INTO mu_success_case VALUES ('31', '97', '1', '1', '3000', '0000-00-00 00:00:00', '1');
INSERT INTO mu_success_case VALUES ('32', '98', '1', '1', '3100', '0000-00-00 00:00:00', '1');
INSERT INTO mu_success_case VALUES ('33', '81', '1', '1', '3200', '0000-00-00 00:00:00', '1');
INSERT INTO mu_success_case VALUES ('34', '91', '1', '1', '3300', '0000-00-00 00:00:00', '1');
INSERT INTO mu_success_case VALUES ('35', '18', '1', '1', '3400', '0000-00-00 00:00:00', '1');
INSERT INTO mu_success_case VALUES ('36', '15', '1', '1', '3500', '0000-00-00 00:00:00', '1');
INSERT INTO mu_success_case VALUES ('37', '24', '1', '1', '3600', '0000-00-00 00:00:00', '1');
INSERT INTO mu_success_case VALUES ('38', '31', '1', '1', '3700', '0000-00-00 00:00:00', '1');
INSERT INTO mu_success_case VALUES ('39', '98', '1', '1', '3800', '0000-00-00 00:00:00', '1');
INSERT INTO mu_success_case VALUES ('40', '97', '1', '1', '3900', '0000-00-00 00:00:00', '1');
INSERT INTO mu_success_case VALUES ('41', '99', '1', '1', '4000', '0000-00-00 00:00:00', '1');
INSERT INTO mu_success_case VALUES ('42', '41', '1', '1', '4100', '0000-00-00 00:00:00', '1');
INSERT INTO mu_success_case VALUES ('43', '21', '1', '1', '4200', '0000-00-00 00:00:00', '1');
INSERT INTO mu_success_case VALUES ('44', '41', '1', '1', '4300', '0000-00-00 00:00:00', '1');
INSERT INTO mu_success_case VALUES ('45', '65', '1', '1', '4400', '0000-00-00 00:00:00', '1');
INSERT INTO mu_success_case VALUES ('46', '93', '1', '1', '4500', '0000-00-00 00:00:00', '1');
INSERT INTO mu_success_case VALUES ('47', '20', '1', '1', '4600', '0000-00-00 00:00:00', '1');
INSERT INTO mu_success_case VALUES ('48', '94', '1', '1', '4700', '0000-00-00 00:00:00', '1');
INSERT INTO mu_success_case VALUES ('49', '32', '1', '1', '4800', '0000-00-00 00:00:00', '1');
INSERT INTO mu_success_case VALUES ('50', '10', '1', '1', '4900', '0000-00-00 00:00:00', '1');
INSERT INTO mu_success_case VALUES ('51', '82', '1', '1', '5000', '0000-00-00 00:00:00', '1');
INSERT INTO mu_success_case VALUES ('52', '53', '1', '1', '5100', '0000-00-00 00:00:00', '1');
INSERT INTO mu_success_case VALUES ('53', '59', '1', '1', '5200', '0000-00-00 00:00:00', '1');
INSERT INTO mu_success_case VALUES ('54', '61', '1', '1', '5300', '0000-00-00 00:00:00', '1');
INSERT INTO mu_success_case VALUES ('55', '39', '1', '1', '5400', '0000-00-00 00:00:00', '1');
INSERT INTO mu_success_case VALUES ('56', '66', '1', '1', '5500', '0000-00-00 00:00:00', '1');
INSERT INTO mu_success_case VALUES ('57', '55', '1', '1', '5600', '0000-00-00 00:00:00', '1');
INSERT INTO mu_success_case VALUES ('58', '71', '1', '1', '5700', '0000-00-00 00:00:00', '1');
INSERT INTO mu_success_case VALUES ('59', '76', '1', '1', '5800', '0000-00-00 00:00:00', '1');
INSERT INTO mu_success_case VALUES ('60', '28', '1', '1', '5900', '0000-00-00 00:00:00', '1');
INSERT INTO mu_success_case VALUES ('61', '80', '1', '1', '6000', '0000-00-00 00:00:00', '1');
INSERT INTO mu_success_case VALUES ('62', '10', '1', '1', '6100', '0000-00-00 00:00:00', '1');
INSERT INTO mu_success_case VALUES ('63', '28', '1', '1', '6200', '0000-00-00 00:00:00', '1');
INSERT INTO mu_success_case VALUES ('64', '87', '1', '1', '6300', '0000-00-00 00:00:00', '1');
INSERT INTO mu_success_case VALUES ('65', '43', '1', '1', '6400', '0000-00-00 00:00:00', '1');
INSERT INTO mu_success_case VALUES ('66', '100', '1', '1', '6500', '0000-00-00 00:00:00', '1');
INSERT INTO mu_success_case VALUES ('67', '79', '1', '1', '6600', '0000-00-00 00:00:00', '1');
INSERT INTO mu_success_case VALUES ('68', '39', '1', '1', '6700', '0000-00-00 00:00:00', '1');
INSERT INTO mu_success_case VALUES ('69', '3', '1', '1', '6800', '0000-00-00 00:00:00', '1');
INSERT INTO mu_success_case VALUES ('70', '14', '1', '1', '6900', '0000-00-00 00:00:00', '1');
INSERT INTO mu_success_case VALUES ('71', '64', '1', '1', '7000', '0000-00-00 00:00:00', '1');
INSERT INTO mu_success_case VALUES ('72', '32', '1', '1', '7100', '0000-00-00 00:00:00', '1');
INSERT INTO mu_success_case VALUES ('73', '70', '1', '1', '7200', '0000-00-00 00:00:00', '1');
INSERT INTO mu_success_case VALUES ('74', '72', '1', '1', '7300', '0000-00-00 00:00:00', '1');
INSERT INTO mu_success_case VALUES ('75', '66', '1', '1', '7400', '0000-00-00 00:00:00', '1');
INSERT INTO mu_success_case VALUES ('76', '62', '1', '1', '7500', '0000-00-00 00:00:00', '1');
INSERT INTO mu_success_case VALUES ('77', '4', '1', '1', '7600', '0000-00-00 00:00:00', '1');
INSERT INTO mu_success_case VALUES ('78', '48', '1', '1', '7700', '0000-00-00 00:00:00', '1');
INSERT INTO mu_success_case VALUES ('79', '21', '1', '1', '7800', '0000-00-00 00:00:00', '1');
INSERT INTO mu_success_case VALUES ('80', '76', '1', '1', '7900', '0000-00-00 00:00:00', '1');
INSERT INTO mu_success_case VALUES ('81', '13', '1', '1', '8000', '0000-00-00 00:00:00', '1');
INSERT INTO mu_success_case VALUES ('82', '63', '1', '1', '8100', '0000-00-00 00:00:00', '1');
INSERT INTO mu_success_case VALUES ('83', '12', '1', '1', '8200', '0000-00-00 00:00:00', '1');
INSERT INTO mu_success_case VALUES ('84', '71', '1', '1', '8300', '0000-00-00 00:00:00', '1');
INSERT INTO mu_success_case VALUES ('85', '57', '1', '1', '8400', '0000-00-00 00:00:00', '1');
INSERT INTO mu_success_case VALUES ('86', '88', '1', '1', '8500', '0000-00-00 00:00:00', '1');
INSERT INTO mu_success_case VALUES ('87', '73', '1', '1', '8600', '0000-00-00 00:00:00', '1');
INSERT INTO mu_success_case VALUES ('88', '95', '1', '1', '8700', '0000-00-00 00:00:00', '1');
INSERT INTO mu_success_case VALUES ('89', '45', '1', '1', '8800', '0000-00-00 00:00:00', '1');
INSERT INTO mu_success_case VALUES ('90', '46', '1', '1', '8900', '0000-00-00 00:00:00', '1');
INSERT INTO mu_success_case VALUES ('91', '91', '1', '1', '9000', '0000-00-00 00:00:00', '1');
INSERT INTO mu_success_case VALUES ('92', '43', '1', '1', '9100', '0000-00-00 00:00:00', '1');
INSERT INTO mu_success_case VALUES ('93', '37', '1', '1', '9200', '0000-00-00 00:00:00', '1');
INSERT INTO mu_success_case VALUES ('94', '8', '1', '1', '9300', '0000-00-00 00:00:00', '1');
INSERT INTO mu_success_case VALUES ('95', '97', '1', '1', '9400', '0000-00-00 00:00:00', '1');
INSERT INTO mu_success_case VALUES ('96', '62', '1', '1', '9500', '0000-00-00 00:00:00', '1');
INSERT INTO mu_success_case VALUES ('97', '42', '1', '1', '9600', '0000-00-00 00:00:00', '1');
INSERT INTO mu_success_case VALUES ('98', '97', '1', '1', '9700', '0000-00-00 00:00:00', '1');
INSERT INTO mu_success_case VALUES ('99', '78', '1', '1', '9800', '0000-00-00 00:00:00', '1');
INSERT INTO mu_success_case VALUES ('100', '51', '1', '1', '9900', '0000-00-00 00:00:00', '1');

-- ----------------------------
-- Table structure for `mu_supply`
-- ----------------------------
DROP TABLE IF EXISTS `mu_supply`;
CREATE TABLE `mu_supply` (
  `supply_id` int(11) NOT NULL AUTO_INCREMENT,
  `supply_user_id` int(11) NOT NULL,
  `supply_type` int(11) NOT NULL COMMENT '供求类型',
  `supply_keyword` varchar(128) DEFAULT NULL COMMENT '供求类型',
  `supply_category_id` tinyint(4) NOT NULL COMMENT '供应产品的品类',
  `supply_contractor` varchar(32) DEFAULT NULL COMMENT '''发布者''',
  `supply_content` varchar(128) DEFAULT NULL COMMENT '''发布内容''',
  `supply_address` varchar(100) DEFAULT NULL COMMENT '供货地址',
  `supply_city_id` tinyint(4) DEFAULT NULL COMMENT '供货地址',
  `supply_status` int(11) DEFAULT NULL COMMENT '起草 待审核 已发布',
  `supply_phone` char(32) DEFAULT NULL COMMENT '''联系电话''',
  `supply_price` decimal(8,0) DEFAULT NULL COMMENT '价钱',
  `supply_valid_date` datetime DEFAULT NULL COMMENT '''0表示长期有效''',
  `supply_check_by` int(11) DEFAULT NULL COMMENT '审核人',
  `supply_recommend` tinyint(4) DEFAULT NULL COMMENT '是否推荐',
  `supply_image_src` varchar(218) DEFAULT NULL COMMENT '是否推荐',
  `supply_join_date` datetime DEFAULT NULL COMMENT '''发表日期''',
  `supply_name` varchar(256) DEFAULT NULL,
  PRIMARY KEY (`supply_id`),
  KEY `supply_user_id` (`supply_user_id`)
) ENGINE=MyISAM AUTO_INCREMENT=201 DEFAULT CHARSET=utf8;

-- ----------------------------
-- Records of mu_supply
-- ----------------------------
INSERT INTO mu_supply VALUES ('31', '1', '1', '钼铁，钼矿', '9', '李先生', '保密现金回收钼铁', '深圳龙华大浪石光工业区', '3', '1', '18666666', '333', '0000-00-00 00:00:00', '1', '1', null, null, '长期出售钼酸铵');
INSERT INTO mu_supply VALUES ('32', '1', '0', '钼铁，钼矿', '6', '李先生', '长期出售钼酸铵', '深圳龙华大浪石光工业区', '2', '1', '18666666', '497', '0000-00-00 00:00:00', '1', '1', null, null, '钼铁钼棒回收钼片钼块回收钼渣回收上海钼丝废钼回收');
INSERT INTO mu_supply VALUES ('33', '1', '1', '钼铁，钼矿', '2', '李先生', '长期出售钼酸铵', '深圳龙华大浪石光工业区', '10', '1', '18666666', '655', '0000-00-00 00:00:00', '1', '1', null, null, '长期供应钼铁');
INSERT INTO mu_supply VALUES ('34', '1', '1', '钼铁，钼矿', '9', '李先生', '钼铁钼棒回收钼片钼块回收钼渣回收上海钼丝废钼回收', '深圳龙华大浪石光工业区', '10', '1', '18666666', '564', '0000-00-00 00:00:00', '1', '1', null, null, '采购钼丝，钼针，钼板，钼铁');
INSERT INTO mu_supply VALUES ('35', '1', '0', '钼铁，钼矿', '19', '李先生', '求购废钼催化剂', '深圳龙华大浪石光工业区', '17', '1', '18666666', '463', '0000-00-00 00:00:00', '1', '1', null, null, '采购钼丝，钼针，钼板，钼铁');
INSERT INTO mu_supply VALUES ('36', '1', '1', '钼铁，钼矿', '21', '李先生', '长期钼铁出售', '深圳龙华大浪石光工业区', '20', '1', '18666666', '781', '0000-00-00 00:00:00', '1', '1', null, null, '保密现金回收钼铁');
INSERT INTO mu_supply VALUES ('37', '1', '0', '钼铁，钼矿', '21', '李先生', '长期出售钼酸铵', '深圳龙华大浪石光工业区', '19', '1', '18666666', '420', '0000-00-00 00:00:00', '1', '1', null, null, '长期钼铁出售');
INSERT INTO mu_supply VALUES ('38', '1', '1', '钼铁，钼矿', '17', '李先生', '我公司长期大量求购废钼丝', '深圳龙华大浪石光工业区', '10', '1', '18666666', '346', '0000-00-00 00:00:00', '1', '1', null, null, '采购钼丝，钼针，钼板，钼铁');
INSERT INTO mu_supply VALUES ('39', '1', '0', '钼铁，钼矿', '18', '李先生', '深圳废钼条回收', '深圳龙华大浪石光工业区', '9', '1', '18666666', '540', '0000-00-00 00:00:00', '1', '1', null, null, '长期钼铁出售');
INSERT INTO mu_supply VALUES ('40', '1', '0', '钼铁，钼矿', '13', '李先生', '钼铁钼棒回收钼片钼块回收钼渣回收上海钼丝废钼回收', '深圳龙华大浪石光工业区', '14', '1', '18666666', '817', '0000-00-00 00:00:00', '1', '1', null, null, '求购废钼催化剂');
INSERT INTO mu_supply VALUES ('41', '1', '0', '钼铁，钼矿', '1', '李先生', '长期供应钼铁', '深圳龙华大浪石光工业区', '4', '1', '18666666', '152', '0000-00-00 00:00:00', '1', '1', null, null, '长期钼铁出售');
INSERT INTO mu_supply VALUES ('42', '1', '1', '钼铁，钼矿', '10', '李先生', '供应钼铁', '深圳龙华大浪石光工业区', '17', '1', '18666666', '977', '0000-00-00 00:00:00', '1', '1', null, null, '长期钼铁出售');
INSERT INTO mu_supply VALUES ('43', '1', '0', '钼铁，钼矿', '4', '李先生', '求购废钼催化剂', '深圳龙华大浪石光工业区', '11', '1', '18666666', '215', '0000-00-00 00:00:00', '1', '1', null, null, '我公司长期大量求购废钼丝');
INSERT INTO mu_supply VALUES ('44', '1', '0', '钼铁，钼矿', '9', '李先生', '求购废钼催化剂', '深圳龙华大浪石光工业区', '18', '1', '18666666', '784', '0000-00-00 00:00:00', '1', '1', null, null, '钼铁钼棒回收钼片钼块回收钼渣回收上海钼丝废钼回收');
INSERT INTO mu_supply VALUES ('45', '1', '0', '钼铁，钼矿', '9', '李先生', '我公司长期大量求购废钼丝', '深圳龙华大浪石光工业区', '2', '1', '18666666', '865', '0000-00-00 00:00:00', '1', '1', null, null, '采购钼丝，钼针，钼板，钼铁');
INSERT INTO mu_supply VALUES ('46', '1', '0', '钼铁，钼矿', '10', '李先生', '保密现金回收钼铁', '深圳龙华大浪石光工业区', '6', '1', '18666666', '34', '0000-00-00 00:00:00', '1', '1', null, null, '长期供应钼铁60%');
INSERT INTO mu_supply VALUES ('47', '1', '0', '钼铁，钼矿', '3', '李先生', '采购钼丝，钼针，钼板，钼铁', '深圳龙华大浪石光工业区', '17', '1', '18666666', '307', '0000-00-00 00:00:00', '1', '1', null, null, '采购钼丝，钼针，钼板，钼铁');
INSERT INTO mu_supply VALUES ('48', '1', '1', '钼铁，钼矿', '4', '李先生', '长期供应钼铁60%', '深圳龙华大浪石光工业区', '5', '1', '18666666', '751', '0000-00-00 00:00:00', '1', '1', null, null, '长期供应钼铁60%，欢迎来电');
INSERT INTO mu_supply VALUES ('49', '1', '1', '钼铁，钼矿', '20', '李先生', '长期供应钼铁', '深圳龙华大浪石光工业区', '6', '1', '18666666', '117', '0000-00-00 00:00:00', '1', '1', null, null, '长期钼铁出售');
INSERT INTO mu_supply VALUES ('50', '1', '0', '钼铁，钼矿', '20', '李先生', '我公司长期大量求购废钼丝', '深圳龙华大浪石光工业区', '9', '1', '18666666', '405', '0000-00-00 00:00:00', '1', '1', null, null, '求购废钼催化剂');
INSERT INTO mu_supply VALUES ('51', '1', '0', '钼铁，钼矿', '13', '李先生', '长期供应钼铁', '深圳龙华大浪石光工业区', '6', '1', '18666666', '168', '0000-00-00 00:00:00', '1', '1', null, null, '采购钼丝，钼针，钼板，钼铁');
INSERT INTO mu_supply VALUES ('52', '1', '0', '钼铁，钼矿', '11', '李先生', '深圳废钼条回收', '深圳龙华大浪石光工业区', '19', '1', '18666666', '934', '0000-00-00 00:00:00', '1', '1', null, null, '长期供应钼铁60%');
INSERT INTO mu_supply VALUES ('53', '1', '1', '钼铁，钼矿', '9', '李先生', '我公司长期大量求购废钼丝', '深圳龙华大浪石光工业区', '19', '1', '18666666', '615', '0000-00-00 00:00:00', '1', '1', null, null, '钼铁钼棒回收钼片钼块回收钼渣回收上海钼丝废钼回收');
INSERT INTO mu_supply VALUES ('54', '1', '0', '钼铁，钼矿', '5', '李先生', '长期供应钼铁60%，欢迎来电', '深圳龙华大浪石光工业区', '10', '1', '18666666', '128', '0000-00-00 00:00:00', '1', '1', null, null, '长期供应钼铁60%');
INSERT INTO mu_supply VALUES ('55', '1', '0', '钼铁，钼矿', '1', '李先生', '长期钼铁出售', '深圳龙华大浪石光工业区', '13', '1', '18666666', '78', '0000-00-00 00:00:00', '1', '1', null, null, '我公司长期大量求购废钼丝');
INSERT INTO mu_supply VALUES ('56', '1', '0', '钼铁，钼矿', '5', '李先生', '长期供应钼铁60%', '深圳龙华大浪石光工业区', '19', '1', '18666666', '622', '0000-00-00 00:00:00', '1', '1', null, null, '采购钼丝，钼针，钼板，钼铁');
INSERT INTO mu_supply VALUES ('57', '1', '1', '钼铁，钼矿', '16', '李先生', '求购废钼催化剂', '深圳龙华大浪石光工业区', '15', '1', '18666666', '852', '0000-00-00 00:00:00', '1', '1', null, null, '长期出售钼酸铵');
INSERT INTO mu_supply VALUES ('58', '1', '0', '钼铁，钼矿', '3', '李先生', '深圳废钼条回收', '深圳龙华大浪石光工业区', '13', '1', '18666666', '393', '0000-00-00 00:00:00', '1', '1', null, null, '保密现金回收钼铁');
INSERT INTO mu_supply VALUES ('59', '1', '1', '钼铁，钼矿', '7', '李先生', '求购废钼催化剂', '深圳龙华大浪石光工业区', '18', '1', '18666666', '101', '0000-00-00 00:00:00', '1', '1', null, null, '采购钼丝，钼针，钼板，钼铁');
INSERT INTO mu_supply VALUES ('60', '1', '0', '钼铁，钼矿', '4', '李先生', '采购钼丝，钼针，钼板，钼铁', '深圳龙华大浪石光工业区', '13', '1', '18666666', '337', '0000-00-00 00:00:00', '1', '1', null, null, '长期出售钼酸铵');
INSERT INTO mu_supply VALUES ('61', '1', '1', '钼铁，钼矿', '8', '李先生', '我公司长期大量求购废钼丝', '深圳龙华大浪石光工业区', '8', '1', '18666666', '411', '0000-00-00 00:00:00', '1', '1', null, null, '采购钼丝，钼针，钼板，钼铁');
INSERT INTO mu_supply VALUES ('62', '1', '1', '钼铁，钼矿', '10', '李先生', '我公司长期大量求购废钼丝', '深圳龙华大浪石光工业区', '6', '1', '18666666', '754', '0000-00-00 00:00:00', '1', '1', null, null, '长期供应钼铁60%，欢迎来电');
INSERT INTO mu_supply VALUES ('63', '1', '0', '钼铁，钼矿', '8', '李先生', '求购废钼催化剂', '深圳龙华大浪石光工业区', '20', '1', '18666666', '538', '0000-00-00 00:00:00', '1', '1', null, null, '供应钼铁');
INSERT INTO mu_supply VALUES ('64', '1', '0', '钼铁，钼矿', '16', '李先生', '长期钼铁出售', '深圳龙华大浪石光工业区', '14', '1', '18666666', '496', '0000-00-00 00:00:00', '1', '1', null, null, '长期供应钼铁60%');
INSERT INTO mu_supply VALUES ('65', '1', '1', '钼铁，钼矿', '14', '李先生', '长期钼铁出售', '深圳龙华大浪石光工业区', '3', '1', '18666666', '638', '0000-00-00 00:00:00', '1', '1', null, null, '供应钼铁');
INSERT INTO mu_supply VALUES ('66', '1', '1', '钼铁，钼矿', '10', '李先生', '采购钼丝，钼针，钼板，钼铁', '深圳龙华大浪石光工业区', '11', '1', '18666666', '160', '0000-00-00 00:00:00', '1', '1', null, null, '长期出售钼酸铵');
INSERT INTO mu_supply VALUES ('67', '1', '1', '钼铁，钼矿', '21', '李先生', '深圳废钼条回收', '深圳龙华大浪石光工业区', '8', '1', '18666666', '810', '0000-00-00 00:00:00', '1', '1', null, null, '采购钼丝，钼针，钼板，钼铁');
INSERT INTO mu_supply VALUES ('68', '1', '1', '钼铁，钼矿', '16', '李先生', '长期供应钼铁60%，欢迎来电', '深圳龙华大浪石光工业区', '20', '1', '18666666', '775', '0000-00-00 00:00:00', '1', '1', null, null, '采购钼丝，钼针，钼板，钼铁');
INSERT INTO mu_supply VALUES ('69', '1', '1', '钼铁，钼矿', '15', '李先生', '钼铁钼棒回收钼片钼块回收钼渣回收上海钼丝废钼回收', '深圳龙华大浪石光工业区', '19', '1', '18666666', '669', '0000-00-00 00:00:00', '1', '1', null, null, '长期供应钼铁60%');
INSERT INTO mu_supply VALUES ('70', '1', '0', '钼铁，钼矿', '4', '李先生', '我公司长期大量求购废钼丝', '深圳龙华大浪石光工业区', '6', '1', '18666666', '694', '0000-00-00 00:00:00', '1', '1', null, null, '钼铁钼棒回收钼片钼块回收钼渣回收上海钼丝废钼回收');
INSERT INTO mu_supply VALUES ('71', '1', '0', '钼铁，钼矿', '7', '李先生', '深圳废钼条回收', '深圳龙华大浪石光工业区', '15', '1', '18666666', '363', '0000-00-00 00:00:00', '1', '1', null, null, '长期钼铁出售');
INSERT INTO mu_supply VALUES ('72', '1', '0', '钼铁，钼矿', '6', '李先生', '深圳废钼条回收', '深圳龙华大浪石光工业区', '18', '1', '18666666', '288', '0000-00-00 00:00:00', '1', '1', null, null, '长期出售钼酸铵');
INSERT INTO mu_supply VALUES ('73', '1', '0', '钼铁，钼矿', '11', '李先生', '深圳废钼条回收', '深圳龙华大浪石光工业区', '8', '1', '18666666', '695', '0000-00-00 00:00:00', '1', '1', null, null, '供应钼铁');
INSERT INTO mu_supply VALUES ('74', '1', '1', '钼铁，钼矿', '17', '李先生', '长期出售钼酸铵', '深圳龙华大浪石光工业区', '18', '1', '18666666', '463', '0000-00-00 00:00:00', '1', '1', null, null, '我公司长期大量求购废钼丝');
INSERT INTO mu_supply VALUES ('75', '1', '0', '钼铁，钼矿', '5', '李先生', '长期出售钼酸铵', '深圳龙华大浪石光工业区', '16', '1', '18666666', '805', '0000-00-00 00:00:00', '1', '1', null, null, '长期供应钼铁');
INSERT INTO mu_supply VALUES ('76', '1', '0', '钼铁，钼矿', '20', '李先生', '采购钼丝，钼针，钼板，钼铁', '深圳龙华大浪石光工业区', '12', '1', '18666666', '512', '0000-00-00 00:00:00', '1', '1', null, null, '钼铁钼棒回收钼片钼块回收钼渣回收上海钼丝废钼回收');
INSERT INTO mu_supply VALUES ('77', '1', '0', '钼铁，钼矿', '19', '李先生', '长期出售钼酸铵', '深圳龙华大浪石光工业区', '15', '1', '18666666', '665', '0000-00-00 00:00:00', '1', '1', null, null, '采购钼丝，钼针，钼板，钼铁');
INSERT INTO mu_supply VALUES ('78', '1', '0', '钼铁，钼矿', '12', '李先生', '长期出售钼酸铵', '深圳龙华大浪石光工业区', '17', '1', '18666666', '874', '0000-00-00 00:00:00', '1', '1', null, null, '求购废钼催化剂');
INSERT INTO mu_supply VALUES ('79', '1', '0', '钼铁，钼矿', '14', '李先生', '长期出售钼酸铵', '深圳龙华大浪石光工业区', '9', '1', '18666666', '673', '0000-00-00 00:00:00', '1', '1', null, null, '钼铁钼棒回收钼片钼块回收钼渣回收上海钼丝废钼回收');
INSERT INTO mu_supply VALUES ('80', '1', '0', '钼铁，钼矿', '1', '李先生', '供应钼铁', '深圳龙华大浪石光工业区', '19', '1', '18666666', '887', '0000-00-00 00:00:00', '1', '1', null, null, '求购废钼催化剂');
INSERT INTO mu_supply VALUES ('81', '1', '0', '钼铁，钼矿', '21', '李先生', '采购钼丝，钼针，钼板，钼铁', '深圳龙华大浪石光工业区', '11', '1', '18666666', '433', '0000-00-00 00:00:00', '1', '1', null, null, '我公司长期大量求购废钼丝');
INSERT INTO mu_supply VALUES ('82', '1', '0', '钼铁，钼矿', '10', '李先生', '深圳废钼条回收', '深圳龙华大浪石光工业区', '3', '1', '18666666', '323', '0000-00-00 00:00:00', '1', '1', null, null, '我公司长期大量求购废钼丝');
INSERT INTO mu_supply VALUES ('83', '1', '1', '钼铁，钼矿', '8', '李先生', '长期供应钼铁60%', '深圳龙华大浪石光工业区', '7', '1', '18666666', '302', '0000-00-00 00:00:00', '1', '1', null, null, '采购钼丝，钼针，钼板，钼铁');
INSERT INTO mu_supply VALUES ('84', '1', '0', '钼铁，钼矿', '17', '李先生', '长期供应钼铁60%', '深圳龙华大浪石光工业区', '4', '1', '18666666', '953', '0000-00-00 00:00:00', '1', '1', null, null, '采购钼丝，钼针，钼板，钼铁');
INSERT INTO mu_supply VALUES ('85', '1', '0', '钼铁，钼矿', '12', '李先生', '保密现金回收钼铁', '深圳龙华大浪石光工业区', '12', '1', '18666666', '839', '0000-00-00 00:00:00', '1', '1', null, null, '我公司长期大量求购废钼丝');
INSERT INTO mu_supply VALUES ('86', '1', '0', '钼铁，钼矿', '7', '李先生', '长期出售钼酸铵', '深圳龙华大浪石光工业区', '8', '1', '18666666', '792', '0000-00-00 00:00:00', '1', '1', null, null, '长期出售钼酸铵');
INSERT INTO mu_supply VALUES ('87', '1', '1', '钼铁，钼矿', '18', '李先生', '钼铁钼棒回收钼片钼块回收钼渣回收上海钼丝废钼回收', '深圳龙华大浪石光工业区', '20', '1', '18666666', '429', '0000-00-00 00:00:00', '1', '1', null, null, '求购废钼催化剂');
INSERT INTO mu_supply VALUES ('88', '1', '1', '钼铁，钼矿', '8', '李先生', '钼铁钼棒回收钼片钼块回收钼渣回收上海钼丝废钼回收', '深圳龙华大浪石光工业区', '17', '1', '18666666', '955', '0000-00-00 00:00:00', '1', '1', null, null, '长期供应钼铁60%');
INSERT INTO mu_supply VALUES ('89', '1', '0', '钼铁，钼矿', '20', '李先生', '采购钼丝，钼针，钼板，钼铁', '深圳龙华大浪石光工业区', '15', '1', '18666666', '606', '0000-00-00 00:00:00', '1', '1', null, null, '采购钼丝，钼针，钼板，钼铁');
INSERT INTO mu_supply VALUES ('90', '1', '0', '钼铁，钼矿', '11', '李先生', '供应钼铁', '深圳龙华大浪石光工业区', '6', '1', '18666666', '832', '0000-00-00 00:00:00', '1', '1', null, null, '供应钼铁');
INSERT INTO mu_supply VALUES ('91', '1', '0', '钼铁，钼矿', '1', '李先生', '保密现金回收钼铁', '深圳龙华大浪石光工业区', '9', '1', '18666666', '760', '0000-00-00 00:00:00', '1', '1', null, null, '长期钼铁出售');
INSERT INTO mu_supply VALUES ('92', '1', '0', '钼铁，钼矿', '5', '李先生', '钼铁钼棒回收钼片钼块回收钼渣回收上海钼丝废钼回收', '深圳龙华大浪石光工业区', '9', '1', '18666666', '115', '0000-00-00 00:00:00', '1', '1', null, null, '长期供应钼铁');
INSERT INTO mu_supply VALUES ('93', '1', '1', '钼铁，钼矿', '20', '李先生', '求购废钼催化剂', '深圳龙华大浪石光工业区', '12', '1', '18666666', '419', '0000-00-00 00:00:00', '1', '1', null, null, '长期供应钼铁60%，欢迎来电');
INSERT INTO mu_supply VALUES ('94', '1', '0', '钼铁，钼矿', '9', '李先生', '采购钼丝，钼针，钼板，钼铁', '深圳龙华大浪石光工业区', '15', '1', '18666666', '116', '0000-00-00 00:00:00', '1', '1', null, null, '采购钼丝，钼针，钼板，钼铁');
INSERT INTO mu_supply VALUES ('95', '1', '1', '钼铁，钼矿', '15', '李先生', '求购废钼催化剂', '深圳龙华大浪石光工业区', '10', '1', '18666666', '69', '0000-00-00 00:00:00', '1', '1', null, null, '深圳废钼条回收');
INSERT INTO mu_supply VALUES ('96', '1', '0', '钼铁，钼矿', '21', '李先生', '采购钼丝，钼针，钼板，钼铁', '深圳龙华大浪石光工业区', '6', '1', '18666666', '900', '0000-00-00 00:00:00', '1', '1', null, null, '我公司长期大量求购废钼丝');
INSERT INTO mu_supply VALUES ('97', '1', '0', '钼铁，钼矿', '12', '李先生', '供应钼铁', '深圳龙华大浪石光工业区', '13', '1', '18666666', '82', '0000-00-00 00:00:00', '1', '1', null, null, '长期出售钼酸铵');
INSERT INTO mu_supply VALUES ('98', '1', '0', '钼铁，钼矿', '17', '李先生', '我公司长期大量求购废钼丝', '深圳龙华大浪石光工业区', '18', '1', '18666666', '856', '0000-00-00 00:00:00', '1', '1', null, null, '保密现金回收钼铁');
INSERT INTO mu_supply VALUES ('99', '1', '1', '钼铁，钼矿', '6', '李先生', '我公司长期大量求购废钼丝', '深圳龙华大浪石光工业区', '18', '1', '18666666', '996', '0000-00-00 00:00:00', '1', '1', null, null, '我公司长期大量求购废钼丝');
INSERT INTO mu_supply VALUES ('100', '1', '0', '钼铁，钼矿', '3', '李先生', '钼铁钼棒回收钼片钼块回收钼渣回收上海钼丝废钼回收', '深圳龙华大浪石光工业区', '17', '1', '18666666', '759', '0000-00-00 00:00:00', '1', '1', null, null, '深圳废钼条回收');
INSERT INTO mu_supply VALUES ('101', '1', '1', '钼铁，钼矿', '21', '李先生', '钼铁钼棒回收钼片钼块回收钼渣回收上海钼丝废钼回收', '深圳龙华大浪石光工业区', '7', '1', '18666666', '377', '0000-00-00 00:00:00', '1', '1', null, null, '长期供应钼铁60%');
INSERT INTO mu_supply VALUES ('102', '1', '1', '钼铁，钼矿', '11', '李先生', '钼铁钼棒回收钼片钼块回收钼渣回收上海钼丝废钼回收', '深圳龙华大浪石光工业区', '7', '1', '18666666', '892', '0000-00-00 00:00:00', '1', '1', null, null, '长期供应钼铁60%，欢迎来电');
INSERT INTO mu_supply VALUES ('103', '1', '1', '钼铁，钼矿', '17', '李先生', '长期供应钼铁60%', '深圳龙华大浪石光工业区', '5', '1', '18666666', '994', '0000-00-00 00:00:00', '1', '1', null, null, '供应钼铁');
INSERT INTO mu_supply VALUES ('104', '1', '0', '钼铁，钼矿', '20', '李先生', '供应钼铁', '深圳龙华大浪石光工业区', '8', '1', '18666666', '349', '0000-00-00 00:00:00', '1', '1', null, null, '供应钼铁');
INSERT INTO mu_supply VALUES ('105', '1', '1', '钼铁，钼矿', '10', '李先生', '保密现金回收钼铁', '深圳龙华大浪石光工业区', '20', '1', '18666666', '731', '0000-00-00 00:00:00', '1', '1', null, null, '我公司长期大量求购废钼丝');
INSERT INTO mu_supply VALUES ('106', '1', '1', '钼铁，钼矿', '8', '李先生', '长期供应钼铁60%', '深圳龙华大浪石光工业区', '18', '1', '18666666', '802', '0000-00-00 00:00:00', '1', '1', null, null, '钼铁钼棒回收钼片钼块回收钼渣回收上海钼丝废钼回收');
INSERT INTO mu_supply VALUES ('107', '1', '1', '钼铁，钼矿', '6', '李先生', '深圳废钼条回收', '深圳龙华大浪石光工业区', '8', '1', '18666666', '409', '0000-00-00 00:00:00', '1', '1', null, null, '长期供应钼铁60%，欢迎来电');
INSERT INTO mu_supply VALUES ('108', '1', '0', '钼铁，钼矿', '16', '李先生', '供应钼铁', '深圳龙华大浪石光工业区', '13', '1', '18666666', '79', '0000-00-00 00:00:00', '1', '1', null, null, '我公司长期大量求购废钼丝');
INSERT INTO mu_supply VALUES ('109', '1', '1', '钼铁，钼矿', '10', '李先生', '求购废钼催化剂', '深圳龙华大浪石光工业区', '17', '1', '18666666', '64', '0000-00-00 00:00:00', '1', '1', null, null, '长期供应钼铁');
INSERT INTO mu_supply VALUES ('110', '1', '1', '钼铁，钼矿', '15', '李先生', '长期出售钼酸铵', '深圳龙华大浪石光工业区', '18', '1', '18666666', '765', '0000-00-00 00:00:00', '1', '1', null, null, '深圳废钼条回收');
INSERT INTO mu_supply VALUES ('111', '1', '0', '钼铁，钼矿', '11', '李先生', '深圳废钼条回收', '深圳龙华大浪石光工业区', '2', '1', '18666666', '949', '0000-00-00 00:00:00', '1', '1', null, null, '长期钼铁出售');
INSERT INTO mu_supply VALUES ('112', '1', '0', '钼铁，钼矿', '19', '李先生', '我公司长期大量求购废钼丝', '深圳龙华大浪石光工业区', '13', '1', '18666666', '490', '0000-00-00 00:00:00', '1', '1', null, null, '求购废钼催化剂');
INSERT INTO mu_supply VALUES ('113', '1', '0', '钼铁，钼矿', '3', '李先生', '求购废钼催化剂', '深圳龙华大浪石光工业区', '9', '1', '18666666', '365', '0000-00-00 00:00:00', '1', '1', null, null, '我公司长期大量求购废钼丝');
INSERT INTO mu_supply VALUES ('114', '1', '0', '钼铁，钼矿', '11', '李先生', '长期钼铁出售', '深圳龙华大浪石光工业区', '20', '1', '18666666', '435', '0000-00-00 00:00:00', '1', '1', null, null, '采购钼丝，钼针，钼板，钼铁');
INSERT INTO mu_supply VALUES ('115', '1', '0', '钼铁，钼矿', '14', '李先生', '采购钼丝，钼针，钼板，钼铁', '深圳龙华大浪石光工业区', '13', '1', '18666666', '163', '0000-00-00 00:00:00', '1', '1', null, null, '深圳废钼条回收');
INSERT INTO mu_supply VALUES ('116', '1', '0', '钼铁，钼矿', '9', '李先生', '长期钼铁出售', '深圳龙华大浪石光工业区', '12', '1', '18666666', '144', '0000-00-00 00:00:00', '1', '1', null, null, '深圳废钼条回收');
INSERT INTO mu_supply VALUES ('117', '1', '1', '钼铁，钼矿', '6', '李先生', '长期供应钼铁', '深圳龙华大浪石光工业区', '15', '1', '18666666', '244', '0000-00-00 00:00:00', '1', '1', null, null, '求购废钼催化剂');
INSERT INTO mu_supply VALUES ('118', '1', '1', '钼铁，钼矿', '5', '李先生', '供应钼铁', '深圳龙华大浪石光工业区', '4', '1', '18666666', '937', '0000-00-00 00:00:00', '1', '1', null, null, '供应钼铁');
INSERT INTO mu_supply VALUES ('119', '1', '0', '钼铁，钼矿', '17', '李先生', '采购钼丝，钼针，钼板，钼铁', '深圳龙华大浪石光工业区', '7', '1', '18666666', '676', '0000-00-00 00:00:00', '1', '1', null, null, '采购钼丝，钼针，钼板，钼铁');
INSERT INTO mu_supply VALUES ('120', '1', '0', '钼铁，钼矿', '15', '李先生', '我公司长期大量求购废钼丝', '深圳龙华大浪石光工业区', '19', '1', '18666666', '132', '0000-00-00 00:00:00', '1', '1', null, null, '长期出售钼酸铵');
INSERT INTO mu_supply VALUES ('121', '1', '0', '钼铁，钼矿', '19', '李先生', '我公司长期大量求购废钼丝', '深圳龙华大浪石光工业区', '9', '1', '18666666', '205', '0000-00-00 00:00:00', '1', '1', null, null, '长期钼铁出售');
INSERT INTO mu_supply VALUES ('122', '1', '0', '钼铁，钼矿', '7', '李先生', '深圳废钼条回收', '深圳龙华大浪石光工业区', '14', '1', '18666666', '886', '0000-00-00 00:00:00', '1', '1', null, null, '长期供应钼铁60%，欢迎来电');
INSERT INTO mu_supply VALUES ('123', '1', '1', '钼铁，钼矿', '15', '李先生', '我公司长期大量求购废钼丝', '深圳龙华大浪石光工业区', '13', '1', '18666666', '973', '0000-00-00 00:00:00', '1', '1', null, null, '求购废钼催化剂');
INSERT INTO mu_supply VALUES ('124', '1', '1', '钼铁，钼矿', '9', '李先生', '长期供应钼铁', '深圳龙华大浪石光工业区', '7', '1', '18666666', '501', '0000-00-00 00:00:00', '1', '1', null, null, '深圳废钼条回收');
INSERT INTO mu_supply VALUES ('125', '1', '1', '钼铁，钼矿', '15', '李先生', '长期供应钼铁', '深圳龙华大浪石光工业区', '5', '1', '18666666', '729', '0000-00-00 00:00:00', '1', '1', null, null, '保密现金回收钼铁');
INSERT INTO mu_supply VALUES ('126', '1', '0', '钼铁，钼矿', '15', '李先生', '长期钼铁出售', '深圳龙华大浪石光工业区', '11', '1', '18666666', '789', '0000-00-00 00:00:00', '1', '1', null, null, '采购钼丝，钼针，钼板，钼铁');
INSERT INTO mu_supply VALUES ('127', '1', '1', '钼铁，钼矿', '15', '李先生', '供应钼铁', '深圳龙华大浪石光工业区', '14', '1', '18666666', '303', '0000-00-00 00:00:00', '1', '1', null, null, '钼铁钼棒回收钼片钼块回收钼渣回收上海钼丝废钼回收');
INSERT INTO mu_supply VALUES ('128', '1', '0', '钼铁，钼矿', '17', '李先生', '采购钼丝，钼针，钼板，钼铁', '深圳龙华大浪石光工业区', '14', '1', '18666666', '992', '0000-00-00 00:00:00', '1', '1', null, null, '我公司长期大量求购废钼丝');
INSERT INTO mu_supply VALUES ('129', '1', '1', '钼铁，钼矿', '16', '李先生', '长期出售钼酸铵', '深圳龙华大浪石光工业区', '20', '1', '18666666', '504', '0000-00-00 00:00:00', '1', '1', null, null, '长期钼铁出售');
INSERT INTO mu_supply VALUES ('130', '1', '1', '钼铁，钼矿', '7', '李先生', '采购钼丝，钼针，钼板，钼铁', '深圳龙华大浪石光工业区', '20', '1', '18666666', '738', '0000-00-00 00:00:00', '1', '1', null, null, '长期钼铁出售');
INSERT INTO mu_supply VALUES ('131', '1', '0', '钼铁，钼矿', '7', '李先生', '求购废钼催化剂', '深圳龙华大浪石光工业区', '6', '1', '18666666', '100', '0000-00-00 00:00:00', '1', '1', null, null, '长期供应钼铁');
INSERT INTO mu_supply VALUES ('132', '1', '1', '钼铁，钼矿', '5', '李先生', '供应钼铁', '深圳龙华大浪石光工业区', '12', '1', '18666666', '427', '0000-00-00 00:00:00', '1', '1', null, null, '我公司长期大量求购废钼丝');
INSERT INTO mu_supply VALUES ('133', '1', '1', '钼铁，钼矿', '14', '李先生', '长期供应钼铁60%，欢迎来电', '深圳龙华大浪石光工业区', '12', '1', '18666666', '181', '0000-00-00 00:00:00', '1', '1', null, null, '钼铁钼棒回收钼片钼块回收钼渣回收上海钼丝废钼回收');
INSERT INTO mu_supply VALUES ('134', '1', '0', '钼铁，钼矿', '7', '李先生', '供应钼铁', '深圳龙华大浪石光工业区', '7', '1', '18666666', '265', '0000-00-00 00:00:00', '1', '1', null, null, '长期供应钼铁');
INSERT INTO mu_supply VALUES ('135', '1', '0', '钼铁，钼矿', '17', '李先生', '供应钼铁', '深圳龙华大浪石光工业区', '3', '1', '18666666', '828', '0000-00-00 00:00:00', '1', '1', null, null, '长期钼铁出售');
INSERT INTO mu_supply VALUES ('136', '1', '0', '钼铁，钼矿', '3', '李先生', '保密现金回收钼铁', '深圳龙华大浪石光工业区', '18', '1', '18666666', '130', '0000-00-00 00:00:00', '1', '1', null, null, '长期供应钼铁60%');
INSERT INTO mu_supply VALUES ('137', '1', '0', '钼铁，钼矿', '16', '李先生', '供应钼铁', '深圳龙华大浪石光工业区', '10', '1', '18666666', '382', '0000-00-00 00:00:00', '1', '1', null, null, '长期钼铁出售');
INSERT INTO mu_supply VALUES ('138', '1', '1', '钼铁，钼矿', '2', '李先生', '长期出售钼酸铵', '深圳龙华大浪石光工业区', '6', '1', '18666666', '501', '0000-00-00 00:00:00', '1', '1', null, null, '采购钼丝，钼针，钼板，钼铁');
INSERT INTO mu_supply VALUES ('139', '1', '0', '钼铁，钼矿', '10', '李先生', '采购钼丝，钼针，钼板，钼铁', '深圳龙华大浪石光工业区', '12', '1', '18666666', '113', '0000-00-00 00:00:00', '1', '1', null, null, '长期供应钼铁60%，欢迎来电');
INSERT INTO mu_supply VALUES ('140', '1', '1', '钼铁，钼矿', '17', '李先生', '长期供应钼铁', '深圳龙华大浪石光工业区', '13', '1', '18666666', '840', '0000-00-00 00:00:00', '1', '1', null, null, '供应钼铁');
INSERT INTO mu_supply VALUES ('141', '1', '0', '钼铁，钼矿', '20', '李先生', '求购废钼催化剂', '深圳龙华大浪石光工业区', '16', '1', '18666666', '684', '0000-00-00 00:00:00', '1', '1', null, null, '长期出售钼酸铵');
INSERT INTO mu_supply VALUES ('142', '1', '0', '钼铁，钼矿', '20', '李先生', '保密现金回收钼铁', '深圳龙华大浪石光工业区', '12', '1', '18666666', '465', '0000-00-00 00:00:00', '1', '1', null, null, '采购钼丝，钼针，钼板，钼铁');
INSERT INTO mu_supply VALUES ('143', '1', '1', '钼铁，钼矿', '10', '李先生', '保密现金回收钼铁', '深圳龙华大浪石光工业区', '3', '1', '18666666', '414', '0000-00-00 00:00:00', '1', '1', null, null, '长期供应钼铁60%，欢迎来电');
INSERT INTO mu_supply VALUES ('144', '1', '1', '钼铁，钼矿', '6', '李先生', '钼铁钼棒回收钼片钼块回收钼渣回收上海钼丝废钼回收', '深圳龙华大浪石光工业区', '18', '1', '18666666', '294', '0000-00-00 00:00:00', '1', '1', null, null, '保密现金回收钼铁');
INSERT INTO mu_supply VALUES ('145', '1', '0', '钼铁，钼矿', '17', '李先生', '长期供应钼铁', '深圳龙华大浪石光工业区', '8', '1', '18666666', '611', '0000-00-00 00:00:00', '1', '1', null, null, '长期供应钼铁60%');
INSERT INTO mu_supply VALUES ('146', '1', '1', '钼铁，钼矿', '13', '李先生', '长期供应钼铁60%，欢迎来电', '深圳龙华大浪石光工业区', '11', '1', '18666666', '820', '0000-00-00 00:00:00', '1', '1', null, null, '我公司长期大量求购废钼丝');
INSERT INTO mu_supply VALUES ('147', '1', '1', '钼铁，钼矿', '4', '李先生', '保密现金回收钼铁', '深圳龙华大浪石光工业区', '6', '1', '18666666', '24', '0000-00-00 00:00:00', '1', '1', null, null, '钼铁钼棒回收钼片钼块回收钼渣回收上海钼丝废钼回收');
INSERT INTO mu_supply VALUES ('148', '1', '0', '钼铁，钼矿', '11', '李先生', '采购钼丝，钼针，钼板，钼铁', '深圳龙华大浪石光工业区', '9', '1', '18666666', '982', '0000-00-00 00:00:00', '1', '1', null, null, '深圳废钼条回收');
INSERT INTO mu_supply VALUES ('149', '1', '1', '钼铁，钼矿', '13', '李先生', '长期供应钼铁', '深圳龙华大浪石光工业区', '11', '1', '18666666', '353', '0000-00-00 00:00:00', '1', '1', null, null, '供应钼铁');
INSERT INTO mu_supply VALUES ('150', '1', '0', '钼铁，钼矿', '13', '李先生', '长期供应钼铁', '深圳龙华大浪石光工业区', '15', '1', '18666666', '746', '0000-00-00 00:00:00', '1', '1', null, null, '深圳废钼条回收');
INSERT INTO mu_supply VALUES ('151', '1', '1', '钼铁，钼矿', '14', '李先生', '长期供应钼铁60%', '深圳龙华大浪石光工业区', '5', '1', '18666666', '426', '0000-00-00 00:00:00', '1', '1', null, null, '长期出售钼酸铵');
INSERT INTO mu_supply VALUES ('152', '1', '0', '钼铁，钼矿', '9', '李先生', '供应钼铁', '深圳龙华大浪石光工业区', '6', '1', '18666666', '517', '0000-00-00 00:00:00', '1', '1', null, null, '求购废钼催化剂');
INSERT INTO mu_supply VALUES ('153', '1', '1', '钼铁，钼矿', '4', '李先生', '长期供应钼铁', '深圳龙华大浪石光工业区', '20', '1', '18666666', '283', '0000-00-00 00:00:00', '1', '1', null, null, '长期出售钼酸铵');
INSERT INTO mu_supply VALUES ('154', '1', '1', '钼铁，钼矿', '20', '李先生', '钼铁钼棒回收钼片钼块回收钼渣回收上海钼丝废钼回收', '深圳龙华大浪石光工业区', '6', '1', '18666666', '186', '0000-00-00 00:00:00', '1', '1', null, null, '采购钼丝，钼针，钼板，钼铁');
INSERT INTO mu_supply VALUES ('155', '1', '1', '钼铁，钼矿', '13', '李先生', '长期出售钼酸铵', '深圳龙华大浪石光工业区', '2', '1', '18666666', '604', '0000-00-00 00:00:00', '1', '1', null, null, '长期钼铁出售');
INSERT INTO mu_supply VALUES ('156', '1', '1', '钼铁，钼矿', '12', '李先生', '供应钼铁', '深圳龙华大浪石光工业区', '16', '1', '18666666', '855', '0000-00-00 00:00:00', '1', '1', null, null, '采购钼丝，钼针，钼板，钼铁');
INSERT INTO mu_supply VALUES ('157', '1', '1', '钼铁，钼矿', '12', '李先生', '采购钼丝，钼针，钼板，钼铁', '深圳龙华大浪石光工业区', '6', '1', '18666666', '137', '0000-00-00 00:00:00', '1', '1', null, null, '求购废钼催化剂');
INSERT INTO mu_supply VALUES ('158', '1', '0', '钼铁，钼矿', '21', '李先生', '长期供应钼铁60%', '深圳龙华大浪石光工业区', '8', '1', '18666666', '19', '0000-00-00 00:00:00', '1', '1', null, null, '求购废钼催化剂');
INSERT INTO mu_supply VALUES ('159', '1', '1', '钼铁，钼矿', '14', '李先生', '深圳废钼条回收', '深圳龙华大浪石光工业区', '3', '1', '18666666', '99', '0000-00-00 00:00:00', '1', '1', null, null, '深圳废钼条回收');
INSERT INTO mu_supply VALUES ('160', '1', '0', '钼铁，钼矿', '1', '李先生', '求购废钼催化剂', '深圳龙华大浪石光工业区', '15', '1', '18666666', '32', '0000-00-00 00:00:00', '1', '1', null, null, '采购钼丝，钼针，钼板，钼铁');
INSERT INTO mu_supply VALUES ('161', '1', '1', '钼铁，钼矿', '11', '李先生', '长期供应钼铁60%，欢迎来电', '深圳龙华大浪石光工业区', '18', '1', '18666666', '899', '0000-00-00 00:00:00', '1', '1', null, null, '我公司长期大量求购废钼丝');
INSERT INTO mu_supply VALUES ('162', '1', '1', '钼铁，钼矿', '7', '李先生', '采购钼丝，钼针，钼板，钼铁', '深圳龙华大浪石光工业区', '7', '1', '18666666', '243', '0000-00-00 00:00:00', '1', '1', null, null, '长期供应钼铁');
INSERT INTO mu_supply VALUES ('163', '1', '1', '钼铁，钼矿', '17', '李先生', '长期供应钼铁60%，欢迎来电', '深圳龙华大浪石光工业区', '8', '1', '18666666', '997', '0000-00-00 00:00:00', '1', '1', null, null, '我公司长期大量求购废钼丝');
INSERT INTO mu_supply VALUES ('164', '1', '1', '钼铁，钼矿', '2', '李先生', '深圳废钼条回收', '深圳龙华大浪石光工业区', '13', '1', '18666666', '851', '0000-00-00 00:00:00', '1', '1', null, null, '长期供应钼铁60%');
INSERT INTO mu_supply VALUES ('165', '1', '1', '钼铁，钼矿', '9', '李先生', '采购钼丝，钼针，钼板，钼铁', '深圳龙华大浪石光工业区', '14', '1', '18666666', '615', '0000-00-00 00:00:00', '1', '1', null, null, '长期供应钼铁');
INSERT INTO mu_supply VALUES ('166', '1', '0', '钼铁，钼矿', '15', '李先生', '我公司长期大量求购废钼丝', '深圳龙华大浪石光工业区', '12', '1', '18666666', '602', '0000-00-00 00:00:00', '1', '1', null, null, '我公司长期大量求购废钼丝');
INSERT INTO mu_supply VALUES ('167', '1', '1', '钼铁，钼矿', '8', '李先生', '长期出售钼酸铵', '深圳龙华大浪石光工业区', '13', '1', '18666666', '923', '0000-00-00 00:00:00', '1', '1', null, null, '长期钼铁出售');
INSERT INTO mu_supply VALUES ('168', '1', '1', '钼铁，钼矿', '1', '李先生', '长期钼铁出售', '深圳龙华大浪石光工业区', '5', '1', '18666666', '386', '0000-00-00 00:00:00', '1', '1', null, null, '供应钼铁');
INSERT INTO mu_supply VALUES ('169', '1', '1', '钼铁，钼矿', '10', '李先生', '长期出售钼酸铵', '深圳龙华大浪石光工业区', '14', '1', '18666666', '562', '0000-00-00 00:00:00', '1', '1', null, null, '求购废钼催化剂');
INSERT INTO mu_supply VALUES ('170', '1', '1', '钼铁，钼矿', '21', '李先生', '钼铁钼棒回收钼片钼块回收钼渣回收上海钼丝废钼回收', '深圳龙华大浪石光工业区', '20', '1', '18666666', '762', '0000-00-00 00:00:00', '1', '1', null, null, '钼铁钼棒回收钼片钼块回收钼渣回收上海钼丝废钼回收');
INSERT INTO mu_supply VALUES ('171', '1', '1', '钼铁，钼矿', '2', '李先生', '长期出售钼酸铵', '深圳龙华大浪石光工业区', '16', '1', '18666666', '57', '0000-00-00 00:00:00', '1', '1', null, null, '采购钼丝，钼针，钼板，钼铁');
INSERT INTO mu_supply VALUES ('172', '1', '0', '钼铁，钼矿', '4', '李先生', '采购钼丝，钼针，钼板，钼铁', '深圳龙华大浪石光工业区', '13', '1', '18666666', '487', '0000-00-00 00:00:00', '1', '1', null, null, '长期钼铁出售');
INSERT INTO mu_supply VALUES ('173', '1', '1', '钼铁，钼矿', '4', '李先生', '深圳废钼条回收', '深圳龙华大浪石光工业区', '12', '1', '18666666', '951', '0000-00-00 00:00:00', '1', '1', null, null, '长期供应钼铁60%');
INSERT INTO mu_supply VALUES ('174', '1', '0', '钼铁，钼矿', '2', '李先生', '长期供应钼铁60%', '深圳龙华大浪石光工业区', '4', '1', '18666666', '922', '0000-00-00 00:00:00', '1', '1', null, null, '采购钼丝，钼针，钼板，钼铁');
INSERT INTO mu_supply VALUES ('175', '1', '0', '钼铁，钼矿', '2', '李先生', '长期供应钼铁60%，欢迎来电', '深圳龙华大浪石光工业区', '19', '1', '18666666', '313', '0000-00-00 00:00:00', '1', '1', null, null, '深圳废钼条回收');
INSERT INTO mu_supply VALUES ('176', '1', '1', '钼铁，钼矿', '20', '李先生', '求购废钼催化剂', '深圳龙华大浪石光工业区', '16', '1', '18666666', '565', '0000-00-00 00:00:00', '1', '1', null, null, '钼铁钼棒回收钼片钼块回收钼渣回收上海钼丝废钼回收');
INSERT INTO mu_supply VALUES ('177', '1', '1', '钼铁，钼矿', '19', '李先生', '我公司长期大量求购废钼丝', '深圳龙华大浪石光工业区', '2', '1', '18666666', '887', '0000-00-00 00:00:00', '1', '1', null, null, '供应钼铁');
INSERT INTO mu_supply VALUES ('178', '1', '0', '钼铁，钼矿', '15', '李先生', '我公司长期大量求购废钼丝', '深圳龙华大浪石光工业区', '3', '1', '18666666', '896', '0000-00-00 00:00:00', '1', '1', null, null, '长期供应钼铁');
INSERT INTO mu_supply VALUES ('179', '1', '1', '钼铁，钼矿', '9', '李先生', '求购废钼催化剂', '深圳龙华大浪石光工业区', '5', '1', '18666666', '938', '0000-00-00 00:00:00', '1', '1', null, null, '长期供应钼铁60%');
INSERT INTO mu_supply VALUES ('180', '1', '0', '钼铁，钼矿', '11', '李先生', '采购钼丝，钼针，钼板，钼铁', '深圳龙华大浪石光工业区', '17', '1', '18666666', '413', '0000-00-00 00:00:00', '1', '1', null, null, '长期出售钼酸铵');
INSERT INTO mu_supply VALUES ('181', '1', '1', '钼铁，钼矿', '13', '李先生', '长期供应钼铁60%，欢迎来电', '深圳龙华大浪石光工业区', '11', '1', '18666666', '376', '0000-00-00 00:00:00', '1', '1', null, null, '长期钼铁出售');
INSERT INTO mu_supply VALUES ('182', '1', '0', '钼铁，钼矿', '5', '李先生', '长期供应钼铁60%，欢迎来电', '深圳龙华大浪石光工业区', '10', '1', '18666666', '988', '0000-00-00 00:00:00', '1', '1', null, null, '我公司长期大量求购废钼丝');
INSERT INTO mu_supply VALUES ('183', '1', '1', '钼铁，钼矿', '3', '李先生', '长期供应钼铁60%，欢迎来电', '深圳龙华大浪石光工业区', '16', '1', '18666666', '836', '0000-00-00 00:00:00', '1', '1', null, null, '求购废钼催化剂');
INSERT INTO mu_supply VALUES ('184', '1', '0', '钼铁，钼矿', '9', '李先生', '钼铁钼棒回收钼片钼块回收钼渣回收上海钼丝废钼回收', '深圳龙华大浪石光工业区', '5', '1', '18666666', '420', '0000-00-00 00:00:00', '1', '1', null, null, '采购钼丝，钼针，钼板，钼铁');
INSERT INTO mu_supply VALUES ('185', '1', '1', '钼铁，钼矿', '3', '李先生', '长期钼铁出售', '深圳龙华大浪石光工业区', '4', '1', '18666666', '147', '0000-00-00 00:00:00', '1', '1', null, null, '长期钼铁出售');
INSERT INTO mu_supply VALUES ('186', '1', '0', '钼铁，钼矿', '7', '李先生', '长期供应钼铁60%，欢迎来电', '深圳龙华大浪石光工业区', '17', '1', '18666666', '637', '0000-00-00 00:00:00', '1', '1', null, null, '深圳废钼条回收');
INSERT INTO mu_supply VALUES ('187', '1', '1', '钼铁，钼矿', '16', '李先生', '长期供应钼铁60%', '深圳龙华大浪石光工业区', '6', '1', '18666666', '102', '0000-00-00 00:00:00', '1', '1', null, null, '长期供应钼铁60%');
INSERT INTO mu_supply VALUES ('188', '1', '0', '钼铁，钼矿', '4', '李先生', '钼铁钼棒回收钼片钼块回收钼渣回收上海钼丝废钼回收', '深圳龙华大浪石光工业区', '11', '1', '18666666', '137', '0000-00-00 00:00:00', '1', '1', null, null, '保密现金回收钼铁');
INSERT INTO mu_supply VALUES ('189', '1', '0', '钼铁，钼矿', '16', '李先生', '钼铁钼棒回收钼片钼块回收钼渣回收上海钼丝废钼回收', '深圳龙华大浪石光工业区', '7', '1', '18666666', '296', '0000-00-00 00:00:00', '1', '1', null, null, '长期供应钼铁60%，欢迎来电');
INSERT INTO mu_supply VALUES ('190', '1', '0', '钼铁，钼矿', '6', '李先生', '保密现金回收钼铁', '深圳龙华大浪石光工业区', '11', '1', '18666666', '443', '0000-00-00 00:00:00', '1', '1', null, null, '供应钼铁');
INSERT INTO mu_supply VALUES ('191', '1', '1', '钼铁，钼矿', '8', '李先生', '长期供应钼铁60%', '深圳龙华大浪石光工业区', '10', '1', '18666666', '680', '0000-00-00 00:00:00', '1', '1', null, null, '保密现金回收钼铁');
INSERT INTO mu_supply VALUES ('192', '1', '0', '钼铁，钼矿', '18', '李先生', '长期供应钼铁', '深圳龙华大浪石光工业区', '14', '1', '18666666', '845', '0000-00-00 00:00:00', '1', '1', null, null, '长期供应钼铁');
INSERT INTO mu_supply VALUES ('193', '1', '0', '钼铁，钼矿', '7', '李先生', '长期供应钼铁60%', '深圳龙华大浪石光工业区', '15', '1', '18666666', '339', '0000-00-00 00:00:00', '1', '1', null, null, '供应钼铁');
INSERT INTO mu_supply VALUES ('194', '1', '1', '钼铁，钼矿', '11', '李先生', '长期供应钼铁60%，欢迎来电', '深圳龙华大浪石光工业区', '12', '1', '18666666', '349', '0000-00-00 00:00:00', '1', '1', null, null, '深圳废钼条回收');
INSERT INTO mu_supply VALUES ('195', '1', '1', '钼铁，钼矿', '11', '李先生', '长期供应钼铁60%，欢迎来电', '深圳龙华大浪石光工业区', '14', '1', '18666666', '447', '0000-00-00 00:00:00', '1', '1', null, null, '长期供应钼铁60%');
INSERT INTO mu_supply VALUES ('196', '1', '1', '钼铁，钼矿', '6', '李先生', '求购废钼催化剂', '深圳龙华大浪石光工业区', '2', '1', '18666666', '61', '0000-00-00 00:00:00', '1', '1', null, null, '采购钼丝，钼针，钼板，钼铁');
INSERT INTO mu_supply VALUES ('197', '1', '0', '钼铁，钼矿', '21', '李先生', '长期出售钼酸铵', '深圳龙华大浪石光工业区', '19', '1', '18666666', '313', '0000-00-00 00:00:00', '1', '1', null, null, '我公司长期大量求购废钼丝');
INSERT INTO mu_supply VALUES ('198', '1', '0', '钼铁，钼矿', '4', '李先生', '长期供应钼铁60%', '深圳龙华大浪石光工业区', '6', '1', '18666666', '222', '0000-00-00 00:00:00', '1', '1', null, null, '长期钼铁出售');
INSERT INTO mu_supply VALUES ('199', '1', '0', '钼铁，钼矿', '18', '李先生', '我公司长期大量求购废钼丝', '深圳龙华大浪石光工业区', '18', '1', '18666666', '796', '0000-00-00 00:00:00', '1', '1', null, null, '我公司长期大量求购废钼丝');
INSERT INTO mu_supply VALUES ('200', '1', '0', '钼铁，钼矿', '21', '李先生', '保密现金回收钼铁', '深圳龙华大浪石光工业区', '9', '1', '18666666', '268', '0000-00-00 00:00:00', '1', '1', null, null, '长期供应钼铁60%');

-- ----------------------------
-- Table structure for `mu_term`
-- ----------------------------
DROP TABLE IF EXISTS `mu_term`;
CREATE TABLE `mu_term` (
  `term_id` int(11) NOT NULL AUTO_INCREMENT,
  `term_parent_id` tinyint(4) DEFAULT '0',
  `term_name` varchar(128) NOT NULL,
  `term_slug` varchar(200) DEFAULT NULL COMMENT '''描述''',
  `term_group_id` tinyint(4) NOT NULL COMMENT '比如产品分类 职位 ',
  `term_order` tinyint(4) DEFAULT '0',
  `term_create_time` datetime DEFAULT NULL,
  PRIMARY KEY (`term_id`)
) ENGINE=MyISAM AUTO_INCREMENT=21 DEFAULT CHARSET=utf8;

-- ----------------------------
-- Records of mu_term
-- ----------------------------
INSERT INTO mu_term VALUES ('1', '0', '有效', null, '1', '0', '2013-01-20 10:27:00');
INSERT INTO mu_term VALUES ('2', '0', '无效', null, '1', '0', '2013-01-20 17:56:41');
INSERT INTO mu_term VALUES ('3', '0', '吨', null, '2', '0', '2013-01-22 22:31:17');
INSERT INTO mu_term VALUES ('4', '0', '国有企业', null, '4', '0', '2013-01-23 20:59:01');
INSERT INTO mu_term VALUES ('5', '0', '中外合资', null, '4', '0', '2013-01-23 20:59:00');
INSERT INTO mu_term VALUES ('6', '0', '采矿型', null, '5', '0', '2013-01-23 20:58:59');
INSERT INTO mu_term VALUES ('7', '0', '贸易型', null, '5', '0', '2013-01-23 20:58:57');
INSERT INTO mu_term VALUES ('8', '0', '董事长', null, '3', '0', '2013-01-23 21:02:36');
INSERT INTO mu_term VALUES ('9', '0', '图片', null, '6', '0', '2013-01-24 22:29:45');
INSERT INTO mu_term VALUES ('10', '0', 'flash', null, '6', '0', '2013-01-24 22:30:00');
INSERT INTO mu_term VALUES ('11', '0', '首页底部', null, '7', '0', '2013-01-24 22:30:22');
INSERT INTO mu_term VALUES ('12', '0', '首页幻灯片下方', null, '7', '0', '2013-01-26 23:42:01');
INSERT INTO mu_term VALUES ('13', '0', '供应信息', null, '8', '0', '2013-01-24 22:46:11');
INSERT INTO mu_term VALUES ('14', '0', '采购信息', null, '8', '0', '2013-01-24 22:46:22');
INSERT INTO mu_term VALUES ('15', '0', '首页特价信息', null, '9', '0', '2013-01-26 23:42:04');
INSERT INTO mu_term VALUES ('16', '0', '行情', null, '10', '0', '2013-01-26 23:41:46');
INSERT INTO mu_term VALUES ('17', '0', '新闻', null, '10', '0', '2013-01-26 23:41:59');
INSERT INTO mu_term VALUES ('18', '0', '供应', null, '11', '0', '2013-01-27 14:37:56');
INSERT INTO mu_term VALUES ('19', '0', '求购', null, '11', '0', '2013-01-27 14:37:54');
INSERT INTO mu_term VALUES ('20', '0', '钼知识', null, '10', '0', '2013-01-28 00:49:38');

-- ----------------------------
-- Table structure for `mu_term_group`
-- ----------------------------
DROP TABLE IF EXISTS `mu_term_group`;
CREATE TABLE `mu_term_group` (
  `group_id` int(11) NOT NULL AUTO_INCREMENT,
  `group_name` varchar(100) DEFAULT NULL,
  `group_desc` varchar(128) DEFAULT NULL,
  PRIMARY KEY (`group_id`)
) ENGINE=MyISAM AUTO_INCREMENT=12 DEFAULT CHARSET=utf8;

-- ----------------------------
-- Records of mu_term_group
-- ----------------------------
INSERT INTO mu_term_group VALUES ('1', '状态', null);
INSERT INTO mu_term_group VALUES ('2', '重量单位', null);
INSERT INTO mu_term_group VALUES ('3', '职位', null);
INSERT INTO mu_term_group VALUES ('4', '企业类型', null);
INSERT INTO mu_term_group VALUES ('5', '经营模式', null);
INSERT INTO mu_term_group VALUES ('6', '广告媒体类型', null);
INSERT INTO mu_term_group VALUES ('7', '广告位置', null);
INSERT INTO mu_term_group VALUES ('8', '推荐信息类型', null);
INSERT INTO mu_term_group VALUES ('9', '推荐位置', null);
INSERT INTO mu_term_group VALUES ('10', '文章类型', null);
INSERT INTO mu_term_group VALUES ('11', '供求类型', null);

-- ----------------------------
-- Table structure for `mu_user`
-- ----------------------------
DROP TABLE IF EXISTS `mu_user`;
CREATE TABLE `mu_user` (
  `user_id` int(11) NOT NULL AUTO_INCREMENT,
  `user_name` varchar(50) NOT NULL,
  `user_pwd` varchar(40) NOT NULL,
  `user_email` char(100) DEFAULT NULL,
  `user_nickname` varchar(20) DEFAULT NULL,
  `user_type` tinyint(4) DEFAULT NULL COMMENT '用户类型',
  `user_mobile_no` varchar(30) DEFAULT NULL,
  `user_first_name` varchar(50) DEFAULT NULL,
  `user_last_name` varchar(50) DEFAULT NULL,
  `user_status` tinyint(4) DEFAULT NULL,
  `user_province_id` tinyint(4) DEFAULT NULL COMMENT '所在省市',
  `user_city_id` tinyint(4) DEFAULT NULL COMMENT '所在城市',
  `user_subscribe` tinyint(4) DEFAULT NULL COMMENT '用户是否订阅钼市网行情',
  `user_point` bigint(20) DEFAULT NULL COMMENT '用户积分',
  `user_join_date` datetime DEFAULT NULL COMMENT '''注册时间''',
  `user_confirm_date` datetime DEFAULT NULL COMMENT '''验证时间''',
  `user_last_login_date` datetime DEFAULT NULL COMMENT '''最近登录时间''',
  PRIMARY KEY (`user_id`),
  KEY `user_type` (`user_type`),
  KEY `user_status` (`user_status`)
) ENGINE=MyISAM AUTO_INCREMENT=101 DEFAULT CHARSET=utf8;

-- ----------------------------
-- Records of mu_user
-- ----------------------------
INSERT INTO mu_user VALUES ('1', 'xiaofuqian', 'e10adc3949ba59abbe56e057f20f883e', null, null, null, null, null, null, '1', null, null, null, null, null, null, null);
INSERT INTO mu_user VALUES ('3', 'ueelife', 'e10adc3949ba59abbe56e057f20f883e', null, null, null, null, null, null, '1', null, null, null, null, null, null, null);
INSERT INTO mu_user VALUES ('4', 'ueelife', 'e10adc3949ba59abbe56e057f20f883e', null, null, null, null, null, null, '1', null, null, null, null, null, null, null);
INSERT INTO mu_user VALUES ('5', 'ueelife', 'e10adc3949ba59abbe56e057f20f883e', null, null, null, null, null, null, '1', null, null, null, null, null, null, null);
INSERT INTO mu_user VALUES ('6', 'ueelife', 'e10adc3949ba59abbe56e057f20f883e', null, null, null, null, null, null, '1', null, null, null, null, null, null, null);
INSERT INTO mu_user VALUES ('7', 'ueelife', 'e10adc3949ba59abbe56e057f20f883e', null, null, null, null, null, null, '1', null, null, null, null, null, null, null);
INSERT INTO mu_user VALUES ('8', 'ueelife', 'e10adc3949ba59abbe56e057f20f883e', null, null, null, null, null, null, '1', null, null, null, null, null, null, null);
INSERT INTO mu_user VALUES ('9', 'ueelife', 'e10adc3949ba59abbe56e057f20f883e', null, null, null, null, null, null, '1', null, null, null, null, null, null, null);
INSERT INTO mu_user VALUES ('10', 'ueelife', 'e10adc3949ba59abbe56e057f20f883e', null, null, null, null, null, null, '1', null, null, null, null, null, null, null);
INSERT INTO mu_user VALUES ('11', 'ueelife', 'e10adc3949ba59abbe56e057f20f883e', null, null, null, null, null, null, '1', null, null, null, null, null, null, null);
INSERT INTO mu_user VALUES ('12', 'ueelife', 'e10adc3949ba59abbe56e057f20f883e', null, null, null, null, null, null, '1', null, null, null, null, null, null, null);
INSERT INTO mu_user VALUES ('13', 'ueelife', 'e10adc3949ba59abbe56e057f20f883e', null, null, null, null, null, null, '1', null, null, null, null, null, null, null);
INSERT INTO mu_user VALUES ('14', 'ueelife', 'e10adc3949ba59abbe56e057f20f883e', null, null, null, null, null, null, '1', null, null, null, null, null, null, null);
INSERT INTO mu_user VALUES ('15', 'ueelife', 'e10adc3949ba59abbe56e057f20f883e', null, null, null, null, null, null, '1', null, null, null, null, null, null, null);
INSERT INTO mu_user VALUES ('16', 'ueelife', 'e10adc3949ba59abbe56e057f20f883e', null, null, null, null, null, null, '1', null, null, null, null, null, null, null);
INSERT INTO mu_user VALUES ('17', 'ueelife', 'e10adc3949ba59abbe56e057f20f883e', null, null, null, null, null, null, '1', null, null, null, null, null, null, null);
INSERT INTO mu_user VALUES ('18', 'ueelife', 'e10adc3949ba59abbe56e057f20f883e', null, null, null, null, null, null, '1', null, null, null, null, null, null, null);
INSERT INTO mu_user VALUES ('19', 'ueelife', 'e10adc3949ba59abbe56e057f20f883e', null, null, null, null, null, null, '1', null, null, null, null, null, null, null);
INSERT INTO mu_user VALUES ('20', 'ueelife', 'e10adc3949ba59abbe56e057f20f883e', null, null, null, null, null, null, '1', null, null, null, null, null, null, null);
INSERT INTO mu_user VALUES ('21', 'ueelife', 'e10adc3949ba59abbe56e057f20f883e', null, null, null, null, null, null, '1', null, null, null, null, null, null, null);
INSERT INTO mu_user VALUES ('22', 'ueelife', 'e10adc3949ba59abbe56e057f20f883e', null, null, null, null, null, null, '1', null, null, null, null, null, null, null);
INSERT INTO mu_user VALUES ('23', 'ueelife', 'e10adc3949ba59abbe56e057f20f883e', null, null, null, null, null, null, '1', null, null, null, null, null, null, null);
INSERT INTO mu_user VALUES ('24', 'ueelife', 'e10adc3949ba59abbe56e057f20f883e', null, null, null, null, null, null, '1', null, null, null, null, null, null, null);
INSERT INTO mu_user VALUES ('25', 'ueelife', 'e10adc3949ba59abbe56e057f20f883e', null, null, null, null, null, null, '1', null, null, null, null, null, null, null);
INSERT INTO mu_user VALUES ('26', 'ueelife', 'e10adc3949ba59abbe56e057f20f883e', null, null, null, null, null, null, '1', null, null, null, null, null, null, null);
INSERT INTO mu_user VALUES ('27', 'ueelife', 'e10adc3949ba59abbe56e057f20f883e', null, null, null, null, null, null, '1', null, null, null, null, null, null, null);
INSERT INTO mu_user VALUES ('28', 'ueelife', 'e10adc3949ba59abbe56e057f20f883e', null, null, null, null, null, null, '1', null, null, null, null, null, null, null);
INSERT INTO mu_user VALUES ('29', 'ueelife', 'e10adc3949ba59abbe56e057f20f883e', null, null, null, null, null, null, '1', null, null, null, null, null, null, null);
INSERT INTO mu_user VALUES ('30', 'ueelife', 'e10adc3949ba59abbe56e057f20f883e', null, null, null, null, null, null, '1', null, null, null, null, null, null, null);
INSERT INTO mu_user VALUES ('31', 'ueelife', 'e10adc3949ba59abbe56e057f20f883e', null, null, null, null, null, null, '1', null, null, null, null, null, null, null);
INSERT INTO mu_user VALUES ('32', 'ueelife', 'e10adc3949ba59abbe56e057f20f883e', null, null, null, null, null, null, '1', null, null, null, null, null, null, null);
INSERT INTO mu_user VALUES ('33', 'ueelife', 'e10adc3949ba59abbe56e057f20f883e', null, null, null, null, null, null, '1', null, null, null, null, null, null, null);
INSERT INTO mu_user VALUES ('34', 'ueelife', 'e10adc3949ba59abbe56e057f20f883e', null, null, null, null, null, null, '1', null, null, null, null, null, null, null);
INSERT INTO mu_user VALUES ('35', 'ueelife', 'e10adc3949ba59abbe56e057f20f883e', null, null, null, null, null, null, '1', null, null, null, null, null, null, null);
INSERT INTO mu_user VALUES ('36', 'ueelife', 'e10adc3949ba59abbe56e057f20f883e', null, null, null, null, null, null, '1', null, null, null, null, null, null, null);
INSERT INTO mu_user VALUES ('37', 'ueelife', 'e10adc3949ba59abbe56e057f20f883e', null, null, null, null, null, null, '1', null, null, null, null, null, null, null);
INSERT INTO mu_user VALUES ('38', 'ueelife', 'e10adc3949ba59abbe56e057f20f883e', null, null, null, null, null, null, '1', null, null, null, null, null, null, null);
INSERT INTO mu_user VALUES ('39', 'ueelife', 'e10adc3949ba59abbe56e057f20f883e', null, null, null, null, null, null, '1', null, null, null, null, null, null, null);
INSERT INTO mu_user VALUES ('40', 'ueelife', 'e10adc3949ba59abbe56e057f20f883e', null, null, null, null, null, null, '1', null, null, null, null, null, null, null);
INSERT INTO mu_user VALUES ('41', 'ueelife', 'e10adc3949ba59abbe56e057f20f883e', null, null, null, null, null, null, '1', null, null, null, null, null, null, null);
INSERT INTO mu_user VALUES ('42', 'ueelife', 'e10adc3949ba59abbe56e057f20f883e', null, null, null, null, null, null, '1', null, null, null, null, null, null, null);
INSERT INTO mu_user VALUES ('43', 'ueelife', 'e10adc3949ba59abbe56e057f20f883e', null, null, null, null, null, null, '1', null, null, null, null, null, null, null);
INSERT INTO mu_user VALUES ('44', 'ueelife', 'e10adc3949ba59abbe56e057f20f883e', null, null, null, null, null, null, '1', null, null, null, null, null, null, null);
INSERT INTO mu_user VALUES ('45', 'ueelife', 'e10adc3949ba59abbe56e057f20f883e', null, null, null, null, null, null, '1', null, null, null, null, null, null, null);
INSERT INTO mu_user VALUES ('46', 'ueelife', 'e10adc3949ba59abbe56e057f20f883e', null, null, null, null, null, null, '1', null, null, null, null, null, null, null);
INSERT INTO mu_user VALUES ('47', 'ueelife', 'e10adc3949ba59abbe56e057f20f883e', null, null, null, null, null, null, '1', null, null, null, null, null, null, null);
INSERT INTO mu_user VALUES ('48', 'ueelife', 'e10adc3949ba59abbe56e057f20f883e', null, null, null, null, null, null, '1', null, null, null, null, null, null, null);
INSERT INTO mu_user VALUES ('49', 'ueelife', 'e10adc3949ba59abbe56e057f20f883e', null, null, null, null, null, null, '1', null, null, null, null, null, null, null);
INSERT INTO mu_user VALUES ('50', 'ueelife', 'e10adc3949ba59abbe56e057f20f883e', null, null, null, null, null, null, '1', null, null, null, null, null, null, null);
INSERT INTO mu_user VALUES ('51', 'ueelife', 'e10adc3949ba59abbe56e057f20f883e', null, null, null, null, null, null, '1', null, null, null, null, null, null, null);
INSERT INTO mu_user VALUES ('52', 'ueelife', 'e10adc3949ba59abbe56e057f20f883e', null, null, null, null, null, null, '1', null, null, null, null, null, null, null);
INSERT INTO mu_user VALUES ('53', 'ueelife', 'e10adc3949ba59abbe56e057f20f883e', null, null, null, null, null, null, '1', null, null, null, null, null, null, null);
INSERT INTO mu_user VALUES ('54', 'ueelife', 'e10adc3949ba59abbe56e057f20f883e', null, null, null, null, null, null, '1', null, null, null, null, null, null, null);
INSERT INTO mu_user VALUES ('55', 'ueelife', 'e10adc3949ba59abbe56e057f20f883e', null, null, null, null, null, null, '1', null, null, null, null, null, null, null);
INSERT INTO mu_user VALUES ('56', 'ueelife', 'e10adc3949ba59abbe56e057f20f883e', null, null, null, null, null, null, '1', null, null, null, null, null, null, null);
INSERT INTO mu_user VALUES ('57', 'ueelife', 'e10adc3949ba59abbe56e057f20f883e', null, null, null, null, null, null, '1', null, null, null, null, null, null, null);
INSERT INTO mu_user VALUES ('58', 'ueelife', 'e10adc3949ba59abbe56e057f20f883e', null, null, null, null, null, null, '1', null, null, null, null, null, null, null);
INSERT INTO mu_user VALUES ('59', 'ueelife', 'e10adc3949ba59abbe56e057f20f883e', null, null, null, null, null, null, '1', null, null, null, null, null, null, null);
INSERT INTO mu_user VALUES ('60', 'ueelife', 'e10adc3949ba59abbe56e057f20f883e', null, null, null, null, null, null, '1', null, null, null, null, null, null, null);
INSERT INTO mu_user VALUES ('61', 'ueelife', 'e10adc3949ba59abbe56e057f20f883e', null, null, null, null, null, null, '1', null, null, null, null, null, null, null);
INSERT INTO mu_user VALUES ('62', 'ueelife', 'e10adc3949ba59abbe56e057f20f883e', null, null, null, null, null, null, '1', null, null, null, null, null, null, null);
INSERT INTO mu_user VALUES ('63', 'ueelife', 'e10adc3949ba59abbe56e057f20f883e', null, null, null, null, null, null, '1', null, null, null, null, null, null, null);
INSERT INTO mu_user VALUES ('64', 'ueelife', 'e10adc3949ba59abbe56e057f20f883e', null, null, null, null, null, null, '1', null, null, null, null, null, null, null);
INSERT INTO mu_user VALUES ('65', 'ueelife', 'e10adc3949ba59abbe56e057f20f883e', null, null, null, null, null, null, '1', null, null, null, null, null, null, null);
INSERT INTO mu_user VALUES ('66', 'ueelife', 'e10adc3949ba59abbe56e057f20f883e', null, null, null, null, null, null, '1', null, null, null, null, null, null, null);
INSERT INTO mu_user VALUES ('67', 'ueelife', 'e10adc3949ba59abbe56e057f20f883e', null, null, null, null, null, null, '1', null, null, null, null, null, null, null);
INSERT INTO mu_user VALUES ('68', 'ueelife', 'e10adc3949ba59abbe56e057f20f883e', null, null, null, null, null, null, '1', null, null, null, null, null, null, null);
INSERT INTO mu_user VALUES ('69', 'ueelife', 'e10adc3949ba59abbe56e057f20f883e', null, null, null, null, null, null, '1', null, null, null, null, null, null, null);
INSERT INTO mu_user VALUES ('70', 'ueelife', 'e10adc3949ba59abbe56e057f20f883e', null, null, null, null, null, null, '1', null, null, null, null, null, null, null);
INSERT INTO mu_user VALUES ('71', 'ueelife', 'e10adc3949ba59abbe56e057f20f883e', null, null, null, null, null, null, '1', null, null, null, null, null, null, null);
INSERT INTO mu_user VALUES ('72', 'ueelife', 'e10adc3949ba59abbe56e057f20f883e', null, null, null, null, null, null, '1', null, null, null, null, null, null, null);
INSERT INTO mu_user VALUES ('73', 'ueelife', 'e10adc3949ba59abbe56e057f20f883e', null, null, null, null, null, null, '1', null, null, null, null, null, null, null);
INSERT INTO mu_user VALUES ('74', 'ueelife', 'e10adc3949ba59abbe56e057f20f883e', null, null, null, null, null, null, '1', null, null, null, null, null, null, null);
INSERT INTO mu_user VALUES ('75', 'ueelife', 'e10adc3949ba59abbe56e057f20f883e', null, null, null, null, null, null, '1', null, null, null, null, null, null, null);
INSERT INTO mu_user VALUES ('76', 'ueelife', 'e10adc3949ba59abbe56e057f20f883e', null, null, null, null, null, null, '1', null, null, null, null, null, null, null);
INSERT INTO mu_user VALUES ('77', 'ueelife', 'e10adc3949ba59abbe56e057f20f883e', null, null, null, null, null, null, '1', null, null, null, null, null, null, null);
INSERT INTO mu_user VALUES ('78', 'ueelife', 'e10adc3949ba59abbe56e057f20f883e', null, null, null, null, null, null, '1', null, null, null, null, null, null, null);
INSERT INTO mu_user VALUES ('79', 'ueelife', 'e10adc3949ba59abbe56e057f20f883e', null, null, null, null, null, null, '1', null, null, null, null, null, null, null);
INSERT INTO mu_user VALUES ('80', 'ueelife', 'e10adc3949ba59abbe56e057f20f883e', null, null, null, null, null, null, '1', null, null, null, null, null, null, null);
INSERT INTO mu_user VALUES ('81', 'ueelife', 'e10adc3949ba59abbe56e057f20f883e', null, null, null, null, null, null, '1', null, null, null, null, null, null, null);
INSERT INTO mu_user VALUES ('82', 'ueelife', 'e10adc3949ba59abbe56e057f20f883e', null, null, null, null, null, null, '1', null, null, null, null, null, null, null);
INSERT INTO mu_user VALUES ('83', 'ueelife', 'e10adc3949ba59abbe56e057f20f883e', null, null, null, null, null, null, '1', null, null, null, null, null, null, null);
INSERT INTO mu_user VALUES ('84', 'ueelife', 'e10adc3949ba59abbe56e057f20f883e', null, null, null, null, null, null, '1', null, null, null, null, null, null, null);
INSERT INTO mu_user VALUES ('85', 'ueelife', 'e10adc3949ba59abbe56e057f20f883e', null, null, null, null, null, null, '1', null, null, null, null, null, null, null);
INSERT INTO mu_user VALUES ('86', 'ueelife', 'e10adc3949ba59abbe56e057f20f883e', null, null, null, null, null, null, '1', null, null, null, null, null, null, null);
INSERT INTO mu_user VALUES ('87', 'ueelife', 'e10adc3949ba59abbe56e057f20f883e', null, null, null, null, null, null, '1', null, null, null, null, null, null, null);
INSERT INTO mu_user VALUES ('88', 'ueelife', 'e10adc3949ba59abbe56e057f20f883e', null, null, null, null, null, null, '1', null, null, null, null, null, null, null);
INSERT INTO mu_user VALUES ('89', 'ueelife', 'e10adc3949ba59abbe56e057f20f883e', null, null, null, null, null, null, '1', null, null, null, null, null, null, null);
INSERT INTO mu_user VALUES ('90', 'ueelife', 'e10adc3949ba59abbe56e057f20f883e', null, null, null, null, null, null, '1', null, null, null, null, null, null, null);
INSERT INTO mu_user VALUES ('91', 'ueelife', 'e10adc3949ba59abbe56e057f20f883e', null, null, null, null, null, null, '1', null, null, null, null, null, null, null);
INSERT INTO mu_user VALUES ('92', 'ueelife', 'e10adc3949ba59abbe56e057f20f883e', null, null, null, null, null, null, '1', null, null, null, null, null, null, null);
INSERT INTO mu_user VALUES ('93', 'ueelife', 'e10adc3949ba59abbe56e057f20f883e', null, null, null, null, null, null, '1', null, null, null, null, null, null, null);
INSERT INTO mu_user VALUES ('94', 'ueelife', 'e10adc3949ba59abbe56e057f20f883e', null, null, null, null, null, null, '1', null, null, null, null, null, null, null);
INSERT INTO mu_user VALUES ('95', 'ueelife', 'e10adc3949ba59abbe56e057f20f883e', null, null, null, null, null, null, '1', null, null, null, null, null, null, null);
INSERT INTO mu_user VALUES ('96', 'ueelife', 'e10adc3949ba59abbe56e057f20f883e', null, null, null, null, null, null, '1', null, null, null, null, null, null, null);
INSERT INTO mu_user VALUES ('97', 'ueelife', 'e10adc3949ba59abbe56e057f20f883e', null, null, null, null, null, null, '1', null, null, null, null, null, null, null);
INSERT INTO mu_user VALUES ('98', 'ueelife', 'e10adc3949ba59abbe56e057f20f883e', null, null, null, null, null, null, '1', null, null, null, null, null, null, null);
INSERT INTO mu_user VALUES ('99', 'ueelife', 'e10adc3949ba59abbe56e057f20f883e', null, null, null, null, null, null, '1', null, null, null, null, null, null, null);
INSERT INTO mu_user VALUES ('100', 'ueelife', 'e10adc3949ba59abbe56e057f20f883e', null, null, null, null, null, null, '1', null, null, null, null, null, null, null);

-- ----------------------------
-- Table structure for `mu_user_certificate`
-- ----------------------------
DROP TABLE IF EXISTS `mu_user_certificate`;
CREATE TABLE `mu_user_certificate` (
  `cert_id` int(11) NOT NULL,
  `cert_ent_id` int(11) NOT NULL,
  `cert_title` varchar(128) DEFAULT NULL COMMENT '''资质''',
  `cert_img_src` varchar(128) DEFAULT NULL COMMENT '''图片地址''',
  PRIMARY KEY (`cert_id`)
) ENGINE=MyISAM DEFAULT CHARSET=utf8;

-- ----------------------------
-- Records of mu_user_certificate
-- ----------------------------

-- ----------------------------
-- Table structure for `mu_user_enterprise`
-- ----------------------------
DROP TABLE IF EXISTS `mu_user_enterprise`;
CREATE TABLE `mu_user_enterprise` (
  `ent_id` int(11) NOT NULL AUTO_INCREMENT,
  `ent_user_id` int(11) NOT NULL COMMENT '企业对应的网站用户',
  `ent_name` varchar(256) DEFAULT NULL COMMENT '企业对应的网站用户',
  `ent_type` int(4) DEFAULT NULL COMMENT '企业类型，如国有，私营',
  `ent_website` varchar(512) DEFAULT NULL COMMENT '''网站地址''',
  `ent_business_model` int(4) unsigned DEFAULT NULL COMMENT '经营模式，生产，贸易等',
  `ent_zipcode` char(32) DEFAULT NULL COMMENT '''邮编''',
  `ent_introduce` text COMMENT '''企业介绍''',
  `ent_location` varchar(218) DEFAULT NULL COMMENT '''企业详细地址''',
  `ent_city` int(4) DEFAULT NULL COMMENT '所在市地区',
  `ent_status` int(4) NOT NULL DEFAULT '0' COMMENT '企业状态',
  `ent_chief` varchar(128) NOT NULL COMMENT '''负责人''',
  `ent_create_time` datetime NOT NULL COMMENT '添加时间',
  `ent_chief_postion` int(11) DEFAULT NULL COMMENT '负责人职位',
  `ent_business_scope` varchar(512) DEFAULT NULL COMMENT '''经营范围''',
  `ent_registered_capital` decimal(10,0) DEFAULT NULL COMMENT '注册资金',
  `ent_recommend` tinyint(1) DEFAULT NULL COMMENT '是否推荐企业',
  `ent_logo` varchar(128) DEFAULT NULL COMMENT '公司LOGO',
  `ent_update_time` datetime DEFAULT NULL COMMENT '修改时间',
  `ent_check_by` varchar(50) DEFAULT NULL COMMENT '审核人',
  PRIMARY KEY (`ent_id`),
  KEY `ent_user_id` (`ent_user_id`)
) ENGINE=MyISAM AUTO_INCREMENT=30 DEFAULT CHARSET=utf8;

-- ----------------------------
-- Records of mu_user_enterprise
-- ----------------------------
INSERT INTO mu_user_enterprise VALUES ('1', '42', '宝钢资源有限公司(钼贸易型企业)', '3', 'http://www.mushw.com', '6', '51800', '企业是从事生产、流通、服务等经济活动，以生产或服务满足社会需要，实行自主经营、独立核算、依法设立的一种盈利性的经济组织。企业主要指独立的盈利性组织。在中国计划经济时期，“企业”是与“事业单位”平行使用的常用词语。《辞海》1979年版中，“企业”的解释为：“从事生产、流通或服务活动的独立核算经济单位”；“事业单位”的解释为：“受国家机关领导，不实行经济核算的单位”。在20世纪后期中国大陆改革开放与现代化建设及信息技术领域新概念大量涌入的背景下，“企业”一词的用法有所变化，并不限于商业性或盈利组织', '深圳', '1', '1', '李总', '2013-01-31 00:00:00', '3', '网络，安全，建站', '500', '1', 'image', '2013-01-31 00:00:00', 'lizhili');
INSERT INTO mu_user_enterprise VALUES ('2', '21', '广汉市天九金属材料有限公司(钼生产型企业)', '5', 'http://www.mushw.com', '3', '51800', '企业是从事生产、流通、服务等经济活动，以生产或服务满足社会需要，实行自主经营、独立核算、依法设立的一种盈利性的经济组织。企业主要指独立的盈利性组织。在中国计划经济时期，“企业”是与“事业单位”平行使用的常用词语。《辞海》1979年版中，“企业”的解释为：“从事生产、流通或服务活动的独立核算经济单位”；“事业单位”的解释为：“受国家机关领导，不实行经济核算的单位”。在20世纪后期中国大陆改革开放与现代化建设及信息技术领域新概念大量涌入的背景下，“企业”一词的用法有所变化，并不限于商业性或盈利组织', '深圳', '1', '1', '李总', '2013-01-31 00:00:00', '4', '网络，安全，建站', '500', '1', 'image', '2013-01-31 00:00:00', 'lizhili');
INSERT INTO mu_user_enterprise VALUES ('3', '18', '洛阳栾川钼业集团股份有限公司销售公司(钼生产型企业)', '5', 'http://www.mushw.com', '7', '51800', '企业是从事生产、流通、服务等经济活动，以生产或服务满足社会需要，实行自主经营、独立核算、依法设立的一种盈利性的经济组织。企业主要指独立的盈利性组织。在中国计划经济时期，“企业”是与“事业单位”平行使用的常用词语。《辞海》1979年版中，“企业”的解释为：“从事生产、流通或服务活动的独立核算经济单位”；“事业单位”的解释为：“受国家机关领导，不实行经济核算的单位”。在20世纪后期中国大陆改革开放与现代化建设及信息技术领域新概念大量涌入的背景下，“企业”一词的用法有所变化，并不限于商业性或盈利组织', '深圳', '1', '1', '李总', '2013-01-31 00:00:00', '5', '网络，安全，建站', '500', '1', 'image', '2013-01-31 00:00:00', 'lizhili');
INSERT INTO mu_user_enterprise VALUES ('4', '66', '浙江钱塘控股集团(钼生产型企业)', '2', 'http://www.mushw.com', '1', '51800', '企业是从事生产、流通、服务等经济活动，以生产或服务满足社会需要，实行自主经营、独立核算、依法设立的一种盈利性的经济组织。企业主要指独立的盈利性组织。在中国计划经济时期，“企业”是与“事业单位”平行使用的常用词语。《辞海》1979年版中，“企业”的解释为：“从事生产、流通或服务活动的独立核算经济单位”；“事业单位”的解释为：“受国家机关领导，不实行经济核算的单位”。在20世纪后期中国大陆改革开放与现代化建设及信息技术领域新概念大量涌入的背景下，“企业”一词的用法有所变化，并不限于商业性或盈利组织', '深圳', '1', '1', '李总', '2013-01-31 00:00:00', '2', '网络，安全，建站', '500', '1', 'image', '2013-01-31 00:00:00', 'lizhili');
INSERT INTO mu_user_enterprise VALUES ('5', '43', '昆明昊泰钼化有限公司(钼生产型/贸易型企业)', '4', 'http://www.mushw.com', '2', '51800', '企业是从事生产、流通、服务等经济活动，以生产或服务满足社会需要，实行自主经营、独立核算、依法设立的一种盈利性的经济组织。企业主要指独立的盈利性组织。在中国计划经济时期，“企业”是与“事业单位”平行使用的常用词语。《辞海》1979年版中，“企业”的解释为：“从事生产、流通或服务活动的独立核算经济单位”；“事业单位”的解释为：“受国家机关领导，不实行经济核算的单位”。在20世纪后期中国大陆改革开放与现代化建设及信息技术领域新概念大量涌入的背景下，“企业”一词的用法有所变化，并不限于商业性或盈利组织', '深圳', '1', '1', '李总', '2013-01-31 00:00:00', '5', '网络，安全，建站', '500', '1', 'image', '2013-01-31 00:00:00', 'lizhili');
INSERT INTO mu_user_enterprise VALUES ('6', '93', '建水县鹏建矿业有限公司(钼生产型企业)', '1', 'http://www.mushw.com', '8', '51800', '企业是从事生产、流通、服务等经济活动，以生产或服务满足社会需要，实行自主经营、独立核算、依法设立的一种盈利性的经济组织。企业主要指独立的盈利性组织。在中国计划经济时期，“企业”是与“事业单位”平行使用的常用词语。《辞海》1979年版中，“企业”的解释为：“从事生产、流通或服务活动的独立核算经济单位”；“事业单位”的解释为：“受国家机关领导，不实行经济核算的单位”。在20世纪后期中国大陆改革开放与现代化建设及信息技术领域新概念大量涌入的背景下，“企业”一词的用法有所变化，并不限于商业性或盈利组织', '深圳', '1', '1', '李总', '2013-01-31 00:00:00', '5', '网络，安全，建站', '500', '1', 'image', '2013-01-31 00:00:00', 'lizhili');
INSERT INTO mu_user_enterprise VALUES ('7', '46', '遵义县世纪有色金属有限责任公司(钼生产型企业)', '4', 'http://www.mushw.com', '6', '51800', '企业是从事生产、流通、服务等经济活动，以生产或服务满足社会需要，实行自主经营、独立核算、依法设立的一种盈利性的经济组织。企业主要指独立的盈利性组织。在中国计划经济时期，“企业”是与“事业单位”平行使用的常用词语。《辞海》1979年版中，“企业”的解释为：“从事生产、流通或服务活动的独立核算经济单位”；“事业单位”的解释为：“受国家机关领导，不实行经济核算的单位”。在20世纪后期中国大陆改革开放与现代化建设及信息技术领域新概念大量涌入的背景下，“企业”一词的用法有所变化，并不限于商业性或盈利组织', '深圳', '1', '1', '李总', '2013-01-31 00:00:00', '2', '网络，安全，建站', '500', '1', 'image', '2013-01-31 00:00:00', 'lizhili');
INSERT INTO mu_user_enterprise VALUES ('8', '61', '宝钢资源有限公司(钼贸易型企业)', '3', 'http://www.mushw.com', '7', '51800', '企业是从事生产、流通、服务等经济活动，以生产或服务满足社会需要，实行自主经营、独立核算、依法设立的一种盈利性的经济组织。企业主要指独立的盈利性组织。在中国计划经济时期，“企业”是与“事业单位”平行使用的常用词语。《辞海》1979年版中，“企业”的解释为：“从事生产、流通或服务活动的独立核算经济单位”；“事业单位”的解释为：“受国家机关领导，不实行经济核算的单位”。在20世纪后期中国大陆改革开放与现代化建设及信息技术领域新概念大量涌入的背景下，“企业”一词的用法有所变化，并不限于商业性或盈利组织', '深圳', '1', '1', '李总', '2013-01-31 00:00:00', '3', '网络，安全，建站', '500', '1', 'image', '2013-01-31 00:00:00', 'lizhili');
INSERT INTO mu_user_enterprise VALUES ('9', '54', '常州苏南铁合金有限公司(钼生产型企业)', '4', 'http://www.mushw.com', '6', '51800', '企业是从事生产、流通、服务等经济活动，以生产或服务满足社会需要，实行自主经营、独立核算、依法设立的一种盈利性的经济组织。企业主要指独立的盈利性组织。在中国计划经济时期，“企业”是与“事业单位”平行使用的常用词语。《辞海》1979年版中，“企业”的解释为：“从事生产、流通或服务活动的独立核算经济单位”；“事业单位”的解释为：“受国家机关领导，不实行经济核算的单位”。在20世纪后期中国大陆改革开放与现代化建设及信息技术领域新概念大量涌入的背景下，“企业”一词的用法有所变化，并不限于商业性或盈利组织', '深圳', '1', '1', '李总', '2013-01-31 00:00:00', '2', '网络，安全，建站', '500', '1', 'image', '2013-01-31 00:00:00', 'lizhili');
INSERT INTO mu_user_enterprise VALUES ('10', '43', '遵义县世纪有色金属有限责任公司(钼生产型企业)', '5', 'http://www.mushw.com', '5', '51800', '企业是从事生产、流通、服务等经济活动，以生产或服务满足社会需要，实行自主经营、独立核算、依法设立的一种盈利性的经济组织。企业主要指独立的盈利性组织。在中国计划经济时期，“企业”是与“事业单位”平行使用的常用词语。《辞海》1979年版中，“企业”的解释为：“从事生产、流通或服务活动的独立核算经济单位”；“事业单位”的解释为：“受国家机关领导，不实行经济核算的单位”。在20世纪后期中国大陆改革开放与现代化建设及信息技术领域新概念大量涌入的背景下，“企业”一词的用法有所变化，并不限于商业性或盈利组织', '深圳', '1', '1', '李总', '2013-01-31 00:00:00', '3', '网络，安全，建站', '500', '1', 'image', '2013-01-31 00:00:00', 'lizhili');
INSERT INTO mu_user_enterprise VALUES ('11', '43', '黑龙江鸡东县金场沟矿业开发有限责任公司(钼生产型/贸易型企业)', '2', 'http://www.mushw.com', '2', '51800', '企业是从事生产、流通、服务等经济活动，以生产或服务满足社会需要，实行自主经营、独立核算、依法设立的一种盈利性的经济组织。企业主要指独立的盈利性组织。在中国计划经济时期，“企业”是与“事业单位”平行使用的常用词语。《辞海》1979年版中，“企业”的解释为：“从事生产、流通或服务活动的独立核算经济单位”；“事业单位”的解释为：“受国家机关领导，不实行经济核算的单位”。在20世纪后期中国大陆改革开放与现代化建设及信息技术领域新概念大量涌入的背景下，“企业”一词的用法有所变化，并不限于商业性或盈利组织', '深圳', '1', '1', '李总', '2013-01-31 00:00:00', '4', '网络，安全，建站', '500', '1', 'image', '2013-01-31 00:00:00', 'lizhili');
INSERT INTO mu_user_enterprise VALUES ('12', '35', '栾川县振江工贸矿业有限公司(钼生产型企业)', '5', 'http://www.mushw.com', '9', '51800', '企业是从事生产、流通、服务等经济活动，以生产或服务满足社会需要，实行自主经营、独立核算、依法设立的一种盈利性的经济组织。企业主要指独立的盈利性组织。在中国计划经济时期，“企业”是与“事业单位”平行使用的常用词语。《辞海》1979年版中，“企业”的解释为：“从事生产、流通或服务活动的独立核算经济单位”；“事业单位”的解释为：“受国家机关领导，不实行经济核算的单位”。在20世纪后期中国大陆改革开放与现代化建设及信息技术领域新概念大量涌入的背景下，“企业”一词的用法有所变化，并不限于商业性或盈利组织', '深圳', '1', '1', '李总', '2013-01-31 00:00:00', '5', '网络，安全，建站', '500', '1', 'image', '2013-01-31 00:00:00', 'lizhili');
INSERT INTO mu_user_enterprise VALUES ('13', '71', '栾川县振江工贸矿业有限公司(钼生产型企业)', '3', 'http://www.mushw.com', '10', '51800', '企业是从事生产、流通、服务等经济活动，以生产或服务满足社会需要，实行自主经营、独立核算、依法设立的一种盈利性的经济组织。企业主要指独立的盈利性组织。在中国计划经济时期，“企业”是与“事业单位”平行使用的常用词语。《辞海》1979年版中，“企业”的解释为：“从事生产、流通或服务活动的独立核算经济单位”；“事业单位”的解释为：“受国家机关领导，不实行经济核算的单位”。在20世纪后期中国大陆改革开放与现代化建设及信息技术领域新概念大量涌入的背景下，“企业”一词的用法有所变化，并不限于商业性或盈利组织', '深圳', '1', '1', '李总', '2013-01-31 00:00:00', '3', '网络，安全，建站', '500', '1', 'image', '2013-01-31 00:00:00', 'lizhili');
INSERT INTO mu_user_enterprise VALUES ('14', '53', '厦门虹鹭钨钼工业有限公司(钼生产型/贸易型企业)', '2', 'http://www.mushw.com', '8', '51800', '企业是从事生产、流通、服务等经济活动，以生产或服务满足社会需要，实行自主经营、独立核算、依法设立的一种盈利性的经济组织。企业主要指独立的盈利性组织。在中国计划经济时期，“企业”是与“事业单位”平行使用的常用词语。《辞海》1979年版中，“企业”的解释为：“从事生产、流通或服务活动的独立核算经济单位”；“事业单位”的解释为：“受国家机关领导，不实行经济核算的单位”。在20世纪后期中国大陆改革开放与现代化建设及信息技术领域新概念大量涌入的背景下，“企业”一词的用法有所变化，并不限于商业性或盈利组织', '深圳', '1', '1', '李总', '2013-01-31 00:00:00', '4', '网络，安全，建站', '500', '1', 'image', '2013-01-31 00:00:00', 'lizhili');
INSERT INTO mu_user_enterprise VALUES ('15', '36', '昆明昊泰钼化有限公司(钼生产型/贸易型企业)', '4', 'http://www.mushw.com', '10', '51800', '企业是从事生产、流通、服务等经济活动，以生产或服务满足社会需要，实行自主经营、独立核算、依法设立的一种盈利性的经济组织。企业主要指独立的盈利性组织。在中国计划经济时期，“企业”是与“事业单位”平行使用的常用词语。《辞海》1979年版中，“企业”的解释为：“从事生产、流通或服务活动的独立核算经济单位”；“事业单位”的解释为：“受国家机关领导，不实行经济核算的单位”。在20世纪后期中国大陆改革开放与现代化建设及信息技术领域新概念大量涌入的背景下，“企业”一词的用法有所变化，并不限于商业性或盈利组织', '深圳', '1', '1', '李总', '2013-01-31 00:00:00', '4', '网络，安全，建站', '500', '1', 'image', '2013-01-31 00:00:00', 'lizhili');
INSERT INTO mu_user_enterprise VALUES ('16', '81', '广汉市天九金属材料有限公司(钼生产型企业)', '3', 'http://www.mushw.com', '5', '51800', '企业是从事生产、流通、服务等经济活动，以生产或服务满足社会需要，实行自主经营、独立核算、依法设立的一种盈利性的经济组织。企业主要指独立的盈利性组织。在中国计划经济时期，“企业”是与“事业单位”平行使用的常用词语。《辞海》1979年版中，“企业”的解释为：“从事生产、流通或服务活动的独立核算经济单位”；“事业单位”的解释为：“受国家机关领导，不实行经济核算的单位”。在20世纪后期中国大陆改革开放与现代化建设及信息技术领域新概念大量涌入的背景下，“企业”一词的用法有所变化，并不限于商业性或盈利组织', '深圳', '1', '1', '李总', '2013-01-31 00:00:00', '5', '网络，安全，建站', '500', '1', 'image', '2013-01-31 00:00:00', 'lizhili');
INSERT INTO mu_user_enterprise VALUES ('17', '63', '镇江市金广铁合金有限公司(钼贸易型企业)', '3', 'http://www.mushw.com', '3', '51800', '企业是从事生产、流通、服务等经济活动，以生产或服务满足社会需要，实行自主经营、独立核算、依法设立的一种盈利性的经济组织。企业主要指独立的盈利性组织。在中国计划经济时期，“企业”是与“事业单位”平行使用的常用词语。《辞海》1979年版中，“企业”的解释为：“从事生产、流通或服务活动的独立核算经济单位”；“事业单位”的解释为：“受国家机关领导，不实行经济核算的单位”。在20世纪后期中国大陆改革开放与现代化建设及信息技术领域新概念大量涌入的背景下，“企业”一词的用法有所变化，并不限于商业性或盈利组织', '深圳', '1', '1', '李总', '2013-01-31 00:00:00', '1', '网络，安全，建站', '500', '1', 'image', '2013-01-31 00:00:00', 'lizhili');
INSERT INTO mu_user_enterprise VALUES ('18', '49', '广汉市天九金属材料有限公司(钼生产型企业)', '4', 'http://www.mushw.com', '7', '51800', '企业是从事生产、流通、服务等经济活动，以生产或服务满足社会需要，实行自主经营、独立核算、依法设立的一种盈利性的经济组织。企业主要指独立的盈利性组织。在中国计划经济时期，“企业”是与“事业单位”平行使用的常用词语。《辞海》1979年版中，“企业”的解释为：“从事生产、流通或服务活动的独立核算经济单位”；“事业单位”的解释为：“受国家机关领导，不实行经济核算的单位”。在20世纪后期中国大陆改革开放与现代化建设及信息技术领域新概念大量涌入的背景下，“企业”一词的用法有所变化，并不限于商业性或盈利组织', '深圳', '1', '1', '李总', '2013-01-31 00:00:00', '1', '网络，安全，建站', '500', '1', 'image', '2013-01-31 00:00:00', 'lizhili');
INSERT INTO mu_user_enterprise VALUES ('19', '4', '宝钢资源有限公司(钼贸易型企业)', '1', 'http://www.mushw.com', '9', '51800', '企业是从事生产、流通、服务等经济活动，以生产或服务满足社会需要，实行自主经营、独立核算、依法设立的一种盈利性的经济组织。企业主要指独立的盈利性组织。在中国计划经济时期，“企业”是与“事业单位”平行使用的常用词语。《辞海》1979年版中，“企业”的解释为：“从事生产、流通或服务活动的独立核算经济单位”；“事业单位”的解释为：“受国家机关领导，不实行经济核算的单位”。在20世纪后期中国大陆改革开放与现代化建设及信息技术领域新概念大量涌入的背景下，“企业”一词的用法有所变化，并不限于商业性或盈利组织', '深圳', '1', '1', '李总', '2013-01-31 00:00:00', '5', '网络，安全，建站', '500', '1', 'image', '2013-01-31 00:00:00', 'lizhili');
INSERT INTO mu_user_enterprise VALUES ('20', '83', '栾川县振江工贸矿业有限公司(钼生产型企业)', '1', 'http://www.mushw.com', '2', '51800', '企业是从事生产、流通、服务等经济活动，以生产或服务满足社会需要，实行自主经营、独立核算、依法设立的一种盈利性的经济组织。企业主要指独立的盈利性组织。在中国计划经济时期，“企业”是与“事业单位”平行使用的常用词语。《辞海》1979年版中，“企业”的解释为：“从事生产、流通或服务活动的独立核算经济单位”；“事业单位”的解释为：“受国家机关领导，不实行经济核算的单位”。在20世纪后期中国大陆改革开放与现代化建设及信息技术领域新概念大量涌入的背景下，“企业”一词的用法有所变化，并不限于商业性或盈利组织', '深圳', '1', '1', '李总', '2013-01-31 00:00:00', '5', '网络，安全，建站', '500', '1', 'image', '2013-01-31 00:00:00', 'lizhili');
INSERT INTO mu_user_enterprise VALUES ('21', '77', '建水县鹏建矿业有限公司(钼生产型企业)', '2', 'http://www.mushw.com', '2', '51800', '企业是从事生产、流通、服务等经济活动，以生产或服务满足社会需要，实行自主经营、独立核算、依法设立的一种盈利性的经济组织。企业主要指独立的盈利性组织。在中国计划经济时期，“企业”是与“事业单位”平行使用的常用词语。《辞海》1979年版中，“企业”的解释为：“从事生产、流通或服务活动的独立核算经济单位”；“事业单位”的解释为：“受国家机关领导，不实行经济核算的单位”。在20世纪后期中国大陆改革开放与现代化建设及信息技术领域新概念大量涌入的背景下，“企业”一词的用法有所变化，并不限于商业性或盈利组织', '深圳', '1', '1', '李总', '2013-01-31 00:00:00', '5', '网络，安全，建站', '500', '1', 'image', '2013-01-31 00:00:00', 'lizhili');
INSERT INTO mu_user_enterprise VALUES ('22', '67', '广汉市天九金属材料有限公司(钼生产型企业)', '3', 'http://www.mushw.com', '3', '51800', '企业是从事生产、流通、服务等经济活动，以生产或服务满足社会需要，实行自主经营、独立核算、依法设立的一种盈利性的经济组织。企业主要指独立的盈利性组织。在中国计划经济时期，“企业”是与“事业单位”平行使用的常用词语。《辞海》1979年版中，“企业”的解释为：“从事生产、流通或服务活动的独立核算经济单位”；“事业单位”的解释为：“受国家机关领导，不实行经济核算的单位”。在20世纪后期中国大陆改革开放与现代化建设及信息技术领域新概念大量涌入的背景下，“企业”一词的用法有所变化，并不限于商业性或盈利组织', '深圳', '1', '1', '李总', '2013-01-31 00:00:00', '5', '网络，安全，建站', '500', '1', 'image', '2013-01-31 00:00:00', 'lizhili');
INSERT INTO mu_user_enterprise VALUES ('23', '54', '遵义县世纪有色金属有限责任公司(钼生产型企业)', '2', 'http://www.mushw.com', '4', '51800', '企业是从事生产、流通、服务等经济活动，以生产或服务满足社会需要，实行自主经营、独立核算、依法设立的一种盈利性的经济组织。企业主要指独立的盈利性组织。在中国计划经济时期，“企业”是与“事业单位”平行使用的常用词语。《辞海》1979年版中，“企业”的解释为：“从事生产、流通或服务活动的独立核算经济单位”；“事业单位”的解释为：“受国家机关领导，不实行经济核算的单位”。在20世纪后期中国大陆改革开放与现代化建设及信息技术领域新概念大量涌入的背景下，“企业”一词的用法有所变化，并不限于商业性或盈利组织', '深圳', '1', '1', '李总', '2013-01-31 00:00:00', '4', '网络，安全，建站', '500', '1', 'image', '2013-01-31 00:00:00', 'lizhili');
INSERT INTO mu_user_enterprise VALUES ('24', '39', '朝阳金达钼业有限责任公司(钼生产型/贸易型企业)', '1', 'http://www.mushw.com', '1', '51800', '企业是从事生产、流通、服务等经济活动，以生产或服务满足社会需要，实行自主经营、独立核算、依法设立的一种盈利性的经济组织。企业主要指独立的盈利性组织。在中国计划经济时期，“企业”是与“事业单位”平行使用的常用词语。《辞海》1979年版中，“企业”的解释为：“从事生产、流通或服务活动的独立核算经济单位”；“事业单位”的解释为：“受国家机关领导，不实行经济核算的单位”。在20世纪后期中国大陆改革开放与现代化建设及信息技术领域新概念大量涌入的背景下，“企业”一词的用法有所变化，并不限于商业性或盈利组织', '深圳', '1', '1', '李总', '2013-01-31 00:00:00', '1', '网络，安全，建站', '500', '1', 'image', '2013-01-31 00:00:00', 'lizhili');
INSERT INTO mu_user_enterprise VALUES ('25', '13', '建水县鹏建矿业有限公司(钼生产型企业)', '4', 'http://www.mushw.com', '7', '51800', '企业是从事生产、流通、服务等经济活动，以生产或服务满足社会需要，实行自主经营、独立核算、依法设立的一种盈利性的经济组织。企业主要指独立的盈利性组织。在中国计划经济时期，“企业”是与“事业单位”平行使用的常用词语。《辞海》1979年版中，“企业”的解释为：“从事生产、流通或服务活动的独立核算经济单位”；“事业单位”的解释为：“受国家机关领导，不实行经济核算的单位”。在20世纪后期中国大陆改革开放与现代化建设及信息技术领域新概念大量涌入的背景下，“企业”一词的用法有所变化，并不限于商业性或盈利组织', '深圳', '1', '1', '李总', '2013-01-31 00:00:00', '1', '网络，安全，建站', '500', '1', 'image', '2013-01-31 00:00:00', 'lizhili');
INSERT INTO mu_user_enterprise VALUES ('26', '62', '朝阳金达钼业有限责任公司(钼生产型/贸易型企业)', '3', 'http://www.mushw.com', '7', '51800', '企业是从事生产、流通、服务等经济活动，以生产或服务满足社会需要，实行自主经营、独立核算、依法设立的一种盈利性的经济组织。企业主要指独立的盈利性组织。在中国计划经济时期，“企业”是与“事业单位”平行使用的常用词语。《辞海》1979年版中，“企业”的解释为：“从事生产、流通或服务活动的独立核算经济单位”；“事业单位”的解释为：“受国家机关领导，不实行经济核算的单位”。在20世纪后期中国大陆改革开放与现代化建设及信息技术领域新概念大量涌入的背景下，“企业”一词的用法有所变化，并不限于商业性或盈利组织', '深圳', '1', '1', '李总', '2013-01-31 00:00:00', '2', '网络，安全，建站', '500', '1', 'image', '2013-01-31 00:00:00', 'lizhili');
INSERT INTO mu_user_enterprise VALUES ('27', '1', '深圳优意生活科技有限公司', '2', 'http://www.mushw.com', '2', '51800', '企业是从事生产、流通、服务等经济活动，以生产或服务满足社会需要，实行自主经营、独立核算、依法设立的一种盈利性的经济组织。企业主要指独立的盈利性组织。在中国计划经济时期，“企业”是与“事业单位”平行使用的常用词语。《辞海》1979年版中，“企业”的解释为：“从事生产、流通或服务活动的独立核算经济单位”；“事业单位”的解释为：“受国家机关领导，不实行经济核算的单位”。在20世纪后期中国大陆改革开放与现代化建设及信息技术领域新概念大量涌入的背景下，“企业”一词的用法有所变化，并不限于商业性或盈利组织', '深圳', '1', '1', '李总', '2013-01-31 00:00:00', '4', '网络，安全，建站', '500', '1', 'image', '2013-01-31 00:00:00', 'lizhili');
INSERT INTO mu_user_enterprise VALUES ('28', '22', '宝钢资源有限公司(钼贸易型企业)', '3', 'http://www.mushw.com', '4', '51800', '企业是从事生产、流通、服务等经济活动，以生产或服务满足社会需要，实行自主经营、独立核算、依法设立的一种盈利性的经济组织。企业主要指独立的盈利性组织。在中国计划经济时期，“企业”是与“事业单位”平行使用的常用词语。《辞海》1979年版中，“企业”的解释为：“从事生产、流通或服务活动的独立核算经济单位”；“事业单位”的解释为：“受国家机关领导，不实行经济核算的单位”。在20世纪后期中国大陆改革开放与现代化建设及信息技术领域新概念大量涌入的背景下，“企业”一词的用法有所变化，并不限于商业性或盈利组织', '深圳', '1', '1', '李总', '2013-01-31 00:00:00', '4', '网络，安全，建站', '500', '1', 'image', '2013-01-31 00:00:00', 'lizhili');
INSERT INTO mu_user_enterprise VALUES ('29', '72', '宝钢资源有限公司(钼贸易型企业)', '1', 'http://www.mushw.com', '5', '51800', '企业是从事生产、流通、服务等经济活动，以生产或服务满足社会需要，实行自主经营、独立核算、依法设立的一种盈利性的经济组织。企业主要指独立的盈利性组织。在中国计划经济时期，“企业”是与“事业单位”平行使用的常用词语。《辞海》1979年版中，“企业”的解释为：“从事生产、流通或服务活动的独立核算经济单位”；“事业单位”的解释为：“受国家机关领导，不实行经济核算的单位”。在20世纪后期中国大陆改革开放与现代化建设及信息技术领域新概念大量涌入的背景下，“企业”一词的用法有所变化，并不限于商业性或盈利组织', '深圳', '1', '1', '李总', '2013-01-31 00:00:00', '5', '网络，安全，建站', '500', '1', 'image', '2013-01-31 00:00:00', 'lizhili');
